time(s);battery;memory;orbit;obc;eps;communication;EDC;Longitude;Latitude;total_drop;active_PCDs;onGS
10;99.99639;0;;;;;;-0.12725814;0.6151583;6.9444446E-4;None;NO
20;99.988075;3.0E-4;sun;On;On;Receiver;Off;-0.25454602;1.2303153;0.0022944445;None;NO
30;99.988075;6.0E-4;sun;On;On;Receiver;Off;-0.3818834;1.8454696;0.0022944445;None;NO
40;99.988075;9.0E-4;sun;On;On;Receiver;Off;-0.5092901;2.4606197;0.0022944445;None;NO
50;99.988075;0.0012;sun;On;On;Receiver;Off;-0.6367859;3.0757644;0.0022944445;None;NO
60;99.988075;0.0015;sun;On;On;Receiver;Off;-0.76439077;3.6909022;0.0022944445;None;NO
70;99.988075;0.0018;sun;On;On;Receiver;Off;-0.8921248;4.3060317;0.0022944445;None;NO
80;99.988075;0.0021;sun;On;On;Receiver;Off;-1.020008;4.9211516;0.0022944445;None;NO
90;99.988075;0.0024;sun;On;On;Receiver;Off;-1.1480608;5.5362606;0.0022944445;None;NO
100;99.988075;0.0027;sun;On;On;Receiver;Off;-1.2763036;6.1513567;0.0022944445;None;NO
110;99.988075;0.003;sun;On;On;Receiver;Off;-1.404757;6.7664394;0.0022944445;None;NO
120;99.988075;0.0033;sun;On;On;Receiver;Off;-1.5334418;7.3815064;0.0022944445;None;NO
130;99.988075;0.0036;sun;On;On;Receiver;Off;-1.6623791;7.996557;0.0022944445;None;NO
140;99.988075;0.0039;sun;On;On;Receiver;Off;-1.7915901;8.611589;0.0022944445;None;NO
150;99.988075;0.0042;sun;On;On;Receiver;Off;-1.9210964;9.226602;0.0022944445;None;NO
160;99.988075;0.0045;sun;On;On;Receiver;Off;-2.0509198;9.841593;0.0022944445;None;NO
170;99.988075;0.0048;sun;On;On;Receiver;Off;-2.1810822;10.456561;0.0022944445;None;NO
180;99.988075;0.0051;sun;On;On;Receiver;Off;-2.3116064;11.071506;0.0022944445;None;NO
190;99.988075;0.0054;sun;On;On;Receiver;Off;-2.4425151;11.686424;0.0022944445;None;NO
200;99.988075;0.0057;sun;On;On;Receiver;Off;-2.5738313;12.301315;0.0022944445;None;NO
210;99.988075;0.006;sun;On;On;Receiver;Off;-2.7055783;12.916177;0.0022944445;None;NO
220;99.988075;0.0063;sun;On;On;Receiver;Off;-2.8377807;13.531008;0.0022944445;None;NO
230;99.988075;0.0066;sun;On;On;Receiver;Off;-2.9704626;14.145806;0.0022944445;None;NO
240;99.988075;0.0069;sun;On;On;Receiver;Off;-3.1036487;14.7605715;0.0022944445;None;NO
250;99.988075;0.0072;sun;On;On;Receiver;Off;-3.2373648;15.375299;0.0022944445;None;NO
260;99.988075;0.0075;sun;On;On;Receiver;Off;-3.3716364;15.989991;0.0022944445;None;NO
270;99.988075;0.0078;sun;On;On;Receiver;Off;-3.5064905;16.604643;0.0022944445;None;NO
280;99.988075;0.0081;sun;On;On;Receiver;Off;-3.6419537;17.219252;0.0022944445;None;NO
290;99.988075;0.0084;sun;On;On;Receiver;Off;-3.7780542;17.83382;0.0022944445;None;NO
300;99.988075;0.0087;sun;On;On;Receiver;Off;-3.9148202;18.448341;0.0022944445;None;NO
310;99.988075;0.009;sun;On;On;Receiver;Off;-4.0522804;19.062817;0.0022944445;None;NO
320;99.988075;0.0093;sun;On;On;Receiver;Off;-4.1904655;19.67724;0.0022944445;None;NO
330;99.988075;0.0096;sun;On;On;Receiver;Off;-4.3294053;20.291615;0.0022944445;None;NO
340;99.988075;0.0099;sun;On;On;Receiver;Off;-4.469132;20.905935;0.0022944445;None;NO
350;99.988075;0.0102;sun;On;On;Receiver;Off;-4.6096773;21.5202;0.0022944445;None;NO
360;99.988075;0.0105;sun;On;On;Receiver;Off;-4.7510743;22.134407;0.0022944445;None;NO
370;99.988075;0.0108;sun;On;On;Receiver;Off;-4.8933578;22.748552;0.0022944445;None;NO
380;99.988075;0.0111;sun;On;On;Receiver;Off;-5.036563;23.362637;0.0022944445;None;NO
390;99.988075;0.0114;sun;On;On;Receiver;Off;-5.1807256;23.976656;0.0022944445;None;NO
400;99.988075;0.0117;sun;On;On;Receiver;Off;-5.325883;24.590605;0.0022944445;None;NO
410;99.988075;0.012;sun;On;On;Receiver;Off;-5.472074;25.204485;0.0022944445;None;NO
420;99.988075;0.0123;sun;On;On;Receiver;Off;-5.6193385;25.818293;0.0022944445;None;NO
430;99.988075;0.0126;sun;On;On;Receiver;Off;-5.767718;26.432024;0.0022944445;None;NO
440;99.988075;0.0129;sun;On;On;Receiver;Off;-5.9172535;27.045675;0.0022944445;None;NO
450;99.988075;0.0132;sun;On;On;Receiver;Off;-6.0679903;27.659245;0.0022944445;None;NO
460;99.988075;0.0135;sun;On;On;Receiver;Off;-6.219973;28.27273;0.0022944445;None;NO
470;99.988075;0.0138;sun;On;On;Receiver;Off;-6.3732495;28.886127;0.0022944445;None;NO
480;99.988075;0.0141;sun;On;On;Receiver;Off;-6.527868;29.499432;0.0022944445;None;NO
490;99.988075;0.0144;sun;On;On;Receiver;Off;-6.6838784;30.112642;0.0022944445;None;NO
500;99.988075;0.0147;sun;On;On;Receiver;Off;-6.841334;30.725754;0.0022944445;None;NO
510;99.988075;0.015;sun;On;On;Receiver;Off;-7.0002885;31.338762;0.0022944445;None;NO
520;99.988075;0.0153;sun;On;On;Receiver;Off;-7.1607985;31.951664;0.0022944445;None;NO
530;99.988075;0.0156;sun;On;On;Receiver;Off;-7.322923;32.564457;0.0022944445;None;NO
540;99.988075;0.0159;sun;On;On;Receiver;Off;-7.4867225;33.177135;0.0022944445;None;NO
550;99.988075;0.0162;sun;On;On;Receiver;Off;-7.652261;33.789692;0.0022944445;None;NO
560;99.988075;0.0165;sun;On;On;Receiver;Off;-7.819603;34.40213;0.0022944445;None;NO
570;99.988075;0.0168;sun;On;On;Receiver;Off;-7.9888186;35.01444;0.0022944445;None;NO
580;99.988075;0.0171;sun;On;On;Receiver;Off;-8.159979;35.62661;0.0022944445;None;NO
590;99.988075;0.0174;sun;On;On;Receiver;Off;-8.3331585;36.238647;0.0022944445;None;NO
600;99.988075;0.0177;sun;On;On;Receiver;Off;-8.508435;36.85054;0.0022944445;None;NO
610;99.988075;0.018;sun;On;On;Receiver;Off;-8.68589;37.462284;0.0022944445;None;NO
620;99.988075;0.0183;sun;On;On;Receiver;Off;-8.865609;38.073875;0.0022944445;None;NO
630;99.988075;0.0186;sun;On;On;Receiver;Off;-9.04768;38.685303;0.0022944445;None;NO
640;99.988075;0.0189;sun;On;On;Receiver;Off;-9.232195;39.296562;0.0022944445;None;NO
650;99.988075;0.0192;sun;On;On;Receiver;Off;-9.419252;39.90765;0.0022944445;None;NO
660;99.988075;0.0195;sun;On;On;Receiver;Off;-9.608953;40.518555;0.0022944445;None;NO
670;99.988075;0.0198;sun;On;On;Receiver;Off;-9.801404;41.129272;0.0022944445;None;NO
680;99.988075;0.0201;sun;On;On;Receiver;Off;-9.9967165;41.739796;0.0022944445;None;NO
690;99.988075;0.0204;sun;On;On;Receiver;Off;-10.195008;42.350113;0.0022944445;None;NO
700;99.988075;0.0207;sun;On;On;Receiver;Off;-10.396401;42.96022;0.0022944445;None;NO
710;99.988075;0.021;sun;On;On;Receiver;Off;-10.601027;43.570103;0.0022944445;None;NO
720;99.988075;0.0213;sun;On;On;Receiver;Off;-10.809018;44.179756;0.0022944445;None;NO
730;99.988075;0.0216;sun;On;On;Receiver;Off;-11.020519;44.78917;0.0022944445;None;NO
740;99.988075;0.0219;sun;On;On;Receiver;Off;-11.235682;45.39833;0.0022944445;None;NO
750;99.988075;0.0222;sun;On;On;Receiver;Off;-11.454663;46.00723;0.0022944445;None;NO
760;99.988075;0.0225;sun;On;On;Receiver;Off;-11.67763;46.615856;0.0022944445;None;NO
770;99.988075;0.0228;sun;On;On;Receiver;Off;-11.904759;47.224197;0.0022944445;None;NO
780;99.988075;0.0231;sun;On;On;Receiver;Off;-12.136238;47.83224;0.0022944445;None;NO
790;99.988075;0.0234;sun;On;On;Receiver;Off;-12.372262;48.43997;0.0022944445;None;NO
800;99.988075;0.0237;sun;On;On;Receiver;Off;-12.613039;49.047375;0.0022944445;None;NO
810;99.988075;0.024;sun;On;On;Receiver;Off;-12.858789;49.654438;0.0022944445;None;NO
820;99.988075;0.0243;sun;On;On;Receiver;Off;-13.109746;50.261143;0.0022944445;None;NO
830;99.988075;0.0246;sun;On;On;Receiver;Off;-13.366158;50.867474;0.0022944445;None;NO
840;99.988075;0.0249;sun;On;On;Receiver;Off;-13.628285;51.473408;0.0022944445;None;NO
850;99.988075;0.0252;sun;On;On;Receiver;Off;-13.896408;52.078934;0.0022944445;None;NO
860;99.988075;0.0255;sun;On;On;Receiver;Off;-14.170821;52.68403;0.0022944445;None;NO
870;99.988075;0.0258;sun;On;On;Receiver;Off;-14.45184;53.288666;0.0022944445;None;NO
880;99.988075;0.0261;sun;On;On;Receiver;Off;-14.739801;53.892826;0.0022944445;None;NO
890;99.988075;0.0264;sun;On;On;Receiver;Off;-15.035061;54.496483;0.0022944445;None;NO
900;99.988075;0.0267;sun;On;On;Receiver;Off;-15.338001;55.09961;0.0022944445;None;NO
910;99.988075;0.027;sun;On;On;Receiver;Off;-15.649029;55.70218;0.0022944445;None;NO
920;99.988075;0.0273;sun;On;On;Receiver;Off;-15.968579;56.304165;0.0022944445;None;NO
930;99.988075;0.0276;sun;On;On;Receiver;Off;-16.297117;56.905525;0.0022944445;None;NO
940;99.988075;0.0279;sun;On;On;Receiver;Off;-16.635145;57.506233;0.0022944445;None;NO
950;99.988075;0.0282;sun;On;On;Receiver;Off;-16.983196;58.106247;0.0022944445;None;NO
960;99.988075;0.0285;sun;On;On;Receiver;Off;-17.341845;58.70553;0.0022944445;None;NO
970;99.988075;0.0288;sun;On;On;Receiver;Off;-17.71171;59.30403;0.0022944445;None;NO
980;99.988075;0.0291;sun;On;On;Receiver;Off;-18.093456;59.90171;0.0022944445;None;NO
990;99.988075;0.0294;sun;On;On;Receiver;Off;-18.4878;60.49852;0.0022944445;None;NO
1000;99.988075;0.0297;sun;On;On;Receiver;Off;-18.895514;61.0944;0.0022944445;None;NO
1010;99.988075;0.03;sun;On;On;Receiver;Off;-19.31743;61.689293;0.0022944445;None;NO
1020;99.988075;0.0303;sun;On;On;Receiver;Off;-19.754456;62.283134;0.0022944445;None;NO
1030;99.988075;0.0306;sun;On;On;Receiver;Off;-20.207565;62.875854;0.0022944445;None;NO
1040;99.988075;0.0309;sun;On;On;Receiver;Off;-20.67782;63.467377;0.0022944445;None;NO
1050;99.988075;0.0312;sun;On;On;Receiver;Off;-21.16637;64.057625;0.0022944445;None;NO
1060;99.988075;0.0315;sun;On;On;Receiver;Off;-21.674467;64.6465;0.0022944445;None;NO
1070;99.988075;0.0318;sun;On;On;Receiver;Off;-22.203474;65.23392;0.0022944445;None;NO
1080;99.988075;0.0321;sun;On;On;Receiver;Off;-22.754875;65.819756;0.0022944445;None;NO
1090;99.988075;0.0324;sun;On;On;Receiver;Off;-23.330294;66.4039;0.0022944445;None;NO
1100;99.988075;0.0327;sun;On;On;Receiver;Off;-23.931503;66.98623;0.0022944445;None;NO
1110;99.988075;0.033;sun;On;On;Receiver;Off;-24.560446;67.5666;0.0022944445;None;NO
1120;99.988075;0.0333;sun;On;On;Receiver;Off;-25.219254;68.144844;0.0022944445;None;NO
1130;99.988075;0.0336;sun;On;On;Receiver;Off;-25.910265;68.7208;0.0022944445;None;NO
1140;99.988075;0.0339;sun;On;On;Receiver;Off;-26.636055;69.29427;0.0022944445;None;NO
1150;99.988075;0.0342;sun;On;On;Receiver;Off;-27.399454;69.86505;0.0022944445;None;NO
1160;99.988075;0.0345;sun;On;On;Receiver;Off;-28.203588;70.43289;0.0022944445;None;NO
1170;99.988075;0.0348;sun;On;On;Receiver;Off;-29.05191;70.99754;0.0022944445;None;NO
1180;99.988075;0.0351;sun;On;On;Receiver;Off;-29.94823;71.5587;0.0022944445;None;NO
1190;99.988075;0.0354;sun;On;On;Receiver;Off;-30.89677;72.116035;0.0022944445;None;NO
1200;99.988075;0.0357;sun;On;On;Receiver;Off;-31.902203;72.66919;0.0022944445;None;NO
1210;99.988075;0.036;sun;On;On;Receiver;Off;-32.9697;73.21774;0.0022944445;None;NO
1220;99.988075;0.0363;sun;On;On;Receiver;Off;-34.105003;73.76123;0.0022944445;None;NO
1230;99.988075;0.0366;sun;On;On;Receiver;Off;-35.31446;74.29912;0.0022944445;None;NO
1240;99.988075;0.0369;sun;On;On;Receiver;Off;-36.605118;74.83082;0.0022944445;None;NO
1250;99.988075;0.0372;sun;On;On;Receiver;Off;-37.984745;75.355644;0.0022944445;None;NO
1260;99.988075;0.0375;sun;On;On;Receiver;Off;-39.46193;75.87285;0.0022944445;None;NO
1270;99.988075;0.0378;sun;On;On;Receiver;Off;-41.046104;76.38155;0.0022944445;None;NO
1280;99.988075;0.0381;sun;On;On;Receiver;Off;-42.7476;76.88077;0.0022944445;None;NO
1290;99.988075;0.0384;sun;On;On;Receiver;Off;-44.577633;77.36936;0.0022944445;None;NO
1300;99.988075;0.0387;sun;On;On;Receiver;Off;-46.548294;77.84607;0.0022944445;None;NO
1310;99.988075;0.039;sun;On;On;Receiver;Off;-48.672432;78.30942;0.0022944445;None;NO
1320;99.988075;0.0393;sun;On;On;Receiver;Off;-50.963463;78.75777;0.0022944445;None;NO
1330;99.988075;0.0396;sun;On;On;Receiver;Off;-53.435062;79.18925;0.0022944445;None;NO
1340;99.988075;0.0399;sun;On;On;Receiver;Off;-56.100666;79.60176;0.0022944445;None;NO
1350;99.988075;0.0402;sun;On;On;Receiver;Off;-58.972763;79.99295;0.0022944445;None;NO
1360;99.988075;0.0405;sun;On;On;Receiver;Off;-62.06195;80.36024;0.0022944445;None;NO
1370;99.988075;0.0408;sun;On;On;Receiver;Off;-65.3757;80.70077;0.0022944445;None;NO
1380;99.988075;0.0411;sun;On;On;Receiver;Off;-68.916885;81.01152;0.0022944445;None;NO
1390;99.988075;0.0414;sun;On;On;Receiver;Off;-72.682144;81.28929;0.0022944445;None;NO
1400;99.988075;0.0417;sun;On;On;Receiver;Off;-76.66025;81.530846;0.0022944445;None;NO
1410;99.988075;0.042;sun;On;On;Receiver;Off;-80.83082;81.733;0.0022944445;None;NO
1420;99.988075;0.0423;sun;On;On;Receiver;Off;-85.16364;81.892815;0.0022944445;None;NO
1430;99.97615;0.0426;ecl;On;On;Receiver;Off;-89.61899;82.007744;0.0022944445;None;NO
1440;99.964226;0.0429;ecl;On;On;Receiver;Off;-94.14921;82.075836;0.0022944445;None;NO
1450;99.9523;0.0432;ecl;On;On;Receiver;Off;-98.701454;82.09588;0.0022944445;None;NO
1460;99.94038;0.0435;ecl;On;On;Receiver;Off;-103.221306;82.067505;0.0022944445;None;NO
1470;99.928444;0.0438;ecl;On;On;Receiver;Off;-107.656654;81.99124;0.0022944445;None;NO
1480;99.91652;0.0441;ecl;On;On;Receiver;Off;-111.96118;81.868416;0.0022944445;None;NO
1490;99.904594;0.0444;ecl;On;On;Receiver;Off;-116.09692;81.70112;0.0022944445;None;NO
1500;99.89267;0.0447;ecl;On;On;Receiver;Off;-120.03553;81.49195;0.0022944445;None;NO
1510;99.880745;0.045;ecl;On;On;Receiver;Off;-123.75846;81.24393;0.0022944445;None;NO
1520;99.86882;0.0453;ecl;On;On;Receiver;Off;-127.25611;80.96024;0.0022944445;None;NO
1530;99.856895;0.0456;ecl;On;On;Receiver;Off;-130.52646;80.644135;0.0022944445;None;NO
1540;99.84497;0.0459;ecl;On;On;Receiver;Off;-133.57335;80.29878;0.0022944445;None;NO
1550;99.833046;0.0462;ecl;On;On;Receiver;Off;-136.405;79.927185;0.0022944445;None;NO
1560;99.82112;0.0465;ecl;On;On;Receiver;Off;-139.03242;79.532135;0.0022944445;None;NO
1570;99.8092;0.0468;ecl;On;On;Receiver;Off;-141.46837;79.116196;0.0022944445;None;NO
1580;99.79727;0.0471;ecl;On;On;Receiver;Off;-143.72636;78.68167;0.0022944445;None;NO
1590;99.78534;0.0474;ecl;On;On;Receiver;Off;-145.82007;78.230606;0.0022944445;None;NO
1600;99.773415;0.0477;ecl;On;On;Receiver;Off;-147.76282;77.76485;0.0022944445;None;NO
1610;99.76149;0.048;ecl;On;On;Receiver;Off;-149.5673;77.285995;0.0022944445;None;NO
1620;99.749565;0.0483;ecl;On;On;Receiver;Off;-151.24548;76.79548;0.0022944445;None;NO
1630;99.73764;0.0486;ecl;On;On;Receiver;Off;-152.8084;76.294556;0.0022944445;None;NO
1640;99.725716;0.0489;ecl;On;On;Receiver;Off;-154.26619;75.784325;0.0022944445;None;NO
1650;99.71379;0.0492;ecl;On;On;Receiver;Off;-155.62813;75.26575;0.0022944445;None;NO
1660;99.701866;0.0495;ecl;On;On;Receiver;Off;-156.90265;74.73968;0.0022944445;None;NO
1670;99.68994;0.0498;ecl;On;On;Receiver;Off;-158.09737;74.20687;0.0022944445;None;NO
1680;99.67802;0.0501;ecl;On;On;Receiver;Off;-159.21921;73.66798;0.0022944445;None;NO
1690;99.66609;0.0504;ecl;On;On;Receiver;Off;-160.2744;73.12358;0.0022944445;None;NO
1700;99.65417;0.0507;ecl;On;On;Receiver;Off;-161.26854;72.5742;0.0022944445;None;NO
1710;99.642235;0.051;ecl;On;On;Receiver;Off;-162.20673;72.0203;0.0022944445;None;NO
1720;99.63031;0.0513;ecl;On;On;Receiver;Off;-163.09354;71.46228;0.0022944445;None;NO
1730;99.618385;0.0516;ecl;On;On;Receiver;Off;-163.9331;70.9005;0.0022944445;None;NO
1740;99.60646;0.0519;ecl;On;On;Receiver;Off;-164.72919;70.33528;0.0022944445;None;NO
1750;99.594536;0.0522;ecl;On;On;Receiver;Off;-165.48514;69.766914;0.0022944445;None;NO
1760;99.58261;0.0525;ecl;On;On;Receiver;Off;-166.20406;69.195656;0.0022944445;None;NO
1770;99.57069;0.0528;ecl;On;On;Receiver;Off;-166.8887;68.62174;0.0022944445;None;NO
1780;99.55876;0.0531;ecl;On;On;Receiver;Off;-167.54163;68.04538;0.0022944445;None;NO
1790;99.54684;0.0534;ecl;On;On;Receiver;Off;-168.16508;67.46675;0.0022944445;None;NO
1800;99.53491;0.0537;ecl;On;On;Receiver;Off;-168.76122;66.88604;0.0022944445;None;NO
1810;99.52299;0.054;ecl;On;On;Receiver;Off;-169.3319;66.30338;0.0022944445;None;NO
1820;99.51106;0.0543;ecl;On;On;Receiver;Off;-169.87889;65.71893;0.0022944445;None;NO
1830;99.49913;0.0546;ecl;On;On;Receiver;Off;-170.40378;65.13282;0.0022944445;None;NO
1840;99.487206;0.0549;ecl;On;On;Receiver;Off;-170.90802;64.54514;0.0022944445;None;NO
1850;99.47528;0.0552;ecl;On;On;Receiver;Off;-171.39297;63.956024;0.0022944445;None;NO
1860;99.463356;0.0555;ecl;On;On;Receiver;Off;-171.85986;63.365555;0.0022944445;None;NO
1870;99.45143;0.0558;ecl;On;On;Receiver;Off;-172.30981;62.77382;0.0022944445;None;NO
1880;99.43951;0.0561;ecl;On;On;Receiver;Off;-172.74387;62.180897;0.0022944445;None;NO
1890;99.42758;0.0564;ecl;On;On;Receiver;Off;-173.163;61.586872;0.0022944445;None;NO
1900;99.41566;0.0567;ecl;On;On;Receiver;Off;-173.56808;60.991806;0.0022944445;None;NO
1910;99.40373;0.057;ecl;On;On;Receiver;Off;-173.95996;60.39576;0.0022944445;None;NO
1920;99.39181;0.0573;ecl;On;On;Receiver;Off;-174.33937;59.798798;0.0022944445;None;NO
1930;99.37988;0.0576;ecl;On;On;Receiver;Off;-174.70705;59.200974;0.0022944445;None;NO
1940;99.36796;0.0579;ecl;On;On;Receiver;Off;-175.06361;58.60233;0.0022944445;None;NO
1950;99.356026;0.0582;ecl;On;On;Receiver;Off;-175.4097;58.002922;0.0022944445;None;NO
1960;99.3441;0.0585;ecl;On;On;Receiver;Off;-175.74586;57.402786;0.0022944445;None;NO
1970;99.33218;0.0588;ecl;On;On;Receiver;Off;-176.07265;56.801964;0.0022944445;None;NO
1980;99.32025;0.0591;ecl;On;On;Receiver;Off;-176.39053;56.200493;0.0022944445;None;NO
1990;99.30833;0.0594;ecl;On;On;Receiver;Off;-176.69998;55.598404;0.0022944445;None;NO
2000;99.2964;0.0597;ecl;On;On;Receiver;Off;-177.00142;54.995735;0.0022944445;None;NO
2010;99.28448;0.06;ecl;On;On;Receiver;Off;-177.29524;54.392517;0.0022944445;None;NO
2020;99.27255;0.0603;ecl;On;On;Receiver;Off;-177.58185;53.78877;0.0022944445;None;NO
2030;99.26063;0.0606;ecl;On;On;Receiver;Off;-177.86157;53.184525;0.0022944445;None;NO
2040;99.2487;0.0609;ecl;On;On;Receiver;Off;-178.13477;52.579807;0.0022944445;None;NO
2050;99.23678;0.0612;ecl;On;On;Receiver;Off;-178.40172;51.97464;0.0022944445;None;NO
2060;99.22485;0.0615;ecl;On;On;Receiver;Off;-178.66272;51.36904;0.0022944445;None;NO
2070;99.21292;0.0618;ecl;On;On;Receiver;Off;-178.91808;50.763035;0.0022944445;None;NO
2080;99.201;0.0621;ecl;On;On;Receiver;Off;-179.16801;50.15664;0.0022944445;None;NO
2090;99.18907;0.0624;ecl;On;On;Receiver;Off;-179.4128;49.54987;0.0022944445;None;NO
2100;99.17715;0.0627;ecl;On;On;Receiver;Off;-179.65265;48.94275;0.0022944445;None;NO
2110;99.16522;0.063;ecl;On;On;Receiver;Off;-179.88777;48.33529;0.0022944445;None;NO
2120;99.1533;0.0633;ecl;On;On;Receiver;Off;179.88159;47.7275;0.0022944445;None;NO
2130;99.14137;0.0636;ecl;On;On;Receiver;Off;179.65527;47.119408;0.0022944445;None;NO
2140;99.12945;0.0639;ecl;On;On;Receiver;Off;179.43309;46.511017;0.0022944445;None;NO
2150;99.11752;0.0642;ecl;On;On;Receiver;Off;179.21484;45.90234;0.0022944445;None;NO
2160;99.1056;0.0645;ecl;On;On;Receiver;Off;179.0004;45.293396;0.0022944445;None;NO
2170;99.09367;0.0648;ecl;On;On;Receiver;Off;178.78958;44.68419;0.0022944445;None;NO
2180;99.08175;0.0651;ecl;On;On;Receiver;Off;178.58224;44.074738;0.0022944445;None;NO
2190;99.06982;0.0654;ecl;On;On;Receiver;Off;178.37825;43.465042;0.0022944445;None;NO
2200;99.05789;0.0657;ecl;On;On;Receiver;Off;178.17746;42.855118;0.0022944445;None;NO
2210;99.04597;0.066;ecl;On;On;Receiver;Off;177.97975;42.244976;0.0022944445;None;NO
2220;99.03404;0.0663;ecl;On;On;Receiver;Off;177.78499;41.634624;0.0022944445;None;NO
2230;99.02212;0.0666;ecl;On;On;Receiver;Off;177.59308;41.024067;0.0022944445;None;NO
2240;99.01019;0.0669;ecl;On;On;Receiver;Off;177.40388;40.41332;0.0022944445;None;NO
2250;98.99827;0.0672;ecl;On;On;Receiver;Off;177.21733;39.80238;0.0022944445;None;NO
2260;98.98634;0.0675;ecl;On;On;Receiver;Off;177.0333;39.19126;0.0022944445;None;NO
2270;98.97442;0.0678;ecl;On;On;Receiver;Off;176.85167;38.57997;0.0022944445;None;NO
2280;98.962494;0.0681;ecl;On;On;Receiver;Off;176.6724;37.968513;0.0022944445;None;NO
2290;98.95057;0.0684;ecl;On;On;Receiver;Off;176.49536;37.3569;0.0022944445;None;NO
2300;98.93864;0.0687;ecl;On;On;Receiver;Off;176.3205;36.74513;0.0022944445;None;NO
2310;98.92671;0.069;ecl;On;On;Receiver;Off;176.1477;36.13321;0.0022944445;None;NO
2320;98.91479;0.0693;ecl;On;On;Receiver;Off;175.97693;35.52115;0.0022944445;None;NO
2330;98.90286;0.0696;ecl;On;On;Receiver;Off;175.80807;34.90895;0.0022944445;None;NO
2340;98.89094;0.0699;ecl;On;On;Receiver;Off;175.64108;34.296623;0.0022944445;None;NO
2350;98.87901;0.0702;ecl;On;On;Receiver;Off;175.47589;33.684166;0.0022944445;None;NO
2360;98.86709;0.0705;ecl;On;On;Receiver;Off;175.31241;33.071587;0.0022944445;None;NO
2370;98.85516;0.0708;ecl;On;On;Receiver;Off;175.1506;32.45889;0.0022944445;None;NO
2380;98.84324;0.0711;ecl;On;On;Receiver;Off;174.99039;31.846075;0.0022944445;None;NO
2390;98.831314;0.0714;ecl;On;On;Receiver;Off;174.83173;31.233154;0.0022944445;None;NO
2400;98.81939;0.0717;ecl;On;On;Receiver;Off;174.67456;30.620129;0.0022944445;None;NO
2410;98.807465;0.072;ecl;On;On;Receiver;Off;174.51881;30.007;0.0022944445;None;NO
2420;98.79553;0.0723;ecl;On;On;Receiver;Off;174.36446;29.393772;0.0022944445;None;NO
2430;98.78361;0.0726;ecl;On;On;Receiver;Off;174.21144;28.78045;0.0022944445;None;NO
2440;98.77168;0.0729;ecl;On;On;Receiver;Off;174.0597;28.16704;0.0022944445;None;NO
2450;98.75976;0.0732;ecl;On;On;Receiver;Off;173.9092;27.55354;0.0022944445;None;NO
2460;98.74783;0.0735;ecl;On;On;Receiver;Off;173.75987;26.939955;0.0022944445;None;NO
2470;98.73591;0.0738;ecl;On;On;Receiver;Off;173.61172;26.32629;0.0022944445;None;NO
2480;98.72398;0.0741;ecl;On;On;Receiver;Off;173.46466;25.712545;0.0022944445;None;NO
2490;98.71206;0.0744;ecl;On;On;Receiver;Off;173.31866;25.098726;0.0022944445;None;NO
2500;98.700134;0.0747;ecl;On;On;Receiver;Off;173.1737;24.484833;0.0022944445;None;NO
2510;98.68821;0.075;ecl;On;On;Receiver;Off;173.02972;23.87087;0.0022944445;None;NO
2520;98.676285;0.0753;ecl;On;On;Receiver;Off;172.8867;23.256842;0.0022944445;None;NO
2530;98.66436;0.0756;ecl;On;On;Receiver;Off;172.7446;22.642746;0.0022944445;None;NO
2540;98.65243;0.0759;ecl;On;On;Receiver;Off;172.60336;22.02859;0.0022944445;None;NO
2550;98.6405;0.0762;ecl;On;On;Receiver;Off;172.46298;21.414373;0.0022944445;None;NO
2560;98.62858;0.0765;ecl;On;On;Receiver;Off;172.32341;20.800098;0.0022944445;None;NO
2570;98.61665;0.0768;ecl;On;On;Receiver;Off;172.18462;20.185768;0.0022944445;None;NO
2580;98.60473;0.0771;ecl;On;On;Receiver;Off;172.04657;19.571386;0.0022944445;None;NO
2590;98.592804;0.0774;ecl;On;On;Receiver;Off;171.90924;18.956951;0.0022944445;None;NO
2600;98.58088;0.0777;ecl;On;On;Receiver;Off;171.77261;18.342468;0.0022944445;None;NO
2610;98.568954;0.078;ecl;On;On;Receiver;Off;171.63663;17.72794;0.0022944445;None;NO
2620;98.55703;0.0783;ecl;On;On;Receiver;Off;171.50128;17.113365;0.0022944445;None;NO
2630;98.545105;0.0786;ecl;On;On;Receiver;Off;171.36655;16.498747;0.0022944445;None;NO
2640;98.53318;0.0789;ecl;On;On;Receiver;Off;171.23238;15.8840885;0.0022944445;None;NO
2650;98.521255;0.0792;ecl;On;On;Receiver;Off;171.09877;15.269391;0.0022944445;None;NO
2660;98.50932;0.0795;ecl;On;On;Receiver;Off;170.96568;14.654656;0.0022944445;None;NO
2670;98.4974;0.0798;ecl;On;On;Receiver;Off;170.8331;14.0398855;0.0022944445;None;NO
2680;98.48547;0.0801;ecl;On;On;Receiver;Off;170.70097;13.425081;0.0022944445;None;NO
2690;98.47355;0.0804;ecl;On;On;Receiver;Off;170.56932;12.810245;0.0022944445;None;NO
2700;98.461624;0.0807;ecl;On;On;Receiver;Off;170.43808;12.195377;0.0022944445;None;NO
2710;98.4497;0.081;ecl;On;On;Receiver;Off;170.30725;11.5804825;0.0022944445;None;NO
2720;98.437775;0.0813;ecl;On;On;Receiver;Off;170.17679;10.965559;0.0022944445;None;NO
2730;98.42585;0.0816;ecl;On;On;Receiver;Off;170.0467;10.350611;0.0022944445;None;NO
2740;98.413925;0.0819;ecl;On;On;Receiver;Off;169.91695;9.735638;0.0022944445;None;NO
2750;98.402;0.0822;ecl;On;On;Receiver;Off;169.78749;9.120643;0.0022944445;None;NO
2760;98.390076;0.0825;ecl;On;On;Receiver;Off;169.65834;8.505627;0.0022944445;None;NO
2770;98.37815;0.0828;ecl;On;On;Receiver;Off;169.52945;7.8905916;0.0022944445;None;NO
2780;98.36622;0.0831;ecl;On;On;Receiver;Off;169.4008;7.275538;0.0022944445;None;NO
2790;98.354294;0.0834;ecl;On;On;Receiver;Off;169.2724;6.660468;0.0022944445;None;NO
2800;98.34237;0.0837;ecl;On;On;Receiver;Off;169.1442;6.0453835;0.0022944445;None;NO
2810;98.330444;0.084;ecl;On;On;Receiver;Off;169.01617;5.4302845;0.0022944445;None;NO
2820;98.31852;0.0843;ecl;On;On;Receiver;Off;168.88832;4.8151736;0.0022944445;None;NO
2830;98.306595;0.0846;ecl;On;On;Receiver;Off;168.7606;4.2000523;0.0022944445;None;NO
2840;98.29467;0.0849;ecl;On;On;Receiver;Off;168.63303;3.584921;0.0022944445;None;NO
2850;98.282745;0.0852;ecl;On;On;Receiver;Off;168.50555;2.9697819;0.0022944445;None;NO
2860;98.27082;0.0855;ecl;On;On;Receiver;Off;168.37816;2.3546362;0.0022944445;None;NO
2870;98.258896;0.0858;ecl;On;On;Receiver;Off;168.25084;1.7394853;0.0022944445;None;NO
2880;98.24697;0.0861;ecl;On;On;Receiver;Off;168.12355;1.1243304;0.0022944445;None;NO
2890;98.23505;0.0864;ecl;On;On;Receiver;Off;167.99629;0.5091731;0.0022944445;None;NO
2900;98.223114;0.0867;ecl;On;On;Receiver;Off;167.86905;-0.10598533;0.0022944445;None;NO
2910;98.21119;0.087;ecl;On;On;Receiver;Off;167.74179;-0.72114354;0.0022944445;None;NO
2920;98.199265;0.0873;ecl;On;On;Receiver;Off;167.61449;-1.3363001;0.0022944445;None;NO
2930;98.18734;0.0876;ecl;On;On;Receiver;Off;167.48715;-1.9514538;0.0022944445;None;NO
2940;98.175415;0.0879;ecl;On;On;Receiver;Off;167.35973;-2.5666032;0.0022944445;None;NO
2950;98.16349;0.0882;ecl;On;On;Receiver;Off;167.23221;-3.1817467;0.0022944445;None;NO
2960;98.151566;0.0885;ecl;On;On;Receiver;Off;167.10458;-3.796883;0.0022944445;None;NO
2970;98.13964;0.0888;ecl;On;On;Receiver;Off;166.97682;-4.412011;0.0022944445;None;NO
2980;98.127716;0.0891;ecl;On;On;Receiver;Off;166.84892;-5.027129;0.0022944445;None;NO
2990;98.11579;0.0894;ecl;On;On;Receiver;Off;166.72083;-5.642236;0.0022944445;None;NO
3000;98.10387;0.0897;ecl;On;On;Receiver;Off;166.59256;-6.25733;0.0022944445;None;NO
3010;98.09194;0.09;ecl;On;On;Receiver;Off;166.46407;-6.8724103;0.0022944445;None;NO
3020;98.08001;0.0903;ecl;On;On;Receiver;Off;166.33534;-7.4874744;0.0022944445;None;NO
3030;98.068085;0.0906;ecl;On;On;Receiver;Off;166.20636;-8.102522;0.0022944445;None;NO
3040;98.05616;0.0909;ecl;On;On;Receiver;Off;166.07709;-8.717551;0.0022944445;None;NO
3050;98.044235;0.0912;ecl;On;On;Receiver;Off;165.94754;-9.33256;0.0022944445;None;NO
3060;98.03231;0.0915;ecl;On;On;Receiver;Off;165.81766;-9.947547;0.0022944445;None;NO
3070;98.020386;0.0918;ecl;On;On;Receiver;Off;165.68742;-10.562511;0.0022944445;None;NO
3080;98.00846;0.0921;ecl;On;On;Receiver;Off;165.55684;-11.177451;0.0022944445;None;NO
3090;97.99654;0.0924;ecl;On;On;Receiver;Off;165.42586;-11.792365;0.0022944445;None;NO
3100;97.98461;0.0927;ecl;On;On;Receiver;Off;165.29448;-12.407251;0.0022944445;None;NO
3110;97.97269;0.093;ecl;On;On;Receiver;Off;165.16266;-13.022108;0.0022944445;None;NO
3120;97.96076;0.0933;ecl;On;On;Receiver;Off;165.03036;-13.636933;0.0022944445;None;NO
3130;97.94883;0.0936;ecl;On;On;Receiver;Off;164.8976;-14.251726;0.0022944445;None;NO
3140;97.936905;0.0939;ecl;On;On;Receiver;Off;164.76433;-14.866485;0.0022944445;None;NO
3150;97.92498;0.0942;ecl;On;On;Receiver;Off;164.63052;-15.481207;0.0022944445;None;NO
3160;97.913055;0.0945;ecl;On;On;Receiver;Off;164.49614;-16.095892;0.0022944445;None;NO
3170;97.90113;0.0948;ecl;On;On;Receiver;Off;164.36119;-16.710537;0.0022944445;None;NO
3180;97.889206;0.0951;ecl;On;On;Receiver;Off;164.22562;-17.325138;0.0022944445;None;NO
3190;97.87728;0.0954;ecl;On;On;Receiver;Off;164.0894;-17.9397;0.0022944445;None;NO
3200;97.86536;0.0957;ecl;On;On;Receiver;Off;163.95251;-18.554213;0.0022944445;None;NO
3210;97.85343;0.096;ecl;On;On;Receiver;Off;163.81494;-19.168678;0.0022944445;None;NO
3220;97.84151;0.0963;ecl;On;On;Receiver;Off;163.67662;-19.783094;0.0022944445;None;NO
3230;97.82958;0.0966;ecl;On;On;Receiver;Off;163.53755;-20.397459;0.0022944445;None;NO
3240;97.81766;0.0969;ecl;On;On;Receiver;Off;163.39769;-21.01177;0.0022944445;None;NO
3250;97.805725;0.0972;ecl;On;On;Receiver;Off;163.257;-21.626026;0.0022944445;None;NO
3260;97.7938;0.0975;ecl;On;On;Receiver;Off;163.11545;-22.240223;0.0022944445;None;NO
3270;97.781876;0.0978;ecl;On;On;Receiver;Off;162.973;-22.854359;0.0022944445;None;NO
3280;97.76995;0.0981;ecl;On;On;Receiver;Off;162.82964;-23.46843;0.0022944445;None;NO
3290;97.758026;0.0984;ecl;On;On;Receiver;Off;162.68532;-24.082438;0.0022944445;None;NO
3300;97.7461;0.0987;ecl;On;On;Receiver;Off;162.53998;-24.696375;0.0022944445;None;NO
3310;97.73418;0.099;ecl;On;On;Receiver;Off;162.3936;-25.310244;0.0022944445;None;NO
3320;97.72225;0.0993;ecl;On;On;Receiver;Off;162.24615;-25.924038;0.0022944445;None;NO
3330;97.71033;0.0996;ecl;On;On;Receiver;Off;162.09758;-26.537754;0.0022944445;None;NO
3340;97.6984;0.0999;ecl;On;On;Receiver;Off;161.94783;-27.151392;0.0022944445;None;NO
3350;97.68648;0.1002;ecl;On;On;Receiver;Off;161.79689;-27.764948;0.0022944445;None;NO
3360;97.67455;0.1005;ecl;On;On;Receiver;Off;161.64468;-28.378418;0.0022944445;None;NO
3370;97.71604;0.1008;sun;On;On;Receiver;Off;161.49118;-28.9918;0.0022944445;None;NO
3380;97.75754;0.1011;sun;On;On;Receiver;Off;161.33633;-29.60509;0.0022944445;None;NO
3390;97.79903;0.1014;sun;On;On;Receiver;Off;161.18007;-30.21828;0.0022944445;None;NO
3400;97.84052;0.1017;sun;On;On;Receiver;Off;161.02237;-30.831375;0.0022944445;None;NO
3410;97.88202;0.102;sun;On;On;Receiver;Off;160.86314;-31.444366;0.0022944445;None;NO
3420;97.92351;0.1023;sun;On;On;Receiver;Off;160.70236;-32.05725;0.0022944445;None;NO
3430;97.965004;0.1026;sun;On;On;Receiver;Off;160.53995;-32.670025;0.0022944445;None;NO
3440;98.0065;0.1029;sun;On;On;Receiver;Off;160.37585;-33.28268;0.0022944445;None;NO
3450;98.04799;0.1032;sun;On;On;Receiver;Off;160.21;-33.895218;0.0022944445;None;NO
3460;98.089485;0.1035;sun;On;On;Receiver;Off;160.04236;-34.507633;0.0022944445;None;NO
3470;98.130974;0.1038;sun;On;On;Receiver;Off;159.8728;-35.11992;0.0022944445;None;NO
3480;98.17247;0.1041;sun;On;On;Receiver;Off;159.70131;-35.732067;0.0022944445;None;NO
3490;98.21397;0.1044;sun;On;On;Receiver;Off;159.52777;-36.34408;0.0022944445;None;NO
3500;98.255455;0.1047;sun;On;On;Receiver;Off;159.35213;-36.955948;0.0022944445;None;NO
3510;98.29695;0.105;sun;On;On;Receiver;Off;159.17429;-37.567665;0.0022944445;None;NO
3520;98.33845;0.1053;sun;On;On;Receiver;Off;158.99417;-38.17923;0.0022944445;None;NO
3530;98.37994;0.1056;sun;On;On;Receiver;Off;158.81168;-38.79063;0.0022944445;None;NO
3540;98.42143;0.1059;sun;On;On;Receiver;Off;158.62674;-39.40186;0.0022944445;None;NO
3550;98.46292;0.1062;sun;On;On;Receiver;Off;158.43922;-40.012917;0.0022944445;None;NO
3560;98.50442;0.1065;sun;On;On;Receiver;Off;158.24907;-40.62379;0.0022944445;None;NO
3570;98.54591;0.1068;sun;On;On;Receiver;Off;158.05612;-41.234474;0.0022944445;None;NO
3580;98.5874;0.1071;sun;On;On;Receiver;Off;157.8603;-41.844963;0.0022944445;None;NO
3590;98.6289;0.1074;sun;On;On;Receiver;Off;157.6615;-42.455242;0.0022944445;None;NO
3600;98.670395;0.1077;sun;On;On;Receiver;Off;157.45955;-43.06531;0.0022944445;None;NO
3610;98.71188;0.108;sun;On;On;Receiver;Off;157.25436;-43.675156;0.0022944445;None;NO
3620;98.75338;0.1083;sun;On;On;Receiver;Off;157.04578;-44.284767;0.0022944445;None;NO
3630;98.79487;0.1086;sun;On;On;Receiver;Off;156.83365;-44.89414;0.0022944445;None;NO
3640;98.836365;0.1089;sun;On;On;Receiver;Off;156.61784;-45.503258;0.0022944445;None;NO
3650;98.87786;0.1092;sun;On;On;Receiver;Off;156.39818;-46.11211;0.0022944445;None;NO
3660;98.91935;0.1095;sun;On;On;Receiver;Off;156.17451;-46.720688;0.0022944445;None;NO
3670;98.960846;0.1098;sun;On;On;Receiver;Off;155.94666;-47.32898;0.0022944445;None;NO
3680;99.00234;0.1101;sun;On;On;Receiver;Off;155.7144;-47.936966;0.0022944445;None;NO
3690;99.04383;0.1104;sun;On;On;Receiver;Off;155.47757;-48.544643;0.0022944445;None;NO
3700;99.08533;0.1107;sun;On;On;Receiver;Off;155.23596;-49.15199;0.0022944445;None;NO
3710;99.126816;0.111;sun;On;On;Receiver;Off;154.98932;-49.75899;0.0022944445;None;NO
3720;99.16831;0.1113;sun;On;On;Receiver;Off;154.73744;-50.365635;0.0022944445;None;NO
3730;99.20981;0.1116;sun;On;On;Receiver;Off;154.48007;-50.971897;0.0022944445;None;NO
3740;99.2513;0.1119;sun;On;On;Receiver;Off;154.21693;-51.577766;0.0022944445;None;NO
3750;99.29279;0.1122;sun;On;On;Receiver;Off;153.94774;-52.183216;0.0022944445;None;NO
3760;99.33429;0.1125;sun;On;On;Receiver;Off;153.67221;-52.78823;0.0022944445;None;NO
3770;99.37578;0.1128;sun;On;On;Receiver;Off;153.39003;-53.39279;0.0022944445;None;NO
3780;99.417274;0.1131;sun;On;On;Receiver;Off;153.10083;-53.996864;0.0022944445;None;NO
3790;99.45876;0.1134;sun;On;On;Receiver;Off;152.80428;-54.600433;0.0022944445;None;NO
3800;99.50026;0.1137;sun;On;On;Receiver;Off;152.49997;-55.20347;0.0022944445;None;NO
3810;99.541756;0.114;sun;On;On;Receiver;Off;152.18752;-55.80594;0.0022944445;None;NO
3820;99.583244;0.1143;sun;On;On;Receiver;Off;151.86644;-56.407818;0.0022944445;None;NO
3830;99.62474;0.1146;sun;On;On;Receiver;Off;151.53632;-57.009068;0.0022944445;None;NO
3840;99.66624;0.1149;sun;On;On;Receiver;Off;151.1966;-57.609657;0.0022944445;None;NO
3850;99.707726;0.1152;sun;On;On;Receiver;Off;150.84676;-58.20955;0.0022944445;None;NO
3860;99.74922;0.1155;sun;On;On;Receiver;Off;150.48622;-58.8087;0.0022944445;None;NO
3870;99.79071;0.1158;sun;On;On;Receiver;Off;150.11436;-59.407066;0.0022944445;None;NO
3880;99.83221;0.1161;sun;On;On;Receiver;Off;149.7305;-60.0046;0.0022944445;None;NO
3890;99.8737;0.1164;sun;On;On;Receiver;Off;149.33391;-60.60125;0.0022944445;None;NO
3900;99.91519;0.1167;sun;On;On;Receiver;Off;148.92381;-61.196964;0.0022944445;None;NO
3910;99.95669;0.117;sun;On;On;Receiver;Off;148.49936;-61.79168;0.0022944445;None;NO
3920;99.988075;0.1173;sun;On;On;Receiver;Off;148.05963;-62.385334;0.0022944445;None;NO
3930;99.988075;0.1176;sun;On;On;Receiver;Off;147.60364;-62.977856;0.0022944445;None;NO
3940;99.988075;0.1179;sun;On;On;Receiver;Off;147.13033;-63.569164;0.0022944445;None;NO
3950;99.988075;0.1182;sun;On;On;Receiver;Off;146.63849;-64.15918;0.0022944445;None;NO
3960;99.988075;0.1185;sun;On;On;Receiver;Off;146.12689;-64.74782;0.0022944445;None;NO
3970;99.988075;0.1188;sun;On;On;Receiver;Off;145.59415;-65.33496;0.0022944445;None;NO
3980;99.988075;0.1191;sun;On;On;Receiver;Off;145.03873;-65.92052;0.0022944445;None;NO
3990;99.988075;0.1194;sun;On;On;Receiver;Off;144.45898;-66.504364;0.0022944445;None;NO
4000;99.988075;0.1197;sun;On;On;Receiver;Off;143.85315;-67.086365;0.0022944445;None;NO
4010;99.988075;0.12;sun;On;On;Receiver;Off;143.21921;-67.666374;0.0022944445;None;NO
4020;99.988075;0.1203;sun;On;On;Receiver;Off;142.55504;-68.24424;0.0022944445;None;NO
4030;99.988075;0.1206;sun;On;On;Receiver;Off;141.85822;-68.819786;0.0022944445;None;NO
4040;99.988075;0.1209;sun;On;On;Receiver;Off;141.12616;-69.39281;0.0022944445;None;NO
4050;99.988075;0.1212;sun;On;On;Receiver;Off;140.35597;-69.9631;0.0022944445;None;NO
4060;99.988075;0.1215;sun;On;On;Receiver;Off;139.54448;-70.53041;0.0022944445;None;NO
4070;99.988075;0.1218;sun;On;On;Receiver;Off;138.68817;-71.09448;0.0022944445;None;NO
4080;99.988075;0.1221;sun;On;On;Receiver;Off;137.78317;-71.65501;0.0022944445;None;NO
4090;99.988075;0.1224;sun;On;On;Receiver;Off;136.82518;-72.211655;0.0022944445;None;NO
4100;99.988075;0.1227;sun;On;On;Receiver;Off;135.80943;-72.764046;0.0022944445;None;NO
4110;99.988075;0.123;sun;On;On;Receiver;Off;134.73068;-73.31175;0.0022944445;None;NO
4120;99.988075;0.1233;sun;On;On;Receiver;Off;133.58307;-73.85432;0.0022944445;None;NO
4130;99.988075;0.1236;sun;On;On;Receiver;Off;132.36014;-74.39118;0.0022944445;None;NO
4140;99.988075;0.1239;sun;On;On;Receiver;Off;131.05473;-74.921745;0.0022944445;None;NO
4150;99.988075;0.1242;sun;On;On;Receiver;Off;129.65894;-75.44532;0.0022944445;None;NO
4160;99.988075;0.1245;sun;On;On;Receiver;Off;128.16402;-75.96113;0.0022944445;None;NO
4170;99.988075;0.1248;sun;On;On;Receiver;Off;126.56039;-76.46827;0.0022944445;None;NO
4180;99.988075;0.1251;sun;On;On;Receiver;Off;124.83757;-76.96574;0.0022944445;None;NO
4190;99.988075;0.1254;sun;On;On;Receiver;Off;122.98419;-77.452385;0.0022944445;None;NO
4200;99.988075;0.1257;sun;On;On;Receiver;Off;120.98802;-77.926895;0.0022944445;None;NO
4210;99.988075;0.126;sun;On;On;Receiver;Off;118.836105;-78.38779;0.0022944445;None;NO
4220;99.988075;0.1263;sun;On;On;Receiver;Off;116.51494;-78.83337;0.0022944445;None;NO
4230;99.988075;0.1266;sun;On;On;Receiver;Off;114.01086;-79.261734;0.0022944445;None;NO
4240;99.988075;0.1269;sun;On;On;Receiver;Off;111.310524;-79.670746;0.0022944445;None;NO
4250;99.988075;0.1272;sun;On;On;Receiver;Off;108.40171;-80.058014;0.0022944445;None;NO
4260;99.988075;0.1275;sun;On;On;Receiver;Off;105.27426;-80.42089;0.0022944445;None;NO
4270;99.988075;0.1278;sun;On;On;Receiver;Off;101.92138;-80.75652;0.0022944445;None;NO
4280;99.988075;0.1281;sun;On;On;Receiver;Off;98.34115;-81.06182;0.0022944445;None;NO
4290;99.988075;0.1284;sun;On;On;Receiver;Off;94.53818;-81.33358;0.0022944445;None;NO
4300;99.988075;0.1287;sun;On;On;Receiver;Off;90.525185;-81.56857;0.0022944445;None;NO
4310;99.988075;0.129;sun;On;On;Receiver;Off;86.324234;-81.76363;0.0022944445;None;NO
4320;99.988075;0.1293;sun;On;On;Receiver;Off;81.967224;-81.91588;0.0022944445;None;NO
4330;99.988075;0.1296;sun;On;On;Receiver;Off;77.49539;-82.02286;0.0022944445;None;NO
4340;99.988075;0.1299;sun;On;On;Receiver;Off;72.95752;-82.08274;0.0022944445;None;NO
4350;99.988075;0.1302;sun;On;On;Receiver;Off;68.40699;-82.09444;0.0022944445;None;NO
4360;99.988075;0.1305;sun;On;On;Receiver;Off;63.898098;-82.057755;0.0022944445;None;NO
4370;99.988075;0.1308;sun;On;On;Receiver;Off;59.482193;-81.97335;0.0022944445;None;NO
4380;99.988075;0.1311;sun;On;On;Receiver;Off;55.204296;-81.8427;0.0022944445;None;NO
4390;99.988075;0.1314;sun;On;On;Receiver;Off;51.10078;-81.667984;0.0022944445;None;NO
4400;99.988075;0.1317;sun;On;On;Receiver;Off;47.198273;-81.451904;0.0022944445;None;NO
4410;99.988075;0.132;sun;On;On;Receiver;Off;43.5137;-81.1975;0.0022944445;None;NO
4420;99.988075;0.1323;sun;On;On;Receiver;Off;40.05525;-80.908005;0.0022944445;None;NO
4430;99.988075;0.1326;sun;On;On;Receiver;Off;36.823822;-80.58663;0.0022944445;None;NO
4440;99.988075;0.1329;sun;On;On;Receiver;Off;33.81469;-80.23655;0.0022944445;None;NO
4450;99.988075;0.1332;sun;On;On;Receiver;Off;31.019081;-79.86072;0.0022944445;None;NO
4460;99.988075;0.1335;sun;On;On;Receiver;Off;28.425587;-79.4619;0.0022944445;None;NO
4470;99.988075;0.1338;sun;On;On;Receiver;Off;26.021273;-79.0426;0.0022944445;None;NO
4480;99.988075;0.1341;sun;On;On;Receiver;Off;23.792547;-78.60508;0.0022944445;None;NO
4490;99.988075;0.1344;sun;On;On;Receiver;Off;21.725788;-78.15137;0.0022944445;None;NO
4500;99.988075;0.1347;sun;On;On;Receiver;Off;19.807747;-77.683235;0.0022944445;None;NO
4510;99.988075;0.135;sun;On;On;Receiver;Off;18.02584;-77.20228;0.0022944445;None;NO
4520;99.988075;0.1353;sun;On;On;Receiver;Off;16.368288;-76.709885;0.0022944445;None;NO
4530;99.988075;0.1356;sun;On;On;Receiver;Off;14.824193;-76.20728;0.0022944445;None;NO
4540;99.988075;0.1359;sun;On;On;Receiver;Off;13.3835535;-75.69555;0.0022944445;None;NO
4550;99.988075;0.1362;sun;On;On;Receiver;Off;12.037251;-75.17562;0.0022944445;None;NO
4560;99.988075;0.1365;sun;On;On;Receiver;Off;10.777002;-74.64834;0.0022944445;None;NO
4570;99.988075;0.1368;sun;On;On;Receiver;Off;9.5953045;-74.11444;0.0022944445;None;NO
4580;99.988075;0.1371;sun;On;On;Receiver;Off;8.485376;-73.57456;0.0022944445;None;NO
4590;99.988075;0.1374;sun;On;On;Receiver;Off;7.4410963;-73.029274;0.0022944445;None;NO
4600;99.988075;0.1377;sun;On;On;Receiver;Off;6.4569383;-72.47909;0.0022944445;None;NO
4610;99.988075;0.138;sun;On;On;Receiver;Off;5.527916;-71.924446;0.0022944445;None;NO
4620;99.988075;0.1383;sun;On;On;Receiver;Off;4.6495275;-71.365746;0.0022944445;None;NO
4630;99.988075;0.1386;sun;On;On;Receiver;Off;3.817706;-70.80335;0.0022944445;None;NO
4640;99.988075;0.1389;sun;On;On;Receiver;Off;3.0287755;-70.23757;0.0022944445;None;NO
4650;99.988075;0.1392;sun;On;On;Receiver;Off;2.2794077;-69.668686;0.0022944445;None;NO
4660;99.988075;0.1395;sun;On;On;Receiver;Off;1.5665877;-69.09696;0.0022944445;None;NO
4670;99.988075;0.1398;sun;On;On;Receiver;Off;0.8875796;-68.522606;0.0022944445;None;NO
4680;99.988075;0.1401;sun;On;On;Receiver;Off;0.23989828;-67.94584;0.0022944445;None;NO
4690;99.988075;0.1404;sun;On;On;Receiver;Off;-0.37871712;-67.366844;0.0022944445;None;NO
4700;99.988075;0.1407;sun;On;On;Receiver;Off;-0.97032636;-66.78579;0.0022944445;None;NO
4710;99.988075;0.141;sun;On;On;Receiver;Off;-1.5368085;-66.20281;0.0022944445;None;NO
4720;99.988075;0.1413;sun;On;On;Receiver;Off;-2.0798805;-65.61807;0.0022944445;None;NO
4730;99.988075;0.1416;sun;On;On;Receiver;Off;-2.601113;-65.03168;0.0022944445;None;NO
4740;99.988075;0.1419;sun;On;On;Receiver;Off;-3.1019456;-64.44375;0.0022944445;None;NO
4750;99.988075;0.1422;sun;On;On;Receiver;Off;-3.583699;-63.85439;0.0022944445;None;NO
4760;99.988075;0.1425;sun;On;On;Receiver;Off;-4.0475864;-63.26369;0.0022944445;None;NO
4770;99.988075;0.1428;sun;On;On;Receiver;Off;-4.494725;-62.671745;0.0022944445;None;NO
4780;99.988075;0.1431;sun;On;On;Receiver;Off;-4.926144;-62.078632;0.0022944445;None;NO
4790;99.988075;0.1434;sun;On;On;Receiver;Off;-5.342792;-61.48442;0.0022944445;None;NO
4800;99.988075;0.1437;sun;On;On;Receiver;Off;-5.7455473;-60.88918;0.0022944445;None;NO
4810;99.988075;0.144;sun;On;On;Receiver;Off;-6.13522;-60.292976;0.0022944445;None;NO
4820;99.988075;0.1443;sun;On;On;Receiver;Off;-6.5125628;-59.69586;0.0022944445;None;NO
4830;99.988075;0.1446;sun;On;On;Receiver;Off;-6.878272;-59.09789;0.0022944445;None;NO
4840;99.988075;0.1449;sun;On;On;Receiver;Off;-7.2329955;-58.49911;0.0022944445;None;NO
4850;99.988075;0.1452;sun;On;On;Receiver;Off;-7.5773344;-57.899574;0.0022944445;None;NO
4860;99.988075;0.1455;sun;On;On;Receiver;Off;-7.9118495;-57.299316;0.0022944445;None;NO
4870;99.988075;0.1458;sun;On;On;Receiver;Off;-8.2370615;-56.69838;0.0022944445;None;NO
4880;99.988075;0.1461;sun;On;On;Receiver;Off;-8.553459;-56.0968;0.0022944445;None;NO
4890;99.988075;0.1464;sun;On;On;Receiver;Off;-8.861494;-55.494614;0.0022944445;None;NO
4900;99.988075;0.1467;sun;On;On;Receiver;Off;-9.161593;-54.891846;0.0022944445;None;NO
4910;99.988075;0.147;sun;On;On;Receiver;Off;-9.454155;-54.288532;0.0022944445;None;NO
4920;99.988075;0.1473;sun;On;On;Receiver;Off;-9.73955;-53.6847;0.0022944445;None;NO
4930;99.988075;0.1476;sun;On;On;Receiver;Off;-10.018127;-53.08037;0.0022944445;None;NO
4940;99.988075;0.1479;sun;On;On;Receiver;Off;-10.290216;-52.475574;0.0022944445;None;NO
4950;99.988075;0.1482;sun;On;On;Receiver;Off;-10.556124;-51.87033;0.0022944445;None;NO
4960;99.988075;0.1485;sun;On;On;Receiver;Off;-10.81614;-51.26466;0.0022944445;None;NO
4970;99.988075;0.1488;sun;On;On;Receiver;Off;-11.070538;-50.65859;0.0022944445;None;NO
4980;99.988075;0.1491;sun;On;On;Receiver;Off;-11.319572;-50.052124;0.0022944445;None;NO
4990;99.988075;0.1494;sun;On;On;Receiver;Off;-11.563486;-49.445293;0.0022944445;None;NO
5000;99.988075;0.1497;sun;On;On;Receiver;Off;-11.802509;-48.83811;0.0022944445;None;NO
5010;99.988075;0.15;sun;On;On;Receiver;Off;-12.036855;-48.230595;0.0022944445;None;NO
5020;99.988075;0.1503;sun;On;On;Receiver;Off;-12.266728;-47.622757;0.0022944445;None;NO
5030;99.988075;0.1506;sun;On;On;Receiver;Off;-12.492323;-47.01461;0.0022944445;None;NO
5040;99.988075;0.1509;sun;On;On;Receiver;Off;-12.7138195;-46.406166;0.0022944445;None;NO
5050;99.988075;0.1512;sun;On;On;Receiver;Off;-12.931393;-45.797447;0.0022944445;None;NO
5060;99.988075;0.1515;sun;On;On;Receiver;Off;-13.145205;-45.188454;0.0022944445;None;NO
5070;99.988075;0.1518;sun;On;On;Receiver;Off;-13.355412;-44.579205;0.0022944445;None;NO
5080;99.988075;0.1521;sun;On;On;Receiver;Off;-13.562162;-43.969707;0.0022944445;None;NO
5090;99.988075;0.1524;sun;On;On;Receiver;Off;-13.765595;-43.359974;0.0022944445;None;NO
5100;99.988075;0.1527;sun;On;On;Receiver;Off;-13.965846;-42.750015;0.0022944445;None;NO
5110;99.988075;0.153;sun;On;On;Receiver;Off;-14.163039;-42.139835;0.0022944445;None;NO
5120;99.988075;0.1533;sun;On;On;Receiver;Off;-14.357298;-41.529446;0.0022944445;None;NO
5130;99.988075;0.1536;sun;On;On;Receiver;Off;-14.548736;-40.918854;0.0022944445;None;NO
5140;99.988075;0.1539;sun;On;On;Receiver;Off;-14.737462;-40.30807;0.0022944445;None;NO
5150;99.988075;0.1542;sun;On;On;Receiver;Off;-14.923583;-39.6971;0.0022944445;None;NO
5160;99.988075;0.1545;sun;On;On;Receiver;Off;-15.107198;-39.085957;0.0022944445;None;NO
5170;99.988075;0.1548;sun;On;On;Receiver;Off;-15.288402;-38.474636;0.0022944445;None;NO
5180;99.988075;0.1551;sun;On;On;Receiver;Off;-15.467286;-37.86315;0.0022944445;None;NO
5190;99.988075;0.1554;sun;On;On;Receiver;Off;-15.643939;-37.251507;0.0022944445;None;NO
5200;99.988075;0.1557;sun;On;On;Receiver;Off;-15.818444;-36.639713;0.0022944445;None;NO
5210;99.988075;0.156;sun;On;On;Receiver;Off;-15.99088;-36.027767;0.0022944445;None;NO
5220;99.988075;0.1563;sun;On;On;Receiver;Off;-16.161324;-35.415684;0.0022944445;None;NO
5230;99.988075;0.1566;sun;On;On;Receiver;Off;-16.32985;-34.803463;0.0022944445;None;NO
5240;99.988075;0.1569;sun;On;On;Receiver;Off;-16.496529;-34.191113;0.0022944445;None;NO
5250;99.988075;0.1572;sun;On;On;Receiver;Off;-16.661427;-33.578632;0.0022944445;None;NO
5260;99.988075;0.1575;sun;On;On;Receiver;Off;-16.824608;-32.96603;0.0022944445;None;NO
5270;99.988075;0.1578;sun;On;On;Receiver;Off;-16.98614;-32.353313;0.0022944445;None;NO
5280;99.988075;0.1581;sun;On;On;Receiver;Off;-17.146076;-31.740484;0.0022944445;None;NO
5290;99.988075;0.1584;sun;On;On;Receiver;Off;-17.30448;-31.127544;0.0022944445;None;NO
5300;99.988075;0.1587;sun;On;On;Receiver;Off;-17.461403;-30.5145;0.0022944445;None;NO
5310;99.988075;0.159;sun;On;On;Receiver;Off;-17.6169;-29.901354;0.0022944445;None;NO
5320;99.988075;0.1593;sun;On;On;Receiver;Off;-17.771025;-29.28811;0.0022944445;None;NO
5330;99.988075;0.1596;sun;On;On;Receiver;Off;-17.923824;-28.674774;0.0022944445;None;NO
5340;99.988075;0.1599;sun;On;On;Receiver;Off;-18.075348;-28.061346;0.0022944445;None;NO
5350;99.988075;0.1602;sun;On;On;Receiver;Off;-18.225643;-27.447832;0.0022944445;None;NO
5360;99.988075;0.1605;sun;On;On;Receiver;Off;-18.374754;-26.834232;0.0022944445;None;NO
5370;99.988075;0.1608;sun;On;On;Receiver;Off;-18.522722;-26.220554;0.0022944445;None;NO
5380;99.988075;0.1611;sun;On;On;Receiver;Off;-18.669592;-25.606796;0.0022944445;None;NO
5390;99.988075;0.1614;sun;On;On;Receiver;Off;-18.815401;-24.992964;0.0022944445;None;NO
5400;99.988075;0.1617;sun;On;On;Receiver;Off;-18.960194;-24.379059;0.0022944445;None;NO
5410;99.988075;0.162;sun;On;On;Receiver;Off;-19.104002;-23.765085;0.0022944445;None;NO
5420;99.988075;0.1623;sun;On;On;Receiver;Off;-19.246868;-23.151043;0.0022944445;None;NO
5430;99.988075;0.1626;sun;On;On;Receiver;Off;-19.388824;-22.536938;0.0022944445;None;NO
5440;99.988075;0.1629;sun;On;On;Receiver;Off;-19.52991;-21.922771;0.0022944445;None;NO
5450;99.988075;0.1632;sun;On;On;Receiver;Off;-19.670153;-21.308544;0.0022944445;None;NO
5460;99.988075;0.1635;sun;On;On;Receiver;Off;-19.80959;-20.69426;0.0022944445;None;NO
5470;99.988075;0.1638;sun;On;On;Receiver;Off;-19.94825;-20.07992;0.0022944445;None;NO
5480;99.988075;0.1641;sun;On;On;Receiver;Off;-20.086168;-19.465528;0.0022944445;None;NO
5490;99.988075;0.1644;sun;On;On;Receiver;Off;-20.223372;-18.851086;0.0022944445;None;NO
5500;99.988075;0.1647;sun;On;On;Receiver;Off;-20.359892;-18.236595;0.0022944445;None;NO
5510;99.988075;0.165;sun;On;On;Receiver;Off;-20.495758;-17.622057;0.0022944445;None;NO
5520;99.988075;0.1653;sun;On;On;Receiver;Off;-20.630997;-17.007475;0.0022944445;None;NO
5530;99.988075;0.1656;sun;On;On;Receiver;Off;-20.765635;-16.39285;0.0022944445;None;NO
5540;99.988075;0.1659;sun;On;On;Receiver;Off;-20.899702;-15.778186;0.0022944445;None;YES
5550;99.97251;0.0702;sun;On;On;Re/Tr;Off;-21.033222;-15.163482;0.0052888887;None;YES
5560;99.97251;0;sun;On;On;Re/Tr;Off;-21.166222;-14.54874;0.0052888887;None;YES
5570;99.97251;0;sun;On;On;Re/Tr;Off;-21.298727;-13.933964;0.0052888887;None;YES
5580;99.97251;0;sun;On;On;Re/Tr;Off;-21.43076;-13.319154;0.0052888887;None;YES
5590;99.97251;0;sun;On;On;Re/Tr;Off;-21.562347;-12.704311;0.0052888887;None;YES
5600;99.97251;0;sun;On;On;Re/Tr;Off;-21.693514;-12.089439;0.0052888887;None;YES
5610;99.97251;0;sun;On;On;Re/Tr;Off;-21.82428;-11.474539;0.0052888887;None;YES
5620;99.97251;0;sun;On;On;Re/Tr;Off;-21.954668;-10.8596115;0.0052888887;PCD4;YES
5630;99.95085;0;sun;On;On;Re/Tr;Auto;-22.084705;-10.244659;0.009455555;PCD4;YES
5640;99.95085;0;sun;On;On;Re/Tr;Auto;-22.21441;-9.629683;0.009455555;PCD4;YES
5650;99.95085;0;sun;On;On;Re/Tr;Auto;-22.343807;-9.014684;0.009455555;PCD4;YES
5660;99.95085;0;sun;On;On;Re/Tr;Auto;-22.472916;-8.399664;0.009455555;PCD4;YES
5670;99.95085;0;sun;On;On;Re/Tr;Auto;-22.601759;-7.7846255;0.009455555;PCD4;YES
5680;99.95085;0;sun;On;On;Re/Tr;Auto;-22.730358;-7.1695695;0.009455555;PCD4;YES
5690;99.95085;0;sun;On;On;Re/Tr;Auto;-22.858732;-6.554497;0.009455555;PCD4;YES
5700;99.95085;0;sun;On;On;Re/Tr;Auto;-22.986902;-5.9394093;0.009455555;PCD4;YES
5710;99.95085;0;sun;On;On;Re/Tr;Auto;-23.114891;-5.3243084;0.009455555;PCD4;YES
5720;99.95085;0;sun;On;On;Re/Tr;Auto;-23.242718;-4.7091956;0.009455555;PCD4;YES
5730;99.95085;0;sun;On;On;Re/Tr;Auto;-23.370403;-4.094072;0.009455555;PCD4;YES
5740;99.95085;0;sun;On;On;Re/Tr;Auto;-23.497967;-3.4789395;0.009455555;PCD4;YES
5750;99.95085;0;sun;On;On;Re/Tr;Auto;-23.625427;-2.863799;0.009455555;PCD4;YES
5760;99.95085;0;sun;On;On;Re/Tr;Auto;-23.752806;-2.2486525;0.009455555;PCD4;YES
5770;99.95085;0;sun;On;On;Re/Tr;Auto;-23.880123;-1.6335008;0.009455555;PCD4;YES
5780;99.95085;0;sun;On;On;Re/Tr;Auto;-24.007399;-1.0183455;0.009455555;PCD4;YES
5790;99.95085;0;sun;On;On;Re/Tr;Auto;-24.134651;-0.40318784;0.009455555;PCD4;YES
5800;99.95085;0;sun;On;On;Re/Tr;Auto;-24.2619;0.21197066;0.009455555;PCD4;YES
5810;99.95085;0;sun;On;On;Re/Tr;Auto;-24.389166;0.8271287;0.009455555;PCD4;YES
5820;99.95085;0;sun;On;On;Re/Tr;Auto;-24.516468;1.4422848;0.009455555;PCD4;YES
5830;99.95085;0;sun;On;On;Re/Tr;Auto;-24.643827;2.057438;0.009455555;PCD4;YES
5840;99.95085;0;sun;On;On;Re/Tr;Auto;-24.771263;2.6725862;0.009455555;PCD4;YES
5850;99.95085;0;sun;On;On;Re/Tr;Auto;-24.898794;3.2877288;0.009455555;PCD4;YES
5860;99.95085;0;sun;On;On;Re/Tr;Auto;-25.026442;3.9028637;0.009455555;PCD4;YES
5870;99.95085;0;sun;On;On;Re/Tr;Auto;-25.154224;4.51799;0.009455555;PCD4;YES
5880;99.95085;0;sun;On;On;Re/Tr;Auto;-25.282164;5.1331067;0.009455555;PCD4;YES
5890;99.95085;0;sun;On;On;Re/Tr;Auto;-25.41028;5.7482114;0.009455555;PCD4;YES
5900;99.95085;0;sun;On;On;Re/Tr;Auto;-25.538593;6.363303;0.009455555;PCD4;YES
5910;99.95085;0;sun;On;On;Re/Tr;Auto;-25.667124;6.97838;0.009455555;PCD4;YES
5920;99.95085;0;sun;On;On;Re/Tr;Auto;-25.795893;7.593442;0.009455555;PCD4;YES
5930;99.95085;0;sun;On;On;Re/Tr;Auto;-25.924921;8.208487;0.009455555;PCD4;YES
5940;99.95085;0;sun;On;On;Re/Tr;Auto;-26.054232;8.823512;0.009455555;PCD4;YES
5950;99.95085;0;sun;On;On;Re/Tr;Auto;-26.183846;9.438518;0.009455555;PCD4;YES
5960;99.95085;0;sun;On;On;Re/Tr;Auto;-26.313784;10.053501;0.009455555;None;YES
5970;99.97251;3.0E-4;sun;On;On;Re/Tr;Off;-26.444067;10.668461;0.0052888887;None;NO
5980;99.988075;6.0E-4;sun;On;On;Receiver;Off;-26.574722;11.283397;0.0022944445;None;NO
5990;99.988075;9.0E-4;sun;On;On;Receiver;Off;-26.705769;11.898306;0.0022944445;None;NO
6000;99.988075;0.0012;sun;On;On;Receiver;Off;-26.83723;12.513186;0.0022944445;None;NO
6010;99.988075;0.0015;sun;On;On;Receiver;Off;-26.969131;13.128038;0.0022944445;None;NO
6020;99.988075;0.0018;sun;On;On;Receiver;Off;-27.101496;13.742858;0.0022944445;None;NO
6030;99.988075;0.0021;sun;On;On;Receiver;Off;-27.234348;14.357645;0.0022944445;None;NO
6040;99.988075;0.0024;sun;On;On;Receiver;Off;-27.367714;14.972398;0.0022944445;None;NO
6050;99.988075;0.0027;sun;On;On;Receiver;Off;-27.50162;15.587113;0.0022944445;None;NO
6060;99.988075;0.003;sun;On;On;Receiver;Off;-27.63609;16.201792;0.0022944445;None;NO
6070;99.988075;0.0033;sun;On;On;Receiver;Off;-27.771149;16.81643;0.0022944445;None;NO
6080;99.988075;0.0036;sun;On;On;Receiver;Off;-27.90683;17.431025;0.0022944445;None;NO
6090;99.988075;0.0039;sun;On;On;Receiver;Off;-28.043156;18.045576;0.0022944445;None;NO
6100;99.988075;0.0042;sun;On;On;Receiver;Off;-28.180157;18.660082;0.0022944445;None;NO
6110;99.988075;0.0045;sun;On;On;Receiver;Off;-28.317863;19.27454;0.0022944445;None;NO
6120;99.988075;0.0048;sun;On;On;Receiver;Off;-28.456306;19.888947;0.0022944445;None;NO
6130;99.988075;0.0051;sun;On;On;Receiver;Off;-28.595512;20.503304;0.0022944445;None;NO
6140;99.988075;0.0054;sun;On;On;Receiver;Off;-28.735518;21.117605;0.0022944445;None;NO
6150;99.988075;0.0057;sun;On;On;Receiver;Off;-28.876352;21.73185;0.0022944445;None;NO
6160;99.988075;0.006;sun;On;On;Receiver;Off;-29.018051;22.346035;0.0022944445;None;NO
6170;99.988075;0.0063;sun;On;On;Receiver;Off;-29.160648;22.960161;0.0022944445;None;NO
6180;99.988075;0.0066;sun;On;On;Receiver;Off;-29.30418;23.574223;0.0022944445;None;NO
6190;99.988075;0.0069;sun;On;On;Receiver;Off;-29.44868;24.188217;0.0022944445;None;NO
6200;99.988075;0.0072;sun;On;On;Receiver;Off;-29.59419;24.802143;0.0022944445;None;NO
6210;99.988075;0.0075;sun;On;On;Receiver;Off;-29.740746;25.415998;0.0022944445;None;NO
6220;99.988075;0.0078;sun;On;On;Receiver;Off;-29.88839;26.02978;0.0022944445;None;NO
6230;99.988075;0.0081;sun;On;On;Receiver;Off;-30.037163;26.643484;0.0022944445;None;NO
6240;99.988075;0.0084;sun;On;On;Receiver;Off;-30.187107;27.257109;0.0022944445;None;NO
6250;99.988075;0.0087;sun;On;On;Receiver;Off;-30.338268;27.87065;0.0022944445;None;NO
6260;99.988075;0.009;sun;On;On;Receiver;Off;-30.490692;28.484104;0.0022944445;None;NO
6270;99.988075;0.0093;sun;On;On;Receiver;Off;-30.644424;29.09747;0.0022944445;None;NO
6280;99.988075;0.0096;sun;On;On;Receiver;Off;-30.799517;29.710743;0.0022944445;None;NO
6290;99.988075;0.0099;sun;On;On;Receiver;Off;-30.95602;30.32392;0.0022944445;None;NO
6300;99.988075;0.0102;sun;On;On;Receiver;Off;-31.113985;30.936995;0.0022944445;None;NO
6310;99.988075;0.0105;sun;On;On;Receiver;Off;-31.27347;31.549967;0.0022944445;None;NO
6320;99.988075;0.0108;sun;On;On;Receiver;Off;-31.43453;32.162834;0.0022944445;None;NO
6330;99.988075;0.0111;sun;On;On;Receiver;Off;-31.597223;32.775585;0.0022944445;None;NO
6340;99.988075;0.0114;sun;On;On;Receiver;Off;-31.761616;33.38822;0.0022944445;None;NO
6350;99.988075;0.0117;sun;On;On;Receiver;Off;-31.927767;34.00074;0.0022944445;None;NO
6360;99.988075;0.012;sun;On;On;Receiver;Off;-32.09575;34.613132;0.0022944445;None;NO
6370;99.988075;0.0123;sun;On;On;Receiver;Off;-32.265625;35.225395;0.0022944445;None;NO
6380;99.988075;0.0126;sun;On;On;Receiver;Off;-32.437473;35.83752;0.0022944445;None;NO
6390;99.988075;0.0129;sun;On;On;Receiver;Off;-32.611366;36.44951;0.0022944445;None;NO
6400;99.988075;0.0132;sun;On;On;Receiver;Off;-32.787384;37.06135;0.0022944445;None;NO
6410;99.988075;0.0135;sun;On;On;Receiver;Off;-32.96561;37.673042;0.0022944445;None;NO
6420;99.988075;0.0138;sun;On;On;Receiver;Off;-33.14613;38.284576;0.0022944445;None;NO
6430;99.988075;0.0141;sun;On;On;Receiver;Off;-33.32903;38.89595;0.0022944445;None;NO
6440;99.988075;0.0144;sun;On;On;Receiver;Off;-33.514412;39.507153;0.0022944445;None;NO
6450;99.988075;0.0147;sun;On;On;Receiver;Off;-33.702366;40.118176;0.0022944445;None;NO
6460;99.988075;0.015;sun;On;On;Receiver;Off;-33.893;40.72902;0.0022944445;None;NO
6470;99.988075;0.0153;sun;On;On;Receiver;Off;-34.086426;41.33967;0.0022944445;None;NO
6480;99.988075;0.0156;sun;On;On;Receiver;Off;-34.282753;41.950123;0.0022944445;None;NO
6490;99.988075;0.0159;sun;On;On;Receiver;Off;-34.482098;42.560368;0.0022944445;None;NO
6500;99.988075;0.0162;sun;On;On;Receiver;Off;-34.68459;43.1704;0.0022944445;None;NO
6510;99.988075;0.0165;sun;On;On;Receiver;Off;-34.890358;43.7802;0.0022944445;None;NO
6520;99.988075;0.0168;sun;On;On;Receiver;Off;-35.099545;44.389774;0.0022944445;None;NO
6530;99.988075;0.0171;sun;On;On;Receiver;Off;-35.31229;44.9991;0.0022944445;None;NO
6540;99.988075;0.0174;sun;On;On;Receiver;Off;-35.52875;45.608173;0.0022944445;None;NO
6550;99.988075;0.0177;sun;On;On;Receiver;Off;-35.749084;46.21698;0.0022944445;None;NO
6560;99.988075;0.018;sun;On;On;Receiver;Off;-35.973465;46.825512;0.0022944445;None;NO
6570;99.988075;0.0183;sun;On;On;Receiver;Off;-36.202072;47.43375;0.0022944445;None;NO
6580;99.988075;0.0186;sun;On;On;Receiver;Off;-36.435093;48.041687;0.0022944445;None;NO
6590;99.988075;0.0189;sun;On;On;Receiver;Off;-36.672733;48.649307;0.0022944445;None;NO
6600;99.988075;0.0192;sun;On;On;Receiver;Off;-36.915195;49.256596;0.0022944445;None;NO
6610;99.988075;0.0195;sun;On;On;Receiver;Off;-37.162716;49.863537;0.0022944445;None;NO
6620;99.988075;0.0198;sun;On;On;Receiver;Off;-37.415524;50.47011;0.0022944445;None;NO
6630;99.988075;0.0201;sun;On;On;Receiver;Off;-37.673874;51.07631;0.0022944445;None;NO
6640;99.988075;0.0204;sun;On;On;Receiver;Off;-37.938034;51.68211;0.0022944445;None;NO
6650;99.988075;0.0207;sun;On;On;Receiver;Off;-38.20829;52.287487;0.0022944445;None;NO
6660;99.988075;0.021;sun;On;On;Receiver;Off;-38.484943;52.892426;0.0022944445;None;NO
6670;99.988075;0.0213;sun;On;On;Receiver;Off;-38.768314;53.496902;0.0022944445;None;NO
6680;99.988075;0.0216;sun;On;On;Receiver;Off;-39.05875;54.10089;0.0022944445;None;NO
6690;99.988075;0.0219;sun;On;On;Receiver;Off;-39.356613;54.70437;0.0022944445;None;NO
6700;99.988075;0.0222;sun;On;On;Receiver;Off;-39.662292;55.30731;0.0022944445;None;NO
6710;99.988075;0.0225;sun;On;On;Receiver;Off;-39.976204;55.90968;0.0022944445;None;NO
6720;99.988075;0.0228;sun;On;On;Receiver;Off;-40.298798;56.51145;0.0022944445;None;NO
6730;99.988075;0.0231;sun;On;On;Receiver;Off;-40.63055;57.11259;0.0022944445;None;NO
6740;99.988075;0.0234;sun;On;On;Receiver;Off;-40.971966;57.713066;0.0022944445;None;NO
6750;99.988075;0.0237;sun;On;On;Receiver;Off;-41.323605;58.31283;0.0022944445;None;NO
6760;99.988075;0.024;sun;On;On;Receiver;Off;-41.686047;58.91185;0.0022944445;None;NO
6770;99.988075;0.0243;sun;On;On;Receiver;Off;-42.059925;59.510075;0.0022944445;None;NO
6780;99.988075;0.0246;sun;On;On;Receiver;Off;-42.44593;60.10746;0.0022944445;None;NO
6790;99.988075;0.0249;sun;On;On;Receiver;Off;-42.84479;60.703957;0.0022944445;None;NO
6800;99.988075;0.0252;sun;On;On;Receiver;Off;-43.2573;61.299503;0.0022944445;None;NO
6810;99.988075;0.0255;sun;On;On;Receiver;Off;-43.68432;61.89404;0.0022944445;None;NO
6820;99.988075;0.0258;sun;On;On;Receiver;Off;-44.12677;62.487503;0.0022944445;None;NO
6830;99.988075;0.0261;sun;On;On;Receiver;Off;-44.585663;63.07982;0.0022944445;None;NO
6840;99.988075;0.0264;sun;On;On;Receiver;Off;-45.062088;63.670914;0.0022944445;None;NO
6850;99.988075;0.0267;sun;On;On;Receiver;Off;-45.557228;64.2607;0.0022944445;None;NO
6860;99.988075;0.027;sun;On;On;Receiver;Off;-46.07237;64.84908;0.0022944445;None;NO
6870;99.988075;0.0273;sun;On;On;Receiver;Off;-46.608917;65.43597;0.0022944445;None;NO
6880;99.988075;0.0276;sun;On;On;Receiver;Off;-47.168404;66.02123;0.0022944445;None;NO
6890;99.988075;0.0279;sun;On;On;Receiver;Off;-47.752502;66.604774;0.0022944445;None;NO
6900;99.988075;0.0282;sun;On;On;Receiver;Off;-48.36304;67.18644;0.0022944445;None;NO
6910;99.988075;0.0285;sun;On;On;Receiver;Off;-49.00202;67.7661;0.0022944445;None;NO
6920;99.988075;0.0288;sun;On;On;Receiver;Off;-49.671654;68.343575;0.0022944445;None;NO
6930;99.988075;0.0291;sun;On;On;Receiver;Off;-50.374344;68.91869;0.0022944445;None;NO
6940;99.988075;0.0294;sun;On;On;Receiver;Off;-51.11276;69.491264;0.0022944445;None;NO
6950;99.988075;0.0297;sun;On;On;Receiver;Off;-51.889824;70.06106;0.0022944445;None;NO
6960;99.988075;0.03;sun;On;On;Receiver;Off;-52.70878;70.62783;0.0022944445;None;NO
6970;99.988075;0.0303;sun;On;On;Receiver;Off;-53.57319;71.191315;0.0022944445;None;NO
6980;99.988075;0.0306;sun;On;On;Receiver;Off;-54.487007;71.7512;0.0022944445;None;NO
6990;99.988075;0.0309;sun;On;On;Receiver;Off;-55.454597;72.30714;0.0022944445;None;NO
7000;99.988075;0.0312;sun;On;On;Receiver;Off;-56.480804;72.85876;0.0022944445;None;NO
7010;99.988075;0.0315;sun;On;On;Receiver;Off;-57.570988;73.40562;0.0022944445;None;NO
7020;99.988075;0.0318;sun;On;On;Receiver;Off;-58.73109;73.947235;0.0022944445;None;NO
7030;99.988075;0.0321;sun;On;On;Receiver;Off;-59.9677;74.48306;0.0022944445;None;NO
7040;99.988075;0.0324;sun;On;On;Receiver;Off;-61.288094;75.012474;0.0022944445;None;NO
7050;99.988075;0.0327;sun;On;On;Receiver;Off;-62.700325;75.53477;0.0022944445;None;NO
7060;99.988075;0.033;sun;On;On;Receiver;Off;-64.213264;76.04915;0.0022944445;None;NO
7070;99.988075;0.0333;sun;On;On;Receiver;Off;-65.836655;76.554695;0.0022944445;None;NO
7080;99.988075;0.0336;sun;On;On;Receiver;Off;-67.58113;77.050385;0.0022944445;None;NO
7090;99.988075;0.0339;sun;On;On;Receiver;Off;-69.45822;77.53504;0.0022944445;None;NO
7100;99.988075;0.0342;sun;On;On;Receiver;Off;-71.48028;78.00732;0.0022944445;None;NO
7110;99.988075;0.0345;sun;On;On;Receiver;Off;-73.660385;78.46569;0.0022944445;None;NO
7120;99.988075;0.0348;sun;On;On;Receiver;Off;-76.01209;78.908455;0.0022944445;None;NO
7130;99.988075;0.0351;sun;On;On;Receiver;Off;-78.54906;79.33365;0.0022944445;None;NO
7140;99.988075;0.0354;sun;On;On;Receiver;Off;-81.28448;79.73909;0.0022944445;None;NO
7150;99.988075;0.0357;sun;On;On;Receiver;Off;-84.23031;80.122345;0.0022944445;None;NO
7160;99.988075;0.036;sun;On;On;Receiver;Off;-87.39623;80.48074;0.0022944445;None;NO
7170;99.988075;0.0363;sun;On;On;Receiver;Off;-90.78831;80.81137;0.0022944445;None;NO
7180;99.988075;0.0366;sun;On;On;Receiver;Off;-94.40745;81.11112;0.0022944445;None;NO
7190;99.988075;0.0369;sun;On;On;Receiver;Off;-98.24776;81.37678;0.0022944445;None;NO
7200;99.988075;0.0372;sun;On;On;Receiver;Off;-102.29498;81.60511;0.0022944445;None;NO
7210;99.988075;0.0375;sun;On;On;Receiver;Off;-106.52537;81.79299;0.0022944445;None;NO
7220;99.988075;0.0378;sun;On;On;Receiver;Off;-110.90534;81.9376;0.0022944445;None;NO
7230;99.988075;0.0381;sun;On;On;Receiver;Off;-115.3922;82.036575;0.0022944445;None;NO
7240;99.988075;0.0384;sun;On;On;Receiver;Off;-119.936134;82.0882;0.0022944445;None;NO
7250;99.97615;0.0387;ecl;On;On;Receiver;Off;-124.48333;82.09156;0.0022944445;None;NO
7260;99.964226;0.039;ecl;On;On;Receiver;Off;-128.97972;82.046585;0.0022944445;None;NO
7270;99.9523;0.0393;ecl;On;On;Receiver;Off;-133.37485;81.95409;0.0022944445;None;NO
7280;99.94038;0.0396;ecl;On;On;Receiver;Off;-137.62503;81.815674;0.0022944445;None;NO
7290;99.928444;0.0399;ecl;On;On;Receiver;Off;-141.69553;81.63362;0.0022944445;None;NO
7300;99.91652;0.0402;ecl;On;On;Receiver;Off;-145.56143;81.41072;0.0022944445;None;NO
7310;99.904594;0.0405;ecl;On;On;Receiver;Off;-149.20741;81.15004;0.0022944445;None;NO
7320;99.89267;0.0408;ecl;On;On;Receiver;Off;-152.62663;80.85481;0.0022944445;None;NO
7330;99.880745;0.0411;ecl;On;On;Receiver;Off;-155.81929;80.52828;0.0022944445;None;NO
7340;99.86882;0.0414;ecl;On;On;Receiver;Off;-158.79092;80.17355;0.0022944445;None;NO
7350;99.856895;0.0417;ecl;On;On;Receiver;Off;-161.55084;79.79357;0.0022944445;None;NO
7360;99.84497;0.042;ecl;On;On;Receiver;Off;-164.1108;79.39105;0.0022944445;None;NO
7370;99.833046;0.0423;ecl;On;On;Receiver;Off;-166.48387;78.96846;0.0022944445;None;NO
7380;99.82112;0.0426;ecl;On;On;Receiver;Off;-168.68373;78.528015;0.0022944445;None;NO
7390;99.8092;0.0429;ecl;On;On;Receiver;Off;-170.72394;78.07169;0.0022944445;None;NO
7400;99.79727;0.0432;ecl;On;On;Receiver;Off;-172.61765;77.60124;0.0022944445;None;NO
7410;99.78534;0.0435;ecl;On;On;Receiver;Off;-174.37732;77.118225;0.0022944445;None;NO
7420;99.773415;0.0438;ecl;On;On;Receiver;Off;-176.01457;76.62399;0.0022944445;None;NO
7430;99.76149;0.0441;ecl;On;On;Receiver;Off;-177.54015;76.11974;0.0022944445;None;NO
7440;99.749565;0.0444;ecl;On;On;Receiver;Off;-178.96391;75.60653;0.0022944445;None;NO
7450;99.73764;0.0447;ecl;On;On;Receiver;Off;179.70518;75.08528;0.0022944445;None;NO
7460;99.725716;0.045;ecl;On;On;Receiver;Off;178.45898;74.55681;0.0022944445;None;NO
7470;99.71379;0.0453;ecl;On;On;Receiver;Off;177.29012;74.021835;0.0022944445;None;NO
7480;99.701866;0.0456;ecl;On;On;Receiver;Off;176.19191;73.48098;0.0022944445;None;NO
7490;99.68994;0.0459;ecl;On;On;Receiver;Off;175.15837;72.934814;0.0022944445;None;NO
7500;99.67802;0.0462;ecl;On;On;Receiver;Off;174.18405;72.383835;0.0022944445;None;NO
7510;99.66609;0.0465;ecl;On;On;Receiver;Off;173.26407;71.82847;0.0022944445;None;NO
7520;99.65417;0.0468;ecl;On;On;Receiver;Off;172.39398;71.26911;0.0022944445;None;NO
7530;99.642235;0.0471;ecl;On;On;Receiver;Off;171.5698;70.70611;0.0022944445;None;NO
7540;99.63031;0.0474;ecl;On;On;Receiver;Off;170.7879;70.13977;0.0022944445;None;NO
7550;99.618385;0.0477;ecl;On;On;Receiver;Off;170.04504;69.57038;0.0022944445;None;NO
7560;99.60646;0.048;ecl;On;On;Receiver;Off;169.33824;68.998184;0.0022944445;None;NO
7570;99.594536;0.0483;ecl;On;On;Receiver;Off;168.6648;68.4234;0.0022944445;None;NO
7580;99.58261;0.0486;ecl;On;On;Receiver;Off;168.02228;67.84624;0.0022944445;None;NO
7590;99.57069;0.0489;ecl;On;On;Receiver;Off;167.40846;67.26688;0.0022944445;None;NO
7600;99.55876;0.0492;ecl;On;On;Receiver;Off;166.8213;66.68548;0.0022944445;None;NO
7610;99.54684;0.0495;ecl;On;On;Receiver;Off;166.25897;66.102196;0.0022944445;None;NO
7620;99.53491;0.0498;ecl;On;On;Receiver;Off;165.71977;65.51716;0.0022944445;None;NO
7630;99.52299;0.0501;ecl;On;On;Receiver;Off;165.20216;64.93049;0.0022944445;None;NO
7640;99.51106;0.0504;ecl;On;On;Receiver;Off;164.7047;64.34231;0.0022944445;None;NO
7650;99.49913;0.0507;ecl;On;On;Receiver;Off;164.2261;63.75271;0.0022944445;None;NO
7660;99.487206;0.051;ecl;On;On;Receiver;Off;163.76518;63.161793;0.0022944445;None;NO
7670;99.47528;0.0513;ecl;On;On;Receiver;Off;163.32083;62.56964;0.0022944445;None;NO
7680;99.463356;0.0516;ecl;On;On;Receiver;Off;162.89201;61.97633;0.0022944445;None;NO
7690;99.45143;0.0519;ecl;On;On;Receiver;Off;162.47783;61.38194;0.0022944445;None;NO
7700;99.43951;0.0522;ecl;On;On;Receiver;Off;162.07738;60.78653;0.0022944445;None;NO
7710;99.42758;0.0525;ecl;On;On;Receiver;Off;161.68988;60.190163;0.0022944445;None;NO
7720;99.41566;0.0528;ecl;On;On;Receiver;Off;161.31459;59.592896;0.0022944445;None;NO
7730;99.40373;0.0531;ecl;On;On;Receiver;Off;160.95082;58.99478;0.0022944445;None;NO
7740;99.39181;0.0534;ecl;On;On;Receiver;Off;160.59793;58.39587;0.0022944445;None;NO
7750;99.37988;0.0537;ecl;On;On;Receiver;Off;160.25533;57.796207;0.0022944445;None;NO
7760;99.36796;0.054;ecl;On;On;Receiver;Off;159.92244;57.19583;0.0022944445;None;NO
7770;99.356026;0.0543;ecl;On;On;Receiver;Off;159.59879;56.59478;0.0022944445;None;NO
7780;99.3441;0.0546;ecl;On;On;Receiver;Off;159.28386;55.99309;0.0022944445;None;NO
7790;99.33218;0.0549;ecl;On;On;Receiver;Off;158.97722;55.390804;0.0022944445;None;NO
7800;99.32025;0.0552;ecl;On;On;Receiver;Off;158.67845;54.78794;0.0022944445;None;NO
7810;99.30833;0.0555;ecl;On;On;Receiver;Off;158.38715;54.184536;0.0022944445;None;NO
7820;99.2964;0.0558;ecl;On;On;Receiver;Off;158.10295;53.580616;0.0022944445;None;NO
7830;99.28448;0.0561;ecl;On;On;Receiver;Off;157.82552;52.976204;0.0022944445;None;NO
7840;99.27255;0.0564;ecl;On;On;Receiver;Off;157.55452;52.37133;0.0022944445;None;NO
7850;99.26063;0.0567;ecl;On;On;Receiver;Off;157.28964;51.76601;0.0022944445;None;NO
7860;99.2487;0.057;ecl;On;On;Receiver;Off;157.03061;51.16027;0.0022944445;None;NO
7870;99.23678;0.0573;ecl;On;On;Receiver;Off;156.77716;50.554127;0.0022944445;None;NO
7880;99.22485;0.0576;ecl;On;On;Receiver;Off;156.52902;49.9476;0.0022944445;None;NO
7890;99.21292;0.0579;ecl;On;On;Receiver;Off;156.28596;49.34071;0.0022944445;None;NO
7900;99.201;0.0582;ecl;On;On;Receiver;Off;156.04776;48.733467;0.0022944445;None;NO
7910;99.18907;0.0585;ecl;On;On;Receiver;Off;155.8142;48.125893;0.0022944445;None;NO
7920;99.17715;0.0588;ecl;On;On;Receiver;Off;155.58508;47.517998;0.0022944445;None;NO
7930;99.16522;0.0591;ecl;On;On;Receiver;Off;155.3602;46.9098;0.0022944445;None;NO
7940;99.1533;0.0594;ecl;On;On;Receiver;Off;155.13939;46.30131;0.0022944445;None;NO
7950;99.14137;0.0597;ecl;On;On;Receiver;Off;154.92249;45.692543;0.0022944445;None;NO
7960;99.12945;0.06;ecl;On;On;Receiver;Off;154.7093;45.083504;0.0022944445;None;NO
7970;99.11752;0.0603;ecl;On;On;Receiver;Off;154.4997;44.474213;0.0022944445;None;NO
7980;99.1056;0.0606;ecl;On;On;Receiver;Off;154.29353;43.864674;0.0022944445;None;NO
7990;99.09367;0.0609;ecl;On;On;Receiver;Off;154.09065;43.2549;0.0022944445;None;NO
8000;99.08175;0.0612;ecl;On;On;Receiver;Off;153.89095;42.6449;0.0022944445;None;NO
8010;99.06982;0.0615;ecl;On;On;Receiver;Off;153.69426;42.034687;0.0022944445;None;NO
8020;99.05789;0.0618;ecl;On;On;Receiver;Off;153.5005;41.424263;0.0022944445;None;NO
8030;99.04597;0.0621;ecl;On;On;Receiver;Off;153.30954;40.813637;0.0022944445;None;NO
8040;99.03404;0.0624;ecl;On;On;Receiver;Off;153.12126;40.20282;0.0022944445;None;NO
8050;99.02212;0.0627;ecl;On;On;Receiver;Off;152.93558;39.59182;0.0022944445;None;NO
8060;99.01019;0.063;ecl;On;On;Receiver;Off;152.7524;38.980644;0.0022944445;None;NO
8070;98.99827;0.0633;ecl;On;On;Receiver;Off;152.5716;38.369297;0.0022944445;None;NO
8080;98.98634;0.0636;ecl;On;On;Receiver;Off;152.3931;37.757782;0.0022944445;None;NO
8090;98.97442;0.0639;ecl;On;On;Receiver;Off;152.21681;37.146114;0.0022944445;None;NO
8100;98.962494;0.0642;ecl;On;On;Receiver;Off;152.04268;36.53429;0.0022944445;None;NO
8110;98.95057;0.0645;ecl;On;On;Receiver;Off;151.87059;35.922325;0.0022944445;None;NO
8120;98.93864;0.0648;ecl;On;On;Receiver;Off;151.70049;35.310215;0.0022944445;None;NO
8130;98.92671;0.0651;ecl;On;On;Receiver;Off;151.53227;34.69797;0.0022944445;None;NO
8140;98.91479;0.0654;ecl;On;On;Receiver;Off;151.3659;34.085598;0.0022944445;None;NO
8150;98.90286;0.0657;ecl;On;On;Receiver;Off;151.20131;33.473095;0.0022944445;None;NO
8160;98.89094;0.066;ecl;On;On;Receiver;Off;151.03842;32.860474;0.0022944445;None;NO
8170;98.87901;0.0663;ecl;On;On;Receiver;Off;150.87717;32.247738;0.0022944445;None;NO
8180;98.86709;0.0666;ecl;On;On;Receiver;Off;150.7175;31.634888;0.0022944445;None;NO
8190;98.85516;0.0669;ecl;On;On;Receiver;Off;150.55936;31.02193;0.0022944445;None;NO
8200;98.84324;0.0672;ecl;On;On;Receiver;Off;150.40268;30.408869;0.0022944445;None;NO
8210;98.831314;0.0675;ecl;On;On;Receiver;Off;150.24742;29.795706;0.0022944445;None;NO
8220;98.81939;0.0678;ecl;On;On;Receiver;Off;150.09354;29.182446;0.0022944445;None;NO
8230;98.807465;0.0681;ecl;On;On;Receiver;Off;149.94095;28.569094;0.0022944445;None;NO
8240;98.79553;0.0684;ecl;On;On;Receiver;Off;149.78964;27.95565;0.0022944445;None;NO
8250;98.78361;0.0687;ecl;On;On;Receiver;Off;149.63956;27.342121;0.0022944445;None;NO
8260;98.77168;0.069;ecl;On;On;Receiver;Off;149.49065;26.728508;0.0022944445;None;NO
8270;98.75976;0.0693;ecl;On;On;Receiver;Off;149.34286;26.114815;0.0022944445;None;NO
8280;98.74783;0.0696;ecl;On;On;Receiver;Off;149.19618;25.501045;0.0022944445;None;NO
8290;98.73591;0.0699;ecl;On;On;Receiver;Off;149.05055;24.8872;0.0022944445;None;NO
8300;98.72398;0.0702;ecl;On;On;Receiver;Off;148.90593;24.273283;0.0022944445;None;NO
8310;98.71206;0.0705;ecl;On;On;Receiver;Off;148.7623;23.659296;0.0022944445;None;NO
8320;98.700134;0.0708;ecl;On;On;Receiver;Off;148.61958;23.045244;0.0022944445;None;NO
8330;98.68821;0.0711;ecl;On;On;Receiver;Off;148.47778;22.431128;0.0022944445;None;NO
8340;98.676285;0.0714;ecl;On;On;Receiver;Off;148.33684;21.81695;0.0022944445;None;NO
8350;98.66436;0.0717;ecl;On;On;Receiver;Off;148.19675;21.202713;0.0022944445;None;NO
8360;98.65243;0.072;ecl;On;On;Receiver;Off;148.05743;20.588419;0.0022944445;None;NO
8370;98.6405;0.0723;ecl;On;On;Receiver;Off;147.91891;19.974072;0.0022944445;None;NO
8380;98.62858;0.0726;ecl;On;On;Receiver;Off;147.78111;19.35967;0.0022944445;None;NO
8390;98.61665;0.0729;ecl;On;On;Receiver;Off;147.64403;18.74522;0.0022944445;None;NO
8400;98.60473;0.0732;ecl;On;On;Receiver;Off;147.50763;18.13072;0.0022944445;None;NO
8410;98.592804;0.0735;ecl;On;On;Receiver;Off;147.37187;17.516174;0.0022944445;None;NO
8420;98.58088;0.0738;ecl;On;On;Receiver;Off;147.23674;16.901585;0.0022944445;None;NO
8430;98.568954;0.0741;ecl;On;On;Receiver;Off;147.1022;16.286953;0.0022944445;None;NO
8440;98.55703;0.0744;ecl;On;On;Receiver;Off;146.96823;15.672281;0.0022944445;None;NO
8450;98.545105;0.0747;ecl;On;On;Receiver;Off;146.83481;15.05757;0.0022944445;None;NO
8460;98.53318;0.075;ecl;On;On;Receiver;Off;146.70189;14.442823;0.0022944445;None;NO
8470;98.521255;0.0753;ecl;On;On;Receiver;Off;146.56947;13.828041;0.0022944445;None;NO
8480;98.50932;0.0756;ecl;On;On;Receiver;Off;146.43752;13.213225;0.0022944445;None;NO
8490;98.4974;0.0759;ecl;On;On;Receiver;Off;146.306;12.598378;0.0022944445;None;NO
8500;98.48547;0.0762;ecl;On;On;Receiver;Off;146.17491;11.9835005;0.0022944445;None;NO
8510;98.47355;0.0765;ecl;On;On;Receiver;Off;146.0442;11.368595;0.0022944445;None;NO
8520;98.461624;0.0768;ecl;On;On;Receiver;Off;145.91388;10.753664;0.0022944445;None;NO
8530;98.4497;0.0771;ecl;On;On;Receiver;Off;145.7839;10.138707;0.0022944445;None;NO
8540;98.437775;0.0774;ecl;On;On;Receiver;Off;145.65425;9.523726;0.0022944445;None;NO
8550;98.42585;0.0777;ecl;On;On;Receiver;Off;145.5249;8.908724;0.0022944445;None;NO
8560;98.413925;0.078;ecl;On;On;Receiver;Off;145.39584;8.293701;0.0022944445;None;NO
8570;98.402;0.0783;ecl;On;On;Receiver;Off;145.26704;7.678659;0.0022944445;None;NO
8580;98.390076;0.0786;ecl;On;On;Receiver;Off;145.13849;7.0636;0.0022944445;None;NO
8590;98.37815;0.0789;ecl;On;On;Receiver;Off;145.01015;6.4485245;0.0022944445;None;NO
8600;98.36622;0.0792;ecl;On;On;Receiver;Off;144.882;5.8334346;0.0022944445;None;NO
8610;98.354294;0.0795;ecl;On;On;Receiver;Off;144.75404;5.218332;0.0022944445;None;NO
8620;98.34237;0.0798;ecl;On;On;Receiver;Off;144.62625;4.603217;0.0022944445;None;NO
8630;98.330444;0.0801;ecl;On;On;Receiver;Off;144.49858;3.988092;0.0022944445;None;NO
8640;98.31852;0.0804;ecl;On;On;Receiver;Off;144.37105;3.372958;0.0022944445;None;NO
8650;98.306595;0.0807;ecl;On;On;Receiver;Off;144.24359;2.7578163;0.0022944445;None;NO
8660;98.29467;0.081;ecl;On;On;Receiver;Off;144.11623;2.1426687;0.0022944445;None;NO
8670;98.282745;0.0813;ecl;On;On;Receiver;Off;143.98892;1.5275162;0.0022944445;None;NO
8680;98.27082;0.0816;ecl;On;On;Receiver;Off;143.86165;0.9123604;0.0022944445;None;NO
8690;98.258896;0.0819;ecl;On;On;Receiver;Off;143.7344;0.29720256;0.0022944445;None;NO
8700;98.24697;0.0822;ecl;On;On;Receiver;Off;143.60715;-0.31795597;0.0022944445;None;NO
8710;98.23505;0.0825;ecl;On;On;Receiver;Off;143.47987;-0.93311375;0.0022944445;None;NO
8720;98.223114;0.0828;ecl;On;On;Receiver;Off;143.35257;-1.5482695;0.0022944445;None;NO
8730;98.21119;0.0831;ecl;On;On;Receiver;Off;143.2252;-2.1634219;0.0022944445;None;NO
8740;98.199265;0.0834;ecl;On;On;Receiver;Off;143.09775;-2.7785692;0.0022944445;None;NO
8750;98.18734;0.0837;ecl;On;On;Receiver;Off;142.9702;-3.3937106;0.0022944445;None;NO
8760;98.175415;0.084;ecl;On;On;Receiver;Off;142.84253;-4.0088444;0.0022944445;None;NO
8770;98.16349;0.0843;ecl;On;On;Receiver;Off;142.71472;-4.623969;0.0022944445;None;NO
8780;98.151566;0.0846;ecl;On;On;Receiver;Off;142.58675;-5.2390833;0.0022944445;None;NO
8790;98.13964;0.0849;ecl;On;On;Receiver;Off;142.4586;-5.854186;0.0022944445;None;NO
8800;98.127716;0.0852;ecl;On;On;Receiver;Off;142.33026;-6.4692755;0.0022944445;None;NO
8810;98.11579;0.0855;ecl;On;On;Receiver;Off;142.20169;-7.08435;0.0022944445;None;NO
8820;98.10387;0.0858;ecl;On;On;Receiver;Off;142.07288;-7.699409;0.0022944445;None;NO
8830;98.09194;0.0861;ecl;On;On;Receiver;Off;141.9438;-8.31445;0.0022944445;None;NO
8840;98.08001;0.0864;ecl;On;On;Receiver;Off;141.81444;-8.929472;0.0022944445;None;NO
8850;98.068085;0.0867;ecl;On;On;Receiver;Off;141.68477;-9.544474;0.0022944445;None;NO
8860;98.05616;0.087;ecl;On;On;Receiver;Off;141.55476;-10.159453;0.0022944445;None;NO
8870;98.044235;0.0873;ecl;On;On;Receiver;Off;141.42442;-10.77441;0.0022944445;None;NO
8880;98.03231;0.0876;ecl;On;On;Receiver;Off;141.2937;-11.389341;0.0022944445;None;NO
8890;98.020386;0.0879;ecl;On;On;Receiver;Off;141.16258;-12.004245;0.0022944445;None;NO
8900;98.00846;0.0882;ecl;On;On;Receiver;Off;141.03105;-12.619122;0.0022944445;None;NO
8910;97.99654;0.0885;ecl;On;On;Receiver;Off;140.89908;-13.233968;0.0022944445;None;NO
8920;97.98461;0.0888;ecl;On;On;Receiver;Off;140.76663;-13.848782;0.0022944445;None;NO
8930;97.97269;0.0891;ecl;On;On;Receiver;Off;140.63368;-14.463563;0.0022944445;None;NO
8940;97.96076;0.0894;ecl;On;On;Receiver;Off;140.50023;-15.078309;0.0022944445;None;NO
8950;97.94883;0.0897;ecl;On;On;Receiver;Off;140.36623;-15.693019;0.0022944445;None;NO
8960;97.936905;0.09;ecl;On;On;Receiver;Off;140.23166;-16.30769;0.0022944445;None;NO
8970;97.92498;0.0903;ecl;On;On;Receiver;Off;140.0965;-16.92232;0.0022944445;None;NO
8980;97.913055;0.0906;ecl;On;On;Receiver;Off;139.96071;-17.53691;0.0022944445;None;NO
8990;97.90113;0.0909;ecl;On;On;Receiver;Off;139.82426;-18.151451;0.0022944445;None;NO
9000;97.889206;0.0912;ecl;On;On;Receiver;Off;139.68715;-18.76595;0.0022944445;None;NO
9010;97.87728;0.0915;ecl;On;On;Receiver;Off;139.54932;-19.3804;0.0022944445;None;NO
9020;97.86536;0.0918;ecl;On;On;Receiver;Off;139.41074;-19.994799;0.0022944445;None;NO
9030;97.85343;0.0921;ecl;On;On;Receiver;Off;139.2714;-20.609144;0.0022944445;None;NO
9040;97.84151;0.0924;ecl;On;On;Receiver;Off;139.13126;-21.223436;0.0022944445;None;NO
9050;97.82958;0.0927;ecl;On;On;Receiver;Off;138.99026;-21.837671;0.0022944445;None;NO
9060;97.81766;0.093;ecl;On;On;Receiver;Off;138.84842;-22.451847;0.0022944445;None;NO
9070;97.805725;0.0933;ecl;On;On;Receiver;Off;138.70566;-23.065962;0.0022944445;None;NO
9080;97.7938;0.0936;ecl;On;On;Receiver;Off;138.56197;-23.680012;0.0022944445;None;NO
9090;97.781876;0.0939;ecl;On;On;Receiver;Off;138.4173;-24.293995;0.0022944445;None;NO
9100;97.76995;0.0942;ecl;On;On;Receiver;Off;138.2716;-24.90791;0.0022944445;None;NO
9110;97.758026;0.0945;ecl;On;On;Receiver;Off;138.12486;-25.521753;0.0022944445;None;NO
9120;97.7461;0.0948;ecl;On;On;Receiver;Off;137.97704;-26.13552;0.0022944445;None;NO
9130;97.73418;0.0951;ecl;On;On;Receiver;Off;137.82806;-26.74921;0.0022944445;None;NO
9140;97.72225;0.0954;ecl;On;On;Receiver;Off;137.67792;-27.362822;0.0022944445;None;NO
9150;97.71033;0.0957;ecl;On;On;Receiver;Off;137.52654;-27.976347;0.0022944445;None;NO
9160;97.6984;0.096;ecl;On;On;Receiver;Off;137.37389;-28.589787;0.0022944445;None;NO
9170;97.68648;0.0963;ecl;On;On;Receiver;Off;137.21992;-29.203136;0.0022944445;None;NO
9180;97.67455;0.0966;ecl;On;On;Receiver;Off;137.06459;-29.816393;0.0022944445;None;NO
9190;97.71604;0.0969;sun;On;On;Receiver;Off;136.90785;-30.429552;0.0022944445;None;NO
9200;97.75754;0.0972;sun;On;On;Receiver;Off;136.74962;-31.04261;0.0022944445;None;NO
9210;97.79903;0.0975;sun;On;On;Receiver;Off;136.58987;-31.655565;0.0022944445;None;NO
9220;97.84052;0.0978;sun;On;On;Receiver;Off;136.42853;-32.26841;0.0022944445;None;NO
9230;97.88202;0.0981;sun;On;On;Receiver;Off;136.26555;-32.881145;0.0022944445;None;NO
9240;97.92351;0.0984;sun;On;On;Receiver;Off;136.10086;-33.493763;0.0022944445;None;NO
9250;97.965004;0.0987;sun;On;On;Receiver;Off;135.9344;-34.10626;0.0022944445;None;NO
9260;98.0065;0.099;sun;On;On;Receiver;Off;135.7661;-34.718628;0.0022944445;None;NO
9270;98.04799;0.0993;sun;On;On;Receiver;Off;135.59589;-35.330868;0.0022944445;None;NO
9280;98.089485;0.0996;sun;On;On;Receiver;Off;135.42369;-35.94297;0.0022944445;None;NO
9290;98.130974;0.0999;sun;On;On;Receiver;Off;135.24944;-36.554935;0.0022944445;None;NO
9300;98.17247;0.1002;sun;On;On;Receiver;Off;135.07304;-37.16675;0.0022944445;None;NO
9310;98.21397;0.1005;sun;On;On;Receiver;Off;134.89442;-37.778416;0.0022944445;None;NO
9320;98.255455;0.1008;sun;On;On;Receiver;Off;134.7135;-38.389923;0.0022944445;None;NO
9330;98.29695;0.1011;sun;On;On;Receiver;Off;134.53018;-39.001266;0.0022944445;None;NO
9340;98.33845;0.1014;sun;On;On;Receiver;Off;134.34436;-39.61244;0.0022944445;None;NO
9350;98.37994;0.1017;sun;On;On;Receiver;Off;134.15596;-40.22343;0.0022944445;None;NO
9360;98.42143;0.102;sun;On;On;Receiver;Off;133.96484;-40.83424;0.0022944445;None;NO
9370;98.46292;0.1023;sun;On;On;Receiver;Off;133.77094;-41.44486;0.0022944445;None;NO
9380;98.50442;0.1026;sun;On;On;Receiver;Off;133.5741;-42.055275;0.0022944445;None;NO
9390;98.54591;0.1029;sun;On;On;Receiver;Off;133.37422;-42.665485;0.0022944445;None;NO
9400;98.5874;0.1032;sun;On;On;Receiver;Off;133.17117;-43.27548;0.0022944445;None;NO
9410;98.6289;0.1035;sun;On;On;Receiver;Off;132.96483;-43.885242;0.0022944445;None;NO
9420;98.670395;0.1038;sun;On;On;Receiver;Off;132.75504;-44.494774;0.0022944445;None;NO
9430;98.71188;0.1041;sun;On;On;Receiver;Off;132.54166;-45.104057;0.0022944445;None;NO
9440;98.75338;0.1044;sun;On;On;Receiver;Off;132.32454;-45.713085;0.0022944445;None;NO
9450;98.79487;0.1047;sun;On;On;Receiver;Off;132.10353;-46.321846;0.0022944445;None;NO
9460;98.836365;0.105;sun;On;On;Receiver;Off;131.87843;-46.930325;0.0022944445;None;NO
9470;98.87786;0.1053;sun;On;On;Receiver;Off;131.64908;-47.538513;0.0022944445;None;NO
9480;98.91935;0.1056;sun;On;On;Receiver;Off;131.41527;-48.146397;0.0022944445;None;NO
9490;98.960846;0.1059;sun;On;On;Receiver;Off;131.17682;-48.75396;0.0022944445;None;NO
9500;99.00234;0.1062;sun;On;On;Receiver;Off;130.9335;-49.36119;0.0022944445;None;NO
9510;99.04383;0.1065;sun;On;On;Receiver;Off;130.68509;-49.96807;0.0022944445;None;NO
9520;99.08533;0.1068;sun;On;On;Receiver;Off;130.43135;-50.57458;0.0022944445;None;NO
9530;99.126816;0.1071;sun;On;On;Receiver;Off;130.17201;-51.180714;0.0022944445;None;NO
9540;99.16831;0.1074;sun;On;On;Receiver;Off;129.90681;-51.786438;0.0022944445;None;NO
9550;99.20981;0.1077;sun;On;On;Receiver;Off;129.63548;-52.391743;0.0022944445;None;NO
9560;99.2513;0.108;sun;On;On;Receiver;Off;129.3577;-52.996605;0.0022944445;None;NO
9570;99.29279;0.1083;sun;On;On;Receiver;Off;129.07314;-53.600998;0.0022944445;None;NO
9580;99.33429;0.1086;sun;On;On;Receiver;Off;128.78145;-54.2049;0.0022944445;None;NO
9590;99.37578;0.1089;sun;On;On;Receiver;Off;128.48227;-54.80829;0.0022944445;None;NO
9600;99.417274;0.1092;sun;On;On;Receiver;Off;128.1752;-55.411133;0.0022944445;None;NO
9610;99.45876;0.1095;sun;On;On;Receiver;Off;127.859825;-56.0134;0.0022944445;None;NO
9620;99.50026;0.1098;sun;On;On;Receiver;Off;127.53568;-56.615067;0.0022944445;None;NO
9630;99.541756;0.1101;sun;On;On;Receiver;Off;127.20231;-57.216095;0.0022944445;None;NO
9640;99.583244;0.1104;sun;On;On;Receiver;Off;126.85917;-57.81645;0.0022944445;None;NO
9650;99.62474;0.1107;sun;On;On;Receiver;Off;126.505714;-58.41609;0.0022944445;None;NO
9660;99.66624;0.111;sun;On;On;Receiver;Off;126.14135;-59.014973;0.0022944445;None;NO
9670;99.707726;0.1113;sun;On;On;Receiver;Off;125.76543;-59.61306;0.0022944445;None;NO
9680;99.74922;0.1116;sun;On;On;Receiver;Off;125.377266;-60.210297;0.0022944445;None;NO
9690;99.79071;0.1119;sun;On;On;Receiver;Off;124.97611;-60.80663;0.0022944445;None;NO
9700;99.83221;0.1122;sun;On;On;Receiver;Off;124.561165;-61.402008;0.0022944445;None;NO
9710;99.8737;0.1125;sun;On;On;Receiver;Off;124.13155;-61.996365;0.0022944445;None;NO
9720;99.91519;0.1128;sun;On;On;Receiver;Off;123.68634;-62.589638;0.0022944445;None;NO
9730;99.95669;0.1131;sun;On;On;Receiver;Off;123.22451;-63.181747;0.0022944445;None;NO
9740;99.988075;0.1134;sun;On;On;Receiver;Off;122.74495;-63.77262;0.0022944445;None;NO
9750;99.988075;0.1137;sun;On;On;Receiver;Off;122.24646;-64.362175;0.0022944445;None;NO
9760;99.988075;0.114;sun;On;On;Receiver;Off;121.72773;-64.95031;0.0022944445;None;NO
9770;99.988075;0.1143;sun;On;On;Receiver;Off;121.18734;-65.53692;0.0022944445;None;NO
9780;99.988075;0.1146;sun;On;On;Receiver;Off;120.62374;-66.1219;0.0022944445;None;NO
9790;99.988075;0.1149;sun;On;On;Receiver;Off;120.035225;-66.705124;0.0022944445;None;NO
9800;99.988075;0.1152;sun;On;On;Receiver;Off;119.41993;-67.28646;0.0022944445;None;NO
9810;99.988075;0.1155;sun;On;On;Receiver;Off;118.77583;-67.865746;0.0022944445;None;NO
9820;99.988075;0.1158;sun;On;On;Receiver;Off;118.100685;-68.44283;0.0022944445;None;NO
9830;99.988075;0.1161;sun;On;On;Receiver;Off;117.39204;-69.01753;0.0022944445;None;NO
9840;99.988075;0.1164;sun;On;On;Receiver;Off;116.64718;-69.58964;0.0022944445;None;NO
9850;99.988075;0.1167;sun;On;On;Receiver;Off;115.86314;-70.15893;0.0022944445;None;NO
9860;99.988075;0.117;sun;On;On;Receiver;Off;115.03661;-70.72516;0.0022944445;None;NO
9870;99.988075;0.1173;sun;On;On;Receiver;Off;114.16399;-71.28804;0.0022944445;None;NO
9880;99.988075;0.1176;sun;On;On;Receiver;Off;113.24123;-71.84727;0.0022944445;None;NO
9890;99.988075;0.1179;sun;On;On;Receiver;Off;112.26389;-72.4025;0.0022944445;None;NO
9900;99.988075;0.1182;sun;On;On;Receiver;Off;111.227066;-72.95332;0.0022944445;None;NO
9910;99.988075;0.1185;sun;On;On;Receiver;Off;110.125275;-73.49932;0.0022944445;None;NO
9920;99.988075;0.1188;sun;On;On;Receiver;Off;108.95248;-74.03998;0.0022944445;None;NO
9930;99.988075;0.1191;sun;On;On;Receiver;Off;107.70197;-74.574745;0.0022944445;None;NO
9940;99.988075;0.1194;sun;On;On;Receiver;Off;106.366356;-75.10299;0.0022944445;None;NO
9950;99.988075;0.1197;sun;On;On;Receiver;Off;104.93742;-75.62398;0.0022944445;None;NO
9960;99.988075;0.12;sun;On;On;Receiver;Off;103.40617;-76.1369;0.0022944445;None;NO
9970;99.988075;0.1203;sun;On;On;Receiver;Off;101.7627;-76.64083;0.0022944445;None;NO
9980;99.988075;0.1206;sun;On;On;Receiver;Off;99.99623;-77.13471;0.0022944445;None;NO
9990;99.988075;0.1209;sun;On;On;Receiver;Off;98.09507;-77.61733;0.0022944445;None;NO
10000;99.988075;0.1212;sun;On;On;Receiver;Off;96.04673;-78.087326;0.0022944445;None;NO
10010;99.988075;0.1215;sun;On;On;Receiver;Off;93.83803;-78.543144;0.0022944445;None;NO
10020;99.988075;0.1218;sun;On;On;Receiver;Off;91.455376;-78.98302;0.0022944445;None;NO
10030;99.988075;0.1221;sun;On;On;Receiver;Off;88.88514;-79.40497;0.0022944445;None;NO
10040;99.988075;0.1224;sun;On;On;Receiver;Off;86.11427;-79.80677;0.0022944445;None;NO
10050;99.988075;0.1227;sun;On;On;Receiver;Off;83.13113;-80.18594;0.0022944445;None;NO
10060;99.988075;0.123;sun;On;On;Receiver;Off;79.926544;-80.53977;0.0022944445;None;NO
10070;99.988075;0.1233;sun;On;On;Receiver;Off;76.49525;-80.8653;0.0022944445;None;NO
10080;99.988075;0.1236;sun;On;On;Receiver;Off;72.837364;-81.15942;0.0022944445;None;NO
10090;99.988075;0.1239;sun;On;On;Receiver;Off;68.960144;-81.41887;0.0022944445;None;NO
10100;99.988075;0.1242;sun;On;On;Receiver;Off;64.879395;-81.64045;0.0022944445;None;NO
10110;99.988075;0.1245;sun;On;On;Receiver;Off;60.620567;-81.82107;0.0022944445;None;NO
10120;99.988075;0.1248;sun;On;On;Receiver;Off;56.218906;-81.95796;0.0022944445;None;NO
10130;99.988075;0.1251;sun;On;On;Receiver;Off;51.718506;-82.04888;0.0022944445;None;NO
10140;99.988075;0.1254;sun;On;On;Receiver;Off;47.170113;-82.09224;0.0022944445;None;NO
10150;99.988075;0.1257;sun;On;On;Receiver;Off;42.62787;-82.08725;0.0022944445;None;NO
10160;99.988075;0.126;sun;On;On;Receiver;Off;38.14548;-82.034004;0.0022944445;None;NO
10170;99.988075;0.1263;sun;On;On;Receiver;Off;33.772446;-81.93346;0.0022944445;None;NO
10180;99.988075;0.1266;sun;On;On;Receiver;Off;29.551012;-81.787346;0.0022944445;None;NO
10190;99.988075;0.1269;sun;On;On;Receiver;Off;25.514256;-81.59805;0.0022944445;None;NO
10200;99.988075;0.1272;sun;On;On;Receiver;Off;21.6854;-81.36841;0.0022944445;None;NO
10210;99.988075;0.1275;sun;On;On;Receiver;Off;18.078222;-81.10155;0.0022944445;None;NO
10220;99.988075;0.1278;sun;On;On;Receiver;Off;14.698217;-80.8007;0.0022944445;None;NO
10230;99.988075;0.1281;sun;On;On;Receiver;Off;11.544158;-80.46909;0.0022944445;None;NO
10240;99.988075;0.1284;sun;On;On;Receiver;Off;8.609753;-80.10981;0.0022944445;None;NO
10250;99.988075;0.1287;sun;On;On;Receiver;Off;5.8851757;-79.72575;0.0022944445;None;NO
10260;99.988075;0.129;sun;On;On;Receiver;Off;3.3583777;-79.31961;0.0022944445;None;NO
10270;99.988075;0.1293;sun;On;On;Receiver;Off;1.0161153;-78.89379;0.0022944445;None;NO
10280;99.988075;0.1296;sun;On;On;Receiver;Off;-1.1552731;-78.45048;0.0022944445;None;NO
10290;99.988075;0.1299;sun;On;On;Receiver;Off;-3.1693213;-77.9916;0.0022944445;None;NO
10300;99.988075;0.1302;sun;On;On;Receiver;Off;-5.0390697;-77.51888;0.0022944445;None;NO
10310;99.988075;0.1305;sun;On;On;Receiver;Off;-6.7768397;-77.03384;0.0022944445;None;NO
10320;99.988075;0.1308;sun;On;On;Receiver;Off;-8.394113;-76.537796;0.0022944445;None;NO
10330;99.988075;0.1311;sun;On;On;Receiver;Off;-9.901475;-76.03193;0.0022944445;None;NO
10340;99.988075;0.1314;sun;On;On;Receiver;Off;-11.308621;-75.51727;0.0022944445;None;NO
10350;99.988075;0.1317;sun;On;On;Receiver;Off;-12.624377;-74.99472;0.0022944445;None;NO
10360;99.988075;0.132;sun;On;On;Receiver;Off;-13.85675;-74.46508;0.0022944445;None;NO
10370;99.988075;0.1323;sun;On;On;Receiver;Off;-15.012986;-73.929054;0.0022944445;None;NO
10380;99.988075;0.1326;sun;On;On;Receiver;Off;-16.099634;-73.387245;0.0022944445;None;NO
10390;99.988075;0.1329;sun;On;On;Receiver;Off;-17.1226;-72.84022;0.0022944445;None;NO
10400;99.988075;0.1332;sun;On;On;Receiver;Off;-18.087223;-72.28845;0.0022944445;None;NO
10410;99.988075;0.1335;sun;On;On;Receiver;Off;-18.998312;-71.73237;0.0022944445;None;NO
10420;99.988075;0.1338;sun;On;On;Receiver;Off;-19.860216;-71.17236;0.0022944445;None;NO
10430;99.988075;0.1341;sun;On;On;Receiver;Off;-20.676863;-70.608765;0.0022944445;None;NO
10440;99.988075;0.1344;sun;On;On;Receiver;Off;-21.451801;-70.041885;0.0022944445;None;NO
10450;99.988075;0.1347;sun;On;On;Receiver;Off;-22.18825;-69.47199;0.0022944445;None;NO
10460;99.988075;0.135;sun;On;On;Receiver;Off;-22.889122;-68.89934;0.0022944445;None;NO
10470;99.988075;0.1353;sun;On;On;Receiver;Off;-23.557068;-68.32413;0.0022944445;None;NO
10480;99.988075;0.1356;sun;On;On;Receiver;Off;-24.194489;-67.746574;0.0022944445;None;NO
10490;99.988075;0.1359;sun;On;On;Receiver;Off;-24.803576;-67.16685;0.0022944445;None;NO
10500;99.988075;0.1362;sun;On;On;Receiver;Off;-25.386322;-66.58511;0.0022944445;None;NO
10510;99.988075;0.1365;sun;On;On;Receiver;Off;-25.944551;-66.00152;0.0022944445;None;NO
10520;99.988075;0.1368;sun;On;On;Receiver;Off;-26.479929;-65.41619;0.0022944445;None;NO
10530;99.988075;0.1371;sun;On;On;Receiver;Off;-26.993975;-64.829254;0.0022944445;None;NO
10540;99.988075;0.1374;sun;On;On;Receiver;Off;-27.48809;-64.24082;0.0022944445;None;NO
10550;99.988075;0.1377;sun;On;On;Receiver;Off;-27.963554;-63.650993;0.0022944445;None;NO
10560;99.988075;0.138;sun;On;On;Receiver;Off;-28.42155;-63.059856;0.0022944445;None;NO
10570;99.988075;0.1383;sun;On;On;Receiver;Off;-28.86316;-62.4675;0.0022944445;None;NO
10580;99.988075;0.1386;sun;On;On;Receiver;Off;-29.289385;-61.873997;0.0022944445;None;NO
10590;99.988075;0.1389;sun;On;On;Receiver;Off;-29.70115;-61.279427;0.0022944445;None;NO
10600;99.988075;0.1392;sun;On;On;Receiver;Off;-30.09931;-60.683846;0.0022944445;None;NO
10610;99.988075;0.1395;sun;On;On;Receiver;Off;-30.484652;-60.087322;0.0022944445;None;NO
10620;99.988075;0.1398;sun;On;On;Receiver;Off;-30.85791;-59.489906;0.0022944445;None;NO
10630;99.988075;0.1401;sun;On;On;Receiver;Off;-31.219763;-58.89165;0.0022944445;None;NO
10640;99.988075;0.1404;sun;On;On;Receiver;Off;-31.570843;-58.292606;0.0022944445;None;NO
10650;99.988075;0.1407;sun;On;On;Receiver;Off;-31.911736;-57.692818;0.0022944445;None;NO
10660;99.988075;0.141;sun;On;On;Receiver;Off;-32.24299;-57.092323;0.0022944445;None;NO
10670;99.988075;0.1413;sun;On;On;Receiver;Off;-32.56511;-56.49116;0.0022944445;None;NO
10680;99.988075;0.1416;sun;On;On;Receiver;Off;-32.878574;-55.889366;0.0022944445;None;NO
10690;99.988075;0.1419;sun;On;On;Receiver;Off;-33.18383;-55.286976;0.0022944445;None;NO
10700;99.988075;0.1422;sun;On;On;Receiver;Off;-33.48129;-54.684017;0.0022944445;None;NO
10710;99.988075;0.1425;sun;On;On;Receiver;Off;-33.77134;-54.08052;0.0022944445;None;NO
10720;99.988075;0.1428;sun;On;On;Receiver;Off;-34.054344;-53.476517;0.0022944445;None;NO
10730;99.988075;0.1431;sun;On;On;Receiver;Off;-34.33065;-52.872025;0.0022944445;None;NO
10740;99.988075;0.1434;sun;On;On;Receiver;Off;-34.60058;-52.26707;0.0022944445;None;NO
10750;99.988075;0.1437;sun;On;On;Receiver;Off;-34.86442;-51.66168;0.0022944445;None;NO
10760;99.988075;0.144;sun;On;On;Receiver;Off;-35.12247;-51.055866;0.0022944445;None;NO
10770;99.988075;0.1443;sun;On;On;Receiver;Off;-35.374992;-50.449657;0.0022944445;None;NO
10780;99.988075;0.1446;sun;On;On;Receiver;Off;-35.62224;-49.843067;0.0022944445;None;NO
10790;99.988075;0.1449;sun;On;On;Receiver;Off;-35.86444;-49.23611;0.0022944445;None;NO
10800;99.988075;0.1452;sun;On;On;Receiver;Off;-36.10183;-48.62881;0.0022944445;None;NO
10810;99.988075;0.1455;sun;On;On;Receiver;Off;-36.33461;-48.021183;0.0022944445;None;NO
10820;99.988075;0.1458;sun;On;On;Receiver;Off;-36.56299;-47.413235;0.0022944445;None;NO
10830;99.988075;0.1461;sun;On;On;Receiver;Off;-36.78715;-46.804985;0.0022944445;None;NO
10840;99.988075;0.1464;sun;On;On;Receiver;Off;-37.007275;-46.196445;0.0022944445;None;NO
10850;99.988075;0.1467;sun;On;On;Receiver;Off;-37.223534;-45.58763;0.0022944445;None;NO
10860;99.988075;0.147;sun;On;On;Receiver;Off;-37.43609;-44.97855;0.0022944445;None;NO
10870;99.988075;0.1473;sun;On;On;Receiver;Off;-37.64509;-44.369213;0.0022944445;None;NO
10880;99.988075;0.1476;sun;On;On;Receiver;Off;-37.85068;-43.759632;0.0022944445;None;NO
10890;99.988075;0.1479;sun;On;On;Receiver;Off;-38.053;-43.149822;0.0022944445;None;NO
10900;99.988075;0.1482;sun;On;On;Receiver;Off;-38.252186;-42.539783;0.0022944445;None;NO
10910;99.988075;0.1485;sun;On;On;Receiver;Off;-38.448353;-41.92953;0.0022944445;None;NO
10920;99.988075;0.1488;sun;On;On;Receiver;Off;-38.64163;-41.319073;0.0022944445;None;NO
10930;99.988075;0.1491;sun;On;On;Receiver;Off;-38.83212;-40.708412;0.0022944445;None;NO
10940;99.988075;0.1494;sun;On;On;Receiver;Off;-39.019936;-40.097565;0.0022944445;None;NO
10950;99.988075;0.1497;sun;On;On;Receiver;Off;-39.20518;-39.486534;0.0022944445;PCD5;NO
10960;99.95085;0.15512;sun;On;On;Re/Tr;Auto;-39.387955;-38.875328;0.009455555;PCD5;NO
10970;99.966415;0.16566;sun;On;On;Receiver;Auto;-39.56835;-38.26395;0.006461111;PCD2,PCD5;NO
10980;99.95085;0.1762;sun;On;On;Re/Tr;Auto;-39.746456;-37.65241;0.009455555;PCD2,PCD5;NO
10990;99.966415;0.18674;sun;On;On;Receiver;Auto;-39.92236;-37.040714;0.006461111;PCD2,PCD5;NO
11000;99.95085;0.19728;sun;On;On;Re/Tr;Auto;-40.09614;-36.428867;0.009455555;PCD2,PCD5;NO
11010;99.966415;0.20782;sun;On;On;Receiver;Auto;-40.267883;-35.81687;0.006461111;PCD2,PCD5;NO
11020;99.95085;0.21836;sun;On;On;Re/Tr;Auto;-40.43766;-35.204742;0.009455555;PCD2,PCD5;NO
11030;99.966415;0.2289;sun;On;On;Receiver;Auto;-40.60554;-34.592476;0.006461111;PCD2,PCD5;NO
11040;99.95085;0.23944;sun;On;On;Re/Tr;Auto;-40.7716;-33.98008;0.009455555;PCD2,PCD5;NO
11050;99.966415;0.24998;sun;On;On;Receiver;Auto;-40.935898;-33.367558;0.006461111;PCD2,PCD5;NO
11060;99.95085;0.26052;sun;On;On;Re/Tr;Auto;-41.098503;-32.754917;0.009455555;PCD2,PCD5;NO
11070;99.966415;0.27106;sun;On;On;Receiver;Auto;-41.25948;-32.14216;0.006461111;PCD2,PCD5;NO
11080;99.95085;0.19072;sun;On;On;Re/Tr;Auto;-41.41888;-31.52929;0.009455555;PCD1,PCD2,PCD5;YES
11090;99.95085;0.11038;sun;On;On;Re/Tr;Auto;-41.576767;-30.916313;0.009455555;PCD1,PCD2,PCD5;YES
11100;99.95085;0.03004;sun;On;On;Re/Tr;Auto;-41.733192;-30.303234;0.009455555;PCD1,PCD2,PCD5;YES
11110;99.95085;0;sun;On;On;Re/Tr;Auto;-41.88821;-29.690054;0.009455555;PCD1,PCD2,PCD5;YES
11120;99.95085;0;sun;On;On;Re/Tr;Auto;-42.041874;-29.076778;0.009455555;PCD1,PCD2,PCD5;YES
11130;99.95085;0;sun;On;On;Re/Tr;Auto;-42.19423;-28.46341;0.009455555;PCD1,PCD2,PCD5;YES
11140;99.95085;0;sun;On;On;Re/Tr;Auto;-42.345325;-27.84995;0.009455555;PCD1,PCD2,PCD5;YES
11150;99.95085;0;sun;On;On;Re/Tr;Auto;-42.495205;-27.236408;0.009455555;PCD1,PCD2,PCD5;YES
11160;99.95085;0;sun;On;On;Re/Tr;Auto;-42.643917;-26.622782;0.009455555;PCD1,PCD2,PCD5;YES
11170;99.95085;0;sun;On;On;Re/Tr;Auto;-42.791504;-26.009075;0.009455555;PCD1,PCD2,PCD5;YES
11180;99.95085;0;sun;On;On;Re/Tr;Auto;-42.938004;-25.39529;0.009455555;PCD1,PCD2,PCD5;YES
11190;99.95085;0;sun;On;On;Re/Tr;Auto;-43.083458;-24.781433;0.009455555;PCD1,PCD2,PCD5;YES
11200;99.95085;0;sun;On;On;Re/Tr;Auto;-43.227905;-24.167503;0.009455555;PCD1,PCD2,PCD5;YES
11210;99.95085;0;sun;On;On;Re/Tr;Auto;-43.371387;-23.553507;0.009455555;PCD1,PCD2,PCD5;YES
11220;99.95085;0;sun;On;On;Re/Tr;Auto;-43.513935;-22.939444;0.009455555;PCD1,PCD2,PCD5;YES
11230;99.95085;0;sun;On;On;Re/Tr;Auto;-43.655586;-22.325315;0.009455555;PCD1,PCD2,PCD5;YES
11240;99.95085;0;sun;On;On;Re/Tr;Auto;-43.79638;-21.711128;0.009455555;PCD1,PCD2,PCD5;YES
11250;99.95085;0;sun;On;On;Re/Tr;Auto;-43.93634;-21.09688;0.009455555;PCD1,PCD2,PCD5;YES
11260;99.95085;0;sun;On;On;Re/Tr;Auto;-44.075504;-20.482578;0.009455555;PCD1,PCD2,PCD4,PCD5;YES
11270;99.95085;0;sun;On;On;Re/Tr;Auto;-44.21391;-19.86822;0.009455555;PCD1,PCD2,PCD4,PCD5;YES
11280;99.95085;0;sun;On;On;Re/Tr;Auto;-44.351578;-19.25381;0.009455555;PCD1,PCD2,PCD4,PCD5;YES
11290;99.95085;0;sun;On;On;Re/Tr;Auto;-44.48854;-18.63935;0.009455555;PCD1,PCD2,PCD4,PCD5;YES
11300;99.95085;0;sun;On;On;Re/Tr;Auto;-44.624832;-18.024843;0.009455555;PCD1,PCD2,PCD4,PCD5;YES
11310;99.95085;0;sun;On;On;Re/Tr;Auto;-44.76048;-17.41029;0.009455555;PCD1,PCD2,PCD4,PCD5;YES
11320;99.95085;0;sun;On;On;Re/Tr;Auto;-44.895508;-16.795694;0.009455555;PCD1,PCD2,PCD4,PCD5;YES
11330;99.95085;0;sun;On;On;Re/Tr;Auto;-45.029945;-16.181055;0.009455555;PCD1,PCD2,PCD4,PCD5;YES
11340;99.95085;0;sun;On;On;Re/Tr;Auto;-45.163822;-15.566376;0.009455555;PCD1,PCD2,PCD4,PCD5;YES
11350;99.95085;0;sun;On;On;Re/Tr;Auto;-45.29716;-14.951658;0.009455555;PCD1,PCD2,PCD4,PCD5;YES
11360;99.95085;0;sun;On;On;Re/Tr;Auto;-45.429985;-14.3369055;0.009455555;PCD1,PCD2,PCD4,PCD5;YES
11370;99.95085;0;sun;On;On;Re/Tr;Auto;-45.562325;-13.722116;0.009455555;PCD1,PCD2,PCD4,PCD5;YES
11380;99.95085;0;sun;On;On;Re/Tr;Auto;-45.694202;-13.107296;0.009455555;PCD1,PCD2,PCD4,PCD5;YES
11390;99.95085;0;sun;On;On;Re/Tr;Auto;-45.82564;-12.492443;0.009455555;PCD1,PCD2,PCD4,PCD5;YES
11400;99.95085;0;sun;On;On;Re/Tr;Auto;-45.95667;-11.877562;0.009455555;PCD1,PCD2,PCD4,PCD5;YES
11410;99.95085;0;sun;On;On;Re/Tr;Auto;-46.0873;-11.262651;0.009455555;PCD1,PCD2,PCD4,PCD5;YES
11420;99.95085;0;sun;On;On;Re/Tr;Auto;-46.217567;-10.647715;0.009455555;PCD1,PCD2,PCD4,PCD5;YES
11430;99.95085;0;sun;On;On;Re/Tr;Auto;-46.34749;-10.032754;0.009455555;PCD1,PCD2,PCD4,PCD5;YES
11440;99.95085;0;sun;On;On;Re/Tr;Auto;-46.477085;-9.417769;0.009455555;PCD1,PCD4,PCD5;YES
11450;99.95085;0;sun;On;On;Re/Tr;Auto;-46.606377;-8.802763;0.009455555;PCD1,PCD4,PCD5;YES
11460;99.95085;0;sun;On;On;Re/Tr;Auto;-46.735394;-8.187737;0.009455555;PCD1,PCD4,PCD5;YES
11470;99.95085;0;sun;On;On;Re/Tr;Auto;-46.86415;-7.572692;0.009455555;PCD1,PCD4,PCD5;YES
11480;99.95085;0;sun;On;On;Re/Tr;Auto;-46.99267;-6.95763;0.009455555;PCD1,PCD4,PCD5;YES
11490;99.95085;0;sun;On;On;Re/Tr;Auto;-47.12097;-6.342552;0.009455555;PCD1,PCD3,PCD4,PCD5;YES
11500;99.95085;0;sun;On;On;Re/Tr;Auto;-47.249077;-5.72746;0.009455555;PCD1,PCD3,PCD4,PCD5;YES
11510;99.95085;0;sun;On;On;Re/Tr;Auto;-47.377007;-5.1123548;0.009455555;PCD1,PCD3,PCD4,PCD5;YES
11520;99.95085;0;sun;On;On;Re/Tr;Auto;-47.504784;-4.497238;0.009455555;PCD1,PCD3,PCD4;YES
11530;99.95085;0;sun;On;On;Re/Tr;Auto;-47.632423;-3.8821113;0.009455555;PCD1,PCD3,PCD4;YES
11540;99.95085;0;sun;On;On;Re/Tr;Auto;-47.75995;-3.2669759;0.009455555;PCD1,PCD3,PCD4;YES
11550;99.95085;0;sun;On;On;Re/Tr;Auto;-47.88738;-2.6518333;0.009455555;PCD1,PCD3,PCD4;YES
11560;99.95085;0;sun;On;On;Re/Tr;Auto;-48.014736;-2.0366848;0.009455555;PCD1,PCD3,PCD4;YES
11570;99.95085;0;sun;On;On;Re/Tr;Auto;-48.142036;-1.4215316;0.009455555;PCD1,PCD3,PCD4;YES
11580;99.95085;0;sun;On;On;Re/Tr;Auto;-48.2693;-0.8063753;0.009455555;PCD1,PCD3,PCD4;YES
11590;99.95085;0;sun;On;On;Re/Tr;Auto;-48.39655;-0.19121724;0.009455555;PCD1,PCD3,PCD4;YES
11600;99.95085;0;sun;On;On;Re/Tr;Auto;-48.5238;0.42394125;0.009455555;PCD1,PCD3,PCD4;YES
11610;99.95085;0;sun;On;On;Re/Tr;Auto;-48.651077;1.0390989;0.009455555;PCD1,PCD3,PCD4;YES
11620;99.95085;0;sun;On;On;Re/Tr;Auto;-48.778397;1.6542541;0.009455555;PCD1,PCD3,PCD4;YES
11630;99.95085;0;sun;On;On;Re/Tr;Auto;-48.90578;2.2694056;0.009455555;PCD1,PCD3,PCD4;YES
11640;99.95085;0;sun;On;On;Re/Tr;Auto;-49.033245;2.884552;0.009455555;PCD1,PCD3,PCD4;YES
11650;99.95085;0;sun;On;On;Re/Tr;Auto;-49.160816;3.4996922;0.009455555;PCD3,PCD4;YES
11660;99.95085;0;sun;On;On;Re/Tr;Auto;-49.288506;4.1148243;0.009455555;PCD3,PCD4;YES
11670;99.95085;0;sun;On;On;Re/Tr;Auto;-49.416344;4.7299476;0.009455555;PCD3,PCD4;YES
11680;99.95085;0;sun;On;On;Re/Tr;Auto;-49.54434;5.34506;0.009455555;PCD3,PCD4;YES
11690;99.95085;0.01054;sun;On;On;Re/Tr;Auto;-49.67252;5.9601603;0.009455555;PCD3,PCD4;NO
11700;99.966415;0.02108;sun;On;On;Receiver;Auto;-49.800907;6.5752473;0.006461111;PCD3,PCD4;NO
11710;99.95085;0.03162;sun;On;On;Re/Tr;Auto;-49.929516;7.1903195;0.009455555;PCD3,PCD4;NO
11720;99.966415;0.04216;sun;On;On;Receiver;Auto;-50.058372;7.805375;0.006461111;PCD3,PCD4;NO
11730;99.95085;0.0527;sun;On;On;Re/Tr;Auto;-50.187496;8.420413;0.009455555;PCD3,PCD4;NO
11740;99.966415;0.06324;sun;On;On;Receiver;Auto;-50.31691;9.035432;0.006461111;PCD3,PCD4;NO
11750;99.95085;0.07378;sun;On;On;Re/Tr;Auto;-50.446632;9.65043;0.009455555;PCD3,PCD4;NO
11760;99.966415;0.0792;sun;On;On;Receiver;Auto;-50.576687;10.265406;0.006461111;PCD3;NO
11770;99.95085;0.08462;sun;On;On;Re/Tr;Auto;-50.707096;10.880358;0.009455555;PCD3;NO
11780;99.966415;0.09004;sun;On;On;Receiver;Auto;-50.837883;11.495284;0.006461111;PCD3;NO
11790;99.95085;0.09546;sun;On;On;Re/Tr;Auto;-50.96907;12.110184;0.009455555;PCD3;NO
11800;99.966415;0.10088;sun;On;On;Receiver;Auto;-51.10068;12.725055;0.006461111;PCD3;NO
11810;99.95085;0.1063;sun;On;On;Re/Tr;Auto;-51.23274;13.339896;0.009455555;PCD3;NO
11820;99.966415;0.11172;sun;On;On;Receiver;Auto;-51.36527;13.954704;0.006461111;PCD3;NO
11830;99.95085;0.11714;sun;On;On;Re/Tr;Auto;-51.498295;14.56948;0.009455555;PCD3;NO
11840;99.966415;0.12256;sun;On;On;Receiver;Auto;-51.631844;15.18422;0.006461111;PCD3;NO
11850;99.95085;0.12798;sun;On;On;Re/Tr;Auto;-51.76594;15.798923;0.009455555;PCD3;NO
11860;99.966415;0.1334;sun;On;On;Receiver;Auto;-51.90061;16.413588;0.006461111;PCD3;NO
11870;99.95085;0.13882;sun;On;On;Re/Tr;Auto;-52.03588;17.02821;0.009455555;PCD3;NO
11880;99.966415;0.14424;sun;On;On;Receiver;Auto;-52.17178;17.642792;0.006461111;PCD3;NO
11890;99.95085;0.14966;sun;On;On;Re/Tr;Auto;-52.30834;18.257326;0.009455555;PCD3;NO
11900;99.966415;0.15508;sun;On;On;Receiver;Auto;-52.44558;18.871817;0.006461111;PCD3;NO
11910;99.95085;0.1605;sun;On;On;Re/Tr;Auto;-52.583534;19.486258;0.009455555;PCD3;NO
11920;99.966415;0.16592;sun;On;On;Receiver;Auto;-52.722237;20.100647;0.006461111;PCD3;NO
11930;99.95085;0.17134;sun;On;On;Re/Tr;Auto;-52.861717;20.714985;0.009455555;PCD3;NO
11940;99.966415;0.17676;sun;On;On;Receiver;Auto;-53.002003;21.329268;0.006461111;PCD3;NO
11950;99.95085;0.18218;sun;On;On;Re/Tr;Auto;-53.14313;21.943491;0.009455555;PCD3;NO
11960;99.966415;0.18248;sun;On;On;Receiver;Auto;-53.285137;22.557657;0.006461111;None;NO
11970;99.988075;0.18278;sun;On;On;Receiver;Off;-53.42805;23.17176;0.0022944445;None;NO
11980;99.988075;0.18308;sun;On;On;Receiver;Off;-53.57191;23.785799;0.0022944445;None;NO
11990;99.988075;0.18338;sun;On;On;Receiver;Off;-53.716755;24.39977;0.0022944445;None;NO
12000;99.988075;0.18368;sun;On;On;Receiver;Off;-53.86262;25.013674;0.0022944445;None;NO
12010;99.988075;0.18398;sun;On;On;Receiver;Off;-54.00955;25.627504;0.0022944445;None;NO
12020;99.988075;0.18428;sun;On;On;Receiver;Off;-54.157578;26.241259;0.0022944445;None;NO
12030;99.988075;0.18458;sun;On;On;Receiver;Off;-54.306747;26.854935;0.0022944445;None;NO
12040;99.988075;0.18488;sun;On;On;Receiver;Off;-54.457108;27.46853;0.0022944445;None;NO
12050;99.988075;0.18518;sun;On;On;Receiver;Off;-54.608696;28.082043;0.0022944445;None;NO
12060;99.988075;0.18548;sun;On;On;Receiver;Off;-54.761566;28.695467;0.0022944445;None;NO
12070;99.988075;0.18578;sun;On;On;Receiver;Off;-54.91576;29.308802;0.0022944445;None;NO
12080;99.988075;0.18608;sun;On;On;Receiver;Off;-55.071335;29.92204;0.0022944445;None;NO
12090;99.988075;0.18638;sun;On;On;Receiver;Off;-55.228336;30.535183;0.0022944445;None;NO
12100;99.988075;0.18668;sun;On;On;Receiver;Off;-55.386818;31.148224;0.0022944445;None;NO
12110;99.988075;0.18698;sun;On;On;Receiver;Off;-55.546837;31.76116;0.0022944445;None;NO
12120;99.988075;0.18728;sun;On;On;Receiver;Off;-55.708454;32.37399;0.0022944445;None;NO
12130;99.988075;0.18758;sun;On;On;Receiver;Off;-55.871727;32.986702;0.0022944445;None;NO
12140;99.988075;0.18788;sun;On;On;Receiver;Off;-56.036716;33.599297;0.0022944445;None;NO
12150;99.988075;0.18818;sun;On;On;Receiver;Off;-56.20349;34.211773;0.0022944445;None;NO
12160;99.988075;0.18848;sun;On;On;Receiver;Off;-56.372116;34.82412;0.0022944445;None;NO
12170;99.988075;0.18878;sun;On;On;Receiver;Off;-56.542664;35.436337;0.0022944445;None;NO
12180;99.988075;0.18908;sun;On;On;Receiver;Off;-56.71521;36.048416;0.0022944445;None;NO
12190;99.988075;0.18938;sun;On;On;Receiver;Off;-56.889824;36.660355;0.0022944445;None;NO
12200;99.988075;0.18968;sun;On;On;Receiver;Off;-57.066593;37.272144;0.0022944445;None;NO
12210;99.988075;0.18998;sun;On;On;Receiver;Off;-57.2456;37.883785;0.0022944445;None;NO
12220;99.988075;0.19028;sun;On;On;Receiver;Off;-57.42693;38.495262;0.0022944445;None;NO
12230;99.988075;0.19058;sun;On;On;Receiver;Off;-57.610676;39.106575;0.0022944445;None;NO
12240;99.988075;0.19088;sun;On;On;Receiver;Off;-57.796932;39.717716;0.0022944445;None;NO
12250;99.988075;0.19118;sun;On;On;Receiver;Off;-57.985798;40.328682;0.0022944445;None;NO
12260;99.988075;0.19148;sun;On;On;Receiver;Off;-58.177383;40.939457;0.0022944445;None;NO
12270;99.988075;0.19178;sun;On;On;Receiver;Off;-58.371796;41.55004;0.0022944445;None;NO
12280;99.988075;0.19208;sun;On;On;Receiver;Off;-58.569145;42.160423;0.0022944445;None;NO
12290;99.988075;0.19238;sun;On;On;Receiver;Off;-58.76956;42.770596;0.0022944445;None;NO
12300;99.988075;0.19268;sun;On;On;Receiver;Off;-58.973167;43.38055;0.0022944445;None;NO
12310;99.988075;0.19298;sun;On;On;Receiver;Off;-59.1801;43.990276;0.0022944445;None;NO
12320;99.988075;0.19328;sun;On;On;Receiver;Off;-59.390495;44.599762;0.0022944445;None;NO
12330;99.988075;0.19358;sun;On;On;Receiver;Off;-59.6045;45.209003;0.0022944445;None;NO
12340;99.988075;0.19388;sun;On;On;Receiver;Off;-59.822277;45.817986;0.0022944445;None;NO
12350;99.988075;0.19418;sun;On;On;Receiver;Off;-60.043987;46.4267;0.0022944445;None;NO
12360;99.988075;0.19448;sun;On;On;Receiver;Off;-60.269806;47.03513;0.0022944445;None;NO
12370;99.988075;0.19478;sun;On;On;Receiver;Off;-60.49991;47.64327;0.0022944445;None;NO
12380;99.988075;0.19508;sun;On;On;Receiver;Off;-60.734497;48.251095;0.0022944445;None;NO
12390;99.988075;0.19538;sun;On;On;Receiver;Off;-60.973774;48.858604;0.0022944445;None;NO
12400;99.988075;0.19568;sun;On;On;Receiver;Off;-61.217957;49.465775;0.0022944445;None;NO
12410;99.988075;0.19598;sun;On;On;Receiver;Off;-61.46727;50.07259;0.0022944445;None;NO
12420;99.988075;0.19628;sun;On;On;Receiver;Off;-61.72196;50.67904;0.0022944445;None;NO
12430;99.988075;0.19658;sun;On;On;Receiver;Off;-61.982277;51.285103;0.0022944445;None;NO
12440;99.988075;0.19688;sun;On;On;Receiver;Off;-62.24851;51.89076;0.0022944445;None;NO
12450;99.988075;0.19718;sun;On;On;Receiver;Off;-62.52093;52.495987;0.0022944445;None;NO
12460;99.988075;0.19748;sun;On;On;Receiver;Off;-62.799862;53.10077;0.0022944445;None;NO
12470;99.988075;0.19778;sun;On;On;Receiver;Off;-63.08563;53.70508;0.0022944445;None;NO
12480;99.988075;0.19808;sun;On;On;Receiver;Off;-63.378582;54.308895;0.0022944445;None;NO
12490;99.988075;0.19838;sun;On;On;Receiver;Off;-63.67909;54.91219;0.0022944445;None;NO
12500;99.988075;0.19868;sun;On;On;Receiver;Off;-63.98756;55.51494;0.0022944445;None;NO
12510;99.988075;0.19898;sun;On;On;Receiver;Off;-64.30441;56.117107;0.0022944445;None;NO
12520;99.988075;0.19928;sun;On;On;Receiver;Off;-64.630104;56.718666;0.0022944445;None;NO
12530;99.988075;0.19958;sun;On;On;Receiver;Off;-64.965126;57.31958;0.0022944445;None;NO
12540;99.988075;0.19988;sun;On;On;Receiver;Off;-65.310005;57.91981;0.0022944445;None;NO
12550;99.988075;0.20018;sun;On;On;Receiver;Off;-65.66529;58.519325;0.0022944445;None;NO
12560;99.988075;0.20048;sun;On;On;Receiver;Off;-66.0316;59.118076;0.0022944445;None;NO
12570;99.988075;0.20078;sun;On;On;Receiver;Off;-66.409584;59.71602;0.0022944445;None;NO
12580;99.988075;0.20108;sun;On;On;Receiver;Off;-66.79993;60.313103;0.0022944445;None;NO
12590;99.988075;0.20138;sun;On;On;Receiver;Off;-67.2034;60.90928;0.0022944445;None;NO
12600;99.988075;0.20168;sun;On;On;Receiver;Off;-67.62081;61.504482;0.0022944445;None;NO
12610;99.988075;0.20198;sun;On;On;Receiver;Off;-68.05304;62.09866;0.0022944445;None;NO
12620;99.988075;0.20228;sun;On;On;Receiver;Off;-68.50104;62.691734;0.0022944445;None;NO
12630;99.988075;0.20258;sun;On;On;Receiver;Off;-68.96584;63.28364;0.0022944445;None;NO
12640;99.988075;0.20288;sun;On;On;Receiver;Off;-69.44858;63.874294;0.0022944445;None;NO
12650;99.988075;0.20318;sun;On;On;Receiver;Off;-69.950455;64.46361;0.0022944445;None;NO
12660;99.988075;0.20348;sun;On;On;Receiver;Off;-70.47281;65.05148;0.0022944445;None;NO
12670;99.988075;0.20378;sun;On;On;Receiver;Off;-71.01708;65.637825;0.0022944445;None;NO
12680;99.988075;0.20408;sun;On;On;Receiver;Off;-71.584854;66.22251;0.0022944445;None;NO
12690;99.988075;0.20438;sun;On;On;Receiver;Off;-72.17785;66.80542;0.0022944445;None;NO
12700;99.988075;0.20468;sun;On;On;Receiver;Off;-72.79795;67.38641;0.0022944445;None;NO
12710;99.988075;0.20498;sun;On;On;Receiver;Off;-73.447235;67.96534;0.0022944445;None;NO
12720;99.988075;0.20528;sun;On;On;Receiver;Off;-74.127975;68.54202;0.0022944445;None;NO
12730;99.988075;0.20558;sun;On;On;Receiver;Off;-74.84266;69.11629;0.0022944445;None;NO
12740;99.988075;0.20588;sun;On;On;Receiver;Off;-75.59405;69.68793;0.0022944445;None;NO
12750;99.988075;0.20618;sun;On;On;Receiver;Off;-76.38517;70.256714;0.0022944445;None;NO
12760;99.988075;0.20648;sun;On;On;Receiver;Off;-77.21936;70.82238;0.0022944445;None;NO
12770;99.988075;0.20678;sun;On;On;Receiver;Off;-78.100334;71.38466;0.0022944445;None;NO
12780;99.988075;0.20708;sun;On;On;Receiver;Off;-79.03216;71.94322;0.0022944445;None;NO
12790;99.988075;0.20738;sun;On;On;Receiver;Off;-80.01938;72.49772;0.0022944445;None;NO
12800;99.988075;0.20768;sun;On;On;Receiver;Off;-81.06699;73.04775;0.0022944445;None;NO
12810;99.988075;0.20798;sun;On;On;Receiver;Off;-82.18057;73.592865;0.0022944445;None;NO
12820;99.988075;0.20828;sun;On;On;Receiver;Off;-83.36626;74.13255;0.0022944445;None;NO
12830;99.988075;0.20858;sun;On;On;Receiver;Off;-84.630875;74.666245;0.0022944445;None;NO
12840;99.988075;0.20888;sun;On;On;Receiver;Off;-85.98197;75.19328;0.0022944445;None;NO
12850;99.988075;0.20918;sun;On;On;Receiver;Off;-87.42786;75.71295;0.0022944445;None;NO
12860;99.988075;0.20948;sun;On;On;Receiver;Off;-88.977715;76.224396;0.0022944445;None;NO
12870;99.988075;0.20978;sun;On;On;Receiver;Off;-90.64158;76.72667;0.0022944445;None;NO
12880;99.988075;0.21008;sun;On;On;Receiver;Off;-92.430405;77.2187;0.0022944445;None;NO
12890;99.988075;0.21038;sun;On;On;Receiver;Off;-94.35601;77.69925;0.0022944445;None;NO
12900;99.988075;0.21068;sun;On;On;Receiver;Off;-96.43102;78.166916;0.0022944445;None;NO
12910;99.988075;0.21098;sun;On;On;Receiver;Off;-98.66872;78.62012;0.0022944445;None;NO
12920;99.988075;0.21128;sun;On;On;Receiver;Off;-101.082726;79.05705;0.0022944445;None;NO
12930;99.988075;0.21158;sun;On;On;Receiver;Off;-103.68662;79.4757;0.0022944445;None;NO
12940;99.988075;0.21188;sun;On;On;Receiver;Off;-106.493286;79.87379;0.0022944445;None;NO
12950;99.988075;0.21218;sun;On;On;Receiver;Off;-109.51402;80.248795;0.0022944445;None;NO
12960;99.988075;0.21248;sun;On;On;Receiver;Off;-112.757416;80.59796;0.0022944445;None;NO
12970;99.988075;0.21278;sun;On;On;Receiver;Off;-116.227936;80.918304;0.0022944445;None;NO
12980;99.988075;0.21308;sun;On;On;Receiver;Off;-119.92435;81.20668;0.0022944445;None;NO
12990;99.988075;0.21338;sun;On;On;Receiver;Off;-123.83803;81.45984;0.0022944445;None;NO
13000;99.988075;0.21368;sun;On;On;Receiver;Off;-127.951546;81.67457;0.0022944445;None;NO
13010;99.988075;0.21398;sun;On;On;Receiver;Off;-132.23776;81.84784;0.0022944445;None;NO
13020;99.988075;0.21428;sun;On;On;Receiver;Off;-136.65979;81.97696;0.0022944445;None;NO
13030;99.988075;0.21458;sun;On;On;Receiver;Off;-141.17223;82.05978;0.0022944445;None;NO
13040;99.988075;0.21488;sun;On;On;Receiver;Off;-145.72345;82.09483;0.0022944445;None;NO
13050;99.988075;0.21518;sun;On;On;Receiver;Off;-150.25914;82.0815;0.0022944445;None;NO
13060;99.988075;0.21548;sun;On;On;Receiver;Off;-154.72606;82.02001;0.0022944445;None;NO
13070;99.97615;0.21578;ecl;On;On;Receiver;Off;-159.07574;81.91147;0.0022944445;None;NO
13080;99.964226;0.21608;ecl;On;On;Receiver;Off;-163.26744;81.75774;0.0022944445;None;NO
13090;99.9523;0.21638;ecl;On;On;Receiver;Off;-167.26976;81.56128;0.0022944445;None;NO
13100;99.94038;0.21668;ecl;On;On;Receiver;Off;-171.06116;81.325;0.0022944445;None;NO
13110;99.928444;0.21698;ecl;On;On;Receiver;Off;-174.62938;81.05205;0.0022944445;None;NO
13120;99.91652;0.21728;ecl;On;On;Receiver;Off;-177.97021;80.745674;0.0022944445;None;NO
13130;99.904594;0.21758;ecl;On;On;Receiver;Off;178.91414;80.40908;0.0022944445;None;NO
13140;99.89267;0.21788;ecl;On;On;Receiver;Off;176.01666;80.04533;0.0022944445;None;NO
13150;99.880745;0.21818;ecl;On;On;Receiver;Off;173.32707;79.65729;0.0022944445;None;NO
13160;99.86882;0.21848;ecl;On;On;Receiver;Off;170.83302;79.24758;0.0022944445;None;NO
13170;99.856895;0.21878;ecl;On;On;Receiver;Off;168.52118;78.8186;0.0022944445;None;NO
13180;99.84497;0.21908;ecl;On;On;Receiver;Off;166.37785;78.372475;0.0022944445;None;NO
13190;99.833046;0.21938;ecl;On;On;Receiver;Off;164.38957;77.911095;0.0022944445;None;NO
13200;99.82112;0.21968;ecl;On;On;Receiver;Off;162.54343;77.43616;0.0022944445;None;NO
13210;99.8092;0.21998;ecl;On;On;Receiver;Off;160.82721;76.94913;0.0022944445;None;NO
13220;99.79727;0.22028;ecl;On;On;Receiver;Off;159.2296;76.45131;0.0022944445;None;NO
13230;99.78534;0.22058;ecl;On;On;Receiver;Off;157.74017;75.94386;0.0022944445;None;NO
13240;99.773415;0.22088;ecl;On;On;Receiver;Off;156.34938;75.42778;0.0022944445;None;NO
13250;99.76149;0.22118;ecl;On;On;Receiver;Off;155.04854;74.90396;0.0022944445;None;NO
13260;99.749565;0.22148;ecl;On;On;Receiver;Off;153.82977;74.37317;0.0022944445;None;NO
13270;99.73764;0.22178;ecl;On;On;Receiver;Off;152.68597;73.8361;0.0022944445;None;NO
13280;99.725716;0.22208;ecl;On;On;Receiver;Off;151.6107;73.29336;0.0022944445;None;NO
13290;99.71379;0.22238;ecl;On;On;Receiver;Off;150.59816;72.74548;0.0022944445;None;NO
13300;99.701866;0.22268;ecl;On;On;Receiver;Off;149.6431;72.19294;0.0022944445;None;NO
13310;99.68994;0.22298;ecl;On;On;Receiver;Off;148.74077;71.636154;0.0022944445;None;NO
13320;99.67802;0.22328;ecl;On;On;Receiver;Off;147.88693;71.07551;0.0022944445;None;NO
13330;99.66609;0.22358;ecl;On;On;Receiver;Off;147.07771;70.51132;0.0022944445;None;NO
13340;99.65417;0.22388;ecl;On;On;Receiver;Off;146.30963;69.94391;0.0022944445;None;NO
13350;99.642235;0.22418;ecl;On;On;Receiver;Off;145.57951;69.37352;0.0022944445;None;NO
13360;99.63031;0.22448;ecl;On;On;Receiver;Off;144.88449;68.80041;0.0022944445;None;NO
13370;99.618385;0.22478;ecl;On;On;Receiver;Off;144.22197;68.224785;0.0022944445;None;NO
13380;99.60646;0.22508;ecl;On;On;Receiver;Off;143.58958;67.64684;0.0022944445;None;NO
13390;99.594536;0.22538;ecl;On;On;Receiver;Off;142.98517;67.066765;0.0022944445;None;NO
13400;99.58261;0.22568;ecl;On;On;Receiver;Off;142.40677;66.484695;0.0022944445;None;NO
13410;99.57069;0.22598;ecl;On;On;Receiver;Off;141.8526;65.900795;0.0022944445;None;NO
13420;99.55876;0.22628;ecl;On;On;Receiver;Off;141.321;65.31518;0.0022944445;None;NO
13430;99.54684;0.22658;ecl;On;On;Receiver;Off;140.81049;64.72798;0.0022944445;None;NO
13440;99.53491;0.22688;ecl;On;On;Receiver;Off;140.31967;64.1393;0.0022944445;None;NO
13450;99.52299;0.22718;ecl;On;On;Receiver;Off;139.84729;63.549236;0.0022944445;None;NO
13460;99.51106;0.22748;ecl;On;On;Receiver;Off;139.3922;62.957886;0.0022944445;None;NO
13470;99.49913;0.22778;ecl;On;On;Receiver;Off;138.95331;62.365326;0.0022944445;None;NO
13480;99.487206;0.22808;ecl;On;On;Receiver;Off;138.52963;61.771633;0.0022944445;None;NO
13490;99.47528;0.22838;ecl;On;On;Receiver;Off;138.12029;61.176884;0.0022944445;None;NO
13500;99.463356;0.22868;ecl;On;On;Receiver;Off;137.72438;60.58114;0.0022944445;None;NO
13510;99.45143;0.22898;ecl;On;On;Receiver;Off;137.34117;59.984455;0.0022944445;None;NO
13520;99.43951;0.22928;ecl;On;On;Receiver;Off;136.96992;59.38689;0.0022944445;None;NO
13530;99.42758;0.22958;ecl;On;On;Receiver;Off;136.60997;58.788498;0.0022944445;None;NO
13540;99.41566;0.22988;ecl;On;On;Receiver;Off;136.2607;58.189323;0.0022944445;None;NO
13550;99.40373;0.23018;ecl;On;On;Receiver;Off;135.9215;57.58941;0.0022944445;None;NO
13560;99.39181;0.23048;ecl;On;On;Receiver;Off;135.59186;56.988796;0.0022944445;None;NO
13570;99.37988;0.23078;ecl;On;On;Receiver;Off;135.27126;56.38752;0.0022944445;None;NO
13580;99.36796;0.23108;ecl;On;On;Receiver;Off;134.95923;55.78562;0.0022944445;None;NO
13590;99.356026;0.23138;ecl;On;On;Receiver;Off;134.65535;55.183132;0.0022944445;None;NO
13600;99.3441;0.23168;ecl;On;On;Receiver;Off;134.35919;54.58008;0.0022944445;None;NO
13610;99.33218;0.23198;ecl;On;On;Receiver;Off;134.07039;53.976494;0.0022944445;None;NO
13620;99.32025;0.23228;ecl;On;On;Receiver;Off;133.78856;53.372402;0.0022944445;None;NO
13630;99.30833;0.23258;ecl;On;On;Receiver;Off;133.51337;52.76783;0.0022944445;None;NO
13640;99.2964;0.23288;ecl;On;On;Receiver;Off;133.2445;52.1628;0.0022944445;None;NO
13650;99.28448;0.23318;ecl;On;On;Receiver;Off;132.98169;51.55733;0.0022944445;None;NO
13660;99.27255;0.23348;ecl;On;On;Receiver;Off;132.72461;50.95145;0.0022944445;None;NO
13670;99.26063;0.23378;ecl;On;On;Receiver;Off;132.473;50.345173;0.0022944445;None;NO
13680;99.2487;0.23408;ecl;On;On;Receiver;Off;132.22665;49.738518;0.0022944445;None;NO
13690;99.23678;0.23438;ecl;On;On;Receiver;Off;131.98529;49.131504;0.0022944445;None;NO
13700;99.22485;0.23468;ecl;On;On;Receiver;Off;131.74872;48.524147;0.0022944445;None;NO
13710;99.21292;0.23498;ecl;On;On;Receiver;Off;131.51671;47.916462;0.0022944445;None;NO
13720;99.201;0.23528;ecl;On;On;Receiver;Off;131.28906;47.30846;0.0022944445;None;NO
13730;99.18907;0.23558;ecl;On;On;Receiver;Off;131.06561;46.70016;0.0022944445;None;NO
13740;99.17715;0.23588;ecl;On;On;Receiver;Off;130.84616;46.09157;0.0022944445;None;NO
13750;99.16522;0.23618;ecl;On;On;Receiver;Off;130.63055;45.48271;0.0022944445;None;NO
13760;99.1533;0.23648;ecl;On;On;Receiver;Off;130.41862;44.873585;0.0022944445;None;NO
13770;99.14137;0.23678;ecl;On;On;Receiver;Off;130.21022;44.264206;0.0022944445;None;NO
13780;99.12945;0.23708;ecl;On;On;Receiver;Off;130.0052;43.654587;0.0022944445;None;NO
13790;99.11752;0.23738;ecl;On;On;Receiver;Off;129.80344;43.044735;0.0022944445;None;NO
13800;99.1056;0.23768;ecl;On;On;Receiver;Off;129.60478;42.434658;0.0022944445;None;NO
13810;99.09367;0.23798;ecl;On;On;Receiver;Off;129.40912;41.82437;0.0022944445;None;NO
13820;99.08175;0.23828;ecl;On;On;Receiver;Off;129.21634;41.213875;0.0022944445;None;NO
13830;99.06982;0.23858;ecl;On;On;Receiver;Off;129.0263;40.603184;0.0022944445;None;NO
13840;99.05789;0.23888;ecl;On;On;Receiver;Off;128.83894;39.992306;0.0022944445;None;NO
13850;99.04597;0.23918;ecl;On;On;Receiver;Off;128.65413;39.38124;0.0022944445;None;NO
13860;99.03404;0.23948;ecl;On;On;Receiver;Off;128.47177;38.770004;0.0022944445;None;NO
13870;99.02212;0.23978;ecl;On;On;Receiver;Off;128.29178;38.1586;0.0022944445;None;NO
13880;99.01019;0.24008;ecl;On;On;Receiver;Off;128.11406;37.54703;0.0022944445;None;NO
13890;98.99827;0.24038;ecl;On;On;Receiver;Off;127.93852;36.93531;0.0022944445;None;NO
13900;98.98634;0.24068;ecl;On;On;Receiver;Off;127.7651;36.323437;0.0022944445;None;NO
13910;98.97442;0.24098;ecl;On;On;Receiver;Off;127.593704;35.71142;0.0022944445;None;NO
13920;98.962494;0.24128;ecl;On;On;Receiver;Off;127.424255;35.099262;0.0022944445;None;NO
13930;98.95057;0.24158;ecl;On;On;Receiver;Off;127.2567;34.486973;0.0022944445;None;NO
13940;98.93864;0.24188;ecl;On;On;Receiver;Off;127.09095;33.874557;0.0022944445;None;NO
13950;98.92671;0.24218;ecl;On;On;Receiver;Off;126.92694;33.262012;0.0022944445;None;NO
13960;98.91479;0.24248;ecl;On;On;Receiver;Off;126.764626;32.649353;0.0022944445;None;NO
13970;98.90286;0.24278;ecl;On;On;Receiver;Off;126.60392;32.036575;0.0022944445;None;NO
13980;98.89094;0.24308;ecl;On;On;Receiver;Off;126.444786;31.423687;0.0022944445;None;NO
13990;98.87901;0.24338;ecl;On;On;Receiver;Off;126.287155;30.810694;0.0022944445;None;NO
14000;98.86709;0.24368;ecl;On;On;Receiver;Off;126.130974;30.197596;0.0022944445;None;NO
14010;98.85516;0.24398;ecl;On;On;Receiver;Off;125.97619;29.5844;0.0022944445;None;NO
14020;98.84324;0.24428;ecl;On;On;Receiver;Off;125.82276;28.971107;0.0022944445;None;NO
14030;98.831314;0.24458;ecl;On;On;Receiver;Off;125.67062;28.357723;0.0022944445;None;NO
14040;98.81939;0.24488;ecl;On;On;Receiver;Off;125.519745;27.744251;0.0022944445;None;NO
14050;98.807465;0.24518;ecl;On;On;Receiver;Off;125.37006;27.130692;0.0022944445;None;NO
14060;98.79553;0.24548;ecl;On;On;Receiver;Off;125.22155;26.517052;0.0022944445;None;NO
14070;98.78361;0.24578;ecl;On;On;Receiver;Off;125.07416;25.903332;0.0022944445;None;NO
14080;98.77168;0.24608;ecl;On;On;Receiver;Off;124.92784;25.289536;0.0022944445;None;NO
14090;98.75976;0.24638;ecl;On;On;Receiver;Off;124.78256;24.675665;0.0022944445;None;NO
14100;98.74783;0.24668;ecl;On;On;Receiver;Off;124.63828;24.061724;0.0022944445;None;NO
14110;98.73591;0.24698;ecl;On;On;Receiver;Off;124.494965;23.447714;0.0022944445;None;NO
14120;98.72398;0.24728;ecl;On;On;Receiver;Off;124.35257;22.83364;0.0022944445;None;NO
14130;98.71206;0.24758;ecl;On;On;Receiver;Off;124.21107;22.219501;0.0022944445;None;NO
14140;98.700134;0.24788;ecl;On;On;Receiver;Off;124.07043;21.605303;0.0022944445;None;NO
14150;98.68821;0.24818;ecl;On;On;Receiver;Off;123.9306;20.991047;0.0022944445;None;NO
14160;98.676285;0.24848;ecl;On;On;Receiver;Off;123.79157;20.376734;0.0022944445;None;NO
14170;98.66436;0.24878;ecl;On;On;Receiver;Off;123.6533;19.762367;0.0022944445;None;NO
14180;98.65243;0.24908;ecl;On;On;Receiver;Off;123.515755;19.14795;0.0022944445;None;NO
14190;98.6405;0.24938;ecl;On;On;Receiver;Off;123.37891;18.533482;0.0022944445;None;NO
14200;98.62858;0.24968;ecl;On;On;Receiver;Off;123.24273;17.918966;0.0022944445;None;NO
14210;98.61665;0.24998;ecl;On;On;Receiver;Off;123.107185;17.304405;0.0022944445;None;NO
14220;98.60473;0.25028;ecl;On;On;Receiver;Off;122.97226;16.6898;0.0022944445;None;NO
14230;98.592804;0.25058;ecl;On;On;Receiver;Off;122.83792;16.075155;0.0022944445;None;NO
14240;98.58088;0.25088;ecl;On;On;Receiver;Off;122.70414;15.460469;0.0022944445;None;NO
14250;98.568954;0.25118;ecl;On;On;Receiver;Off;122.57089;14.845746;0.0022944445;None;NO
14260;98.55703;0.25148;ecl;On;On;Receiver;Off;122.438156;14.230986;0.0022944445;None;NO
14270;98.545105;0.25178;ecl;On;On;Receiver;Off;122.30589;13.616192;0.0022944445;None;NO
14280;98.53318;0.25208;ecl;On;On;Receiver;Off;122.174095;13.001366;0.0022944445;None;NO
14290;98.521255;0.25238;ecl;On;On;Receiver;Off;122.04273;12.386508;0.0022944445;None;NO
14300;98.50932;0.25268;ecl;On;On;Receiver;Off;121.91177;11.771621;0.0022944445;None;NO
14310;98.4974;0.25298;ecl;On;On;Receiver;Off;121.781204;11.156706;0.0022944445;None;NO
14320;98.48547;0.25328;ecl;On;On;Receiver;Off;121.651;10.541765;0.0022944445;None;NO
14330;98.47355;0.25358;ecl;On;On;Receiver;Off;121.52113;9.9268;0.0022944445;None;NO
14340;98.461624;0.25388;ecl;On;On;Receiver;Off;121.391594;9.311811;0.0022944445;None;NO
14350;98.4497;0.25418;ecl;On;On;Receiver;Off;121.26235;8.696802;0.0022944445;None;NO
14360;98.437775;0.25448;ecl;On;On;Receiver;Off;121.13338;8.081773;0.0022944445;None;NO
14370;98.42585;0.25478;ecl;On;On;Receiver;Off;121.00467;7.4667244;0.0022944445;None;NO
14380;98.413925;0.25508;ecl;On;On;Receiver;Off;120.87619;6.85166;0.0022944445;None;NO
14390;98.402;0.25538;ecl;On;On;Receiver;Off;120.74792;6.236579;0.0022944445;None;NO
14400;98.390076;0.25568;ecl;On;On;Receiver;Off;120.61984;5.6214848;0.0022944445;None;NO
14410;98.37815;0.25598;ecl;On;On;Receiver;Off;120.49194;5.006377;0.0022944445;None;NO
14420;98.36622;0.25628;ecl;On;On;Receiver;Off;120.36419;4.3912587;0.0022944445;None;NO
14430;98.354294;0.25658;ecl;On;On;Receiver;Off;120.23657;3.7761307;0.0022944445;None;NO
14440;98.34237;0.25688;ecl;On;On;Receiver;Off;120.10906;3.1609938;0.0022944445;None;NO
14450;98.330444;0.25718;ecl;On;On;Receiver;Off;119.98165;2.54585;0.0022944445;None;NO
14460;98.31852;0.25748;ecl;On;On;Receiver;Off;119.8543;1.9307005;0.0022944445;None;NO
14470;98.306595;0.25778;ecl;On;On;Receiver;Off;119.72701;1.3155469;0.0022944445;None;NO
14480;98.29467;0.25808;ecl;On;On;Receiver;Off;119.599754;0.70039016;0.0022944445;None;NO
14490;98.282745;0.25838;ecl;On;On;Receiver;Off;119.4725;0.085231915;0.0022944445;None;NO
14500;98.27082;0.25868;ecl;On;On;Receiver;Off;119.345245;-0.52992654;0.0022944445;None;NO
14510;98.258896;0.25898;ecl;On;On;Receiver;Off;119.217964;-1.1450838;0.0022944445;None;NO
14520;98.24697;0.25928;ecl;On;On;Receiver;Off;119.09064;-1.7602384;0.0022944445;None;NO
14530;98.23505;0.25958;ecl;On;On;Receiver;Off;118.96324;-2.3753893;0.0022944445;None;NO
14540;98.223114;0.25988;ecl;On;On;Receiver;Off;118.835754;-2.9905348;0.0022944445;None;NO
14550;98.21119;0.26018;ecl;On;On;Receiver;Off;118.70817;-3.6056736;0.0022944445;None;NO
14560;98.199265;0.26048;ecl;On;On;Receiver;Off;118.58045;-4.220804;0.0022944445;None;NO
14570;98.18734;0.26078;ecl;On;On;Receiver;Off;118.45259;-4.8359256;0.0022944445;None;NO
14580;98.175415;0.26108;ecl;On;On;Receiver;Off;118.32456;-5.451036;0.0022944445;None;NO
14590;98.16349;0.26138;ecl;On;On;Receiver;Off;118.19635;-6.0661345;0.0022944445;None;NO
14600;98.151566;0.26168;ecl;On;On;Receiver;Off;118.067924;-6.681219;0.0022944445;None;NO
14610;98.13964;0.26198;ecl;On;On;Receiver;Off;117.93928;-7.2962885;0.0022944445;None;NO
14620;98.127716;0.26228;ecl;On;On;Receiver;Off;117.81037;-7.911341;0.0022944445;None;NO
14630;98.11579;0.26258;ecl;On;On;Receiver;Off;117.6812;-8.526376;0.0022944445;None;NO
14640;98.10387;0.26288;ecl;On;On;Receiver;Off;117.551735;-9.141392;0.0022944445;None;NO
14650;98.09194;0.26318;ecl;On;On;Receiver;Off;117.42196;-9.756386;0.0022944445;None;NO
14660;98.08001;0.26348;ecl;On;On;Receiver;Off;117.29185;-10.371357;0.0022944445;None;NO
14670;98.068085;0.26378;ecl;On;On;Receiver;Off;117.16137;-10.986305;0.0022944445;None;NO
14680;98.05616;0.26408;ecl;On;On;Receiver;Off;117.03052;-11.601227;0.0022944445;None;NO
14690;98.044235;0.26438;ecl;On;On;Receiver;Off;116.89926;-12.216122;0.0022944445;None;NO
14700;98.03231;0.26468;ecl;On;On;Receiver;Off;116.76757;-12.830988;0.0022944445;None;NO
14710;98.020386;0.26498;ecl;On;On;Receiver;Off;116.63544;-13.445824;0.0022944445;None;NO
14720;98.00846;0.26528;ecl;On;On;Receiver;Off;116.50282;-14.060626;0.0022944445;None;NO
14730;97.99654;0.26558;ecl;On;On;Receiver;Off;116.369705;-14.675396;0.0022944445;None;NO
14740;97.98461;0.26588;ecl;On;On;Receiver;Off;116.23607;-15.29013;0.0022944445;None;NO
14750;97.97269;0.26618;ecl;On;On;Receiver;Off;116.101875;-15.904826;0.0022944445;None;NO
14760;97.96076;0.26648;ecl;On;On;Receiver;Off;115.9671;-16.519484;0.0022944445;None;NO
14770;97.94883;0.26678;ecl;On;On;Receiver;Off;115.831726;-17.1341;0.0022944445;None;NO
14780;97.936905;0.26708;ecl;On;On;Receiver;Off;115.69572;-17.748672;0.0022944445;None;NO
14790;97.92498;0.26738;ecl;On;On;Receiver;Off;115.559044;-18.363201;0.0022944445;None;NO
14800;97.913055;0.26768;ecl;On;On;Receiver;Off;115.42168;-18.977682;0.0022944445;None;NO
14810;97.90113;0.26798;ecl;On;On;Receiver;Off;115.2836;-19.592113;0.0022944445;None;NO
14820;97.889206;0.26828;ecl;On;On;Receiver;Off;115.14476;-20.206495;0.0022944445;None;NO
14830;97.87728;0.26858;ecl;On;On;Receiver;Off;115.00515;-20.820824;0.0022944445;None;NO
14840;97.86536;0.26888;ecl;On;On;Receiver;Off;114.864716;-21.435095;0.0022944445;None;NO
14850;97.85343;0.26918;ecl;On;On;Receiver;Off;114.72344;-22.04931;0.0022944445;None;NO
14860;97.84151;0.26948;ecl;On;On;Receiver;Off;114.58128;-22.663465;0.0022944445;None;NO
14870;97.82958;0.26978;ecl;On;On;Receiver;Off;114.43821;-23.277557;0.0022944445;None;NO
14880;97.81766;0.27008;ecl;On;On;Receiver;Off;114.29418;-23.891584;0.0022944445;None;NO
14890;97.805725;0.27038;ecl;On;On;Receiver;Off;114.14916;-24.505545;0.0022944445;None;NO
14900;97.7938;0.27068;ecl;On;On;Receiver;Off;114.00311;-25.119434;0.0022944445;None;NO
14910;97.781876;0.27098;ecl;On;On;Receiver;Off;113.856;-25.733252;0.0022944445;None;NO
14920;97.76995;0.27128;ecl;On;On;Receiver;Off;113.70778;-26.346994;0.0022944445;None;NO
14930;97.758026;0.27158;ecl;On;On;Receiver;Off;113.55841;-26.960657;0.0022944445;None;NO
14940;97.7461;0.27188;ecl;On;On;Receiver;Off;113.40784;-27.574238;0.0022944445;None;NO
14950;97.73418;0.27218;ecl;On;On;Receiver;Off;113.256035;-28.187735;0.0022944445;None;NO
14960;97.72225;0.27248;ecl;On;On;Receiver;Off;113.102936;-28.801144;0.0022944445;None;NO
14970;97.71033;0.27278;ecl;On;On;Receiver;Off;112.94851;-29.414463;0.0022944445;None;NO
14980;97.6984;0.27308;ecl;On;On;Receiver;Off;112.792694;-30.027685;0.0022944445;None;NO
14990;97.68648;0.27338;ecl;On;On;Receiver;Off;112.635445;-30.64081;0.0022944445;None;NO
15000;97.67455;0.27368;ecl;On;On;Receiver;Off;112.4767;-31.253834;0.0022944445;None;NO
15010;97.71604;0.27398;sun;On;On;Receiver;Off;112.31641;-31.866753;0.0022944445;None;NO
15020;97.75754;0.27428;sun;On;On;Receiver;Off;112.15451;-32.47956;0.0022944445;None;NO
15030;97.79903;0.27458;sun;On;On;Receiver;Off;111.990944;-33.092255;0.0022944445;None;NO
15040;97.84052;0.27488;sun;On;On;Receiver;Off;111.82565;-33.70483;0.0022944445;None;NO
15050;97.88202;0.27518;sun;On;On;Receiver;Off;111.65856;-34.317284;0.0022944445;None;NO
15060;97.92351;0.27548;sun;On;On;Receiver;Off;111.48962;-34.929607;0.0022944445;None;NO
15070;97.965004;0.27578;sun;On;On;Receiver;Off;111.318726;-35.5418;0.0022944445;None;NO
15080;98.0065;0.27608;sun;On;On;Receiver;Off;111.14583;-36.15386;0.0022944445;None;NO
15090;98.04799;0.27638;sun;On;On;Receiver;Off;110.97085;-36.76577;0.0022944445;None;NO
15100;98.089485;0.27668;sun;On;On;Receiver;Off;110.7937;-37.377537;0.0022944445;None;NO
15110;98.130974;0.27698;sun;On;On;Receiver;Off;110.6143;-37.989147;0.0022944445;None;NO
15120;98.17247;0.27728;sun;On;On;Receiver;Off;110.43256;-38.600597;0.0022944445;None;NO
15130;98.21397;0.27758;sun;On;On;Receiver;Off;110.24839;-39.211884;0.0022944445;None;NO
15140;98.255455;0.27788;sun;On;On;Receiver;Off;110.06169;-39.822994;0.0022944445;None;NO
15150;98.29695;0.27818;sun;On;On;Receiver;Off;109.87236;-40.433926;0.0022944445;None;NO
15160;98.33845;0.27848;sun;On;On;Receiver;Off;109.6803;-41.04467;0.0022944445;None;NO
15170;98.37994;0.27878;sun;On;On;Receiver;Off;109.48539;-41.65522;0.0022944445;None;NO
15180;98.42143;0.27908;sun;On;On;Receiver;Off;109.28752;-42.265564;0.0022944445;None;NO
15190;98.46292;0.27938;sun;On;On;Receiver;Off;109.08656;-42.8757;0.0022944445;None;NO
15200;98.50442;0.27968;sun;On;On;Receiver;Off;108.88239;-43.485615;0.0022944445;None;NO
15210;98.54591;0.27998;sun;On;On;Receiver;Off;108.67488;-44.095303;0.0022944445;None;NO
15220;98.5874;0.28028;sun;On;On;Receiver;Off;108.463875;-44.704746;0.0022944445;None;NO
15230;98.6289;0.28058;sun;On;On;Receiver;Off;108.24922;-45.313946;0.0022944445;None;NO
15240;98.670395;0.28088;sun;On;On;Receiver;Off;108.030785;-45.922882;0.0022944445;None;NO
15250;98.71188;0.28118;sun;On;On;Receiver;Off;107.80838;-46.531548;0.0022944445;None;NO
15260;98.75338;0.28148;sun;On;On;Receiver;Off;107.58183;-47.139927;0.0022944445;None;NO
15270;98.79487;0.28178;sun;On;On;Receiver;Off;107.350975;-47.748013;0.0022944445;None;NO
15280;98.836365;0.28208;sun;On;On;Receiver;Off;107.11559;-48.355785;0.0022944445;None;NO
15290;98.87786;0.28238;sun;On;On;Receiver;Off;106.87549;-48.963238;0.0022944445;None;NO
15300;98.91935;0.28268;sun;On;On;Receiver;Off;106.63044;-49.570347;0.0022944445;None;NO
15310;98.960846;0.28298;sun;On;On;Receiver;Off;106.38022;-50.177105;0.0022944445;None;NO
15320;99.00234;0.28328;sun;On;On;Receiver;Off;106.12457;-50.783485;0.0022944445;None;NO
15330;99.04383;0.28358;sun;On;On;Receiver;Off;105.86326;-51.38948;0.0022944445;None;NO
15340;99.08533;0.28388;sun;On;On;Receiver;Off;105.595985;-51.995064;0.0022944445;None;NO
15350;99.126816;0.28418;sun;On;On;Receiver;Off;105.32246;-52.600216;0.0022944445;None;NO
15360;99.16831;0.28448;sun;On;On;Receiver;Off;105.04237;-53.204918;0.0022944445;None;NO
15370;99.20981;0.28478;sun;On;On;Receiver;Off;104.755394;-53.809147;0.0022944445;None;NO
15380;99.2513;0.28508;sun;On;On;Receiver;Off;104.46117;-54.412876;0.0022944445;None;NO
15390;99.29279;0.28538;sun;On;On;Receiver;Off;104.15932;-55.01608;0.0022944445;None;NO
15400;99.33429;0.28568;sun;On;On;Receiver;Off;103.849434;-55.61873;0.0022944445;None;NO
15410;99.37578;0.28598;sun;On;On;Receiver;Off;103.53109;-56.220795;0.0022944445;None;NO
15420;99.417274;0.28628;sun;On;On;Receiver;Off;103.20383;-56.822243;0.0022944445;None;NO
15430;99.45876;0.28658;sun;On;On;Receiver;Off;102.86715;-57.423042;0.0022944445;None;NO
15440;99.50026;0.28688;sun;On;On;Receiver;Off;102.520515;-58.023155;0.0022944445;None;NO
15450;99.541756;0.28718;sun;On;On;Receiver;Off;102.163376;-58.62254;0.0022944445;None;NO
15460;99.583244;0.28748;sun;On;On;Receiver;Off;101.7951;-59.221153;0.0022944445;None;NO
15470;99.62474;0.28778;sun;On;On;Receiver;Off;101.41504;-59.818954;0.0022944445;None;NO
15480;99.66624;0.28808;sun;On;On;Receiver;Off;101.02249;-60.415886;0.0022944445;None;NO
15490;99.707726;0.28838;sun;On;On;Receiver;Off;100.61668;-61.011898;0.0022944445;None;NO
15500;99.74922;0.28868;sun;On;On;Receiver;Off;100.19678;-61.60693;0.0022944445;None;NO
15510;99.79071;0.28898;sun;On;On;Receiver;Off;99.7619;-62.20092;0.0022944445;None;NO
15520;99.83221;0.28928;sun;On;On;Receiver;Off;99.31108;-62.7938;0.0022944445;None;NO
15530;99.8737;0.28958;sun;On;On;Receiver;Off;98.84327;-63.385494;0.0022944445;None;NO
15540;99.91519;0.28988;sun;On;On;Receiver;Off;98.35733;-63.97592;0.0022944445;None;NO
15550;99.95669;0.29018;sun;On;On;Receiver;Off;97.85202;-64.564995;0.0022944445;None;NO
15560;99.988075;0.29048;sun;On;On;Receiver;Off;97.326;-65.15262;0.0022944445;None;NO
15570;99.988075;0.29078;sun;On;On;Receiver;Off;96.777794;-65.738686;0.0022944445;None;NO
15580;99.988075;0.29108;sun;On;On;Receiver;Off;96.2058;-66.323074;0.0022944445;None;NO
15590;99.988075;0.29138;sun;On;On;Receiver;Off;95.60828;-66.90566;0.0022944445;None;NO
15600;99.988075;0.29168;sun;On;On;Receiver;Off;94.9833;-67.486305;0.0022944445;None;NO
15610;99.988075;0.29198;sun;On;On;Receiver;Off;94.328766;-68.06486;0.0022944445;None;NO
15620;99.988075;0.29228;sun;On;On;Receiver;Off;93.642365;-68.64114;0.0022944445;None;NO
15630;99.988075;0.29258;sun;On;On;Receiver;Off;92.921555;-69.21497;0.0022944445;None;NO
15640;99.988075;0.29288;sun;On;On;Receiver;Off;92.16354;-69.78613;0.0022944445;None;NO
15650;99.988075;0.29318;sun;On;On;Receiver;Off;91.36525;-70.3544;0.0022944445;None;NO
15660;99.988075;0.29348;sun;On;On;Receiver;Off;90.52327;-70.91951;0.0022944445;None;NO
15670;99.988075;0.29378;sun;On;On;Receiver;Off;89.63384;-71.48117;0.0022944445;None;NO
15680;99.988075;0.29408;sun;On;On;Receiver;Off;88.69281;-72.03906;0.0022944445;None;NO
15690;99.988075;0.29438;sun;On;On;Receiver;Off;87.69556;-72.59282;0.0022944445;None;NO
15700;99.988075;0.29468;sun;On;On;Receiver;Off;86.636986;-73.14203;0.0022944445;None;NO
15710;99.988075;0.29498;sun;On;On;Receiver;Off;85.511444;-73.68625;0.0022944445;None;NO
15720;99.988075;0.29528;sun;On;On;Receiver;Off;84.31266;-74.224945;0.0022944445;None;NO
15730;99.988075;0.29558;sun;On;On;Receiver;Off;83.03371;-74.75754;0.0022944445;None;NO
15740;99.988075;0.29588;sun;On;On;Receiver;Off;81.6669;-75.28337;0.0022944445;None;NO
15750;99.988075;0.29618;sun;On;On;Receiver;Off;80.20377;-75.801674;0.0022944445;None;NO
15760;99.988075;0.29648;sun;On;On;Receiver;Off;78.63502;-76.311615;0.0022944445;None;NO
15770;99.988075;0.29678;sun;On;On;Receiver;Off;76.950424;-76.8122;0.0022944445;None;NO
15780;99.988075;0.29708;sun;On;On;Receiver;Off;75.1389;-77.302345;0.0022944445;None;NO
15790;99.988075;0.29738;sun;On;On;Receiver;Off;73.18848;-77.78078;0.0022944445;None;NO
15800;99.988075;0.29768;sun;On;On;Receiver;Off;71.086395;-78.24608;0.0022944445;None;NO
15810;99.988075;0.29798;sun;On;On;Receiver;Off;68.819305;-78.69661;0.0022944445;None;NO
15820;99.988075;0.29828;sun;On;On;Receiver;Off;66.373535;-79.13055;0.0022944445;None;NO
15830;99.988075;0.29858;sun;On;On;Receiver;Off;63.735588;-79.54582;0.0022944445;None;NO
15840;99.988075;0.29888;sun;On;On;Receiver;Off;60.892788;-79.94012;0.0022944445;None;NO
15850;99.988075;0.29918;sun;On;On;Receiver;Off;57.834213;-80.310875;0.0022944445;None;NO
15860;99.988075;0.29948;sun;On;On;Receiver;Off;54.55187;-80.6553;0.0022944445;None;NO
15870;99.988075;0.29978;sun;On;On;Receiver;Off;51.042152;-80.97036;0.0022944445;None;NO
15880;99.988075;0.30008;sun;On;On;Receiver;Off;47.307465;-81.25289;0.0022944445;None;NO
15890;99.988075;0.30038;sun;On;On;Receiver;Off;43.357853;-81.49966;0.0022944445;None;NO
15900;99.988075;0.30068;sun;On;On;Receiver;Off;39.212368;-81.70746;0.0022944445;None;NO
15910;99.988075;0.30098;sun;On;On;Receiver;Off;34.89986;-81.8733;0.0022944445;None;NO
15920;99.988075;0.30128;sun;On;On;Receiver;Off;30.458803;-81.99458;0.0022944445;None;NO
15930;99.988075;0.30158;sun;On;On;Receiver;Off;25.935886;-82.06925;0.0022944445;None;NO
15940;99.988075;0.30188;sun;On;On;Receiver;Off;21.383438;-82.09599;0.0022944445;None;NO
15950;99.988075;0.30218;sun;On;On;Receiver;Off;16.855894;-82.07432;0.0022944445;None;NO
15960;99.988075;0.30248;sun;On;On;Receiver;Off;12.4059105;-82.00462;0.0022944445;None;NO
15970;99.988075;0.30278;sun;On;On;Receiver;Off;8.080779;-81.888145;0.0022944445;None;NO
15980;99.988075;0.30308;sun;On;On;Receiver;Off;3.9197435;-81.72686;0.0022944445;None;NO
15990;99.988075;0.30338;sun;On;On;Receiver;Off;-0.047501307;-81.52332;0.0022944445;None;NO
16000;99.988075;0.30368;sun;On;On;Receiver;Off;-3.801078;-81.280495;0.0022944445;None;NO
16010;99.988075;0.30398;sun;On;On;Receiver;Off;-7.3302226;-81.00156;0.0022944445;None;NO
16020;99.988075;0.30428;sun;On;On;Receiver;Off;-10.631943;-80.68975;0.0022944445;None;NO
16030;99.988075;0.30458;sun;On;On;Receiver;Off;-13.709394;-80.34826;0.0022944445;None;NO
16040;99.988075;0.30488;sun;On;On;Receiver;Off;-16.57025;-79.980125;0.0022944445;None;NO
16050;99.988075;0.30518;sun;On;On;Receiver;Off;-19.225237;-79.58817;0.0022944445;None;NO
16060;99.988075;0.30548;sun;On;On;Receiver;Off;-21.686916;-79.17499;0.0022944445;None;NO
16070;99.988075;0.30578;sun;On;On;Receiver;Off;-23.968754;-78.742905;0.0022944445;None;NO
16080;99.988075;0.30608;sun;On;On;Receiver;Off;-26.084417;-78.29402;0.0022944445;None;NO
16090;99.988075;0.30638;sun;On;On;Receiver;Off;-28.047302;-77.83019;0.0022944445;None;NO
16100;99.988075;0.30668;sun;On;On;Receiver;Off;-29.870224;-77.353065;0.0022944445;None;NO
16110;99.988075;0.30698;sun;On;On;Receiver;Off;-31.565222;-76.86409;0.0022944445;None;NO
16120;99.988075;0.30728;sun;On;On;Receiver;Off;-33.14347;-76.36454;0.0022944445;None;NO
16130;99.988075;0.30758;sun;On;On;Receiver;Off;-34.615253;-75.85554;0.0022944445;None;NO
16140;99.988075;0.30788;sun;On;On;Receiver;Off;-35.989952;-75.33806;0.0022944445;None;NO
16150;99.988075;0.30818;sun;On;On;Receiver;Off;-37.27611;-74.81299;0.0022944445;None;NO
16160;99.988075;0.30848;sun;On;On;Receiver;Off;-38.48147;-74.28107;0.0022944445;None;NO
16170;99.988075;0.30878;sun;On;On;Receiver;Off;-39.613018;-73.74298;0.0022944445;None;NO
16180;99.988075;0.30908;sun;On;On;Receiver;Off;-40.677086;-73.19932;0.0022944445;None;NO
16190;99.988075;0.30938;sun;On;On;Receiver;Off;-41.679375;-72.650604;0.0022944445;None;NO
16200;99.988075;0.30968;sun;On;On;Receiver;Off;-42.62503;-72.097305;0.0022944445;None;NO
16210;99.988075;0.30998;sun;On;On;Receiver;Off;-43.518703;-71.539825;0.0022944445;None;NO
16220;99.988075;0.31028;sun;On;On;Receiver;Off;-44.36459;-70.978546;0.0022944445;None;NO
16230;99.988075;0.31058;sun;On;On;Receiver;Off;-45.16648;-70.41379;0.0022944445;None;NO
16240;99.988075;0.31088;sun;On;On;Receiver;Off;-45.92781;-69.84584;0.0022944445;None;NO
16250;99.988075;0.31118;sun;On;On;Receiver;Off;-46.651684;-69.27497;0.0022944445;None;NO
16260;99.988075;0.31148;sun;On;On;Receiver;Off;-47.340927;-68.70141;0.0022944445;None;NO
16270;99.988075;0.31178;sun;On;On;Receiver;Off;-47.998093;-68.125374;0.0022944445;None;NO
16280;99.988075;0.31208;sun;On;On;Receiver;Off;-48.625515;-67.54705;0.0022944445;None;NO
16290;99.988075;0.31238;sun;On;On;Receiver;Off;-49.225307;-66.96661;0.0022944445;None;NO
16300;99.988075;0.31268;sun;On;On;Receiver;Off;-49.799408;-66.384224;0.0022944445;None;NO
16310;99.988075;0.31298;sun;On;On;Receiver;Off;-50.349583;-65.80002;0.0022944445;None;NO
16320;99.988075;0.31328;sun;On;On;Receiver;Off;-50.877445;-65.21412;0.0022944445;None;NO
16330;99.988075;0.31358;sun;On;On;Receiver;Off;-51.38447;-64.626656;0.0022944445;None;NO
16340;99.988075;0.31388;sun;On;On;Receiver;Off;-51.87202;-64.037735;0.0022944445;None;NO
16350;99.988075;0.31418;sun;On;On;Receiver;Off;-52.34134;-63.44744;0.0022944445;None;NO
16360;99.988075;0.31448;sun;On;On;Receiver;Off;-52.793568;-62.855877;0.0022944445;None;NO
16370;99.988075;0.31478;sun;On;On;Receiver;Off;-53.229767;-62.263115;0.0022944445;None;NO
16380;99.988075;0.31508;sun;On;On;Receiver;Off;-53.65091;-61.66924;0.0022944445;None;NO
16390;99.988075;0.31538;sun;On;On;Receiver;Off;-54.057896;-61.074314;0.0022944445;None;NO
16400;99.988075;0.31568;sun;On;On;Receiver;Off;-54.45155;-60.4784;0.0022944445;None;NO
16410;99.988075;0.31598;sun;On;On;Receiver;Off;-54.83265;-59.88156;0.0022944445;None;NO
16420;99.988075;0.31628;sun;On;On;Receiver;Off;-55.201904;-59.28385;0.0022944445;None;NO
16430;99.988075;0.31658;sun;On;On;Receiver;Off;-55.559975;-58.68532;0.0022944445;None;NO
16440;99.988075;0.31688;sun;On;On;Receiver;Off;-55.90748;-58.086014;0.0022944445;None;NO
16450;99.988075;0.31718;sun;On;On;Receiver;Off;-56.24499;-57.485977;0.0022944445;None;NO
16460;99.988075;0.31748;sun;On;On;Receiver;Off;-56.57304;-56.885246;0.0022944445;None;NO
16470;99.988075;0.31778;sun;On;On;Receiver;Off;-56.892128;-56.283863;0.0022944445;None;NO
16480;99.988075;0.31808;sun;On;On;Receiver;Off;-57.202717;-55.68186;0.0022944445;None;NO
16490;99.988075;0.31838;sun;On;On;Receiver;Off;-57.505238;-55.079273;0.0022944445;None;NO
16500;99.988075;0.31868;sun;On;On;Receiver;Off;-57.800102;-54.476124;0.0022944445;None;NO
16510;99.988075;0.31898;sun;On;On;Receiver;Off;-58.087685;-53.87245;0.0022944445;None;NO
16520;99.988075;0.31928;sun;On;On;Receiver;Off;-58.368347;-53.268272;0.0022944445;None;NO
16530;99.988075;0.31958;sun;On;On;Receiver;Off;-58.642418;-52.66362;0.0022944445;None;NO
16540;99.988075;0.31988;sun;On;On;Receiver;Off;-58.910217;-52.058514;0.0022944445;None;NO
16550;99.988075;0.32018;sun;On;On;Receiver;Off;-59.17203;-51.452972;0.0022944445;None;NO
16560;99.988075;0.32048;sun;On;On;Receiver;Off;-59.42815;-50.847023;0.0022944445;None;NO
16570;99.988075;0.32078;sun;On;On;Receiver;Off;-59.678825;-50.24068;0.0022944445;None;NO
16580;99.988075;0.32108;sun;On;On;Receiver;Off;-59.924305;-49.63396;0.0022944445;None;NO
16590;99.988075;0.32138;sun;On;On;Receiver;Off;-60.164825;-49.026886;0.0022944445;None;NO
16600;99.988075;0.32168;sun;On;On;Receiver;Off;-60.4006;-48.41947;0.0022944445;None;NO
16610;99.988075;0.32198;sun;On;On;Receiver;Off;-60.631844;-47.81173;0.0022944445;None;NO
16620;99.988075;0.32228;sun;On;On;Receiver;Off;-60.85875;-47.20368;0.0022944445;None;NO
16630;99.988075;0.32258;sun;On;On;Receiver;Off;-61.0815;-46.59533;0.0022944445;None;NO
16640;99.988075;0.32288;sun;On;On;Receiver;Off;-61.300274;-45.98669;0.0022944445;None;NO
16650;99.988075;0.32318;sun;On;On;Receiver;Off;-61.51524;-45.377785;0.0022944445;None;NO
16660;99.988075;0.32348;sun;On;On;Receiver;Off;-61.72655;-44.768612;0.0022944445;None;NO
16670;99.988075;0.32378;sun;On;On;Receiver;Off;-61.93436;-44.15919;0.0022944445;None;NO
16680;99.988075;0.32408;sun;On;On;Receiver;Off;-62.13881;-43.54953;0.0022944445;None;NO
16690;99.988075;0.32438;sun;On;On;Receiver;Off;-62.340034;-42.93964;0.0022944445;None;NO
16700;99.988075;0.32468;sun;On;On;Receiver;Off;-62.538166;-42.32953;0.0022944445;None;NO
16710;99.988075;0.32498;sun;On;On;Receiver;Off;-62.733322;-41.719204;0.0022944445;None;NO
16720;99.988075;0.32528;sun;On;On;Receiver;Off;-62.925625;-41.108673;0.0022944445;PCD2;NO
16730;99.95085;0.3307;sun;On;On;Re/Tr;Auto;-63.115185;-40.497948;0.009455555;PCD2;NO
16740;99.966415;0.33612;sun;On;On;Receiver;Auto;-63.302105;-39.88704;0.006461111;PCD2;NO
16750;99.95085;0.34154;sun;On;On;Re/Tr;Auto;-63.48649;-39.275944;0.009455555;PCD2;NO
16760;99.966415;0.34696;sun;On;On;Receiver;Auto;-63.66843;-38.664677;0.006461111;PCD2;NO
16770;99.95085;0.35238;sun;On;On;Re/Tr;Auto;-63.848026;-38.053246;0.009455555;PCD2;NO
16780;99.966415;0.3578;sun;On;On;Receiver;Auto;-64.02537;-37.44165;0.006461111;PCD2;NO
16790;99.95085;0.36322;sun;On;On;Re/Tr;Auto;-64.20053;-36.8299;0.009455555;PCD2;NO
16800;99.966415;0.36864;sun;On;On;Receiver;Auto;-64.3736;-36.218002;0.006461111;PCD2;NO
16810;99.95085;0.37406;sun;On;On;Re/Tr;Auto;-64.544655;-35.60596;0.009455555;PCD2;NO
16820;99.966415;0.37948;sun;On;On;Receiver;Auto;-64.71377;-34.993782;0.006461111;PCD2;NO
16830;99.95085;0.3849;sun;On;On;Re/Tr;Auto;-64.88101;-34.38147;0.009455555;PCD2;NO
16840;99.966415;0.39032;sun;On;On;Receiver;Auto;-65.046455;-33.76903;0.006461111;PCD2;NO
16850;99.95085;0.39574;sun;On;On;Re/Tr;Auto;-65.21017;-33.156467;0.009455555;PCD2;NO
16860;99.966415;0.40116;sun;On;On;Receiver;Auto;-65.37221;-32.543785;0.006461111;PCD2;NO
16870;99.95085;0.40658;sun;On;On;Re/Tr;Auto;-65.53263;-31.930988;0.009455555;PCD2;NO
16880;99.966415;0.412;sun;On;On;Receiver;Auto;-65.691505;-31.318083;0.006461111;PCD2;NO
16890;99.95085;0.41742;sun;On;On;Re/Tr;Auto;-65.848885;-30.70507;0.009455555;PCD2;NO
16900;99.966415;0.42284;sun;On;On;Receiver;Auto;-66.004814;-30.091955;0.006461111;PCD2;NO
16910;99.95085;0.42826;sun;On;On;Re/Tr;Auto;-66.15936;-29.478743;0.009455555;PCD2;NO
16920;99.966415;0.43368;sun;On;On;Receiver;Auto;-66.31257;-28.865435;0.006461111;PCD2;NO
16930;99.95085;0.4391;sun;On;On;Re/Tr;Auto;-66.464485;-28.252035;0.009455555;PCD2;NO
16940;99.966415;0.44452;sun;On;On;Receiver;Auto;-66.61516;-27.638546;0.006461111;PCD2;NO
16950;99.95085;0.44994;sun;On;On;Re/Tr;Auto;-66.76463;-27.024975;0.009455555;PCD2;NO
16960;99.966415;0.45536;sun;On;On;Receiver;Auto;-66.91295;-26.41132;0.006461111;PCD2;NO
16970;99.95085;0.46078;sun;On;On;Re/Tr;Auto;-67.06016;-25.797586;0.009455555;PCD2;NO
16980;99.966415;0.4662;sun;On;On;Receiver;Auto;-67.20629;-25.183777;0.006461111;PCD2;NO
16990;99.95085;0.47162;sun;On;On;Re/Tr;Auto;-67.351395;-24.569895;0.009455555;PCD2;NO
17000;99.966415;0.47704;sun;On;On;Receiver;Auto;-67.49551;-23.955942;0.006461111;PCD2;NO
17010;99.95085;0.48246;sun;On;On;Re/Tr;Auto;-67.638664;-23.34192;0.009455555;PCD2;NO
17020;99.966415;0.48788;sun;On;On;Receiver;Auto;-67.7809;-22.727835;0.006461111;PCD2;NO
17030;99.95085;0.4933;sun;On;On;Re/Tr;Auto;-67.92225;-22.113686;0.009455555;PCD2;NO
17040;99.966415;0.49872;sun;On;On;Receiver;Auto;-68.06275;-21.499477;0.006461111;PCD2;NO
17050;99.95085;0.50414;sun;On;On;Re/Tr;Auto;-68.20243;-20.885212;0.009455555;PCD2;NO
17060;99.966415;0.50956;sun;On;On;Receiver;Auto;-68.34133;-20.27089;0.006461111;PCD2;NO
17070;99.95085;0.51498;sun;On;On;Re/Tr;Auto;-68.47948;-19.656513;0.009455555;PCD2;NO
17080;99.966415;0.5204;sun;On;On;Receiver;Auto;-68.6169;-19.042086;0.006461111;PCD2;NO
17090;99.95085;0.52582;sun;On;On;Re/Tr;Auto;-68.75363;-18.42761;0.009455555;PCD2;NO
17100;99.966415;0.52612;sun;On;On;Receiver;Auto;-68.889694;-17.813087;0.006461111;None;NO
17110;99.988075;0.52642;sun;On;On;Receiver;Off;-69.02512;-17.198519;0.0022944445;None;NO
17120;99.988075;0.52672;sun;On;On;Receiver;Off;-69.15995;-16.583906;0.0022944445;None;NO
17130;99.988075;0.52702;sun;On;On;Receiver;Off;-69.29419;-15.969254;0.0022944445;None;NO
17140;99.988075;0.52732;sun;On;On;Receiver;Off;-69.42788;-15.354562;0.0022944445;None;NO
17150;99.988075;0.52762;sun;On;On;Receiver;Off;-69.561035;-14.739832;0.0022944445;None;NO
17160;99.988075;0.52792;sun;On;On;Receiver;Off;-69.693695;-14.125066;0.0022944445;None;NO
17170;99.988075;0.52822;sun;On;On;Receiver;Off;-69.82587;-13.510266;0.0022944445;None;NO
17180;99.988075;0.52852;sun;On;On;Receiver;Off;-69.957596;-12.895433;0.0022944445;None;NO
17190;99.988075;0.52882;sun;On;On;Receiver;Off;-70.08889;-12.280571;0.0022944445;None;NO
17200;99.988075;0.52912;sun;On;On;Receiver;Off;-70.21977;-11.665679;0.0022944445;None;NO
17210;99.988075;0.52942;sun;On;On;Receiver;Off;-70.35028;-11.05076;0.0022944445;None;NO
17220;99.988075;0.52972;sun;On;On;Receiver;Off;-70.48042;-10.435815;0.0022944445;None;NO
17230;99.988075;0.53002;sun;On;On;Receiver;Off;-70.61023;-9.820846;0.0022944445;None;NO
17240;99.988075;0.53032;sun;On;On;Receiver;Off;-70.73972;-9.205853;0.0022944445;None;NO
17250;99.988075;0.53062;sun;On;On;Receiver;Off;-70.86892;-8.59084;0.0022944445;PCD3;NO
17260;99.95085;0.53604;sun;On;On;Re/Tr;Auto;-70.99784;-7.9758077;0.009455555;PCD3;NO
17270;99.966415;0.54146;sun;On;On;Receiver;Auto;-71.12651;-7.3607564;0.006461111;PCD3;NO
17280;99.95085;0.54688;sun;On;On;Re/Tr;Auto;-71.25495;-6.745689;0.009455555;PCD3;NO
17290;99.966415;0.5523;sun;On;On;Receiver;Auto;-71.38319;-6.1306057;0.006461111;PCD3;NO
17300;99.95085;0.55772;sun;On;On;Re/Tr;Auto;-71.51123;-5.515509;0.009455555;PCD3;NO
17310;99.966415;0.56314;sun;On;On;Receiver;Auto;-71.63911;-4.9003997;0.006461111;PCD3;NO
17320;99.95085;0.56856;sun;On;On;Re/Tr;Auto;-71.76683;-4.2852793;0.009455555;PCD3;NO
17330;99.966415;0.57398;sun;On;On;Receiver;Auto;-71.89443;-3.6701496;0.006461111;PCD3;NO
17340;99.95085;0.5794;sun;On;On;Re/Tr;Auto;-72.02192;-3.0550115;0.009455555;PCD3;NO
17350;99.966415;0.58482;sun;On;On;Receiver;Auto;-72.14932;-2.4398665;0.006461111;PCD3;NO
17360;99.95085;0.59024;sun;On;On;Re/Tr;Auto;-72.27666;-1.8247163;0.009455555;PCD3;NO
17370;99.966415;0.59566;sun;On;On;Receiver;Auto;-72.40394;-1.209562;0.006461111;PCD3;NO
17380;99.95085;0.60108;sun;On;On;Re/Tr;Auto;-72.5312;-0.59440494;0.009455555;PCD3;NO
17390;99.966415;0.6065;sun;On;On;Receiver;Auto;-72.65845;0.020753413;0.006461111;PCD3;NO
17400;99.95085;0.61192;sun;On;On;Re/Tr;Auto;-72.785706;0.63591176;0.009455555;PCD3;NO
17410;99.966415;0.61734;sun;On;On;Receiver;Auto;-72.912994;1.2510686;0.006461111;PCD3;NO
17420;99.95085;0.62276;sun;On;On;Re/Tr;Auto;-73.04034;1.8662227;0.009455555;PCD3;NO
17430;99.966415;0.62818;sun;On;On;Receiver;Auto;-73.16774;2.4813728;0.006461111;PCD3;NO
17440;99.95085;0.6336;sun;On;On;Re/Tr;Auto;-73.29524;3.096517;0.009455555;PCD3;NO
17450;99.966415;0.63902;sun;On;On;Receiver;Auto;-73.42285;3.7116547;0.006461111;PCD3;NO
17460;99.95085;0.64444;sun;On;On;Re/Tr;Auto;-73.55059;4.326784;0.009455555;PCD3;NO
17470;99.966415;0.64986;sun;On;On;Receiver;Auto;-73.67848;4.9419036;0.006461111;PCD3;NO
17480;99.95085;0.65528;sun;On;On;Re/Tr;Auto;-73.80654;5.557012;0.009455555;PCD3;NO
17490;99.966415;0.6607;sun;On;On;Receiver;Auto;-73.934784;6.172108;0.006461111;PCD3;NO
17500;99.95085;0.66612;sun;On;On;Re/Tr;Auto;-74.06325;6.78719;0.009455555;PCD3;NO
17510;99.966415;0.67154;sun;On;On;Receiver;Auto;-74.19194;7.4022565;0.006461111;PCD3;NO
17520;99.95085;0.67696;sun;On;On;Re/Tr;Auto;-74.320885;8.017306;0.009455555;PCD3;NO
17530;99.966415;0.68238;sun;On;On;Receiver;Auto;-74.45011;8.632339;0.006461111;PCD3;NO
17540;99.95085;0.6878;sun;On;On;Re/Tr;Auto;-74.57963;9.24735;0.009455555;PCD3;NO
17550;99.966415;0.69322;sun;On;On;Receiver;Auto;-74.70946;9.86234;0.006461111;PCD3;NO
17560;99.95085;0.69864;sun;On;On;Re/Tr;Auto;-74.83963;10.477308;0.009455555;PCD3;NO
17570;99.966415;0.70406;sun;On;On;Receiver;Auto;-74.97017;11.092252;0.006461111;PCD3;NO
17580;99.95085;0.70948;sun;On;On;Re/Tr;Auto;-75.10109;11.707169;0.009455555;PCD3;NO
17590;99.966415;0.7149;sun;On;On;Receiver;Auto;-75.23242;12.322059;0.006461111;PCD3;NO
17600;99.95085;0.72032;sun;On;On;Re/Tr;Auto;-75.36418;12.936919;0.009455555;PCD3;NO
17610;99.966415;0.72574;sun;On;On;Receiver;Auto;-75.49641;13.551749;0.006461111;PCD3;NO
17620;99.95085;0.73116;sun;On;On;Re/Tr;Auto;-75.629105;14.166547;0.009455555;PCD3;NO
17630;99.966415;0.73146;sun;On;On;Receiver;Auto;-75.76231;14.781311;0.006461111;None;NO
17640;99.988075;0.73176;sun;On;On;Receiver;Off;-75.89604;15.396038;0.0022944445;None;NO
17650;99.988075;0.73206;sun;On;On;Receiver;Off;-76.03033;16.010727;0.0022944445;None;NO
17660;99.988075;0.73236;sun;On;On;Receiver;Off;-76.16521;16.625378;0.0022944445;None;NO
17670;99.988075;0.73266;sun;On;On;Receiver;Off;-76.30069;17.239986;0.0022944445;None;NO
17680;99.988075;0.73296;sun;On;On;Receiver;Off;-76.43681;17.854551;0.0022944445;None;NO
17690;99.988075;0.73326;sun;On;On;Receiver;Off;-76.5736;18.469072;0.0022944445;None;NO
17700;99.988075;0.73356;sun;On;On;Receiver;Off;-76.71108;19.083546;0.0022944445;None;NO
17710;99.988075;0.73386;sun;On;On;Receiver;Off;-76.8493;19.69797;0.0022944445;None;NO
17720;99.988075;0.73416;sun;On;On;Receiver;Off;-76.98826;20.312342;0.0022944445;None;NO
17730;99.988075;0.73446;sun;On;On;Receiver;Off;-77.12801;20.92666;0.0022944445;None;NO
17740;99.988075;0.73476;sun;On;On;Receiver;Off;-77.268585;21.540922;0.0022944445;None;NO
17750;99.988075;0.73506;sun;On;On;Receiver;Off;-77.41001;22.155127;0.0022944445;None;NO
17760;99.988075;0.73536;sun;On;On;Receiver;Off;-77.55233;22.769272;0.0022944445;None;NO
17770;99.988075;0.73566;sun;On;On;Receiver;Off;-77.695564;23.383352;0.0022944445;None;NO
17780;99.988075;0.73596;sun;On;On;Receiver;Off;-77.83976;23.99737;0.0022944445;None;NO
17790;99.988075;0.73626;sun;On;On;Receiver;Off;-77.984955;24.611317;0.0022944445;None;NO
17800;99.988075;0.73656;sun;On;On;Receiver;Off;-78.13118;25.225195;0.0022944445;None;NO
17810;99.988075;0.73686;sun;On;On;Receiver;Off;-78.27848;25.838999;0.0022944445;None;NO
17820;99.988075;0.73716;sun;On;On;Receiver;Off;-78.426895;26.452726;0.0022944445;None;NO
17830;99.988075;0.73746;sun;On;On;Receiver;Off;-78.57647;27.066376;0.0022944445;None;NO
17840;99.988075;0.73776;sun;On;On;Receiver;Off;-78.72725;27.679943;0.0022944445;None;NO
17850;99.988075;0.73806;sun;On;On;Receiver;Off;-78.87928;28.293427;0.0022944445;None;NO
17860;99.988075;0.73836;sun;On;On;Receiver;Off;-79.0326;28.906818;0.0022944445;None;NO
17870;99.988075;0.73866;sun;On;On;Receiver;Off;-79.18726;29.52012;0.0022944445;None;NO
17880;99.988075;0.73896;sun;On;On;Receiver;Off;-79.34332;30.133327;0.0022944445;None;NO
17890;99.988075;0.73926;sun;On;On;Receiver;Off;-79.500824;30.746435;0.0022944445;None;NO
17900;99.988075;0.73956;sun;On;On;Receiver;Off;-79.65983;31.359442;0.0022944445;None;NO
17910;99.988075;0.73986;sun;On;On;Receiver;Off;-79.8204;31.97234;0.0022944445;None;NO
17920;99.988075;0.74016;sun;On;On;Receiver;Off;-79.982574;32.58513;0.0022944445;None;NO
17930;99.988075;0.74046;sun;On;On;Receiver;Off;-80.14643;33.197803;0.0022944445;None;NO
17940;99.988075;0.74076;sun;On;On;Receiver;Off;-80.31203;33.810356;0.0022944445;None;NO
17950;99.988075;0.74106;sun;On;On;Receiver;Off;-80.47943;34.42279;0.0022944445;None;NO
17960;99.988075;0.74136;sun;On;On;Receiver;Off;-80.64871;35.03509;0.0022944445;None;NO
17970;99.988075;0.74166;sun;On;On;Receiver;Off;-80.81994;35.647263;0.0022944445;None;NO
17980;99.988075;0.74196;sun;On;On;Receiver;Off;-80.993195;36.259293;0.0022944445;None;NO
17990;99.988075;0.74226;sun;On;On;Receiver;Off;-81.16854;36.87118;0.0022944445;None;NO
18000;99.988075;0.74256;sun;On;On;Receiver;Off;-81.34607;37.48292;0.0022944445;None;NO
18010;99.988075;0.74286;sun;On;On;Receiver;Off;-81.52586;38.094505;0.0022944445;None;NO
18020;99.988075;0.74316;sun;On;On;Receiver;Off;-81.708015;38.70593;0.0022944445;None;NO
18030;99.988075;0.74346;sun;On;On;Receiver;Off;-81.89262;39.31718;0.0022944445;None;NO
18040;99.988075;0.74376;sun;On;On;Receiver;Off;-82.079765;39.928265;0.0022944445;None;NO
18050;99.988075;0.74406;sun;On;On;Receiver;Off;-82.269554;40.53916;0.0022944445;None;NO
18060;99.988075;0.74436;sun;On;On;Receiver;Off;-82.4621;41.149876;0.0022944445;None;NO
18070;99.988075;0.74466;sun;On;On;Receiver;Off;-82.65751;41.76039;0.0022944445;None;NO
18080;99.988075;0.74496;sun;On;On;Receiver;Off;-82.8559;42.3707;0.0022944445;None;NO
18090;99.988075;0.74526;sun;On;On;Receiver;Off;-83.0574;42.980797;0.0022944445;None;NO
18100;99.988075;0.74556;sun;On;On;Receiver;Off;-83.26214;43.590675;0.0022944445;None;NO
18110;99.988075;0.74586;sun;On;On;Receiver;Off;-83.470245;44.20032;0.0022944445;None;NO
18120;99.988075;0.74616;sun;On;On;Receiver;Off;-83.68187;44.809723;0.0022944445;None;NO
18130;99.988075;0.74646;sun;On;On;Receiver;Off;-83.89716;45.418877;0.0022944445;None;NO
18140;99.988075;0.74676;sun;On;On;Receiver;Off;-84.11627;46.027767;0.0022944445;None;NO
18150;99.988075;0.74706;sun;On;On;Receiver;Off;-84.33938;46.636383;0.0022944445;None;NO
18160;99.988075;0.74736;sun;On;On;Receiver;Off;-84.56665;47.244717;0.0022944445;None;NO
18170;99.988075;0.74766;sun;On;On;Receiver;Off;-84.79828;47.85275;0.0022944445;None;NO
18180;99.988075;0.74796;sun;On;On;Receiver;Off;-85.03446;48.46047;0.0022944445;None;NO
18190;99.988075;0.74826;sun;On;On;Receiver;Off;-85.2754;49.06786;0.0022944445;None;NO
18200;99.988075;0.74856;sun;On;On;Receiver;Off;-85.521324;49.67491;0.0022944445;None;NO
18210;99.988075;0.74886;sun;On;On;Receiver;Off;-85.77246;50.281605;0.0022944445;None;NO
18220;99.988075;0.74916;sun;On;On;Receiver;Off;-86.02906;50.88792;0.0022944445;None;NO
18230;99.988075;0.74946;sun;On;On;Receiver;Off;-86.29138;51.493843;0.0022944445;None;NO
18240;99.988075;0.74976;sun;On;On;Receiver;Off;-86.559715;52.099354;0.0022944445;None;NO
18250;99.988075;0.75006;sun;On;On;Receiver;Off;-86.83434;52.704433;0.0022944445;None;NO
18260;99.988075;0.75036;sun;On;On;Receiver;Off;-87.11559;53.309055;0.0022944445;None;NO
18270;99.988075;0.75066;sun;On;On;Receiver;Off;-87.40379;53.9132;0.0022944445;None;NO
18280;99.988075;0.75096;sun;On;On;Receiver;Off;-87.69931;54.516838;0.0022944445;None;NO
18290;99.988075;0.75126;sun;On;On;Receiver;Off;-88.00251;55.11995;0.0022944445;None;NO
18300;99.988075;0.75156;sun;On;On;Receiver;Off;-88.31382;55.7225;0.0022944445;None;NO
18310;99.988075;0.75186;sun;On;On;Receiver;Off;-88.63367;56.324463;0.0022944445;None;NO
18320;99.988075;0.75216;sun;On;On;Receiver;Off;-88.96252;56.9258;0.0022944445;None;NO
18330;99.988075;0.75246;sun;On;On;Receiver;Off;-89.30087;57.526485;0.0022944445;None;NO
18340;99.988075;0.75276;sun;On;On;Receiver;Off;-89.64928;58.126476;0.0022944445;None;NO
18350;99.988075;0.75306;sun;On;On;Receiver;Off;-90.00829;58.72573;0.0022944445;None;NO
18360;99.988075;0.75336;sun;On;On;Receiver;Off;-90.37855;59.324207;0.0022944445;None;NO
18370;99.988075;0.75366;sun;On;On;Receiver;Off;-90.760704;59.92186;0.0022944445;None;NO
18380;99.988075;0.75396;sun;On;On;Receiver;Off;-91.15549;60.51864;0.0022944445;None;NO
18390;99.988075;0.75426;sun;On;On;Receiver;Off;-91.56367;61.114487;0.0022944445;None;NO
18400;99.988075;0.75456;sun;On;On;Receiver;Off;-91.98608;61.709343;0.0022944445;None;NO
18410;99.988075;0.75486;sun;On;On;Receiver;Off;-92.42363;62.303146;0.0022944445;None;NO
18420;99.988075;0.75516;sun;On;On;Receiver;Off;-92.8773;62.89583;0.0022944445;None;NO
18430;99.988075;0.75546;sun;On;On;Receiver;Off;-93.34815;63.487312;0.0022944445;None;NO
18440;99.988075;0.75576;sun;On;On;Receiver;Off;-93.83734;64.077515;0.0022944445;None;NO
18450;99.988075;0.75606;sun;On;On;Receiver;Off;-94.34612;64.66634;0.0022944445;None;NO
18460;99.988075;0.75636;sun;On;On;Receiver;Off;-94.875854;65.25371;0.0022944445;None;NO
18470;99.988075;0.75666;sun;On;On;Receiver;Off;-95.42804;65.83949;0.0022944445;None;NO
18480;99.988075;0.75696;sun;On;On;Receiver;Off;-96.0043;66.42358;0.0022944445;None;NO
18490;99.988075;0.75726;sun;On;On;Receiver;Off;-96.606415;67.005844;0.0022944445;None;NO
18500;99.988075;0.75756;sun;On;On;Receiver;Off;-97.23633;67.58614;0.0022944445;None;NO
18510;99.988075;0.75786;sun;On;On;Receiver;Off;-97.89618;68.164314;0.0022944445;None;NO
18520;99.988075;0.75816;sun;On;On;Receiver;Off;-98.588326;68.74019;0.0022944445;None;NO
18530;99.988075;0.75846;sun;On;On;Receiver;Off;-99.31533;69.313576;0.0022944445;None;NO
18540;99.988075;0.75876;sun;On;On;Receiver;Off;-100.080055;69.884254;0.0022944445;None;NO
18550;99.988075;0.75906;sun;On;On;Receiver;Off;-100.88562;70.451996;0.0022944445;None;NO
18560;99.988075;0.75936;sun;On;On;Receiver;Off;-101.7355;71.01653;0.0022944445;None;NO
18570;99.988075;0.75966;sun;On;On;Receiver;Off;-102.63351;71.57757;0.0022944445;None;NO
18580;99.988075;0.75996;sun;On;On;Receiver;Off;-103.58389;72.13477;0.0022944445;None;NO
18590;99.988075;0.76026;sun;On;On;Receiver;Off;-104.591324;72.687775;0.0022944445;None;NO
18600;99.988075;0.76056;sun;On;On;Receiver;Off;-105.66102;73.23617;0.0022944445;None;NO
18610;99.988075;0.76086;sun;On;On;Receiver;Off;-106.79871;73.779465;0.0022944445;None;NO
18620;99.988075;0.76116;sun;On;On;Receiver;Off;-108.010796;74.31716;0.0022944445;None;NO
18630;99.988075;0.76146;sun;On;On;Receiver;Off;-109.30432;74.84863;0.0022944445;None;NO
18640;99.988075;0.76176;sun;On;On;Receiver;Off;-110.687096;75.37322;0.0022944445;None;NO
18650;99.988075;0.76206;sun;On;On;Receiver;Off;-112.167725;75.89016;0.0022944445;None;NO
18660;99.988075;0.76236;sun;On;On;Receiver;Off;-113.75569;76.39855;0.0022944445;None;NO
18670;99.988075;0.76266;sun;On;On;Receiver;Off;-115.461334;76.89743;0.0022944445;None;NO
18680;99.988075;0.76296;sun;On;On;Receiver;Off;-117.295906;77.38565;0.0022944445;None;NO
18690;99.988075;0.76326;sun;On;On;Receiver;Off;-119.27154;77.86192;0.0022944445;None;NO
18700;99.988075;0.76356;sun;On;On;Receiver;Off;-121.40108;78.3248;0.0022944445;None;NO
18710;99.988075;0.76386;sun;On;On;Receiver;Off;-123.69798;78.77261;0.0022944445;None;NO
18720;99.988075;0.76416;sun;On;On;Receiver;Off;-126.17591;79.20348;0.0022944445;None;NO
18730;99.988075;0.76446;sun;On;On;Receiver;Off;-128.84828;79.61532;0.0022944445;None;NO
18740;99.988075;0.76476;sun;On;On;Receiver;Off;-131.72754;80.005745;0.0022944445;None;NO
18750;99.988075;0.76506;sun;On;On;Receiver;Off;-134.8242;80.37218;0.0022944445;None;NO
18760;99.988075;0.76536;sun;On;On;Receiver;Off;-138.14561;80.711754;0.0022944445;None;NO
18770;99.988075;0.76566;sun;On;On;Receiver;Off;-141.69446;81.02145;0.0022944445;None;NO
18780;99.988075;0.76596;sun;On;On;Receiver;Off;-145.46712;81.29805;0.0022944445;None;NO
18790;99.988075;0.76626;sun;On;On;Receiver;Off;-149.4521;81.53833;0.0022944445;None;NO
18800;99.988075;0.76656;sun;On;On;Receiver;Off;-153.62871;81.739105;0.0022944445;None;NO
18810;99.988075;0.76686;sun;On;On;Receiver;Off;-157.96635;81.89744;0.0022944445;None;NO
18820;99.988075;0.76716;sun;On;On;Receiver;Off;-162.42503;82.01082;0.0022944445;None;NO
18830;99.988075;0.76746;sun;On;On;Receiver;Off;-166.95688;82.0773;0.0022944445;None;NO
18840;99.988075;0.76776;sun;On;On;Receiver;Off;-171.50893;82.09571;0.0022944445;None;NO
18850;99.988075;0.76806;sun;On;On;Receiver;Off;-176.02675;82.06571;0.0022944445;None;NO
18860;99.988075;0.76836;sun;On;On;Receiver;Off;179.5416;81.98785;0.0022944445;None;NO
18870;99.988075;0.76866;sun;On;On;Receiver;Off;175.2422;81.86349;0.0022944445;None;NO
18880;99.988075;0.76896;sun;On;On;Receiver;Off;171.1127;81.694725;0.0022944445;None;NO
18890;99.97615;0.76926;ecl;On;On;Receiver;Off;167.18112;81.4842;0.0022944445;None;NO
18900;99.964226;0.76956;ecl;On;On;Receiver;Off;163.46568;81.23492;0.0022944445;None;NO
18910;99.9523;0.76986;ecl;On;On;Receiver;Off;159.97571;80.95009;0.0022944445;None;NO
18920;99.94038;0.77016;ecl;On;On;Receiver;Off;156.713;80.63294;0.0022944445;None;NO
18930;99.928444;0.77046;ecl;On;On;Receiver;Off;153.67351;80.28665;0.0022944445;None;NO
18940;99.91652;0.77076;ecl;On;On;Receiver;Off;150.84895;79.91422;0.0022944445;None;NO
18950;99.904594;0.77106;ecl;On;On;Receiver;Off;148.2282;79.51843;0.0022944445;None;NO
18960;99.89267;0.77136;ecl;On;On;Receiver;Off;145.79848;79.10183;0.0022944445;None;NO
18970;99.880745;0.77166;ecl;On;On;Receiver;Off;143.54625;78.66671;0.0022944445;None;NO
18980;99.86882;0.77196;ecl;On;On;Receiver;Off;141.45784;78.215126;0.0022944445;None;NO
18990;99.856895;0.77226;ecl;On;On;Receiver;Off;139.51997;77.74889;0.0022944445;None;NO
19000;99.84497;0.77256;ecl;On;On;Receiver;Off;137.71992;77.26963;0.0022944445;None;NO
19010;99.833046;0.77286;ecl;On;On;Receiver;Off;136.0458;76.77875;0.0022944445;None;NO
19020;99.82112;0.77316;ecl;On;On;Receiver;Off;134.48662;76.27749;0.0022944445;None;NO
19030;99.8092;0.77346;ecl;On;On;Receiver;Off;133.0322;75.76696;0.0022944445;None;NO
19040;99.79727;0.77376;ecl;On;On;Receiver;Off;131.67334;75.248116;0.0022944445;None;NO
19050;99.78534;0.77406;ecl;On;On;Receiver;Off;130.40164;74.72181;0.0022944445;None;NO
19060;99.773415;0.77436;ecl;On;On;Receiver;Off;129.20947;74.18878;0.0022944445;None;NO
19070;99.76149;0.77466;ecl;On;On;Receiver;Off;128.08998;73.6497;0.0022944445;None;NO
19080;99.749565;0.77496;ecl;On;On;Receiver;Off;127.03695;73.105125;0.0022944445;None;NO
19090;99.73764;0.77526;ecl;On;On;Receiver;Off;126.04477;72.55559;0.0022944445;None;NO
19100;99.725716;0.77556;ecl;On;On;Receiver;Off;125.10839;72.00154;0.0022944445;None;NO
19110;99.71379;0.77586;ecl;On;On;Receiver;Off;124.223236;71.44339;0.0022944445;None;NO
19120;99.701866;0.77616;ecl;On;On;Receiver;Off;123.38519;70.881485;0.0022944445;None;NO
19130;99.68994;0.77646;ecl;On;On;Receiver;Off;122.59052;70.316154;0.0022944445;None;NO
19140;99.67802;0.77676;ecl;On;On;Receiver;Off;121.83586;69.74769;0.0022944445;None;NO
19150;99.66609;0.77706;ecl;On;On;Receiver;Off;121.11815;69.17634;0.0022944445;None;NO
19160;99.65417;0.77736;ecl;On;On;Receiver;Off;120.43461;68.60233;0.0022944445;None;NO
19170;99.642235;0.77766;ecl;On;On;Receiver;Off;119.78272;68.025894;0.0022944445;None;NO
19180;99.63031;0.77796;ecl;On;On;Receiver;Off;119.16021;67.4472;0.0022944445;None;NO
19190;99.618385;0.77826;ecl;On;On;Receiver;Off;118.56497;66.86641;0.0022944445;None;NO
19200;99.60646;0.77856;ecl;On;On;Receiver;Off;117.99512;66.2837;0.0022944445;None;NO
19210;99.594536;0.77886;ecl;On;On;Receiver;Off;117.4489;65.69919;0.0022944445;None;NO
19220;99.58261;0.77916;ecl;On;On;Receiver;Off;116.92473;65.113014;0.0022944445;None;NO
19230;99.57069;0.77946;ecl;On;On;Receiver;Off;116.42115;64.52529;0.0022944445;None;NO
19240;99.55876;0.77976;ecl;On;On;Receiver;Off;115.93683;63.936127;0.0022944445;None;NO
19250;99.54684;0.78006;ecl;On;On;Receiver;Off;115.470535;63.34561;0.0022944445;None;NO
19260;99.53491;0.78036;ecl;On;On;Receiver;Off;115.02114;62.753834;0.0022944445;None;NO
19270;99.52299;0.78066;ecl;On;On;Receiver;Off;114.5876;62.160877;0.0022944445;None;NO
19280;99.51106;0.78096;ecl;On;On;Receiver;Off;114.16896;61.56681;0.0022944445;None;NO
19290;99.49913;0.78126;ecl;On;On;Receiver;Off;113.76433;60.97171;0.0022944445;None;NO
19300;99.487206;0.78156;ecl;On;On;Receiver;Off;113.37289;60.375637;0.0022944445;None;NO
19310;99.47528;0.78186;ecl;On;On;Receiver;Off;112.99388;59.778645;0.0022944445;None;NO
19320;99.463356;0.78216;ecl;On;On;Receiver;Off;112.6266;59.18079;0.0022944445;None;NO
19330;99.45143;0.78246;ecl;On;On;Receiver;Off;112.27039;58.582123;0.0022944445;None;NO
19340;99.43951;0.78276;ecl;On;On;Receiver;Off;111.924644;57.982685;0.0022944445;None;NO
19350;99.42758;0.78306;ecl;On;On;Receiver;Off;111.588806;57.382526;0.0022944445;None;NO
19360;99.41566;0.78336;ecl;On;On;Receiver;Off;111.26233;56.78168;0.0022944445;None;NO
19370;99.40373;0.78366;ecl;On;On;Receiver;Off;110.94474;56.180187;0.0022944445;None;NO
19380;99.39181;0.78396;ecl;On;On;Receiver;Off;110.635574;55.578083;0.0022944445;None;NO
19390;99.37988;0.78426;ecl;On;On;Receiver;Off;110.3344;54.975395;0.0022944445;None;NO
19400;99.36796;0.78456;ecl;On;On;Receiver;Off;110.04082;54.372154;0.0022944445;None;NO
19410;99.356026;0.78486;ecl;On;On;Receiver;Off;109.75445;53.76839;0.0022944445;None;NO
19420;99.3441;0.78516;ecl;On;On;Receiver;Off;109.474945;53.16413;0.0022944445;None;NO
19430;99.33218;0.78546;ecl;On;On;Receiver;Off;109.20198;52.5594;0.0022944445;None;NO
19440;99.32025;0.78576;ecl;On;On;Receiver;Off;108.935234;51.954216;0.0022944445;None;NO
19450;99.30833;0.78606;ecl;On;On;Receiver;Off;108.674416;51.348602;0.0022944445;None;NO
19460;99.2964;0.78636;ecl;On;On;Receiver;Off;108.41926;50.742584;0.0022944445;None;NO
19470;99.28448;0.78666;ecl;On;On;Receiver;Off;108.169495;50.136173;0.0022944445;None;NO
19480;99.27255;0.78696;ecl;On;On;Receiver;Off;107.92488;49.529396;0.0022944445;None;NO
19490;99.26063;0.78726;ecl;On;On;Receiver;Off;107.685196;48.92226;0.0022944445;None;NO
19500;99.2487;0.78756;ecl;On;On;Receiver;Off;107.45022;48.31479;0.0022944445;None;NO
19510;99.23678;0.78786;ecl;On;On;Receiver;Off;107.219734;47.706993;0.0022944445;None;NO
19520;99.22485;0.78816;ecl;On;On;Receiver;Off;106.99356;47.09889;0.0022944445;None;NO
19530;99.21292;0.78846;ecl;On;On;Receiver;Off;106.7715;46.490486;0.0022944445;None;NO
19540;99.201;0.78876;ecl;On;On;Receiver;Off;106.5534;45.8818;0.0022944445;None;NO
19550;99.18907;0.78906;ecl;On;On;Receiver;Off;106.33907;45.272846;0.0022944445;None;NO
19560;99.17715;0.78936;ecl;On;On;Receiver;Off;106.12837;44.663635;0.0022944445;None;NO
19570;99.16522;0.78966;ecl;On;On;Receiver;Off;105.92116;44.054173;0.0022944445;None;NO
19580;99.1533;0.78996;ecl;On;On;Receiver;Off;105.71727;43.44447;0.0022944445;None;NO
19590;99.14137;0.79026;ecl;On;On;Receiver;Off;105.51659;42.834538;0.0022944445;None;NO
19600;99.12945;0.79056;ecl;On;On;Receiver;Off;105.31898;42.22439;0.0022944445;None;NO
19610;99.11752;0.79086;ecl;On;On;Receiver;Off;105.12432;41.61403;0.0022944445;None;NO
19620;99.1056;0.79116;ecl;On;On;Receiver;Off;104.932495;41.003468;0.0022944445;None;NO
19630;99.09367;0.79146;ecl;On;On;Receiver;Off;104.7434;40.392708;0.0022944445;None;NO
19640;99.08175;0.79176;ecl;On;On;Receiver;Off;104.55692;39.781765;0.0022944445;None;NO
19650;99.06982;0.79206;ecl;On;On;Receiver;Off;104.37297;39.170643;0.0022944445;None;NO
19660;99.05789;0.79236;ecl;On;On;Receiver;Off;104.19144;38.559345;0.0022944445;None;NO
19670;99.04597;0.79266;ecl;On;On;Receiver;Off;104.01224;37.947884;0.0022944445;None;NO
19680;99.03404;0.79296;ecl;On;On;Receiver;Off;103.83528;37.33626;0.0022944445;None;NO
19690;99.02212;0.79326;ecl;On;On;Receiver;Off;103.660484;36.724487;0.0022944445;None;NO
19700;99.01019;0.79356;ecl;On;On;Receiver;Off;103.48776;36.112564;0.0022944445;None;NO
19710;98.99827;0.79386;ecl;On;On;Receiver;Off;103.31705;35.5005;0.0022944445;None;NO
19720;98.98634;0.79416;ecl;On;On;Receiver;Off;103.14826;34.888298;0.0022944445;None;NO
19730;98.97442;0.79446;ecl;On;On;Receiver;Off;102.98133;34.275963;0.0022944445;None;NO
19740;98.962494;0.79476;ecl;On;On;Receiver;Off;102.81619;33.6635;0.0022944445;None;NO
19750;98.95057;0.79506;ecl;On;On;Receiver;Off;102.65277;33.050915;0.0022944445;None;NO
19760;98.93864;0.79536;ecl;On;On;Receiver;Off;102.49102;32.438213;0.0022944445;None;NO
19770;98.92671;0.79566;ecl;On;On;Receiver;Off;102.330864;31.8254;0.0022944445;None;NO
19780;98.91479;0.79596;ecl;On;On;Receiver;Off;102.17225;31.212475;0.0022944445;None;NO
19790;98.90286;0.79626;ecl;On;On;Receiver;Off;102.01513;30.599445;0.0022944445;None;NO
19800;98.89094;0.79656;ecl;On;On;Receiver;Off;101.859436;29.986313;0.0022944445;None;NO
19810;98.87901;0.79686;ecl;On;On;Receiver;Off;101.705124;29.373083;0.0022944445;None;NO
19820;98.86709;0.79716;ecl;On;On;Receiver;Off;101.55214;28.759758;0.0022944445;None;NO
19830;98.85516;0.79746;ecl;On;On;Receiver;Off;101.400444;28.146343;0.0022944445;None;NO
19840;98.84324;0.79776;ecl;On;On;Receiver;Off;101.24998;27.53284;0.0022944445;None;NO
19850;98.831314;0.79806;ecl;On;On;Receiver;Off;101.10071;26.919254;0.0022944445;None;NO
19860;98.81939;0.79836;ecl;On;On;Receiver;Off;100.95258;26.305586;0.0022944445;None;NO
19870;98.807465;0.79866;ecl;On;On;Receiver;Off;100.805565;25.69184;0.0022944445;None;NO
19880;98.79553;0.79896;ecl;On;On;Receiver;Off;100.659615;25.078016;0.0022944445;None;NO
19890;98.78361;0.79926;ecl;On;On;Receiver;Off;100.51468;24.46412;0.0022944445;None;NO
19900;98.77168;0.79956;ecl;On;On;Receiver;Off;100.370735;23.850157;0.0022944445;None;NO
19910;98.75976;0.79986;ecl;On;On;Receiver;Off;100.227745;23.236124;0.0022944445;None;NO
19920;98.74783;0.80016;ecl;On;On;Receiver;Off;100.08566;22.622028;0.0022944445;None;NO
19930;98.73591;0.80046;ecl;On;On;Receiver;Off;99.94446;22.00787;0.0022944445;None;NO
19940;98.72398;0.80076;ecl;On;On;Receiver;Off;99.8041;21.39365;0.0022944445;None;NO
19950;98.71206;0.80106;ecl;On;On;Receiver;Off;99.66456;20.779373;0.0022944445;None;NO
19960;98.700134;0.80136;ecl;On;On;Receiver;Off;99.52579;20.165043;0.0022944445;None;NO
19970;98.68821;0.80166;ecl;On;On;Receiver;Off;99.38777;19.550657;0.0022944445;None;NO
19980;98.676285;0.80196;ecl;On;On;Receiver;Off;99.250465;18.936222;0.0022944445;None;NO
19990;98.66436;0.80226;ecl;On;On;Receiver;Off;99.11385;18.321737;0.0022944445;None;NO
20000;98.65243;0.80256;ecl;On;On;Receiver;Off;98.9779;17.707207;0.0022944445;None;NO
20010;98.6405;0.80286;ecl;On;On;Receiver;Off;98.842575;17.09263;0.0022944445;None;NO
20020;98.62858;0.80316;ecl;On;On;Receiver;Off;98.707855;16.478012;0.0022944445;None;NO
20030;98.61665;0.80346;ecl;On;On;Receiver;Off;98.573715;15.863352;0.0022944445;None;NO
20040;98.60473;0.80376;ecl;On;On;Receiver;Off;98.44012;15.248652;0.0022944445;None;NO
20050;98.592804;0.80406;ecl;On;On;Receiver;Off;98.307045;14.633916;0.0022944445;None;NO
20060;98.58088;0.80436;ecl;On;On;Receiver;Off;98.17448;14.019145;0.0022944445;None;NO
20070;98.568954;0.80466;ecl;On;On;Receiver;Off;98.04238;13.404339;0.0022944445;None;NO
20080;98.55703;0.80496;ecl;On;On;Receiver;Off;97.91073;12.789501;0.0022944445;None;NO
20090;98.545105;0.80526;ecl;On;On;Receiver;Off;97.77951;12.174634;0.0022944445;None;NO
20100;98.53318;0.80556;ecl;On;On;Receiver;Off;97.64869;11.559737;0.0022944445;None;NO
20110;98.521255;0.80586;ecl;On;On;Receiver;Off;97.51825;10.944813;0.0022944445;None;NO
20120;98.50932;0.80616;ecl;On;On;Receiver;Off;97.38816;10.329864;0.0022944445;None;NO
20130;98.4974;0.80646;ecl;On;On;Receiver;Off;97.258415;9.7148905;0.0022944445;None;NO
20140;98.48547;0.80676;ecl;On;On;Receiver;Off;97.128975;9.099895;0.0022944445;None;NO
20150;98.47355;0.80706;ecl;On;On;Receiver;Off;96.999825;8.484879;0.0022944445;None;NO
20160;98.461624;0.80736;ecl;On;On;Receiver;Off;96.87095;7.869842;0.0022944445;None;NO
20170;98.4497;0.80766;ecl;On;On;Receiver;Off;96.74232;7.254788;0.0022944445;None;NO
20180;98.437775;0.80796;ecl;On;On;Receiver;Off;96.613914;6.6397176;0.0022944445;None;NO
20190;98.42585;0.80826;ecl;On;On;Receiver;Off;96.48572;6.024632;0.0022944445;None;NO
20200;98.413925;0.80856;ecl;On;On;Receiver;Off;96.357704;5.409533;0.0022944445;None;NO
20210;98.402;0.80886;ecl;On;On;Receiver;Off;96.22986;4.7944217;0.0022944445;None;NO
20220;98.390076;0.80916;ecl;On;On;Receiver;Off;96.10215;4.1793;0.0022944445;None;NO
20230;98.37815;0.80946;ecl;On;On;Receiver;Off;95.97457;3.5641682;0.0022944445;None;NO
20240;98.36622;0.80976;ecl;On;On;Receiver;Off;95.8471;2.949029;0.0022944445;None;NO
20250;98.354294;0.81006;ecl;On;On;Receiver;Off;95.71971;2.333883;0.0022944445;None;NO
20260;98.34237;0.81036;ecl;On;On;Receiver;Off;95.592384;1.718732;0.0022944445;None;NO
20270;98.330444;0.81066;ecl;On;On;Receiver;Off;95.4651;1.1035771;0.0022944445;None;NO
20280;98.31852;0.81096;ecl;On;On;Receiver;Off;95.33785;0.4884197;0.0022944445;None;NO
20290;98.306595;0.81126;ecl;On;On;Receiver;Off;95.2106;-0.12673874;0.0022944445;None;NO
20300;98.29467;0.81156;ecl;On;On;Receiver;Off;95.08334;-0.7418969;0.0022944445;None;NO
20310;98.282745;0.81186;ecl;On;On;Receiver;Off;94.95605;-1.3570534;0.0022944445;None;NO
20320;98.27082;0.81216;ecl;On;On;Receiver;Off;94.8287;-1.972207;0.0022944445;None;NO
20330;98.258896;0.81246;ecl;On;On;Receiver;Off;94.70127;-2.587356;0.0022944445;None;NO
20340;98.24697;0.81276;ecl;On;On;Receiver;Off;94.57375;-3.2024994;0.0022944445;None;NO
20350;98.23505;0.81306;ecl;On;On;Receiver;Off;94.44612;-3.8176355;0.0022944445;None;NO
20360;98.223114;0.81336;ecl;On;On;Receiver;Off;94.31836;-4.432763;0.0022944445;None;NO
20370;98.21119;0.81366;ecl;On;On;Receiver;Off;94.190445;-5.047881;0.0022944445;None;NO
20380;98.199265;0.81396;ecl;On;On;Receiver;Off;94.062355;-5.6629877;0.0022944445;None;NO
20390;98.18734;0.81426;ecl;On;On;Receiver;Off;93.93407;-6.278081;0.0022944445;None;NO
20400;98.175415;0.81456;ecl;On;On;Receiver;Off;93.80557;-6.893161;0.0022944445;None;NO
20410;98.16349;0.81486;ecl;On;On;Receiver;Off;93.676834;-7.5082245;0.0022944445;None;NO
20420;98.151566;0.81516;ecl;On;On;Receiver;Off;93.547844;-8.123271;0.0022944445;None;NO
20430;98.13964;0.81546;ecl;On;On;Receiver;Off;93.41857;-8.738299;0.0022944445;None;NO
20440;98.127716;0.81576;ecl;On;On;Receiver;Off;93.289;-9.353308;0.0022944445;None;NO
20450;98.11579;0.81606;ecl;On;On;Receiver;Off;93.15911;-9.968294;0.0022944445;None;NO
20460;98.10387;0.81636;ecl;On;On;Receiver;Off;93.02888;-10.583259;0.0022944445;None;NO
20470;98.09194;0.81666;ecl;On;On;Receiver;Off;92.89828;-11.198197;0.0022944445;None;NO
20480;98.08001;0.81696;ecl;On;On;Receiver;Off;92.76729;-11.81311;0.0022944445;None;NO
20490;98.068085;0.81726;ecl;On;On;Receiver;Off;92.63588;-12.427995;0.0022944445;None;NO
20500;98.05616;0.81756;ecl;On;On;Receiver;Off;92.50404;-13.0428505;0.0022944445;None;NO
20510;98.044235;0.81786;ecl;On;On;Receiver;Off;92.37174;-13.657675;0.0022944445;None;NO
20520;98.03231;0.81816;ecl;On;On;Receiver;Off;92.23896;-14.272467;0.0022944445;None;NO
20530;98.020386;0.81846;ecl;On;On;Receiver;Off;92.10567;-14.887224;0.0022944445;None;NO
20540;98.00846;0.81876;ecl;On;On;Receiver;Off;91.97184;-15.5019455;0.0022944445;None;NO
20550;97.99654;0.81906;ecl;On;On;Receiver;Off;91.83745;-16.116629;0.0022944445;None;NO
20560;97.98461;0.81936;ecl;On;On;Receiver;Off;91.70247;-16.731272;0.0022944445;None;NO
20570;97.97269;0.81966;ecl;On;On;Receiver;Off;91.56688;-17.345873;0.0022944445;None;NO
20580;97.96076;0.81996;ecl;On;On;Receiver;Off;91.43064;-17.96043;0.0022944445;None;NO
20590;97.94883;0.82026;ecl;On;On;Receiver;Off;91.29374;-18.574944;0.0022944445;None;NO
20600;97.936905;0.82056;ecl;On;On;Receiver;Off;91.15613;-19.189407;0.0022944445;None;NO
20610;97.92498;0.82086;ecl;On;On;Receiver;Off;91.01779;-19.803822;0.0022944445;None;NO
20620;97.913055;0.82116;ecl;On;On;Receiver;Off;90.87869;-20.418186;0.0022944445;None;NO
20630;97.90113;0.82146;ecl;On;On;Receiver;Off;90.7388;-21.032495;0.0022944445;None;NO
20640;97.889206;0.82176;ecl;On;On;Receiver;Off;90.59808;-21.646748;0.0022944445;None;NO
20650;97.87728;0.82206;ecl;On;On;Receiver;Off;90.456505;-22.260942;0.0022944445;None;NO
20660;97.86536;0.82236;ecl;On;On;Receiver;Off;90.31403;-22.875076;0.0022944445;None;NO
20670;97.85343;0.82266;ecl;On;On;Receiver;Off;90.17064;-23.489145;0.0022944445;None;NO
20680;97.84151;0.82296;ecl;On;On;Receiver;Off;90.02627;-24.103151;0.0022944445;None;NO
20690;97.82958;0.82326;ecl;On;On;Receiver;Off;89.880905;-24.717087;0.0022944445;None;NO
20700;97.81766;0.82356;ecl;On;On;Receiver;Off;89.7345;-25.330952;0.0022944445;None;NO
20710;97.805725;0.82386;ecl;On;On;Receiver;Off;89.587006;-25.944744;0.0022944445;None;NO
20720;97.7938;0.82416;ecl;On;On;Receiver;Off;89.43839;-26.558458;0.0022944445;None;NO
20730;97.781876;0.82446;ecl;On;On;Receiver;Off;89.28861;-27.172094;0.0022944445;None;NO
20740;97.76995;0.82476;ecl;On;On;Receiver;Off;89.13762;-27.785646;0.0022944445;None;NO
20750;97.758026;0.82506;ecl;On;On;Receiver;Off;88.985374;-28.399113;0.0022944445;None;NO
20760;97.7461;0.82536;ecl;On;On;Receiver;Off;88.831825;-29.012491;0.0022944445;None;NO
20770;97.73418;0.82566;ecl;On;On;Receiver;Off;88.676926;-29.625776;0.0022944445;None;NO
20780;97.72225;0.82596;ecl;On;On;Receiver;Off;88.52062;-30.238968;0.0022944445;None;NO
20790;97.71033;0.82626;ecl;On;On;Receiver;Off;88.36286;-30.852058;0.0022944445;None;NO
20800;97.6984;0.82656;ecl;On;On;Receiver;Off;88.20359;-31.465044;0.0022944445;None;NO
20810;97.68648;0.82686;ecl;On;On;Receiver;Off;88.042755;-32.077927;0.0022944445;None;NO
20820;97.67455;0.82716;ecl;On;On;Receiver;Off;87.88029;-32.690693;0.0022944445;None;NO
20830;97.71604;0.82746;sun;On;On;Receiver;Off;87.71614;-33.30335;0.0022944445;None;NO
20840;97.75754;0.82776;sun;On;On;Receiver;Off;87.55023;-33.915882;0.0022944445;None;NO
20850;97.79903;0.82806;sun;On;On;Receiver;Off;87.38251;-34.52829;0.0022944445;None;NO
20860;97.84052;0.82836;sun;On;On;Receiver;Off;87.2129;-35.14057;0.0022944445;None;NO
20870;97.88202;0.82866;sun;On;On;Receiver;Off;87.04133;-35.75272;0.0022944445;None;NO
20880;97.92351;0.82896;sun;On;On;Receiver;Off;86.86772;-36.364727;0.0022944445;None;NO
20890;97.965004;0.82926;sun;On;On;Receiver;Off;86.69201;-36.97659;0.0022944445;None;NO
20900;98.0065;0.82956;sun;On;On;Receiver;Off;86.51409;-37.588303;0.0022944445;None;NO
20910;98.04799;0.82986;sun;On;On;Receiver;Off;86.33389;-38.19986;0.0022944445;None;NO
20920;98.089485;0.83016;sun;On;On;Receiver;Off;86.15133;-38.811253;0.0022944445;None;NO
20930;98.130974;0.83046;sun;On;On;Receiver;Off;85.9663;-39.422478;0.0022944445;None;NO
20940;98.17247;0.83076;sun;On;On;Receiver;Off;85.7787;-40.033527;0.0022944445;None;NO
20950;98.21397;0.83106;sun;On;On;Receiver;Off;85.58845;-40.644398;0.0022944445;None;NO
20960;98.255455;0.83136;sun;On;On;Receiver;Off;85.39542;-41.255074;0.0022944445;None;NO
20970;98.29695;0.83166;sun;On;On;Receiver;Off;85.1995;-41.865555;0.0022944445;None;NO
20980;98.33845;0.83196;sun;On;On;Receiver;Off;85.00058;-42.47583;0.0022944445;None;NO
20990;98.37994;0.83226;sun;On;On;Receiver;Off;84.79853;-43.085888;0.0022944445;None;NO
21000;98.42143;0.83256;sun;On;On;Receiver;Off;84.59322;-43.695724;0.0022944445;None;NO
21010;98.46292;0.83286;sun;On;On;Receiver;Off;84.38452;-44.305332;0.0022944445;None;NO
21020;98.50442;0.83316;sun;On;On;Receiver;Off;84.17228;-44.914692;0.0022944445;None;NO
21030;98.54591;0.83346;sun;On;On;Receiver;Off;83.95634;-45.5238;0.0022944445;None;NO
21040;98.5874;0.83376;sun;On;On;Receiver;Off;83.73655;-46.132645;0.0022944445;None;NO
21050;98.6289;0.83406;sun;On;On;Receiver;Off;83.51274;-46.741215;0.0022944445;None;NO
21060;98.670395;0.83436;sun;On;On;Receiver;Off;83.28473;-47.349495;0.0022944445;None;NO
21070;98.71188;0.83466;sun;On;On;Receiver;Off;83.05234;-47.957474;0.0022944445;None;NO
21080;98.75338;0.83496;sun;On;On;Receiver;Off;82.815346;-48.56514;0.0022944445;None;NO
21090;98.79487;0.83526;sun;On;On;Receiver;Off;82.57356;-49.172474;0.0022944445;None;NO
21100;98.836365;0.83556;sun;On;On;Receiver;Off;82.32676;-49.779465;0.0022944445;None;NO
21110;98.87786;0.83586;sun;On;On;Receiver;Off;82.0747;-50.386093;0.0022944445;None;NO
21120;98.91935;0.83616;sun;On;On;Receiver;Off;81.81713;-50.992344;0.0022944445;None;NO
21130;98.960846;0.83646;sun;On;On;Receiver;Off;81.553795;-51.598198;0.0022944445;None;NO
21140;99.00234;0.83676;sun;On;On;Receiver;Off;81.2844;-52.203636;0.0022944445;None;NO
21150;99.04383;0.83706;sun;On;On;Receiver;Off;81.00865;-52.808636;0.0022944445;None;NO
21160;99.08533;0.83736;sun;On;On;Receiver;Off;80.726234;-53.413177;0.0022944445;None;NO
21170;99.126816;0.83766;sun;On;On;Receiver;Off;80.4368;-54.017235;0.0022944445;None;NO
21180;99.16831;0.83796;sun;On;On;Receiver;Off;80.139984;-54.620785;0.0022944445;None;NO
21190;99.20981;0.83826;sun;On;On;Receiver;Off;79.83542;-55.2238;0.0022944445;None;NO
21200;99.2513;0.83856;sun;On;On;Receiver;Off;79.52267;-55.826256;0.0022944445;None;NO
21210;99.29279;0.83886;sun;On;On;Receiver;Off;79.2013;-56.428112;0.0022944445;None;NO
21220;99.33429;0.83916;sun;On;On;Receiver;Off;78.87085;-57.029343;0.0022944445;None;NO
21230;99.37578;0.83946;sun;On;On;Receiver;Off;78.53081;-57.62991;0.0022944445;None;NO
21240;99.417274;0.83976;sun;On;On;Receiver;Off;78.18062;-58.229774;0.0022944445;None;NO
21250;99.45876;0.84006;sun;On;On;Receiver;Off;77.81971;-58.8289;0.0022944445;None;NO
21260;99.50026;0.84036;sun;On;On;Receiver;Off;77.44746;-59.42724;0.0022944445;None;NO
21270;99.541756;0.84066;sun;On;On;Receiver;Off;77.06317;-60.024742;0.0022944445;None;NO
21280;99.583244;0.84096;sun;On;On;Receiver;Off;76.66614;-60.621365;0.0022944445;None;NO
21290;99.62474;0.84126;sun;On;On;Receiver;Off;76.25557;-61.217045;0.0022944445;None;NO
21300;99.66624;0.84156;sun;On;On;Receiver;Off;75.83062;-61.811726;0.0022944445;None;NO
21310;99.707726;0.84186;sun;On;On;Receiver;Off;75.39036;-62.405342;0.0022944445;None;NO
21320;99.74922;0.84216;sun;On;On;Receiver;Off;74.93381;-62.99782;0.0022944445;None;NO
21330;99.79071;0.84246;sun;On;On;Receiver;Off;74.459885;-63.589092;0.0022944445;None;NO
21340;99.83221;0.84276;sun;On;On;Receiver;Off;73.96741;-64.17906;0.0022944445;None;NO
21350;99.8737;0.84306;sun;On;On;Receiver;Off;73.455124;-64.76765;0.0022944445;None;NO
21360;99.91519;0.84336;sun;On;On;Receiver;Off;72.92162;-65.354744;0.0022944445;None;NO
21370;99.95669;0.84366;sun;On;On;Receiver;Off;72.36542;-65.94025;0.0022944445;None;NO
21380;99.988075;0.84396;sun;On;On;Receiver;Off;71.784836;-66.52403;0.0022944445;None;NO
21390;99.988075;0.84426;sun;On;On;Receiver;Off;71.17808;-67.105965;0.0022944445;None;NO
21400;99.988075;0.84456;sun;On;On;Receiver;Off;70.54316;-67.685905;0.0022944445;None;NO
21410;99.988075;0.84486;sun;On;On;Receiver;Off;69.877914;-68.2637;0.0022944445;None;NO
21420;99.988075;0.84516;sun;On;On;Receiver;Off;69.179955;-68.83916;0.0022944445;None;NO
21430;99.988075;0.84546;sun;On;On;Receiver;Off;68.44666;-69.412094;0.0022944445;None;NO
21440;99.988075;0.84576;sun;On;On;Receiver;Off;67.67513;-69.982285;0.0022944445;None;NO
21450;99.988075;0.84606;sun;On;On;Receiver;Off;66.86219;-70.54949;0.0022944445;None;NO
21460;99.988075;0.84636;sun;On;On;Receiver;Off;66.0043;-71.11345;0.0022944445;None;NO
21470;99.988075;0.84666;sun;On;On;Receiver;Off;65.09758;-71.67385;0.0022944445;None;NO
21480;99.988075;0.84696;sun;On;On;Receiver;Off;64.13772;-72.23036;0.0022944445;None;NO
21490;99.988075;0.84726;sun;On;On;Receiver;Off;63.11994;-72.7826;0.0022944445;None;NO
21500;99.988075;0.84756;sun;On;On;Receiver;Off;62.038963;-73.33015;0.0022944445;None;NO
21510;99.988075;0.84786;sun;On;On;Receiver;Off;60.888924;-73.87252;0.0022944445;None;NO
21520;99.988075;0.84816;sun;On;On;Receiver;Off;59.663334;-74.40919;0.0022944445;None;NO
21530;99.988075;0.84846;sun;On;On;Receiver;Off;58.35501;-74.93953;0.0022944445;None;NO
21540;99.988075;0.84876;sun;On;On;Receiver;Off;56.956013;-75.46285;0.0022944445;None;NO
21550;99.988075;0.84906;sun;On;On;Receiver;Off;55.45759;-75.978386;0.0022944445;None;NO
21560;99.988075;0.84936;sun;On;On;Receiver;Off;53.850113;-76.485214;0.0022944445;None;NO
21570;99.988075;0.84966;sun;On;On;Receiver;Off;52.123085;-76.98234;0.0022944445;None;NO
21580;99.988075;0.84996;sun;On;On;Receiver;Off;50.26509;-77.4686;0.0022944445;None;NO
21590;99.988075;0.85026;sun;On;On;Receiver;Off;48.263885;-77.94267;0.0022944445;None;NO
21600;99.988075;0.85056;sun;On;On;Receiver;Off;46.106476;-78.403076;0.0022944445;None;NO
21610;99.988075;0.85086;sun;On;On;Receiver;Off;43.77936;-78.84811;0.0022944445;None;NO
21620;99.988075;0.85116;sun;On;On;Receiver;Off;41.26887;-79.27586;0.0022944445;None;NO
21630;99.988075;0.85146;sun;On;On;Receiver;Off;38.5617;-79.68418;0.0022944445;None;NO
21640;99.988075;0.85176;sun;On;On;Receiver;Off;35.64566;-80.07066;0.0022944445;None;NO
21650;99.988075;0.85206;sun;On;On;Receiver;Off;32.510693;-80.43268;0.0022944445;None;NO
21660;99.988075;0.85236;sun;On;On;Receiver;Off;29.150139;-80.767334;0.0022944445;None;NO
21670;99.988075;0.85266;sun;On;On;Receiver;Off;25.562279;-81.07155;0.0022944445;None;NO
21680;99.988075;0.85296;sun;On;On;Receiver;Off;21.751966;-81.342125;0.0022944445;None;NO
21690;99.988075;0.85326;sun;On;On;Receiver;Off;17.73222;-81.57582;0.0022944445;None;NO
21700;99.988075;0.85356;sun;On;On;Receiver;Off;13.525424;-81.769485;0.0022944445;None;NO
21710;99.988075;0.85386;sun;On;On;Receiver;Off;9.16382;-81.92024;0.0022944445;None;NO
21720;99.988075;0.85416;sun;On;On;Receiver;Off;4.688932;-82.02566;0.0022944445;None;NO
21730;99.988075;0.85446;sun;On;On;Receiver;Off;0.14974356;-82.08392;0.0022944445;None;NO
21740;99.988075;0.85476;sun;On;On;Receiver;Off;-4.400261;-82.09399;0.0022944445;None;NO
21750;99.988075;0.85506;sun;On;On;Receiver;Off;-8.906822;-82.05568;0.0022944445;None;NO
21760;99.988075;0.85536;sun;On;On;Receiver;Off;-13.318764;-81.96968;0.0022944445;None;NO
21770;99.988075;0.85566;sun;On;On;Receiver;Off;-17.591318;-81.83751;0.0022944445;None;NO
21780;99.988075;0.85596;sun;On;On;Receiver;Off;-21.688429;-81.661354;0.0022944445;None;NO
21790;99.988075;0.85626;sun;On;On;Receiver;Off;-25.583809;-81.44393;0.0022944445;None;NO
21800;99.988075;0.85656;sun;On;On;Receiver;Off;-29.26084;-81.18829;0.0022944445;None;NO
21810;99.988075;0.85686;sun;On;On;Receiver;Off;-32.71161;-80.89766;0.0022944445;None;NO
21820;99.988075;0.85716;sun;On;On;Receiver;Off;-35.935436;-80.57527;0.0022944445;None;NO
21830;99.988075;0.85746;sun;On;On;Receiver;Off;-38.937202;-80.22427;0.0022944445;None;NO
21840;99.988075;0.85776;sun;On;On;Receiver;Off;-41.725792;-79.847626;0.0022944445;None;NO
21850;99.988075;0.85806;sun;On;On;Receiver;Off;-44.31269;-79.448074;0.0022944445;None;NO
21860;99.988075;0.85836;sun;On;On;Receiver;Off;-46.710857;-79.02812;0.0022944445;None;NO
21870;99.988075;0.85866;sun;On;On;Receiver;Off;-48.933895;-78.59003;0.0022944445;None;NO
21880;99.988075;0.85896;sun;On;On;Receiver;Off;-50.995426;-78.135796;0.0022944445;None;NO
21890;99.988075;0.85926;sun;On;On;Receiver;Off;-52.908672;-77.66721;0.0022944445;None;NO
21900;99.988075;0.85956;sun;On;On;Receiver;Off;-54.686195;-77.185844;0.0022944445;None;NO
21910;99.988075;0.85986;sun;On;On;Receiver;Off;-56.33975;-76.69309;0.0022944445;None;NO
21920;99.988075;0.86016;sun;On;On;Receiver;Off;-57.880196;-76.19016;0.0022944445;None;NO
21930;99.988075;0.86046;sun;On;On;Receiver;Off;-59.31751;-75.67813;0.0022944445;None;NO
21940;99.988075;0.86076;sun;On;On;Receiver;Off;-60.660778;-75.15795;0.0022944445;None;NO
21950;99.988075;0.86106;sun;On;On;Receiver;Off;-61.91826;-74.63043;0.0022944445;None;NO
21960;99.988075;0.86136;sun;On;On;Receiver;Off;-63.097427;-74.09632;0.0022944445;None;NO
21970;99.988075;0.86166;sun;On;On;Receiver;Off;-64.20505;-73.556244;0.0022944445;None;NO
21980;99.988075;0.86196;sun;On;On;Receiver;Off;-65.24721;-73.01079;0.0022944445;None;NO
21990;99.988075;0.86226;sun;On;On;Receiver;Off;-66.22943;-72.46044;0.0022944445;None;NO
22000;99.988075;0.86256;sun;On;On;Receiver;Off;-67.15667;-71.90566;0.0022944445;None;NO
22010;99.988075;0.86286;sun;On;On;Receiver;Off;-68.033424;-71.34683;0.0022944445;None;NO
22020;99.988075;0.86316;sun;On;On;Receiver;Off;-68.86375;-70.78432;0.0022944445;None;NO
22030;99.988075;0.86346;sun;On;On;Receiver;Off;-69.65128;-70.21843;0.0022944445;None;NO
22040;99.988075;0.86376;sun;On;On;Receiver;Off;-70.399376;-69.649445;0.0022944445;None;NO
22050;99.988075;0.86406;sun;On;On;Receiver;Off;-71.11101;-69.07762;0.0022944445;None;NO
22060;99.988075;0.86436;sun;On;On;Receiver;Off;-71.788925;-68.50319;0.0022944445;None;NO
22070;99.988075;0.86466;sun;On;On;Receiver;Off;-72.435585;-67.926346;0.0022944445;None;NO
22080;99.988075;0.86496;sun;On;On;Receiver;Off;-73.05326;-67.347275;0.0022944445;None;NO
22090;99.988075;0.86526;sun;On;On;Receiver;Off;-73.64399;-66.76615;0.0022944445;None;NO
22100;99.988075;0.86556;sun;On;On;Receiver;Off;-74.209656;-66.18311;0.0022944445;None;NO
22110;99.988075;0.86586;sun;On;On;Receiver;Off;-74.75197;-65.59831;0.0022944445;None;NO
22120;99.988075;0.86616;sun;On;On;Receiver;Off;-75.27249;-65.01186;0.0022944445;None;NO
22130;99.988075;0.86646;sun;On;On;Receiver;Off;-75.77266;-64.42389;0.0022944445;None;NO
22140;99.988075;0.86676;sun;On;On;Receiver;Off;-76.253784;-63.83448;0.0022944445;None;NO
22150;99.988075;0.86706;sun;On;On;Receiver;Off;-76.717094;-63.24374;0.0022944445;None;NO
22160;99.988075;0.86736;sun;On;On;Receiver;Off;-77.16368;-62.651756;0.0022944445;None;NO
22170;99.988075;0.86766;sun;On;On;Receiver;Off;-77.59459;-62.0586;0.0022944445;None;NO
22180;99.988075;0.86796;sun;On;On;Receiver;Off;-78.01076;-61.464355;0.0022944445;None;NO
22190;99.988075;0.86826;sun;On;On;Receiver;Off;-78.413055;-60.869083;0.0022944445;None;NO
22200;99.988075;0.86856;sun;On;On;Receiver;Off;-78.8023;-60.272846;0.0022944445;None;NO
22210;99.988075;0.86886;sun;On;On;Receiver;Off;-79.17924;-59.6757;0.0022944445;None;NO
22220;99.988075;0.86916;sun;On;On;Receiver;Off;-79.54457;-59.0777;0.0022944445;None;NO
22230;99.988075;0.86946;sun;On;On;Receiver;Off;-79.89893;-58.478897;0.0022944445;None;NO
22240;99.988075;0.86976;sun;On;On;Receiver;Off;-80.24293;-57.879333;0.0022944445;None;NO
22250;99.988075;0.87006;sun;On;On;Receiver;Off;-80.577126;-57.279057;0.0022944445;None;NO
22260;99.988075;0.87036;sun;On;On;Receiver;Off;-80.90203;-56.678097;0.0022944445;None;NO
22270;99.988075;0.87066;sun;On;On;Receiver;Off;-81.21814;-56.076496;0.0022944445;None;NO
22280;99.988075;0.87096;sun;On;On;Receiver;Off;-81.5259;-55.474285;0.0022944445;None;NO
22290;99.988075;0.87126;sun;On;On;Receiver;Off;-81.82574;-54.871502;0.0022944445;None;NO
22300;99.988075;0.87156;sun;On;On;Receiver;Off;-82.11805;-54.26817;0.0022944445;None;NO
22310;99.988075;0.87186;sun;On;On;Receiver;Off;-82.40321;-53.664318;0.0022944445;None;NO
22320;99.988075;0.87216;sun;On;On;Receiver;Off;-82.681564;-53.059975;0.0022944445;None;NO
22330;99.988075;0.87246;sun;On;On;Receiver;Off;-82.95344;-52.455162;0.0022944445;None;NO
22340;99.988075;0.87276;sun;On;On;Receiver;Off;-83.21915;-51.849903;0.0022944445;None;NO
22350;99.988075;0.87306;sun;On;On;Receiver;Off;-83.478966;-51.24422;0.0022944445;None;NO
22360;99.988075;0.87336;sun;On;On;Receiver;Off;-83.73318;-50.638134;0.0022944445;None;NO
22370;99.988075;0.87366;sun;On;On;Receiver;Off;-83.98204;-50.03166;0.0022944445;None;NO
22380;99.988075;0.87396;sun;On;On;Receiver;Off;-84.225784;-49.424816;0.0022944445;None;NO
22390;99.988075;0.87426;sun;On;On;Receiver;Off;-84.464645;-48.817623;0.0022944445;None;NO
22400;99.988075;0.87456;sun;On;On;Receiver;Off;-84.69884;-48.210094;0.0022944445;None;NO
22410;99.988075;0.87486;sun;On;On;Receiver;Off;-84.92856;-47.60224;0.0022944445;None;NO
22420;99.988075;0.87516;sun;On;On;Receiver;Off;-85.154015;-46.994087;0.0022944445;None;NO
22430;99.988075;0.87546;sun;On;On;Receiver;Off;-85.375374;-46.385635;0.0022944445;None;NO
22440;99.988075;0.87576;sun;On;On;Receiver;Off;-85.59282;-45.776905;0.0022944445;None;NO
22450;99.988075;0.87606;sun;On;On;Receiver;Off;-85.80651;-45.167904;0.0022944445;None;NO
22460;99.988075;0.87636;sun;On;On;Receiver;Off;-86.016594;-44.558647;0.0022944445;None;NO
22470;99.988075;0.87666;sun;On;On;Receiver;Off;-86.223236;-43.949142;0.0022944445;None;NO
22480;99.988075;0.87696;sun;On;On;Receiver;Off;-86.42656;-43.3394;0.0022944445;None;NO
22490;99.988075;0.87726;sun;On;On;Receiver;Off;-86.6267;-42.72943;0.0022944445;None;NO
22500;99.988075;0.87756;sun;On;On;Receiver;Off;-86.82379;-42.119244;0.0022944445;None;NO
22510;99.988075;0.87786;sun;On;On;Receiver;Off;-87.01795;-41.50885;0.0022944445;None;NO
22520;99.988075;0.87816;sun;On;On;Receiver;Off;-87.2093;-40.898254;0.0022944445;None;NO
22530;99.988075;0.87846;sun;On;On;Receiver;Off;-87.397934;-40.287464;0.0022944445;None;NO
22540;99.988075;0.87876;sun;On;On;Receiver;Off;-87.58397;-39.676487;0.0022944445;None;NO
22550;99.988075;0.87906;sun;On;On;Receiver;Off;-87.7675;-39.065334;0.0022944445;None;NO
22560;99.988075;0.87936;sun;On;On;Receiver;Off;-87.94863;-38.45401;0.0022944445;None;NO
22570;99.988075;0.87966;sun;On;On;Receiver;Off;-88.12743;-37.842518;0.0022944445;None;NO
22580;99.988075;0.87996;sun;On;On;Receiver;Off;-88.304016;-37.23087;0.0022944445;None;NO
22590;99.988075;0.88026;sun;On;On;Receiver;Off;-88.47845;-36.61907;0.0022944445;None;NO
22600;99.988075;0.88056;sun;On;On;Receiver;Off;-88.65082;-36.007122;0.0022944445;None;NO
22610;99.988075;0.88086;sun;On;On;Receiver;Off;-88.8212;-35.39503;0.0022944445;None;NO
22620;99.988075;0.88116;sun;On;On;Receiver;Off;-88.989655;-34.782806;0.0022944445;None;NO
22630;99.988075;0.88146;sun;On;On;Receiver;Off;-89.15627;-34.17045;0.0022944445;None;NO
22640;99.988075;0.88176;sun;On;On;Receiver;Off;-89.32111;-33.55797;0.0022944445;None;NO
22650;99.988075;0.88206;sun;On;On;Receiver;Off;-89.48424;-32.945362;0.0022944445;None;NO
22660;99.988075;0.88236;sun;On;On;Receiver;Off;-89.64571;-32.33264;0.0022944445;None;NO
22670;99.988075;0.88266;sun;On;On;Receiver;Off;-89.805595;-31.719807;0.0022944445;None;NO
22680;99.988075;0.88296;sun;On;On;Receiver;Off;-89.96395;-31.106863;0.0022944445;None;NO
22690;99.988075;0.88326;sun;On;On;Receiver;Off;-90.12083;-30.493814;0.0022944445;None;NO
22700;99.988075;0.88356;sun;On;On;Receiver;Off;-90.276276;-29.880667;0.0022944445;None;NO
22710;99.988075;0.88386;sun;On;On;Receiver;Off;-90.43035;-29.26742;0.0022944445;None;NO
22720;99.988075;0.88416;sun;On;On;Receiver;Off;-90.583115;-28.65408;0.0022944445;None;NO
22730;99.988075;0.88446;sun;On;On;Receiver;Off;-90.7346;-28.04065;0.0022944445;None;NO
22740;99.988075;0.88476;sun;On;On;Receiver;Off;-90.88485;-27.427132;0.0022944445;None;NO
22750;99.988075;0.88506;sun;On;On;Receiver;Off;-91.03392;-26.81353;0.0022944445;None;NO
22760;99.988075;0.88536;sun;On;On;Receiver;Off;-91.18185;-26.199848;0.0022944445;None;NO
22770;99.988075;0.88566;sun;On;On;Receiver;Off;-91.32868;-25.586088;0.0022944445;None;NO
22780;99.988075;0.88596;sun;On;On;Receiver;Off;-91.47446;-24.972254;0.0022944445;None;NO
22790;99.988075;0.88626;sun;On;On;Receiver;Off;-91.61922;-24.358347;0.0022944445;None;NO
22800;99.988075;0.88656;sun;On;On;Receiver;Off;-91.76299;-23.74437;0.0022944445;None;NO
22810;99.988075;0.88686;sun;On;On;Receiver;Off;-91.90582;-23.130327;0.0022944445;None;NO
22820;99.988075;0.88716;sun;On;On;Receiver;Off;-92.04775;-22.51622;0.0022944445;None;NO
22830;99.988075;0.88746;sun;On;On;Receiver;Off;-92.188805;-21.90205;0.0022944445;None;NO
22840;99.988075;0.88776;sun;On;On;Receiver;Off;-92.329025;-21.28782;0.0022944445;None;NO
22850;99.988075;0.88806;sun;On;On;Receiver;Off;-92.46843;-20.673534;0.0022944445;None;NO
22860;99.988075;0.88836;sun;On;On;Receiver;Off;-92.60707;-20.059195;0.0022944445;None;NO
22870;99.988075;0.88866;sun;On;On;Receiver;Off;-92.744965;-19.4448;0.0022944445;None;NO
22880;99.988075;0.88896;sun;On;On;Receiver;Off;-92.88214;-18.830357;0.0022944445;None;NO
22890;99.988075;0.88926;sun;On;On;Receiver;Off;-93.01864;-18.215864;0.0022944445;None;NO
22900;99.988075;0.88956;sun;On;On;Receiver;Off;-93.15449;-17.601324;0.0022944445;None;NO
22910;99.988075;0.88986;sun;On;On;Receiver;Off;-93.2897;-16.98674;0.0022944445;None;NO
22920;99.988075;0.89016;sun;On;On;Receiver;Off;-93.424324;-16.372114;0.0022944445;None;NO
22930;99.988075;0.89046;sun;On;On;Receiver;Off;-93.55837;-15.757448;0.0022944445;None;NO
22940;99.988075;0.89076;sun;On;On;Receiver;Off;-93.69187;-15.142742;0.0022944445;None;NO
22950;99.988075;0.89106;sun;On;On;Receiver;Off;-93.82485;-14.528;0.0022944445;None;NO
22960;99.988075;0.89136;sun;On;On;Receiver;Off;-93.957344;-13.913222;0.0022944445;None;NO
22970;99.988075;0.89166;sun;On;On;Receiver;Off;-94.08936;-13.298411;0.0022944445;None;NO
22980;99.988075;0.89196;sun;On;On;Receiver;Off;-94.22093;-12.683569;0.0022944445;None;NO
22990;99.988075;0.89226;sun;On;On;Receiver;Off;-94.35208;-12.068695;0.0022944445;None;NO
23000;99.988075;0.89256;sun;On;On;Receiver;Off;-94.48284;-11.4537945;0.0022944445;None;NO
23010;99.988075;0.89286;sun;On;On;Receiver;Off;-94.61321;-10.838865;0.0022944445;None;NO
23020;99.988075;0.89316;sun;On;On;Receiver;Off;-94.74324;-10.223912;0.0022944445;None;NO
23030;99.988075;0.89346;sun;On;On;Receiver;Off;-94.87293;-9.608934;0.0022944445;None;NO
23040;99.988075;0.89376;sun;On;On;Receiver;Off;-95.00232;-8.993936;0.0022944445;None;NO
23050;99.988075;0.89406;sun;On;On;Receiver;Off;-95.131424;-8.378915;0.0022944445;None;NO
23060;99.988075;0.89436;sun;On;On;Receiver;Off;-95.260254;-7.763876;0.0022944445;None;NO
23070;99.988075;0.89466;sun;On;On;Receiver;Off;-95.38885;-7.148819;0.0022944445;None;NO
23080;99.988075;0.89496;sun;On;On;Receiver;Off;-95.51721;-6.533746;0.0022944445;None;NO
23090;99.988075;0.89526;sun;On;On;Receiver;Off;-95.64538;-5.918658;0.0022944445;None;NO
23100;99.988075;0.89556;sun;On;On;Receiver;Off;-95.77336;-5.3035564;0.0022944445;None;NO
23110;99.988075;0.89586;sun;On;On;Receiver;Off;-95.901184;-4.688443;0.0022944445;None;NO
23120;99.988075;0.89616;sun;On;On;Receiver;Off;-96.02886;-4.0733194;0.0022944445;None;NO
23130;99.988075;0.89646;sun;On;On;Receiver;Off;-96.15642;-3.4581869;0.0022944445;None;NO
23140;99.988075;0.89676;sun;On;On;Receiver;Off;-96.28388;-2.8430462;0.0022944445;None;NO
23150;99.988075;0.89706;sun;On;On;Receiver;Off;-96.411255;-2.2278993;0.0022944445;None;NO
23160;99.988075;0.89736;sun;On;On;Receiver;Off;-96.538574;-1.6127476;0.0022944445;None;NO
23170;99.988075;0.89766;sun;On;On;Receiver;Off;-96.66585;-0.9975921;0.0022944445;None;NO
23180;99.988075;0.89796;sun;On;On;Receiver;Off;-96.7931;-0.38243446;0.0022944445;None;NO
23190;99.988075;0.89826;sun;On;On;Receiver;Off;-96.92035;0.23272407;0.0022944445;None;NO
23200;99.988075;0.89856;sun;On;On;Receiver;Off;-97.047615;0.84788203;0.0022944445;None;NO
23210;99.988075;0.89886;sun;On;On;Receiver;Off;-97.17492;1.4630382;0.0022944445;None;NO
23220;99.988075;0.89916;sun;On;On;Receiver;Off;-97.30228;2.078191;0.0022944445;None;NO
23230;99.988075;0.89946;sun;On;On;Receiver;Off;-97.42972;2.6933393;0.0022944445;None;NO
23240;99.988075;0.89976;sun;On;On;Receiver;Off;-97.55725;3.3084815;0.0022944445;None;NO
23250;99.988075;0.90006;sun;On;On;Receiver;Off;-97.684906;3.9236164;0.0022944445;None;NO
23260;99.988075;0.90036;sun;On;On;Receiver;Off;-97.81269;4.5387425;0.0022944445;None;NO
23270;99.988075;0.90066;sun;On;On;Receiver;Off;-97.940636;5.153858;0.0022944445;None;NO
23280;99.988075;0.90096;sun;On;On;Receiver;Off;-98.068756;5.7689624;0.0022944445;None;NO
23290;99.988075;0.90126;sun;On;On;Receiver;Off;-98.19708;6.3840537;0.0022944445;None;NO
23300;99.988075;0.90156;sun;On;On;Receiver;Off;-98.325615;6.9991307;0.0022944445;None;NO
23310;99.988075;0.90186;sun;On;On;Receiver;Off;-98.45439;7.614192;0.0022944445;None;NO
23320;99.988075;0.90216;sun;On;On;Receiver;Off;-98.583435;8.229236;0.0022944445;None;NO
23330;99.988075;0.90246;sun;On;On;Receiver;Off;-98.71275;8.84426;0.0022944445;None;NO
23340;99.988075;0.90276;sun;On;On;Receiver;Off;-98.84238;9.459265;0.0022944445;None;NO
23350;99.988075;0.90306;sun;On;On;Receiver;Off;-98.97233;10.074248;0.0022944445;None;NO
23360;99.988075;0.90336;sun;On;On;Receiver;Off;-99.10262;10.689207;0.0022944445;None;NO
23370;99.988075;0.90366;sun;On;On;Receiver;Off;-99.23329;11.304142;0.0022944445;None;NO
23380;99.988075;0.90396;sun;On;On;Receiver;Off;-99.36435;11.91905;0.0022944445;None;NO
23390;99.988075;0.90426;sun;On;On;Receiver;Off;-99.49583;12.53393;0.0022944445;None;NO
23400;99.988075;0.90456;sun;On;On;Receiver;Off;-99.62775;13.148781;0.0022944445;None;NO
23410;99.988075;0.90486;sun;On;On;Receiver;Off;-99.760124;13.763599;0.0022944445;None;NO
23420;99.988075;0.90516;sun;On;On;Receiver;Off;-99.89299;14.378386;0.0022944445;None;NO
23430;99.988075;0.90546;sun;On;On;Receiver;Off;-100.026375;14.993136;0.0022944445;None;NO
23440;99.988075;0.90576;sun;On;On;Receiver;Off;-100.1603;15.607851;0.0022944445;None;NO
23450;99.988075;0.90606;sun;On;On;Receiver;Off;-100.29479;16.222528;0.0022944445;None;NO
23460;99.988075;0.90636;sun;On;On;Receiver;Off;-100.42987;16.837164;0.0022944445;None;NO
23470;99.988075;0.90666;sun;On;On;Receiver;Off;-100.565575;17.451757;0.0022944445;None;NO
23480;99.988075;0.90696;sun;On;On;Receiver;Off;-100.70192;18.066307;0.0022944445;None;NO
23490;99.988075;0.90726;sun;On;On;Receiver;Off;-100.83894;18.680813;0.0022944445;None;NO
23500;99.988075;0.90756;sun;On;On;Receiver;Off;-100.97668;19.295269;0.0022944445;None;NO
23510;99.988075;0.90786;sun;On;On;Receiver;Off;-101.11514;19.909674;0.0022944445;None;NO
23520;99.988075;0.90816;sun;On;On;Receiver;Off;-101.25438;20.524029;0.0022944445;None;NO
23530;99.988075;0.90846;sun;On;On;Receiver;Off;-101.39441;21.138329;0.0022944445;None;NO
23540;99.988075;0.90876;sun;On;On;Receiver;Off;-101.53527;21.752571;0.0022944445;None;NO
23550;99.988075;0.90906;sun;On;On;Receiver;Off;-101.677;22.366755;0.0022944445;None;NO
23560;99.988075;0.90936;sun;On;On;Receiver;Off;-101.819626;22.980879;0.0022944445;None;NO
23570;99.988075;0.90966;sun;On;On;Receiver;Off;-101.963196;23.594938;0.0022944445;None;NO
23580;99.988075;0.90996;sun;On;On;Receiver;Off;-102.10773;24.208931;0.0022944445;None;NO
23590;99.988075;0.91026;sun;On;On;Receiver;Off;-102.25327;24.822855;0.0022944445;None;NO
23600;99.988075;0.91056;sun;On;On;Receiver;Off;-102.399864;25.436707;0.0022944445;None;NO
23610;99.988075;0.91086;sun;On;On;Receiver;Off;-102.54755;26.050486;0.0022944445;None;NO
23620;99.988075;0.91116;sun;On;On;Receiver;Off;-102.69636;26.664186;0.0022944445;None;NO
23630;99.988075;0.91146;sun;On;On;Receiver;Off;-102.846344;27.27781;0.0022944445;None;NO
23640;99.988075;0.91176;sun;On;On;Receiver;Off;-102.99754;27.891346;0.0022944445;None;NO
23650;99.988075;0.91206;sun;On;On;Receiver;Off;-103.15001;28.504799;0.0022944445;None;NO
23660;99.988075;0.91236;sun;On;On;Receiver;Off;-103.30379;29.11816;0.0022944445;None;NO
23670;99.988075;0.91266;sun;On;On;Receiver;Off;-103.45893;29.73143;0.0022944445;None;NO
23680;99.988075;0.91296;sun;On;On;Receiver;Off;-103.61548;30.344603;0.0022944445;None;NO
23690;99.988075;0.91326;sun;On;On;Receiver;Off;-103.77349;30.957676;0.0022944445;None;NO
23700;99.988075;0.91356;sun;On;On;Receiver;Off;-103.93303;31.570644;0.0022944445;None;NO
23710;99.988075;0.91386;sun;On;On;Receiver;Off;-104.09415;32.183506;0.0022944445;None;NO
23720;99.988075;0.91416;sun;On;On;Receiver;Off;-104.2569;32.796257;0.0022944445;None;NO
23730;99.988075;0.91446;sun;On;On;Receiver;Off;-104.42135;33.40889;0.0022944445;None;NO
23740;99.988075;0.91476;sun;On;On;Receiver;Off;-104.587555;34.021404;0.0022944445;None;NO
23750;99.988075;0.91506;sun;On;On;Receiver;Off;-104.7556;34.63379;0.0022944445;None;NO
23760;99.988075;0.91536;sun;On;On;Receiver;Off;-104.925545;35.246048;0.0022944445;None;NO
23770;99.988075;0.91566;sun;On;On;Receiver;Off;-105.09746;35.85817;0.0022944445;None;NO
23780;99.988075;0.91596;sun;On;On;Receiver;Off;-105.27142;36.470154;0.0022944445;None;NO
23790;99.988075;0.91626;sun;On;On;Receiver;Off;-105.44752;37.081993;0.0022944445;None;NO
23800;99.988075;0.91656;sun;On;On;Receiver;Off;-105.62582;37.693676;0.0022944445;None;NO
23810;99.988075;0.91686;sun;On;On;Receiver;Off;-105.80641;38.305206;0.0022944445;None;NO
23820;99.988075;0.91716;sun;On;On;Receiver;Off;-105.989395;38.916573;0.0022944445;None;NO
23830;99.988075;0.91746;sun;On;On;Receiver;Off;-106.174866;39.527767;0.0022944445;None;NO
23840;99.988075;0.91776;sun;On;On;Receiver;Off;-106.36291;40.138786;0.0022944445;None;NO
23850;99.988075;0.91806;sun;On;On;Receiver;Off;-106.553635;40.749622;0.0022944445;None;NO
23860;99.988075;0.91836;sun;On;On;Receiver;Off;-106.747154;41.360268;0.0022944445;None;NO
23870;99.988075;0.91866;sun;On;On;Receiver;Off;-106.94358;41.970715;0.0022944445;None;NO
23880;99.988075;0.91896;sun;On;On;Receiver;Off;-107.14303;42.58095;0.0022944445;None;NO
23890;99.988075;0.91926;sun;On;On;Receiver;Off;-107.345634;43.190975;0.0022944445;None;NO
23900;99.988075;0.91956;sun;On;On;Receiver;Off;-107.55151;43.80077;0.0022944445;None;NO
23910;99.988075;0.91986;sun;On;On;Receiver;Off;-107.76082;44.410336;0.0022944445;None;NO
23920;99.988075;0.92016;sun;On;On;Receiver;Off;-107.97369;45.019653;0.0022944445;None;NO
23930;99.988075;0.92046;sun;On;On;Receiver;Off;-108.19027;45.62872;0.0022944445;None;NO
23940;99.988075;0.92076;sun;On;On;Receiver;Off;-108.41074;46.237514;0.0022944445;None;NO
23950;99.988075;0.92106;sun;On;On;Receiver;Off;-108.63526;46.846035;0.0022944445;None;NO
23960;99.988075;0.92136;sun;On;On;Receiver;Off;-108.86401;47.454266;0.0022944445;None;NO
23970;99.988075;0.92166;sun;On;On;Receiver;Off;-109.09719;48.06219;0.0022944445;None;NO
23980;99.988075;0.92196;sun;On;On;Receiver;Off;-109.334984;48.6698;0.0022944445;None;NO
23990;99.988075;0.92226;sun;On;On;Receiver;Off;-109.57762;49.277077;0.0022944445;None;NO
24000;99.988075;0.92256;sun;On;On;Receiver;Off;-109.82531;49.884007;0.0022944445;None;NO
24010;99.988075;0.92286;sun;On;On;Receiver;Off;-110.0783;50.49057;0.0022944445;None;NO
24020;99.988075;0.92316;sun;On;On;Receiver;Off;-110.336845;51.096756;0.0022944445;None;NO
24030;99.988075;0.92346;sun;On;On;Receiver;Off;-110.601204;51.702538;0.0022944445;None;NO
24040;99.988075;0.92376;sun;On;On;Receiver;Off;-110.87167;52.307903;0.0022944445;None;NO
24050;99.988075;0.92406;sun;On;On;Receiver;Off;-111.148544;52.912827;0.0022944445;None;NO
24060;99.988075;0.92436;sun;On;On;Receiver;Off;-111.43215;53.517284;0.0022944445;None;NO
24070;99.988075;0.92466;sun;On;On;Receiver;Off;-111.72283;54.121258;0.0022944445;None;NO
24080;99.988075;0.92496;sun;On;On;Receiver;Off;-112.02095;54.72472;0.0022944445;None;NO
24090;99.988075;0.92526;sun;On;On;Receiver;Off;-112.3269;55.32764;0.0022944445;None;NO
24100;99.988075;0.92556;sun;On;On;Receiver;Off;-112.6411;55.929993;0.0022944445;None;NO
24110;99.988075;0.92586;sun;On;On;Receiver;Off;-112.96399;56.531742;0.0022944445;None;NO
24120;99.988075;0.92616;sun;On;On;Receiver;Off;-113.29606;57.132862;0.0022944445;None;NO
24130;99.988075;0.92646;sun;On;On;Receiver;Off;-113.63782;57.73331;0.0022944445;None;NO
24140;99.988075;0.92676;sun;On;On;Receiver;Off;-113.98981;58.33305;0.0022944445;None;NO
24150;99.988075;0.92706;sun;On;On;Receiver;Off;-114.35262;58.932045;0.0022944445;None;NO
24160;99.988075;0.92736;sun;On;On;Receiver;Off;-114.7269;59.530243;0.0022944445;None;NO
24170;99.988075;0.92766;sun;On;On;Receiver;Off;-115.11333;60.127598;0.0022944445;None;NO
24180;99.988075;0.92796;sun;On;On;Receiver;Off;-115.512634;60.724064;0.0022944445;None;NO
24190;99.988075;0.92826;sun;On;On;Receiver;Off;-115.92562;61.319576;0.0022944445;None;NO
24200;99.988075;0.92856;sun;On;On;Receiver;Off;-116.35314;61.914078;0.0022944445;None;NO
24210;99.988075;0.92886;sun;On;On;Receiver;Off;-116.796135;62.507504;0.0022944445;None;NO
24220;99.988075;0.92916;sun;On;On;Receiver;Off;-117.2556;63.09978;0.0022944445;None;NO
24230;99.988075;0.92946;sun;On;On;Receiver;Off;-117.732635;63.690834;0.0022944445;None;NO
24240;99.988075;0.92976;sun;On;On;Receiver;Off;-118.228424;64.28057;0.0022944445;None;NO
24250;99.988075;0.93006;sun;On;On;Receiver;Off;-118.74427;64.868904;0.0022944445;None;NO
24260;99.988075;0.93036;sun;On;On;Receiver;Off;-119.28156;65.455734;0.0022944445;None;NO
24270;99.988075;0.93066;sun;On;On;Receiver;Off;-119.84185;66.040955;0.0022944445;None;NO
24280;99.988075;0.93096;sun;On;On;Receiver;Off;-120.42681;66.62443;0.0022944445;None;NO
24290;99.988075;0.93126;sun;On;On;Receiver;Off;-121.03828;67.20603;0.0022944445;None;NO
24300;99.988075;0.93156;sun;On;On;Receiver;Off;-121.67825;67.785614;0.0022944445;None;NO
24310;99.988075;0.93186;sun;On;On;Receiver;Off;-122.34896;68.363014;0.0022944445;None;NO
24320;99.988075;0.93216;sun;On;On;Receiver;Off;-123.05281;68.93806;0.0022944445;None;NO
24330;99.988075;0.93246;sun;On;On;Receiver;Off;-123.79248;69.51054;0.0022944445;None;NO
24340;99.988075;0.93276;sun;On;On;Receiver;Off;-124.57091;70.08023;0.0022944445;None;NO
24350;99.988075;0.93306;sun;On;On;Receiver;Off;-125.391335;70.6469;0.0022944445;None;NO
24360;99.988075;0.93336;sun;On;On;Receiver;Off;-126.25735;71.210266;0.0022944445;None;NO
24370;99.988075;0.93366;sun;On;On;Receiver;Off;-127.1729;71.77002;0.0022944445;None;NO
24380;99.988075;0.93396;sun;On;On;Receiver;Off;-128.1424;72.32582;0.0022944445;None;NO
24390;99.988075;0.93426;sun;On;On;Receiver;Off;-129.17067;72.87728;0.0022944445;None;NO
24400;99.988075;0.93456;sun;On;On;Receiver;Off;-130.2631;73.42397;0.0022944445;None;NO
24410;99.988075;0.93486;sun;On;On;Receiver;Off;-131.42567;73.96541;0.0022944445;None;NO
24420;99.988075;0.93516;sun;On;On;Receiver;Off;-132.665;74.50103;0.0022944445;None;NO
24430;99.988075;0.93546;sun;On;On;Receiver;Off;-133.98834;75.03021;0.0022944445;None;NO
24440;99.988075;0.93576;sun;On;On;Receiver;Off;-135.40382;75.55225;0.0022944445;None;NO
24450;99.988075;0.93606;sun;On;On;Receiver;Off;-136.92033;76.06635;0.0022944445;None;NO
24460;99.988075;0.93636;sun;On;On;Receiver;Off;-138.54762;76.57159;0.0022944445;None;NO
24470;99.988075;0.93666;sun;On;On;Receiver;Off;-140.29639;77.066925;0.0022944445;None;NO
24480;99.988075;0.93696;sun;On;On;Receiver;Off;-142.17816;77.55118;0.0022944445;None;NO
24490;99.988075;0.93726;sun;On;On;Receiver;Off;-144.20534;78.02302;0.0022944445;None;NO
24500;99.988075;0.93756;sun;On;On;Receiver;Off;-146.391;78.480896;0.0022944445;None;NO
24510;99.988075;0.93786;sun;On;On;Receiver;Off;-148.74875;78.923096;0.0022944445;None;NO
24520;99.988075;0.93816;sun;On;On;Receiver;Off;-151.29219;79.34766;0.0022944445;None;NO
24530;99.988075;0.93846;sun;On;On;Receiver;Off;-154.03452;79.752396;0.0022944445;None;NO
24540;99.988075;0.93876;sun;On;On;Receiver;Off;-156.98764;80.13486;0.0022944445;None;NO
24550;99.988075;0.93906;sun;On;On;Receiver;Off;-160.16112;80.49237;0.0022944445;None;NO
24560;99.988075;0.93936;sun;On;On;Receiver;Off;-163.56087;80.82201;0.0022944445;None;NO
24570;99.988075;0.93966;sun;On;On;Receiver;Off;-167.1876;81.12066;0.0022944445;None;NO
24580;99.988075;0.93996;sun;On;On;Receiver;Off;-171.03519;81.38511;0.0022944445;None;NO
24590;99.988075;0.94026;sun;On;On;Receiver;Off;-175.08904;81.61212;0.0022944445;None;NO
24600;99.988075;0.94056;sun;On;On;Receiver;Off;-179.32507;81.79859;0.0022944445;None;NO
24610;99.988075;0.94086;sun;On;On;Receiver;Off;176.29062;81.941696;0.0022944445;None;NO
24620;99.988075;0.94116;sun;On;On;Receiver;Off;171.80098;82.0391;0.0022944445;None;NO
24630;99.988075;0.94146;sun;On;On;Receiver;Off;167.25604;82.08911;0.0022944445;None;NO
24640;99.988075;0.94176;sun;On;On;Receiver;Off;162.7097;82.09083;0.0022944445;None;NO
24650;99.988075;0.94206;sun;On;On;Receiver;Off;158.21593;82.044235;0.0022944445;None;NO
24660;99.988075;0.94236;sun;On;On;Receiver;Off;153.82503;81.95015;0.0022944445;None;NO
24670;99.988075;0.94266;sun;On;On;Receiver;Off;149.5804;81.81023;0.0022944445;None;NO
24680;99.988075;0.94296;sun;On;On;Receiver;Off;145.51645;81.626755;0.0022944445;None;NO
24690;99.988075;0.94326;sun;On;On;Receiver;Off;141.65776;81.40252;0.0022944445;None;NO
24700;99.988075;0.94356;sun;On;On;Receiver;Off;138.01936;81.140625;0.0022944445;None;NO
24710;99.97615;0.94386;ecl;On;On;Receiver;Off;134.60782;80.84429;0.0022944445;None;NO
24720;99.964226;0.94416;ecl;On;On;Receiver;Off;131.42274;80.516754;0.0022944445;None;NO
24730;99.9523;0.94446;ecl;On;On;Receiver;Off;128.45842;80.161125;0.0022944445;None;NO
24740;99.94038;0.94476;ecl;On;On;Receiver;Off;125.70545;79.78034;0.0022944445;None;NO
24750;99.928444;0.94506;ecl;On;On;Receiver;Off;123.15202;79.377106;0.0022944445;None;NO
24760;99.91652;0.94536;ecl;On;On;Receiver;Off;120.785;78.95388;0.0022944445;None;NO
24770;99.904594;0.94566;ecl;On;On;Receiver;Off;118.59076;78.51286;0.0022944445;None;NO
24780;99.89267;0.94596;ecl;On;On;Receiver;Off;116.5557;78.05604;0.0022944445;None;NO
24790;99.880745;0.94626;ecl;On;On;Receiver;Off;114.66672;77.585144;0.0022944445;None;NO
24800;99.86882;0.94656;ecl;On;On;Receiver;Off;112.91136;77.10172;0.0022944445;None;NO
24810;99.856895;0.94686;ecl;On;On;Receiver;Off;111.278046;76.60713;0.0022944445;None;NO
24820;99.84497;0.94716;ecl;On;On;Receiver;Off;109.75606;76.10257;0.0022944445;None;NO
24830;99.833046;0.94746;ecl;On;On;Receiver;Off;108.33557;75.58907;0.0022944445;None;NO
24840;99.82112;0.94776;ecl;On;On;Receiver;Off;107.007645;75.067566;0.0022944445;None;NO
24850;99.8092;0.94806;ecl;On;On;Receiver;Off;105.76417;74.538864;0.0022944445;None;NO
24860;99.79727;0.94836;ecl;On;On;Receiver;Off;104.59779;74.00368;0.0022944445;None;NO
24870;99.78534;0.94866;ecl;On;On;Receiver;Off;103.50187;73.46264;0.0022944445;None;NO
24880;99.773415;0.94896;ecl;On;On;Receiver;Off;102.470406;72.916306;0.0022944445;None;NO
24890;99.76149;0.94926;ecl;On;On;Receiver;Off;101.498;72.365166;0.0022944445;None;NO
24900;99.749565;0.94956;ecl;On;On;Receiver;Off;100.579765;71.80966;0.0022944445;None;NO
24910;99.73764;0.94986;ecl;On;On;Receiver;Off;99.71129;71.250175;0.0022944445;None;NO
24920;99.725716;0.95016;ecl;On;On;Receiver;Off;98.888596;70.68706;0.0022944445;None;NO
24930;99.71379;0.95046;ecl;On;On;Receiver;Off;98.10808;70.12061;0.0022944445;None;NO
24940;99.701866;0.95076;ecl;On;On;Receiver;Off;97.36647;69.551125;0.0022944445;None;NO
24950;99.68994;0.95106;ecl;On;On;Receiver;Off;96.660835;68.978836;0.0022944445;None;NO
24960;99.67802;0.95136;ecl;On;On;Receiver;Off;95.98848;68.40397;0.0022944445;None;NO
24970;99.66609;0.95166;ecl;On;On;Receiver;Off;95.34696;67.82673;0.0022944445;None;NO
24980;99.65417;0.95196;ecl;On;On;Receiver;Off;94.73407;67.2473;0.0022944445;None;NO
24990;99.642235;0.95226;ecl;On;On;Receiver;Off;94.14779;66.66583;0.0022944445;None;NO
25000;99.63031;0.95256;ecl;On;On;Receiver;Off;93.586266;66.08248;0.0022944445;None;NO
25010;99.618385;0.95286;ecl;On;On;Receiver;Off;93.04781;65.49739;0.0022944445;None;NO
25020;99.60646;0.95316;ecl;On;On;Receiver;Off;92.5309;64.91067;0.0022944445;None;NO
25030;99.594536;0.95346;ecl;On;On;Receiver;Off;92.0341;64.32244;0.0022944445;None;NO
25040;99.58261;0.95376;ecl;On;On;Receiver;Off;91.55612;63.732796;0.0022944445;None;NO
25050;99.57069;0.95406;ecl;On;On;Receiver;Off;91.09578;63.141834;0.0022944445;None;NO
25060;99.55876;0.95436;ecl;On;On;Receiver;Off;90.651955;62.54964;0.0022944445;None;NO
25070;99.54684;0.95466;ecl;On;On;Receiver;Off;90.223656;61.956295;0.0022944445;None;NO
25080;99.53491;0.95496;ecl;On;On;Receiver;Off;89.809944;61.361866;0.0022944445;None;NO
25090;99.52299;0.95526;ecl;On;On;Receiver;Off;89.40994;60.766422;0.0022944445;None;NO
25100;99.51106;0.95556;ecl;On;On;Receiver;Off;89.02287;60.170025;0.0022944445;None;NO
25110;99.49913;0.95586;ecl;On;On;Receiver;Off;88.64798;59.57273;0.0022944445;None;NO
25120;99.487206;0.95616;ecl;On;On;Receiver;Off;88.28459;58.97459;0.0022944445;None;NO
25130;99.47528;0.95646;ecl;On;On;Receiver;Off;87.93205;58.375652;0.0022944445;None;NO
25140;99.463356;0.95676;ecl;On;On;Receiver;Off;87.58978;57.775963;0.0022944445;None;NO
25150;99.45143;0.95706;ecl;On;On;Receiver;Off;87.257225;57.175564;0.0022944445;None;NO
25160;99.43951;0.95736;ecl;On;On;Receiver;Off;86.93387;56.57449;0.0022944445;None;NO
25170;99.42758;0.95766;ecl;On;On;Receiver;Off;86.61923;55.972782;0.0022944445;None;NO
25180;99.41566;0.95796;ecl;On;On;Receiver;Off;86.31286;55.370472;0.0022944445;None;NO
25190;99.40373;0.95826;ecl;On;On;Receiver;Off;86.01435;54.767593;0.0022944445;None;NO
25200;99.39181;0.95856;ecl;On;On;Receiver;Off;85.72329;54.16417;0.0022944445;None;NO
25210;99.37988;0.95886;ecl;On;On;Receiver;Off;85.43933;53.56023;0.0022944445;None;NO
25220;99.36796;0.95916;ecl;On;On;Receiver;Off;85.16212;52.955807;0.0022944445;None;NO
25230;99.356026;0.95946;ecl;On;On;Receiver;Off;84.89133;52.350914;0.0022944445;None;NO
25240;99.3441;0.95976;ecl;On;On;Receiver;Off;84.626656;51.745583;0.0022944445;None;NO
25250;99.33218;0.96006;ecl;On;On;Receiver;Off;84.36781;51.139828;0.0022944445;None;NO
25260;99.32025;0.96036;ecl;On;On;Receiver;Off;84.11455;50.533672;0.0022944445;None;NO
25270;99.30833;0.96066;ecl;On;On;Receiver;Off;83.866585;49.92713;0.0022944445;None;NO
25280;99.2964;0.96096;ecl;On;On;Receiver;Off;83.623695;49.32023;0.0022944445;None;NO
25290;99.28448;0.96126;ecl;On;On;Receiver;Off;83.38566;48.712975;0.0022944445;None;NO
25300;99.27255;0.96156;ecl;On;On;Receiver;Off;83.152245;48.10539;0.0022944445;None;NO
25310;99.26063;0.96186;ecl;On;On;Receiver;Off;82.92327;47.497486;0.0022944445;None;NO
25320;99.2487;0.96216;ecl;On;On;Receiver;Off;82.69853;46.88928;0.0022944445;None;NO
25330;99.23678;0.96246;ecl;On;On;Receiver;Off;82.47786;46.280777;0.0022944445;None;NO
25340;99.22485;0.96276;ecl;On;On;Receiver;Off;82.26108;45.672;0.0022944445;None;NO
25350;99.21292;0.96306;ecl;On;On;Receiver;Off;82.04802;45.062954;0.0022944445;None;NO
25360;99.201;0.96336;ecl;On;On;Receiver;Off;81.83853;44.45365;0.0022944445;None;NO
25370;99.18907;0.96366;ecl;On;On;Receiver;Off;81.63248;43.84411;0.0022944445;None;NO
25380;99.17715;0.96396;ecl;On;On;Receiver;Off;81.42971;43.234325;0.0022944445;None;NO
25390;99.16522;0.96426;ecl;On;On;Receiver;Off;81.2301;42.624317;0.0022944445;None;NO
25400;99.1533;0.96456;ecl;On;On;Receiver;Off;81.03352;42.014095;0.0022944445;None;NO
25410;99.14137;0.96486;ecl;On;On;Receiver;Off;80.83985;41.403664;0.0022944445;None;NO
25420;99.12945;0.96516;ecl;On;On;Receiver;Off;80.64899;40.793034;0.0022944445;None;NO
25430;99.11752;0.96546;ecl;On;On;Receiver;Off;80.4608;40.182213;0.0022944445;None;NO
25440;99.1056;0.96576;ecl;On;On;Receiver;Off;80.27521;39.571205;0.0022944445;None;NO
25450;99.09367;0.96606;ecl;On;On;Receiver;Off;80.092094;38.960022;0.0022944445;None;NO
25460;99.08175;0.96636;ecl;On;On;Receiver;Off;79.91138;38.348667;0.0022944445;None;NO
25470;99.06982;0.96666;ecl;On;On;Receiver;Off;79.732956;37.73715;0.0022944445;None;NO
25480;99.05789;0.96696;ecl;On;On;Receiver;Off;79.556755;37.125473;0.0022944445;None;NO
25490;99.04597;0.96726;ecl;On;On;Receiver;Off;79.38268;36.51365;0.0022944445;None;NO
25500;99.03404;0.96756;ecl;On;On;Receiver;Off;79.21066;35.901676;0.0022944445;None;NO
25510;99.02212;0.96786;ecl;On;On;Receiver;Off;79.04062;35.289562;0.0022944445;None;NO
25520;99.01019;0.96816;ecl;On;On;Receiver;Off;78.87248;34.677315;0.0022944445;None;NO
25530;98.99827;0.96846;ecl;On;On;Receiver;Off;78.70618;34.064934;0.0022944445;None;NO
25540;98.98634;0.96876;ecl;On;On;Receiver;Off;78.54163;33.45243;0.0022944445;None;NO
25550;98.97442;0.96906;ecl;On;On;Receiver;Off;78.3788;32.839806;0.0022944445;None;NO
25560;98.962494;0.96936;ecl;On;On;Receiver;Off;78.217606;32.227066;0.0022944445;None;NO
25570;98.95057;0.96966;ecl;On;On;Receiver;Off;78.05798;31.61421;0.0022944445;None;NO
25580;98.93864;0.96996;ecl;On;On;Receiver;Off;77.899895;31.00125;0.0022944445;None;NO
25590;98.92671;0.97026;ecl;On;On;Receiver;Off;77.74326;30.388184;0.0022944445;None;NO
25600;98.91479;0.97056;ecl;On;On;Receiver;Off;77.58806;29.775017;0.0022944445;None;NO
25610;98.90286;0.97086;ecl;On;On;Receiver;Off;77.43421;29.161755;0.0022944445;None;NO
25620;98.89094;0.97116;ecl;On;On;Receiver;Off;77.28168;28.548399;0.0022944445;None;NO
25630;98.87901;0.97146;ecl;On;On;Receiver;Off;77.13041;27.934954;0.0022944445;None;NO
25640;98.86709;0.97176;ecl;On;On;Receiver;Off;76.98036;27.32142;0.0022944445;None;NO
25650;98.85516;0.97206;ecl;On;On;Receiver;Off;76.83149;26.707806;0.0022944445;None;NO
25660;98.84324;0.97236;ecl;On;On;Receiver;Off;76.683754;26.09411;0.0022944445;None;NO
25670;98.831314;0.97266;ecl;On;On;Receiver;Off;76.5371;25.480337;0.0022944445;None;NO
25680;98.81939;0.97296;ecl;On;On;Receiver;Off;76.3915;24.86649;0.0022944445;None;NO
25690;98.807465;0.97326;ecl;On;On;Receiver;Off;76.24692;24.25257;0.0022944445;None;NO
25700;98.79553;0.97356;ecl;On;On;Receiver;Off;76.10331;23.638582;0.0022944445;None;NO
25710;98.78361;0.97386;ecl;On;On;Receiver;Off;75.96063;23.024527;0.0022944445;None;NO
25720;98.77168;0.97416;ecl;On;On;Receiver;Off;75.818855;22.410408;0.0022944445;None;NO
25730;98.75976;0.97446;ecl;On;On;Receiver;Off;75.67795;21.796228;0.0022944445;None;NO
25740;98.74783;0.97476;ecl;On;On;Receiver;Off;75.53787;21.18199;0.0022944445;None;NO
25750;98.73591;0.97506;ecl;On;On;Receiver;Off;75.398605;20.567694;0.0022944445;None;NO
25760;98.72398;0.97536;ecl;On;On;Receiver;Off;75.26009;19.953344;0.0022944445;None;NO
25770;98.71206;0.97566;ecl;On;On;Receiver;Off;75.12233;19.338942;0.0022944445;None;NO
25780;98.700134;0.97596;ecl;On;On;Receiver;Off;74.98527;18.72449;0.0022944445;None;NO
25790;98.68821;0.97626;ecl;On;On;Receiver;Off;74.848885;18.109987;0.0022944445;None;NO
25800;98.676285;0.97656;ecl;On;On;Receiver;Off;74.71315;17.495441;0.0022944445;None;NO
25810;98.66436;0.97686;ecl;On;On;Receiver;Off;74.57803;16.88085;0.0022944445;None;NO
25820;98.65243;0.97716;ecl;On;On;Receiver;Off;74.44352;16.266216;0.0022944445;None;NO
25830;98.6405;0.97746;ecl;On;On;Receiver;Off;74.30956;15.651544;0.0022944445;None;NO
25840;98.62858;0.97776;ecl;On;On;Receiver;Off;74.176155;15.036832;0.0022944445;None;NO
25850;98.61665;0.97806;ecl;On;On;Receiver;Off;74.04326;14.422083;0.0022944445;None;NO
25860;98.60473;0.97836;ecl;On;On;Receiver;Off;73.91085;13.8073;0.0022944445;None;NO
25870;98.592804;0.97866;ecl;On;On;Receiver;Off;73.778915;13.192483;0.0022944445;None;NO
25880;98.58088;0.97896;ecl;On;On;Receiver;Off;73.647415;12.577635;0.0022944445;None;NO
25890;98.568954;0.97926;ecl;On;On;Receiver;Off;73.516335;11.962756;0.0022944445;None;NO
25900;98.55703;0.97956;ecl;On;On;Receiver;Off;73.38565;11.34785;0.0022944445;None;NO
25910;98.545105;0.97986;ecl;On;On;Receiver;Off;73.25533;10.732918;0.0022944445;None;NO
25920;98.53318;0.98016;ecl;On;On;Receiver;Off;73.12537;10.11796;0.0022944445;None;NO
25930;98.521255;0.98046;ecl;On;On;Receiver;Off;72.99573;9.502978;0.0022944445;None;NO
25940;98.50932;0.98076;ecl;On;On;Receiver;Off;72.866394;8.887976;0.0022944445;None;NO
25950;98.4974;0.98106;ecl;On;On;Receiver;Off;72.737335;8.272952;0.0022944445;None;NO
25960;98.48547;0.98136;ecl;On;On;Receiver;Off;72.60855;7.6579094;0.0022944445;None;NO
25970;98.47355;0.98166;ecl;On;On;Receiver;Off;72.479996;7.0428495;0.0022944445;None;NO
25980;98.461624;0.98196;ecl;On;On;Receiver;Off;72.35167;6.4277735;0.0022944445;None;NO
25990;98.4497;0.98226;ecl;On;On;Receiver;Off;72.22353;5.812683;0.0022944445;None;NO
26000;98.437775;0.98256;ecl;On;On;Receiver;Off;72.09558;5.19758;0.0022944445;None;NO
26010;98.42585;0.98286;ecl;On;On;Receiver;Off;71.96778;4.5824647;0.0022944445;None;NO
26020;98.413925;0.98316;ecl;On;On;Receiver;Off;71.840126;3.9673393;0.0022944445;None;NO
26030;98.402;0.98346;ecl;On;On;Receiver;Off;71.712585;3.352205;0.0022944445;None;NO
26040;98.390076;0.98376;ecl;On;On;Receiver;Off;71.585144;2.7370634;0.0022944445;None;NO
26050;98.37815;0.98406;ecl;On;On;Receiver;Off;71.45778;2.1219156;0.0022944445;None;NO
26060;98.36622;0.98436;ecl;On;On;Receiver;Off;71.330475;1.506763;0.0022944445;None;NO
26070;98.354294;0.98466;ecl;On;On;Receiver;Off;71.2032;0.89160705;0.0022944445;None;NO
26080;98.34237;0.98496;ecl;On;On;Receiver;Off;71.07595;0.27644914;0.0022944445;None;NO
26090;98.330444;0.98526;ecl;On;On;Receiver;Off;70.9487;-0.33870938;0.0022944445;None;NO
26100;98.31852;0.98556;ecl;On;On;Receiver;Off;70.821434;-0.95386714;0.0022944445;None;NO
26110;98.306595;0.98586;ecl;On;On;Receiver;Off;70.694115;-1.5690228;0.0022944445;None;NO
26120;98.29467;0.98616;ecl;On;On;Receiver;Off;70.56674;-2.184175;0.0022944445;None;NO
26130;98.282745;0.98646;ecl;On;On;Receiver;Off;70.43929;-2.7993221;0.0022944445;None;NO
26140;98.27082;0.98676;ecl;On;On;Receiver;Off;70.31174;-3.4144633;0.0022944445;None;NO
26150;98.258896;0.98706;ecl;On;On;Receiver;Off;70.18407;-4.029597;0.0022944445;None;NO
26160;98.24697;0.98736;ecl;On;On;Receiver;Off;70.05625;-4.644721;0.0022944445;None;NO
26170;98.23505;0.98766;ecl;On;On;Receiver;Off;69.928276;-5.2598352;0.0022944445;None;NO
26180;98.223114;0.98796;ecl;On;On;Receiver;Off;69.800125;-5.8749375;0.0022944445;None;NO
26190;98.21119;0.98826;ecl;On;On;Receiver;Off;69.67177;-6.4900265;0.0022944445;None;NO
26200;98.199265;0.98856;ecl;On;On;Receiver;Off;69.54319;-7.1051006;0.0022944445;None;NO
26210;98.18734;0.98886;ecl;On;On;Receiver;Off;69.41437;-7.7201586;0.0022944445;None;NO
26220;98.175415;0.98916;ecl;On;On;Receiver;Off;69.28528;-8.335199;0.0022944445;None;NO
26230;98.16349;0.98946;ecl;On;On;Receiver;Off;69.15591;-8.950221;0.0022944445;None;NO
26240;98.151566;0.98976;ecl;On;On;Receiver;Off;69.02623;-9.565222;0.0022944445;None;NO
26250;98.13964;0.99006;ecl;On;On;Receiver;Off;68.896225;-10.180201;0.0022944445;None;NO
26260;98.127716;0.99036;ecl;On;On;Receiver;Off;68.76587;-10.7951565;0.0022944445;None;NO
26270;98.11579;0.99066;ecl;On;On;Receiver;Off;68.63513;-11.410087;0.0022944445;None;NO
26280;98.10387;0.99096;ecl;On;On;Receiver;Off;68.504005;-12.02499;0.0022944445;None;NO
26290;98.09194;0.99126;ecl;On;On;Receiver;Off;68.37245;-12.639865;0.0022944445;None;NO
26300;98.08001;0.99156;ecl;On;On;Receiver;Off;68.240456;-13.25471;0.0022944445;None;NO
26310;98.068085;0.99186;ecl;On;On;Receiver;Off;68.107994;-13.869523;0.0022944445;None;NO
26320;98.05616;0.99216;ecl;On;On;Receiver;Off;67.97504;-14.484303;0.0022944445;None;NO
26330;98.044235;0.99246;ecl;On;On;Receiver;Off;67.84156;-15.099049;0.0022944445;None;NO
26340;98.03231;0.99276;ecl;On;On;Receiver;Off;67.70754;-15.713757;0.0022944445;None;NO
26350;98.020386;0.99306;ecl;On;On;Receiver;Off;67.57295;-16.328426;0.0022944445;None;NO
26360;98.00846;0.99336;ecl;On;On;Receiver;Off;67.43777;-16.943054;0.0022944445;None;NO
26370;97.99654;0.99366;ecl;On;On;Receiver;Off;67.301956;-17.557642;0.0022944445;None;NO
26380;97.98461;0.99396;ecl;On;On;Receiver;Off;67.1655;-18.172184;0.0022944445;None;NO
26390;97.97269;0.99426;ecl;On;On;Receiver;Off;67.02835;-18.78668;0.0022944445;None;NO
26400;97.96076;0.99456;ecl;On;On;Receiver;Off;66.890495;-19.401127;0.0022944445;None;NO
26410;97.94883;0.99486;ecl;On;On;Receiver;Off;66.7519;-20.015526;0.0022944445;None;NO
26420;97.936905;0.99516;ecl;On;On;Receiver;Off;66.612526;-20.62987;0.0022944445;None;NO
26430;97.92498;0.99546;ecl;On;On;Receiver;Off;66.47236;-21.24416;0.0022944445;None;NO
26440;97.913055;0.99576;ecl;On;On;Receiver;Off;66.331345;-21.858393;0.0022944445;None;NO
26450;97.90113;0.99606;ecl;On;On;Receiver;Off;66.18947;-22.472567;0.0022944445;None;NO
26460;97.889206;0.99636;ecl;On;On;Receiver;Off;66.04668;-23.08668;0.0022944445;None;NO
26470;97.87728;0.99666;ecl;On;On;Receiver;Off;65.902954;-23.700727;0.0022944445;None;NO
26480;97.86536;0.99696;ecl;On;On;Receiver;Off;65.75825;-24.314709;0.0022944445;None;NO
26490;97.85343;0.99726;ecl;On;On;Receiver;Off;65.612526;-24.92862;0.0022944445;None;NO
26500;97.84151;0.99756;ecl;On;On;Receiver;Off;65.465744;-25.54246;0.0022944445;None;NO
26510;97.82958;0.99786;ecl;On;On;Receiver;Off;65.31787;-26.156225;0.0022944445;None;NO
26520;97.81766;0.99816;ecl;On;On;Receiver;Off;65.16886;-26.769913;0.0022944445;None;NO
26530;97.805725;0.99846;ecl;On;On;Receiver;Off;65.01867;-27.38352;0.0022944445;None;NO
26540;97.7938;0.99876;ecl;On;On;Receiver;Off;64.867256;-27.997044;0.0022944445;None;NO
26550;97.781876;0.99906;ecl;On;On;Receiver;Off;64.71456;-28.610481;0.0022944445;None;NO
26560;97.76995;0.99936;ecl;On;On;Receiver;Off;64.560555;-29.223827;0.0022944445;None;NO
26570;97.758026;0.99966;ecl;On;On;Receiver;Off;64.405174;-29.83708;0.0022944445;None;NO
26580;97.7461;0.99996;ecl;On;On;Receiver;Off;64.248375;-30.450237;0.0022944445;None;NO
26590;97.73418;1.00026;ecl;On;On;Receiver;Off;64.0901;-31.063292;0.0022944445;None;NO
26600;97.72225;1.00056;ecl;On;On;Receiver;Off;63.930298;-31.676243;0.0022944445;None;NO
26610;97.71033;1.00086;ecl;On;On;Receiver;Off;63.76891;-32.289085;0.0022944445;None;NO
26620;97.6984;1.00116;ecl;On;On;Receiver;Off;63.60587;-32.901814;0.0022944445;None;NO
26630;97.68648;1.00146;ecl;On;On;Receiver;Off;63.44112;-33.514427;0.0022944445;None;NO
26640;97.67455;1.00176;ecl;On;On;Receiver;Off;63.274597;-34.12692;0.0022944445;None;NO
26650;97.71604;1.00206;sun;On;On;Receiver;Off;63.10623;-34.739285;0.0022944445;None;NO
26660;97.75754;1.00236;sun;On;On;Receiver;Off;62.935955;-35.35152;0.0022944445;None;NO
26670;97.79903;1.00266;sun;On;On;Receiver;Off;62.76369;-35.96362;0.0022944445;None;NO
26680;97.84052;1.00296;sun;On;On;Receiver;Off;62.589367;-36.575577;0.0022944445;None;NO
26690;97.88202;1.00326;sun;On;On;Receiver;Off;62.412903;-37.18739;0.0022944445;None;NO
26700;97.92351;1.00356;sun;On;On;Receiver;Off;62.23421;-37.79905;0.0022944445;None;NO
26710;97.965004;1.00386;sun;On;On;Receiver;Off;62.053207;-38.41055;0.0022944445;None;NO
26720;98.0065;1.00416;sun;On;On;Receiver;Off;61.869804;-39.02189;0.0022944445;None;NO
26730;98.04799;1.00446;sun;On;On;Receiver;Off;61.6839;-39.633053;0.0022944445;None;NO
26740;98.089485;1.00476;sun;On;On;Receiver;Off;61.4954;-40.24404;0.0022944445;None;NO
26750;98.130974;1.00506;sun;On;On;Receiver;Off;61.3042;-40.854843;0.0022944445;None;NO
26760;98.17247;1.00536;sun;On;On;Receiver;Off;61.110188;-41.465454;0.0022944445;None;NO
26770;98.21397;1.00566;sun;On;On;Receiver;Off;60.91325;-42.075867;0.0022944445;None;NO
26780;98.255455;1.00596;sun;On;On;Receiver;Off;60.713264;-42.686066;0.0022944445;None;NO
26790;98.29695;1.00626;sun;On;On;Receiver;Off;60.51011;-43.29605;0.0022944445;None;NO
26800;98.33845;1.00656;sun;On;On;Receiver;Off;60.303646;-43.90581;0.0022944445;None;NO
26810;98.37994;1.00686;sun;On;On;Receiver;Off;60.093742;-44.51533;0.0022944445;None;NO
26820;98.42143;1.00716;sun;On;On;Receiver;Off;59.88024;-45.124607;0.0022944445;None;NO
26830;98.46292;1.00746;sun;On;On;Receiver;Off;59.663;-45.733627;0.0022944445;None;NO
26840;98.50442;1.00776;sun;On;On;Receiver;Off;59.441845;-46.342377;0.0022944445;None;NO
26850;98.54591;1.00806;sun;On;On;Receiver;Off;59.216606;-46.950848;0.0022944445;None;NO
26860;98.5874;1.00836;sun;On;On;Receiver;Off;58.987106;-47.559025;0.0022944445;None;NO
26870;98.6289;1.00866;sun;On;On;Receiver;Off;58.75315;-48.166897;0.0022944445;None;NO
26880;98.670395;1.00896;sun;On;On;Receiver;Off;58.514538;-48.774452;0.0022944445;None;NO
26890;98.71188;1.00926;sun;On;On;Receiver;Off;58.27105;-49.381668;0.0022944445;None;NO
26900;98.75338;1.00956;sun;On;On;Receiver;Off;58.02246;-49.988537;0.0022944445;None;NO
26910;98.79487;1.00986;sun;On;On;Receiver;Off;57.76853;-50.59504;0.0022944445;None;NO
26920;98.836365;1.01016;sun;On;On;Receiver;Off;57.509007;-51.201153;0.0022944445;None;NO
26930;98.87786;1.01046;sun;On;On;Receiver;Off;57.243614;-51.806866;0.0022944445;None;NO
26940;98.91935;1.01076;sun;On;On;Receiver;Off;56.972065;-52.412155;0.0022944445;None;NO
26950;98.960846;1.01106;sun;On;On;Receiver;Off;56.694057;-53.017002;0.0022944445;None;NO
26960;99.00234;1.01136;sun;On;On;Receiver;Off;56.409256;-53.62138;0.0022944445;None;NO
26970;99.04383;1.01166;sun;On;On;Receiver;Off;56.117325;-54.225266;0.0022944445;None;NO
26980;99.08533;1.01196;sun;On;On;Receiver;Off;55.817883;-54.828636;0.0022944445;None;NO
26990;99.126816;1.01226;sun;On;On;Receiver;Off;55.510544;-55.431458;0.0022944445;None;NO
27000;99.16831;1.01256;sun;On;On;Receiver;Off;55.194878;-56.03371;0.0022944445;None;NO
27010;99.20981;1.01286;sun;On;On;Receiver;Off;54.870438;-56.635357;0.0022944445;None;NO
27020;99.2513;1.01316;sun;On;On;Receiver;Off;54.53674;-57.236362;0.0022944445;None;NO
27030;99.29279;1.01346;sun;On;On;Receiver;Off;54.19326;-57.83669;0.0022944445;None;NO
27040;99.33429;1.01376;sun;On;On;Receiver;Off;53.839447;-58.436306;0.0022944445;None;NO
27050;99.37578;1.01406;sun;On;On;Receiver;Off;53.474705;-59.035164;0.0022944445;None;NO
27060;99.417274;1.01436;sun;On;On;Receiver;Off;53.09838;-59.63322;0.0022944445;None;NO
27070;99.45876;1.01466;sun;On;On;Receiver;Off;52.709793;-60.23043;0.0022944445;None;NO
27080;99.50026;1.01496;sun;On;On;Receiver;Off;52.308186;-60.826733;0.0022944445;None;NO
27090;99.541756;1.01526;sun;On;On;Receiver;Off;51.89276;-61.422077;0.0022944445;None;NO
27100;99.583244;1.01556;sun;On;On;Receiver;Off;51.46264;-62.0164;0.0022944445;None;NO
27110;99.62474;1.01586;sun;On;On;Receiver;Off;51.016884;-62.60963;0.0022944445;None;NO
27120;99.66624;1.01616;sun;On;On;Receiver;Off;50.55447;-63.201702;0.0022944445;None;NO
27130;99.707726;1.01646;sun;On;On;Receiver;Off;50.07429;-63.792534;0.0022944445;None;NO
27140;99.74922;1.01676;sun;On;On;Receiver;Off;49.57514;-64.38204;0.0022944445;None;NO
27150;99.79071;1.01706;sun;On;On;Receiver;Off;49.055706;-64.97012;0.0022944445;None;NO
27160;99.83221;1.01736;sun;On;On;Receiver;Off;48.51456;-65.55668;0.0022944445;None;NO
27170;99.8737;1.01766;sun;On;On;Receiver;Off;47.950146;-66.14161;0.0022944445;None;NO
27180;99.91519;1.01796;sun;On;On;Receiver;Off;47.360756;-66.72477;0.0022944445;None;NO
27190;99.95669;1.01826;sun;On;On;Receiver;Off;46.74453;-67.30604;0.0022944445;None;NO
27200;99.988075;1.01856;sun;On;On;Receiver;Off;46.09942;-67.885254;0.0022944445;None;NO
27210;99.988075;1.01886;sun;On;On;Receiver;Off;45.423183;-68.462265;0.0022944445;None;NO
27220;99.988075;1.01916;sun;On;On;Receiver;Off;44.71336;-69.03687;0.0022944445;None;NO
27230;99.988075;1.01946;sun;On;On;Receiver;Off;43.967228;-69.608894;0.0022944445;None;NO
27240;99.988075;1.01976;sun;On;On;Receiver;Off;43.18181;-70.178085;0.0022944445;None;NO
27250;99.988075;1.02006;sun;On;On;Receiver;Off;42.353794;-70.7442;0.0022944445;None;NO
27260;99.988075;1.02036;sun;On;On;Receiver;Off;41.479538;-71.30697;0.0022944445;None;NO
27270;99.988075;1.02066;sun;On;On;Receiver;Off;40.555016;-71.866066;0.0022944445;None;NO
27280;99.988075;1.02096;sun;On;On;Receiver;Off;39.57576;-72.42115;0.0022944445;None;NO
27290;99.988075;1.02126;sun;On;On;Receiver;Off;38.53683;-72.971825;0.0022944445;None;NO
27300;99.988075;1.02156;sun;On;On;Receiver;Off;37.432747;-73.51765;0.0022944445;None;NO
27310;99.988075;1.02186;sun;On;On;Receiver;Off;36.257442;-74.05812;0.0022944445;None;NO
27320;99.988075;1.02216;sun;On;On;Receiver;Off;35.004192;-74.59268;0.0022944445;None;NO
27330;99.988075;1.02246;sun;On;On;Receiver;Off;33.66556;-75.12069;0.0022944445;None;NO
27340;99.988075;1.02276;sun;On;On;Receiver;Off;32.233334;-75.64142;0.0022944445;None;NO
27350;99.988075;1.02306;sun;On;On;Receiver;Off;30.698462;-76.15405;0.0022944445;None;NO
27360;99.988075;1.02336;sun;On;On;Receiver;Off;29.051025;-76.65766;0.0022944445;None;NO
27370;99.988075;1.02366;sun;On;On;Receiver;Off;27.280201;-77.151184;0.0022944445;None;NO
27380;99.988075;1.02396;sun;On;On;Receiver;Off;25.374283;-77.6334;0.0022944445;None;NO
27390;99.988075;1.02426;sun;On;On;Receiver;Off;23.32075;-78.10294;0.0022944445;None;NO
27400;99.988075;1.02456;sun;On;On;Receiver;Off;21.106405;-78.55825;0.0022944445;None;NO
27410;99.988075;1.02486;sun;On;On;Receiver;Off;18.717642;-78.99756;0.0022944445;None;NO
27420;99.988075;1.02516;sun;On;On;Receiver;Off;16.140844;-79.41887;0.0022944445;None;NO
27430;99.988075;1.02546;sun;On;On;Receiver;Off;13.362995;-79.81995;0.0022944445;None;NO
27440;99.988075;1.02576;sun;On;On;Receiver;Off;10.37251;-80.19831;0.0022944445;None;NO
27450;99.988075;1.02606;sun;On;On;Receiver;Off;7.160344;-80.55123;0.0022944445;None;NO
27460;99.988075;1.02636;sun;On;On;Receiver;Off;3.7213624;-80.875755;0.0022944445;None;NO
27470;99.988075;1.02666;sun;On;On;Receiver;Off;0.055919845;-81.16875;0.0022944445;None;NO
27480;99.988075;1.02696;sun;On;On;Receiver;Off;-3.8284829;-81.42698;0.0022944445;None;NO
27490;99.988075;1.02726;sun;On;On;Receiver;Off;-7.9157085;-81.647224;0.0022944445;None;NO
27500;99.988075;1.02756;sun;On;On;Receiver;Off;-12.179982;-81.82641;0.0022944445;None;NO
27510;99.988075;1.02786;sun;On;On;Receiver;Off;-16.585737;-81.96179;0.0022944445;None;NO
27520;99.988075;1.02816;sun;On;On;Receiver;Off;-21.088614;-82.051125;0.0022944445;None;NO
27530;99.988075;1.02846;sun;On;On;Receiver;Off;-25.63769;-82.09286;0.0022944445;None;NO
27540;99.988075;1.02876;sun;On;On;Receiver;Off;-30.178776;-82.086235;0.0022944445;None;NO
27550;99.988075;1.02906;sun;On;On;Receiver;Off;-34.65825;-82.03137;0.0022944445;None;NO
27560;99.988075;1.02936;sun;On;On;Receiver;Off;-39.02681;-81.92925;0.0022944445;None;NO
27570;99.988075;1.02966;sun;On;On;Receiver;Off;-43.242496;-81.78165;0.0022944445;None;NO
27580;99.988075;1.02996;sun;On;On;Receiver;Off;-47.272564;-81.59094;0.0022944445;None;NO
27590;99.988075;1.03026;sun;On;On;Receiver;Off;-51.094112;-81.35999;0.0022944445;None;NO
27600;99.988075;1.03056;sun;On;On;Receiver;Off;-54.693676;-81.091934;0.0022944445;None;NO
27610;99.988075;1.03086;sun;On;On;Receiver;Off;-58.066006;-80.78999;0.0022944445;None;NO
27620;99.988075;1.03116;sun;On;On;Receiver;Off;-61.212524;-80.457405;0.0022944445;None;NO
27630;99.988075;1.03146;sun;On;On;Receiver;Off;-64.13968;-80.09724;0.0022944445;None;NO
27640;99.988075;1.03176;sun;On;On;Receiver;Off;-66.857376;-79.7124;0.0022944445;None;NO
27650;99.988075;1.03206;sun;On;On;Receiver;Off;-69.37773;-79.30555;0.0022944445;None;NO
27660;99.988075;1.03236;sun;On;On;Receiver;Off;-71.714005;-78.879105;0.0022944445;None;NO
27670;99.988075;1.03266;sun;On;On;Receiver;Off;-73.87987;-78.435234;0.0022944445;None;NO
27680;99.988075;1.03296;sun;On;On;Receiver;Off;-75.88883;-77.97587;0.0022944445;None;NO
27690;99.988075;1.03326;sun;On;On;Receiver;Off;-77.75394;-77.50271;0.0022944445;None;NO
27700;99.988075;1.03356;sun;On;On;Receiver;Off;-79.48746;-77.01727;0.0022944445;None;NO
27710;99.988075;1.03386;sun;On;On;Receiver;Off;-81.10085;-76.52088;0.0022944445;None;NO
27720;99.988075;1.03416;sun;On;On;Receiver;Off;-82.60468;-76.01471;0.0022944445;None;NO
27730;99.988075;1.03446;sun;On;On;Receiver;Off;-84.008606;-75.49976;0.0022944445;None;NO
27740;99.988075;1.03476;sun;On;On;Receiver;Off;-85.32143;-74.97697;0.0022944445;None;NO
27750;99.988075;1.03506;sun;On;On;Receiver;Off;-86.55112;-74.4471;0.0022944445;None;NO
27760;99.988075;1.03536;sun;On;On;Receiver;Off;-87.7049;-73.910866;0.0022944445;None;NO
27770;99.988075;1.03566;sun;On;On;Receiver;Off;-88.78931;-73.36887;0.0022944445;None;NO
27780;99.988075;1.03596;sun;On;On;Receiver;Off;-89.81022;-72.82168;0.0022944445;None;NO
27790;99.988075;1.03626;sun;On;On;Receiver;Off;-90.772964;-72.26976;0.0022944445;None;NO
27800;99.988075;1.03656;sun;On;On;Receiver;Off;-91.68232;-71.71354;0.0022944445;None;NO
27810;99.988075;1.03686;sun;On;On;Receiver;Off;-92.54264;-71.153404;0.0022944445;None;NO
27820;99.988075;1.03716;sun;On;On;Receiver;Off;-93.35782;-70.58969;0.0022944445;None;NO
27830;99.988075;1.03746;sun;On;On;Receiver;Off;-94.13141;-70.022705;0.0022944445;None;NO
27840;99.988075;1.03776;sun;On;On;Receiver;Off;-94.866615;-69.45271;0.0022944445;None;NO
27850;99.988075;1.03806;sun;On;On;Receiver;Off;-95.56633;-68.87997;0.0022944445;None;NO
27860;99.988075;1.03836;sun;On;On;Receiver;Off;-96.23321;-68.30468;0.0022944445;None;NO
27870;99.988075;1.03866;sun;On;On;Receiver;Off;-96.869644;-67.72705;0.0022944445;None;NO
27880;99.988075;1.03896;sun;On;On;Receiver;Off;-97.477806;-67.147255;0.0022944445;None;NO
27890;99.988075;1.03926;sun;On;On;Receiver;Off;-98.0597;-66.56545;0.0022944445;None;NO
27900;99.988075;1.03956;sun;On;On;Receiver;Off;-98.617134;-65.9818;0.0022944445;None;NO
27910;99.988075;1.03986;sun;On;On;Receiver;Off;-99.151764;-65.396416;0.0022944445;None;NO
27920;99.988075;1.04016;sun;On;On;Receiver;Off;-99.665115;-64.809425;0.0022944445;None;NO
27930;99.988075;1.04046;sun;On;On;Receiver;Off;-100.158585;-64.22095;0.0022944445;None;NO
27940;99.988075;1.04076;sun;On;On;Receiver;Off;-100.63344;-63.63107;0.0022944445;None;NO
27950;99.988075;1.04106;sun;On;On;Receiver;Off;-101.090866;-63.03989;0.0022944445;None;NO
27960;99.988075;1.04136;sun;On;On;Receiver;Off;-101.53194;-62.447495;0.0022944445;None;NO
27970;99.988075;1.04166;sun;On;On;Receiver;Off;-101.957664;-61.85396;0.0022944445;None;NO
27980;99.988075;1.04196;sun;On;On;Receiver;Off;-102.36896;-61.25935;0.0022944445;None;NO
27990;99.988075;1.04226;sun;On;On;Receiver;Off;-102.76667;-60.66374;0.0022944445;None;NO
28000;99.988075;1.04256;sun;On;On;Receiver;Off;-103.15159;-60.06718;0.0022944445;None;NO
28010;99.988075;1.04286;sun;On;On;Receiver;Off;-103.52445;-59.469738;0.0022944445;None;NO
28020;99.988075;1.04316;sun;On;On;Receiver;Off;-103.88593;-58.871456;0.0022944445;None;NO
28030;99.988075;1.04346;sun;On;On;Receiver;Off;-104.23666;-58.272385;0.0022944445;None;NO
28040;99.988075;1.04376;sun;On;On;Receiver;Off;-104.57722;-57.67257;0.0022944445;None;NO
28050;99.988075;1.04406;sun;On;On;Receiver;Off;-104.90816;-57.072052;0.0022944445;None;NO
28060;99.988075;1.04436;sun;On;On;Receiver;Off;-105.22997;-56.470867;0.0022944445;None;NO
28070;99.988075;1.04466;sun;On;On;Receiver;Off;-105.54316;-55.869053;0.0022944445;None;NO
28080;99.988075;1.04496;sun;On;On;Receiver;Off;-105.848145;-55.266644;0.0022944445;None;NO
28090;99.988075;1.04526;sun;On;On;Receiver;Off;-106.14535;-54.663666;0.0022944445;None;NO
28100;99.988075;1.04556;sun;On;On;Receiver;Off;-106.43515;-54.060154;0.0022944445;None;NO
28110;99.988075;1.04586;sun;On;On;Receiver;Off;-106.717926;-53.45613;0.0022944445;None;NO
28120;99.988075;1.04616;sun;On;On;Receiver;Off;-106.99401;-52.851624;0.0022944445;None;NO
28130;99.988075;1.04646;sun;On;On;Receiver;Off;-107.26373;-52.246655;0.0022944445;None;NO
28140;99.988075;1.04676;sun;On;On;Receiver;Off;-107.527374;-51.641247;0.0022944445;None;NO
28150;99.988075;1.04706;sun;On;On;Receiver;Off;-107.78523;-51.03542;0.0022944445;None;NO
28160;99.988075;1.04736;sun;On;On;Receiver;Off;-108.037575;-50.4292;0.0022944445;None;NO
28170;99.988075;1.04766;sun;On;On;Receiver;Off;-108.284645;-49.822594;0.0022944445;None;NO
28180;99.988075;1.04796;sun;On;On;Receiver;Off;-108.52668;-49.21563;0.0022944445;None;NO
28190;99.988075;1.04826;sun;On;On;Receiver;Off;-108.76391;-48.60832;0.0022944445;None;NO
28200;99.988075;1.04856;sun;On;On;Receiver;Off;-108.996544;-48.000675;0.0022944445;None;NO
28210;99.988075;1.04886;sun;On;On;Receiver;Off;-109.22477;-47.39272;0.0022944445;None;NO
28220;99.988075;1.04916;sun;On;On;Receiver;Off;-109.4488;-46.78446;0.0022944445;None;NO
28230;99.988075;1.04946;sun;On;On;Receiver;Off;-109.668785;-46.17591;0.0022944445;None;NO
28240;99.988075;1.04976;sun;On;On;Receiver;Off;-109.88492;-45.567085;0.0022944445;None;NO
28250;99.988075;1.05006;sun;On;On;Receiver;Off;-110.09735;-44.957996;0.0022944445;None;NO
28260;99.988075;1.05036;sun;On;On;Receiver;Off;-110.30624;-44.34865;0.0022944445;None;NO
28270;99.988075;1.05066;sun;On;On;Receiver;Off;-110.51171;-43.739063;0.0022944445;None;NO
28280;99.988075;1.05096;sun;On;On;Receiver;Off;-110.71393;-43.129242;0.0022944445;None;NO
28290;99.988075;1.05126;sun;On;On;Receiver;Off;-110.913;-42.5192;0.0022944445;None;NO
28300;99.988075;1.05156;sun;On;On;Receiver;Off;-111.10908;-41.90894;0.0022944445;None;NO
28310;99.988075;1.05186;sun;On;On;Receiver;Off;-111.30225;-41.298473;0.0022944445;None;NO
28320;99.988075;1.05216;sun;On;On;Receiver;Off;-111.49265;-40.68781;0.0022944445;None;NO
28330;99.988075;1.05246;sun;On;On;Receiver;Off;-111.68038;-40.076954;0.0022944445;None;NO
28340;99.988075;1.05276;sun;On;On;Receiver;Off;-111.86554;-39.465916;0.0022944445;None;NO
28350;99.988075;1.05306;sun;On;On;Receiver;Off;-112.04823;-38.854702;0.0022944445;None;NO
28360;99.988075;1.05336;sun;On;On;Receiver;Off;-112.228546;-38.24332;0.0022944445;None;NO
28370;99.988075;1.05366;sun;On;On;Receiver;Off;-112.40658;-37.631775;0.0022944445;None;NO
28380;99.988075;1.05396;sun;On;On;Receiver;Off;-112.58241;-37.020073;0.0022944445;None;NO
28390;99.988075;1.05426;sun;On;On;Receiver;Off;-112.75613;-36.408222;0.0022944445;None;NO
28400;99.988075;1.05456;sun;On;On;Receiver;Off;-112.927795;-35.796223;0.0022944445;None;NO
28410;99.988075;1.05486;sun;On;On;Receiver;Off;-113.0975;-35.184086;0.0022944445;None;NO
28420;99.988075;1.05516;sun;On;On;Receiver;Off;-113.26533;-34.571815;0.0022944445;None;NO
28430;99.988075;1.05546;sun;On;On;Receiver;Off;-113.43132;-33.959415;0.0022944445;None;NO
28440;99.988075;1.05576;sun;On;On;Receiver;Off;-113.595566;-33.34689;0.0022944445;None;NO
28450;99.988075;1.05606;sun;On;On;Receiver;Off;-113.75812;-32.734245;0.0022944445;None;NO
28460;99.988075;1.05636;sun;On;On;Receiver;Off;-113.91904;-32.121483;0.0022944445;None;NO
28470;99.988075;1.05666;sun;On;On;Receiver;Off;-114.078384;-31.508612;0.0022944445;None;NO
28480;99.988075;1.05696;sun;On;On;Receiver;Off;-114.23622;-30.895632;0.0022944445;None;NO
28490;99.988075;1.05726;sun;On;On;Receiver;Off;-114.3926;-30.282549;0.0022944445;None;NO
28500;99.988075;1.05756;sun;On;On;Receiver;Off;-114.54757;-29.669365;0.0022944445;None;NO
28510;99.988075;1.05786;sun;On;On;Receiver;Off;-114.70119;-29.056086;0.0022944445;None;NO
28520;99.988075;1.05816;sun;On;On;Receiver;Off;-114.8535;-28.442715;0.0022944445;None;NO
28530;99.988075;1.05846;sun;On;On;Receiver;Off;-115.004555;-27.829254;0.0022944445;None;NO
28540;99.988075;1.05876;sun;On;On;Receiver;Off;-115.154396;-27.215708;0.0022944445;None;NO
28550;99.988075;1.05906;sun;On;On;Receiver;Off;-115.30307;-26.602077;0.0022944445;None;NO
28560;99.988075;1.05936;sun;On;On;Receiver;Off;-115.450615;-25.988369;0.0022944445;None;NO
28570;99.988075;1.05966;sun;On;On;Receiver;Off;-115.597084;-25.374582;0.0022944445;None;NO
28580;99.988075;1.05996;sun;On;On;Receiver;Off;-115.7425;-24.760723;0.0022944445;None;NO
28590;99.988075;1.06026;sun;On;On;Receiver;Off;-115.88692;-24.146791;0.0022944445;None;NO
28600;99.988075;1.06056;sun;On;On;Receiver;Off;-116.030365;-23.532791;0.0022944445;None;NO
28610;99.988075;1.06086;sun;On;On;Receiver;Off;-116.17288;-22.918726;0.0022944445;None;NO
28620;99.988075;1.06116;sun;On;On;Receiver;Off;-116.31451;-22.304596;0.0022944445;None;NO
28630;99.988075;1.06146;sun;On;On;Receiver;Off;-116.45527;-21.690407;0.0022944445;None;NO
28640;99.988075;1.06176;sun;On;On;Receiver;Off;-116.5952;-21.076157;0.0022944445;None;NO
28650;99.988075;1.06206;sun;On;On;Receiver;Off;-116.734344;-20.461851;0.0022944445;None;NO
28660;99.988075;1.06236;sun;On;On;Receiver;Off;-116.87272;-19.847492;0.0022944445;None;NO
28670;99.988075;1.06266;sun;On;On;Receiver;Off;-117.01036;-19.233082;0.0022944445;None;NO
28680;99.988075;1.06296;sun;On;On;Receiver;Off;-117.1473;-18.61862;0.0022944445;None;NO
28690;99.988075;1.06326;sun;On;On;Receiver;Off;-117.28358;-18.004112;0.0022944445;None;NO
28700;99.988075;1.06356;sun;On;On;Receiver;Off;-117.4192;-17.389557;0.0022944445;None;NO
28710;99.988075;1.06386;sun;On;On;Receiver;Off;-117.55421;-16.774958;0.0022944445;None;NO
28720;99.988075;1.06416;sun;On;On;Receiver;Off;-117.68863;-16.160318;0.0022944445;None;NO
28730;99.988075;1.06446;sun;On;On;Receiver;Off;-117.82248;-15.545638;0.0022944445;None;NO
28740;99.988075;1.06476;sun;On;On;Receiver;Off;-117.9558;-14.93092;0.0022944445;None;NO
28750;99.988075;1.06506;sun;On;On;Receiver;Off;-118.088615;-14.316165;0.0022944445;None;NO
28760;99.988075;1.06536;sun;On;On;Receiver;Off;-118.22094;-13.701375;0.0022944445;None;NO
28770;99.988075;1.06566;sun;On;On;Receiver;Off;-118.3528;-13.086553;0.0022944445;None;NO
28780;99.988075;1.06596;sun;On;On;Receiver;Off;-118.48422;-12.4717;0.0022944445;None;NO
28790;99.988075;1.06626;sun;On;On;Receiver;Off;-118.615234;-11.856816;0.0022944445;None;NO
28800;99.988075;1.06656;sun;On;On;Receiver;Off;-118.74586;-11.241905;0.0022944445;None;NO
28810;99.988075;1.06686;sun;On;On;Receiver;Off;-118.87611;-10.626968;0.0022944445;None;NO
28820;99.988075;1.06716;sun;On;On;Receiver;Off;-119.00602;-10.012007;0.0022944445;None;NO
28830;99.988075;1.06746;sun;On;On;Receiver;Off;-119.135605;-9.397021;0.0022944445;None;NO
28840;99.988075;1.06776;sun;On;On;Receiver;Off;-119.26489;-8.782015;0.0022944445;None;NO
28850;99.988075;1.06806;sun;On;On;Receiver;Off;-119.3939;-8.166987;0.0022944445;None;NO
28860;99.988075;1.06836;sun;On;On;Receiver;Off;-119.522644;-7.5519423;0.0022944445;None;NO
28870;99.988075;1.06866;sun;On;On;Receiver;Off;-119.65115;-6.9368796;0.0022944445;None;NO
28880;99.988075;1.06896;sun;On;On;Receiver;Off;-119.77945;-6.321801;0.0022944445;None;NO
28890;99.988075;1.06926;sun;On;On;Receiver;Off;-119.90755;-5.7067084;0.0022944445;None;NO
28900;99.988075;1.06956;sun;On;On;Receiver;Off;-120.03548;-5.091603;0.0022944445;None;NO
28910;99.988075;1.06986;sun;On;On;Receiver;Off;-120.163246;-4.4764857;0.0022944445;None;NO
28920;99.988075;1.07016;sun;On;On;Receiver;Off;-120.29088;-3.861359;0.0022944445;None;NO
28930;99.988075;1.07046;sun;On;On;Receiver;Off;-120.4184;-3.2462232;0.0022944445;None;NO
28940;99.988075;1.07076;sun;On;On;Receiver;Off;-120.54583;-2.6310804;0.0022944445;None;NO
28950;99.988075;1.07106;sun;On;On;Receiver;Off;-120.67319;-2.0159316;0.0022944445;None;NO
28960;99.988075;1.07136;sun;On;On;Receiver;Off;-120.80048;-1.4007783;0.0022944445;None;NO
28970;99.988075;1.07166;sun;On;On;Receiver;Off;-120.92775;-0.78562194;0.0022944445;None;NO
28980;99.988075;1.07196;sun;On;On;Receiver;Off;-121.05499;-0.17046383;0.0022944445;None;NO
28990;99.988075;1.07226;sun;On;On;Receiver;Off;-121.18225;0.44469467;0.0022944445;None;NO
29000;99.988075;1.07256;sun;On;On;Receiver;Off;-121.309525;1.0598521;0.0022944445;None;NO
29010;99.988075;1.07286;sun;On;On;Receiver;Off;-121.43685;1.6750073;0.0022944445;None;NO
29020;99.988075;1.07316;sun;On;On;Receiver;Off;-121.56423;2.2901587;0.0022944445;None;NO
29030;99.988075;1.07346;sun;On;On;Receiver;Off;-121.6917;2.905305;0.0022944445;None;NO
29040;99.988075;1.07376;sun;On;On;Receiver;Off;-121.819275;3.5204449;0.0022944445;None;NO
29050;99.988075;1.07406;sun;On;On;Receiver;Off;-121.94697;4.1355767;0.0022944445;None;NO
29060;99.988075;1.07436;sun;On;On;Receiver;Off;-122.074814;4.7506995;0.0022944445;None;NO
29070;99.988075;1.07466;sun;On;On;Receiver;Off;-122.20281;5.365812;0.0022944445;None;NO
29080;99.988075;1.07496;sun;On;On;Receiver;Off;-122.331;5.9809117;0.0022944445;None;NO
29090;99.988075;1.07526;sun;On;On;Receiver;Off;-122.4594;6.5959983;0.0022944445;None;NO
29100;99.988075;1.07556;sun;On;On;Receiver;Off;-122.58801;7.2110696;0.0022944445;None;NO
29110;99.988075;1.07586;sun;On;On;Receiver;Off;-122.71688;7.826125;0.0022944445;None;NO
29120;99.988075;1.07616;sun;On;On;Receiver;Off;-122.846016;8.441162;0.0022944445;None;NO
29130;99.988075;1.07646;sun;On;On;Receiver;Off;-122.97543;9.056181;0.0022944445;None;NO
29140;99.988075;1.07676;sun;On;On;Receiver;Off;-123.10517;9.671178;0.0022944445;None;NO
29150;99.988075;1.07706;sun;On;On;Receiver;Off;-123.23524;10.286153;0.0022944445;None;NO
29160;99.988075;1.07736;sun;On;On;Receiver;Off;-123.365654;10.901104;0.0022944445;None;NO
29170;99.988075;1.07766;sun;On;On;Receiver;Off;-123.49645;11.516029;0.0022944445;None;NO
29180;99.988075;1.07796;sun;On;On;Receiver;Off;-123.627655;12.130928;0.0022944445;None;NO
29190;99.988075;1.07826;sun;On;On;Receiver;Off;-123.759285;12.745798;0.0022944445;None;NO
29200;99.988075;1.07856;sun;On;On;Receiver;Off;-123.89136;13.360638;0.0022944445;None;NO
29210;99.988075;1.07886;sun;On;On;Receiver;Off;-124.0239;13.975446;0.0022944445;None;NO
29220;99.988075;1.07916;sun;On;On;Receiver;Off;-124.156944;14.5902195;0.0022944445;None;NO
29230;99.988075;1.07946;sun;On;On;Receiver;Off;-124.29051;15.204959;0.0022944445;None;NO
29240;99.988075;1.07976;sun;On;On;Receiver;Off;-124.42463;15.81966;0.0022944445;None;NO
29250;99.988075;1.08006;sun;On;On;Receiver;Off;-124.55932;16.434322;0.0022944445;None;NO
29260;99.988075;1.08036;sun;On;On;Receiver;Off;-124.69461;17.048944;0.0022944445;None;NO
29270;99.988075;1.08066;sun;On;On;Receiver;Off;-124.83053;17.663525;0.0022944445;None;NO
29280;99.988075;1.08096;sun;On;On;Receiver;Off;-124.96711;18.278059;0.0022944445;None;NO
29290;99.988075;1.08126;sun;On;On;Receiver;Off;-125.10438;18.892546;0.0022944445;None;NO
29300;99.988075;1.08156;sun;On;On;Receiver;Off;-125.242355;19.506985;0.0022944445;None;NO
29310;99.988075;1.08186;sun;On;On;Receiver;Off;-125.38108;20.121374;0.0022944445;None;NO
29320;99.988075;1.08216;sun;On;On;Receiver;Off;-125.52059;20.73571;0.0022944445;None;NO
29330;99.988075;1.08246;sun;On;On;Receiver;Off;-125.660904;21.349989;0.0022944445;None;NO
29340;99.988075;1.08276;sun;On;On;Receiver;Off;-125.80206;21.964212;0.0022944445;None;NO
29350;99.988075;1.08306;sun;On;On;Receiver;Off;-125.9441;22.578377;0.0022944445;None;NO
29360;99.988075;1.08336;sun;On;On;Receiver;Off;-126.08704;23.192478;0.0022944445;None;NO
29370;99.988075;1.08366;sun;On;On;Receiver;Off;-126.230934;23.806515;0.0022944445;None;NO
29380;99.988075;1.08396;sun;On;On;Receiver;Off;-126.37582;24.420483;0.0022944445;None;NO
29390;99.988075;1.08426;sun;On;On;Receiver;Off;-126.52171;25.034384;0.0022944445;None;NO
29400;99.988075;1.08456;sun;On;On;Receiver;Off;-126.66868;25.64821;0.0022944445;None;NO
29410;99.988075;1.08486;sun;On;On;Receiver;Off;-126.81674;26.261963;0.0022944445;None;NO
29420;99.988075;1.08516;sun;On;On;Receiver;Off;-126.96596;26.875637;0.0022944445;None;NO
29430;99.988075;1.08546;sun;On;On;Receiver;Off;-127.116356;27.48923;0.0022944445;None;NO
29440;99.988075;1.08576;sun;On;On;Receiver;Off;-127.26799;28.10274;0.0022944445;None;NO
29450;99.988075;1.08606;sun;On;On;Receiver;Off;-127.4209;28.71616;0.0022944445;None;NO
29460;99.988075;1.08636;sun;On;On;Receiver;Off;-127.57514;29.32949;0.0022944445;None;NO
29470;99.988075;1.08666;sun;On;On;Receiver;Off;-127.73076;29.942728;0.0022944445;None;NO
29480;99.988075;1.08696;sun;On;On;Receiver;Off;-127.88781;30.555866;0.0022944445;None;NO
29490;99.988075;1.08726;sun;On;On;Receiver;Off;-128.04634;31.168905;0.0022944445;None;NO
29500;99.988075;1.08756;sun;On;On;Receiver;Off;-128.20642;31.781837;0.0022944445;None;NO
29510;99.988075;1.08786;sun;On;On;Receiver;Off;-128.36809;32.39466;0.0022944445;None;NO
29520;99.988075;1.08816;sun;On;On;Receiver;Off;-128.53142;33.00737;0.0022944445;None;NO
29530;99.988075;1.08846;sun;On;On;Receiver;Off;-128.69647;33.61996;0.0022944445;None;NO
29540;99.988075;1.08876;sun;On;On;Receiver;Off;-128.8633;34.232433;0.0022944445;None;NO
29550;99.988075;1.08906;sun;On;On;Receiver;Off;-129.032;34.844776;0.0022944445;None;NO
29560;99.988075;1.08936;sun;On;On;Receiver;Off;-129.2026;35.45699;0.0022944445;None;NO
29570;99.988075;1.08966;sun;On;On;Receiver;Off;-129.37521;36.069065;0.0022944445;None;NO
29580;99.988075;1.08996;sun;On;On;Receiver;Off;-129.54991;36.680996;0.0022944445;None;NO
29590;99.988075;1.09026;sun;On;On;Receiver;Off;-129.72675;37.29278;0.0022944445;None;NO
29600;99.988075;1.09056;sun;On;On;Receiver;Off;-129.90584;37.904415;0.0022944445;None;NO
29610;99.988075;1.09086;sun;On;On;Receiver;Off;-130.08725;38.51589;0.0022944445;None;NO
29620;99.988075;1.09116;sun;On;On;Receiver;Off;-130.27107;39.127197;0.0022944445;None;NO
29630;99.988075;1.09146;sun;On;On;Receiver;Off;-130.45741;39.73833;0.0022944445;None;NO
29640;99.988075;1.09176;sun;On;On;Receiver;Off;-130.64638;40.34929;0.0022944445;None;NO
29650;99.988075;1.09206;sun;On;On;Receiver;Off;-130.83804;40.96006;0.0022944445;None;NO
29660;99.988075;1.09236;sun;On;On;Receiver;Off;-131.03256;41.570637;0.0022944445;None;NO
29670;99.988075;1.09266;sun;On;On;Receiver;Off;-131.23001;42.18101;0.0022944445;None;NO
29680;99.988075;1.09296;sun;On;On;Receiver;Off;-131.43053;42.791176;0.0022944445;None;NO
29690;99.988075;1.09326;sun;On;On;Receiver;Off;-131.63425;43.401123;0.0022944445;None;NO
29700;99.988075;1.09356;sun;On;On;Receiver;Off;-131.8413;44.01084;0.0022944445;None;NO
29710;99.988075;1.09386;sun;On;On;Receiver;Off;-132.0518;44.620323;0.0022944445;None;NO
29720;99.988075;1.09416;sun;On;On;Receiver;Off;-132.26595;45.229553;0.0022944445;None;NO
29730;99.988075;1.09446;sun;On;On;Receiver;Off;-132.48384;45.838528;0.0022944445;None;NO
29740;99.988075;1.09476;sun;On;On;Receiver;Off;-132.70569;46.44723;0.0022944445;None;NO
29750;99.988075;1.09506;sun;On;On;Receiver;Off;-132.93166;47.055653;0.0022944445;None;NO
29760;99.988075;1.09536;sun;On;On;Receiver;Off;-133.16191;47.663776;0.0022944445;None;NO
29770;99.988075;1.09566;sun;On;On;Receiver;Off;-133.39665;48.271595;0.0022944445;None;NO
29780;99.988075;1.09596;sun;On;On;Receiver;Off;-133.6361;48.879093;0.0022944445;None;NO
29790;99.988075;1.09626;sun;On;On;Receiver;Off;-133.88043;49.48625;0.0022944445;None;NO
29800;99.988075;1.09656;sun;On;On;Receiver;Off;-134.12993;50.093056;0.0022944445;None;NO
29810;99.988075;1.09686;sun;On;On;Receiver;Off;-134.3848;50.699493;0.0022944445;None;NO
29820;99.988075;1.09716;sun;On;On;Receiver;Off;-134.64531;51.305542;0.0022944445;None;NO
29830;99.988075;1.09746;sun;On;On;Receiver;Off;-134.91174;51.911182;0.0022944445;None;NO
29840;99.988075;1.09776;sun;On;On;Receiver;Off;-135.18439;52.516396;0.0022944445;None;NO
29850;99.988075;1.09806;sun;On;On;Receiver;Off;-135.46355;53.121162;0.0022944445;None;NO
29860;99.988075;1.09836;sun;On;On;Receiver;Off;-135.74954;53.725456;0.0022944445;None;NO
29870;99.988075;1.09866;sun;On;On;Receiver;Off;-136.04274;54.329258;0.0022944445;None;NO
29880;99.988075;1.09896;sun;On;On;Receiver;Off;-136.34352;54.932533;0.0022944445;None;NO
29890;99.988075;1.09926;sun;On;On;Receiver;Off;-136.65227;55.535263;0.0022944445;None;NO
29900;99.988075;1.09956;sun;On;On;Receiver;Off;-136.9694;56.137413;0.0022944445;None;NO
29910;99.988075;1.09986;sun;On;On;Receiver;Off;-137.29541;56.73895;0.0022944445;None;NO
29920;99.988075;1.10016;sun;On;On;Receiver;Off;-137.63075;57.33984;0.0022944445;None;NO
29930;99.988075;1.10046;sun;On;On;Receiver;Off;-137.97597;57.940052;0.0022944445;None;NO
29940;99.988075;1.10076;sun;On;On;Receiver;Off;-138.33162;58.53954;0.0022944445;None;NO
29950;99.988075;1.10106;sun;On;On;Receiver;Off;-138.69832;59.138264;0.0022944445;None;NO
29960;99.988075;1.10136;sun;On;On;Receiver;Off;-139.0767;59.736176;0.0022944445;None;NO
29970;99.988075;1.10166;sun;On;On;Receiver;Off;-139.46748;60.333233;0.0022944445;None;NO
29980;99.988075;1.10196;sun;On;On;Receiver;Off;-139.8714;60.929375;0.0022944445;None;NO
29990;99.988075;1.10226;sun;On;On;Receiver;Off;-140.28929;61.524548;0.0022944445;None;NO
30000;99.988075;1.10256;sun;On;On;Receiver;Off;-140.72205;62.118687;0.0022944445;None;NO
30010;99.988075;1.10286;sun;On;On;Receiver;Off;-141.1706;62.711723;0.0022944445;None;NO
30020;99.988075;1.10316;sun;On;On;Receiver;Off;-141.63599;63.30359;0.0022944445;None;NO
30030;99.988075;1.10346;sun;On;On;Receiver;Off;-142.11934;63.894196;0.0022944445;None;NO
30040;99.988075;1.10376;sun;On;On;Receiver;Off;-142.62189;64.48347;0.0022944445;None;NO
30050;99.988075;1.10406;sun;On;On;Receiver;Off;-143.14496;65.07129;0.0022944445;None;NO
30060;99.988075;1.10436;sun;On;On;Receiver;Off;-143.69;65.65758;0.0022944445;None;NO
30070;99.988075;1.10466;sun;On;On;Receiver;Off;-144.25859;66.24221;0.0022944445;None;NO
30080;99.988075;1.10496;sun;On;On;Receiver;Off;-144.85246;66.82505;0.0022944445;None;NO
30090;99.988075;1.10526;sun;On;On;Receiver;Off;-145.47353;67.405975;0.0022944445;None;NO
30100;99.988075;1.10556;sun;On;On;Receiver;Off;-146.12383;67.98483;0.0022944445;None;NO
30110;99.988075;1.10586;sun;On;On;Receiver;Off;-146.80566;68.56144;0.0022944445;None;NO
30120;99.988075;1.10616;sun;On;On;Receiver;Off;-147.52155;69.13562;0.0022944445;None;NO
30130;99.988075;1.10646;sun;On;On;Receiver;Off;-148.27423;69.70717;0.0022944445;None;NO
30140;99.988075;1.10676;sun;On;On;Receiver;Off;-149.06674;70.27585;0.0022944445;None;NO
30150;99.988075;1.10706;sun;On;On;Receiver;Off;-149.90245;70.84141;0.0022944445;None;NO
30160;99.988075;1.10736;sun;On;On;Receiver;Off;-150.78506;71.403564;0.0022944445;None;NO
30170;99.988075;1.10766;sun;On;On;Receiver;Off;-151.71869;71.962;0.0022944445;None;NO
30180;99.988075;1.10796;sun;On;On;Receiver;Off;-152.70786;72.51635;0.0022944445;None;NO
30190;99.988075;1.10826;sun;On;On;Receiver;Off;-153.75761;73.06622;0.0022944445;None;NO
30200;99.988075;1.10856;sun;On;On;Receiver;Off;-154.87352;73.61116;0.0022944445;None;NO
30210;99.988075;1.10886;sun;On;On;Receiver;Off;-156.06175;74.15066;0.0022944445;None;NO
30220;99.988075;1.10916;sun;On;On;Receiver;Off;-157.32916;74.684135;0.0022944445;None;NO
30230;99.988075;1.10946;sun;On;On;Receiver;Off;-158.6833;75.210945;0.0022944445;None;NO
30240;99.988075;1.10976;sun;On;On;Receiver;Off;-160.13255;75.73035;0.0022944445;None;NO
30250;99.988075;1.11006;sun;On;On;Receiver;Off;-161.68608;76.24149;0.0022944445;None;NO
30260;99.988075;1.11036;sun;On;On;Receiver;Off;-163.35399;76.74345;0.0022944445;None;NO
30270;99.988075;1.11066;sun;On;On;Receiver;Off;-165.14722;77.23511;0.0022944445;None;NO
30280;99.988075;1.11096;sun;On;On;Receiver;Off;-167.07765;77.71524;0.0022944445;None;NO
30290;99.988075;1.11126;sun;On;On;Receiver;Off;-169.15794;78.18245;0.0022944445;None;NO
30300;99.988075;1.11156;sun;On;On;Receiver;Off;-171.40137;78.63513;0.0022944445;None;NO
30310;99.988075;1.11186;sun;On;On;Receiver;Off;-173.82156;79.07149;0.0022944445;None;NO
30320;99.988075;1.11216;sun;On;On;Receiver;Off;-176.4321;79.48948;0.0022944445;None;NO
30330;99.988075;1.11246;sun;On;On;Receiver;Off;-179.2458;79.88683;0.0022944445;None;NO
30340;99.988075;1.11276;sun;On;On;Receiver;Off;177.72607;80.26101;0.0022944445;None;NO
30350;99.988075;1.11306;sun;On;On;Receiver;Off;174.47507;80.60925;0.0022944445;None;NO
30360;99.988075;1.11336;sun;On;On;Receiver;Off;170.99686;80.92857;0.0022944445;None;NO
30370;99.988075;1.11366;sun;On;On;Receiver;Off;167.29294;81.21581;0.0022944445;None;NO
30380;99.988075;1.11396;sun;On;On;Receiver;Off;163.37218;81.46773;0.0022944445;None;NO
30390;99.988075;1.11426;sun;On;On;Receiver;Off;159.25233;81.68111;0.0022944445;None;NO
30400;99.988075;1.11456;sun;On;On;Receiver;Off;154.96088;81.85293;0.0022944445;None;NO
30410;99.988075;1.11486;sun;On;On;Receiver;Off;150.53502;81.98052;0.0022944445;None;NO
30420;99.988075;1.11516;sun;On;On;Receiver;Off;146.0204;82.061745;0.0022944445;None;NO
30430;99.988075;1.11546;sun;On;On;Receiver;Off;141.46881;82.09518;0.0022944445;None;NO
30440;99.988075;1.11576;sun;On;On;Receiver;Off;136.93459;82.08021;0.0022944445;None;NO
30450;99.988075;1.11606;sun;On;On;Receiver;Off;132.47089;82.017105;0.0022944445;None;NO
30460;99.988075;1.11636;sun;On;On;Receiver;Off;128.12592;81.907005;0.0022944445;None;NO
30470;99.988075;1.11666;sun;On;On;Receiver;Off;123.94014;81.75179;0.0022944445;None;NO
30480;99.988075;1.11696;sun;On;On;Receiver;Off;119.94464;81.55394;0.0022944445;None;NO
30490;99.988075;1.11726;sun;On;On;Receiver;Off;116.16062;81.31637;0.0022944445;None;NO
30500;99.988075;1.11756;sun;On;On;Receiver;Off;112.600044;81.04224;0.0022944445;None;NO
30510;99.988075;1.11786;sun;On;On;Receiver;Off;109.266884;80.734795;0.0022944445;None;NO
30520;99.988075;1.11816;sun;On;On;Receiver;Off;106.15873;80.39723;0.0022944445;None;NO
30530;99.97615;1.11846;ecl;On;On;Receiver;Off;103.26845;80.032616;0.0022944445;None;NO
30540;99.964226;1.11876;ecl;On;On;Receiver;Off;100.585655;79.64381;0.0022944445;None;NO
30550;99.9523;1.11906;ecl;On;On;Receiver;Off;98.097984;79.23341;0.0022944445;None;NO
30560;99.94038;1.11936;ecl;On;On;Receiver;Off;95.792046;78.80382;0.0022944445;None;NO
30570;99.928444;1.11966;ecl;On;On;Receiver;Off;93.65417;78.35715;0.0022944445;None;NO
30580;99.91652;1.11996;ecl;On;On;Receiver;Off;91.6709;77.89529;0.0022944445;None;NO
30590;99.904594;1.12026;ecl;On;On;Receiver;Off;89.82932;77.419914;0.0022944445;None;NO
30600;99.89267;1.12056;ecl;On;On;Receiver;Off;88.11729;76.932495;0.0022944445;None;NO
30610;99.880745;1.12086;ecl;On;On;Receiver;Off;86.52349;76.43434;0.0022944445;None;NO
30620;99.86882;1.12116;ecl;On;On;Receiver;Off;85.037544;75.92658;0.0022944445;None;NO
30630;99.856895;1.12146;ecl;On;On;Receiver;Off;83.64992;75.41023;0.0022944445;None;NO
30640;99.84497;1.12176;ecl;On;On;Receiver;Off;82.351974;74.88616;0.0022944445;None;NO
30650;99.833046;1.12206;ecl;On;On;Receiver;Off;81.13586;74.35515;0.0022944445;None;NO
30660;99.82112;1.12236;ecl;On;On;Receiver;Off;79.99447;73.81788;0.0022944445;None;NO
30670;99.8092;1.12266;ecl;On;On;Receiver;Off;78.9214;73.274956;0.0022944445;None;NO
30680;99.79727;1.12296;ecl;On;On;Receiver;Off;77.91087;72.72691;0.0022944445;None;NO
30690;99.78534;1.12326;ecl;On;On;Receiver;Off;76.95766;72.174225;0.0022944445;None;NO
30700;99.773415;1.12356;ecl;On;On;Receiver;Off;76.057045;71.6173;0.0022944445;None;NO
30710;99.76149;1.12386;ecl;On;On;Receiver;Off;75.20477;71.056526;0.0022944445;None;NO
30720;99.749565;1.12416;ecl;On;On;Receiver;Off;74.397;70.49223;0.0022944445;None;NO
30730;99.73764;1.12446;ecl;On;On;Receiver;Off;73.63024;69.924706;0.0022944445;None;NO
30740;99.725716;1.12476;ecl;On;On;Receiver;Off;72.90135;69.354225;0.0022944445;None;NO
30750;99.71379;1.12506;ecl;On;On;Receiver;Off;72.20747;68.78103;0.0022944445;None;NO
30760;99.701866;1.12536;ecl;On;On;Receiver;Off;71.546005;68.20532;0.0022944445;None;NO
30770;99.68994;1.12566;ecl;On;On;Receiver;Off;70.9146;67.62731;0.0022944445;None;NO
30780;99.67802;1.12596;ecl;On;On;Receiver;Off;70.31109;67.04716;0.0022944445;None;NO
30790;99.66609;1.12626;ecl;On;On;Receiver;Off;69.73354;66.46503;0.0022944445;None;NO
30800;99.65417;1.12656;ecl;On;On;Receiver;Off;69.18015;65.881065;0.0022944445;None;NO
30810;99.642235;1.12686;ecl;On;On;Receiver;Off;68.64929;65.295395;0.0022944445;None;NO
30820;99.63031;1.12716;ecl;On;On;Receiver;Off;68.13946;64.708145;0.0022944445;None;NO
30830;99.618385;1.12746;ecl;On;On;Receiver;Off;67.649284;64.119415;0.0022944445;None;NO
30840;99.60646;1.12776;ecl;On;On;Receiver;Off;67.17751;63.52931;0.0022944445;None;NO
30850;99.594536;1.12806;ecl;On;On;Receiver;Off;66.722984;62.937912;0.0022944445;None;NO
30860;99.58261;1.12836;ecl;On;On;Receiver;Off;66.28462;62.345314;0.0022944445;None;NO
30870;99.57069;1.12866;ecl;On;On;Receiver;Off;65.86145;61.751587;0.0022944445;None;NO
30880;99.55876;1.12896;ecl;On;On;Receiver;Off;65.45255;61.1568;0.0022944445;None;NO
30890;99.54684;1.12926;ecl;On;On;Receiver;Off;65.0571;60.561024;0.0022944445;None;NO
30900;99.53491;1.12956;ecl;On;On;Receiver;Off;64.6743;59.96431;0.0022944445;None;NO
30910;99.52299;1.12986;ecl;On;On;Receiver;Off;64.30345;59.36672;0.0022944445;None;NO
30920;99.51106;1.13016;ecl;On;On;Receiver;Off;63.943867;58.768295;0.0022944445;None;NO
30930;99.49913;1.13046;ecl;On;On;Receiver;Off;63.594933;58.169094;0.0022944445;None;NO
30940;99.487206;1.13076;ecl;On;On;Receiver;Off;63.25607;57.569157;0.0022944445;None;NO
30950;99.47528;1.13106;ecl;On;On;Receiver;Off;62.92674;56.96852;0.0022944445;None;NO
30960;99.463356;1.13136;ecl;On;On;Receiver;Off;62.606438;56.367226;0.0022944445;None;NO
30970;99.45143;1.13166;ecl;On;On;Receiver;Off;62.294697;55.765305;0.0022944445;None;NO
30980;99.43951;1.13196;ecl;On;On;Receiver;Off;61.99108;55.162796;0.0022944445;None;NO
30990;99.42758;1.13226;ecl;On;On;Receiver;Off;61.695183;54.559727;0.0022944445;None;NO
31000;99.41566;1.13256;ecl;On;On;Receiver;Off;61.406612;53.956123;0.0022944445;None;NO
31010;99.40373;1.13286;ecl;On;On;Receiver;Off;61.12501;53.352013;0.0022944445;None;NO
31020;99.39181;1.13316;ecl;On;On;Receiver;Off;60.850044;52.747425;0.0022944445;None;NO
31030;99.37988;1.13346;ecl;On;On;Receiver;Off;60.581398;52.14238;0.0022944445;None;NO
31040;99.36796;1.13376;ecl;On;On;Receiver;Off;60.318768;51.5369;0.0022944445;None;NO
31050;99.356026;1.13406;ecl;On;On;Receiver;Off;60.06188;50.931004;0.0022944445;None;NO
31060;99.3441;1.13436;ecl;On;On;Receiver;Off;59.810463;50.324715;0.0022944445;None;NO
31070;99.33218;1.13466;ecl;On;On;Receiver;Off;59.564278;49.71805;0.0022944445;None;NO
31080;99.32025;1.13496;ecl;On;On;Receiver;Off;59.323086;49.11102;0.0022944445;None;NO
31090;99.30833;1.13526;ecl;On;On;Receiver;Off;59.086662;48.50365;0.0022944445;None;NO
31100;99.2964;1.13556;ecl;On;On;Receiver;Off;58.854805;47.895954;0.0022944445;None;NO
31110;99.28448;1.13586;ecl;On;On;Receiver;Off;58.627308;47.287945;0.0022944445;None;NO
31120;99.27255;1.13616;ecl;On;On;Receiver;Off;58.403996;46.679634;0.0022944445;None;NO
31130;99.26063;1.13646;ecl;On;On;Receiver;Off;58.184677;46.071037;0.0022944445;None;NO
31140;99.2487;1.13676;ecl;On;On;Receiver;Off;57.969196;45.462166;0.0022944445;None;NO
31150;99.23678;1.13706;ecl;On;On;Receiver;Off;57.757385;44.85303;0.0022944445;None;NO
31160;99.22485;1.13736;ecl;On;On;Receiver;Off;57.549103;44.243645;0.0022944445;None;NO
31170;99.21292;1.13766;ecl;On;On;Receiver;Off;57.344193;43.634014;0.0022944445;None;NO
31180;99.201;1.13796;ecl;On;On;Receiver;Off;57.14253;43.024155;0.0022944445;None;NO
31190;99.18907;1.13826;ecl;On;On;Receiver;Off;56.943977;42.414074;0.0022944445;None;NO
31200;99.17715;1.13856;ecl;On;On;Receiver;Off;56.748413;41.803776;0.0022944445;None;NO
31210;99.16522;1.13886;ecl;On;On;Receiver;Off;56.555725;41.193275;0.0022944445;None;NO
31220;99.1533;1.13916;ecl;On;On;Receiver;Off;56.36579;40.582577;0.0022944445;None;NO
31230;99.14137;1.13946;ecl;On;On;Receiver;Off;56.178513;39.97169;0.0022944445;None;NO
31240;99.12945;1.13976;ecl;On;On;Receiver;Off;55.993782;39.360622;0.0022944445;None;NO
31250;99.11752;1.14006;ecl;On;On;Receiver;Off;55.81151;38.749382;0.0022944445;None;NO
31260;99.1056;1.14036;ecl;On;On;Receiver;Off;55.63159;38.13797;0.0022944445;None;NO
31270;99.09367;1.14066;ecl;On;On;Receiver;Off;55.453945;37.526398;0.0022944445;None;NO
31280;99.08175;1.14096;ecl;On;On;Receiver;Off;55.27849;36.91467;0.0022944445;None;NO
31290;99.06982;1.14126;ecl;On;On;Receiver;Off;55.10513;36.30279;0.0022944445;None;NO
31300;99.05789;1.14156;ecl;On;On;Receiver;Off;54.9338;35.69077;0.0022944445;None;NO
31310;99.04597;1.14186;ecl;On;On;Receiver;Off;54.76442;35.07861;0.0022944445;None;NO
31320;99.03404;1.14216;ecl;On;On;Receiver;Off;54.59692;34.466316;0.0022944445;None;NO
31330;99.02212;1.14246;ecl;On;On;Receiver;Off;54.431232;33.853893;0.0022944445;None;NO
31340;99.01019;1.14276;ecl;On;On;Receiver;Off;54.267284;33.241344;0.0022944445;None;NO
31350;98.99827;1.14306;ecl;On;On;Receiver;Off;54.105022;32.62868;0.0022944445;None;NO
31360;98.98634;1.14336;ecl;On;On;Receiver;Off;53.944374;32.0159;0.0022944445;None;NO
31370;98.97442;1.14366;ecl;On;On;Receiver;Off;53.78529;31.40301;0.0022944445;None;NO
31380;98.962494;1.14396;ecl;On;On;Receiver;Off;53.62771;30.79001;0.0022944445;None;NO
31390;98.95057;1.14426;ecl;On;On;Receiver;Off;53.471577;30.17691;0.0022944445;None;NO
31400;98.93864;1.14456;ecl;On;On;Receiver;Off;53.31684;29.563711;0.0022944445;None;NO
31410;98.92671;1.14486;ecl;On;On;Receiver;Off;53.163452;28.950415;0.0022944445;None;NO
31420;98.91479;1.14516;ecl;On;On;Receiver;Off;53.01136;28.337029;0.0022944445;None;NO
31430;98.90286;1.14546;ecl;On;On;Receiver;Off;52.86052;27.723553;0.0022944445;None;NO
31440;98.89094;1.14576;ecl;On;On;Receiver;Off;52.71088;27.109991;0.0022944445;None;NO
31450;98.87901;1.14606;ecl;On;On;Receiver;Off;52.562405;26.496347;0.0022944445;None;NO
31460;98.86709;1.14636;ecl;On;On;Receiver;Off;52.415047;25.882626;0.0022944445;None;NO
31470;98.85516;1.14666;ecl;On;On;Receiver;Off;52.268764;25.268826;0.0022944445;None;NO
31480;98.84324;1.14696;ecl;On;On;Receiver;Off;52.12352;24.654953;0.0022944445;None;NO
31490;98.831314;1.14726;ecl;On;On;Receiver;Off;51.979275;24.04101;0.0022944445;None;NO
31500;98.81939;1.14756;ecl;On;On;Receiver;Off;51.83599;23.426998;0.0022944445;None;NO
31510;98.807465;1.14786;ecl;On;On;Receiver;Off;51.69363;22.812922;0.0022944445;None;NO
31520;98.79553;1.14816;ecl;On;On;Receiver;Off;51.55216;22.198782;0.0022944445;None;NO
31530;98.78361;1.14846;ecl;On;On;Receiver;Off;51.41154;21.584581;0.0022944445;None;NO
31540;98.77168;1.14876;ecl;On;On;Receiver;Off;51.271744;20.970324;0.0022944445;None;NO
31550;98.75976;1.14906;ecl;On;On;Receiver;Off;51.13274;20.356009;0.0022944445;None;NO
31560;98.74783;1.14936;ecl;On;On;Receiver;Off;50.99449;19.74164;0.0022944445;None;NO
31570;98.73591;1.14966;ecl;On;On;Receiver;Off;50.856968;19.12722;0.0022944445;None;NO
31580;98.72398;1.14996;ecl;On;On;Receiver;Off;50.720146;18.51275;0.0022944445;None;NO
31590;98.71206;1.15026;ecl;On;On;Receiver;Off;50.58399;17.898233;0.0022944445;None;NO
31600;98.700134;1.15056;ecl;On;On;Receiver;Off;50.44847;17.28367;0.0022944445;None;NO
31610;98.68821;1.15086;ecl;On;On;Receiver;Off;50.31357;16.669065;0.0022944445;None;NO
31620;98.676285;1.15116;ecl;On;On;Receiver;Off;50.17925;16.054419;0.0022944445;None;NO
31630;98.66436;1.15146;ecl;On;On;Receiver;Off;50.045483;15.439731;0.0022944445;None;NO
31640;98.65243;1.15176;ecl;On;On;Receiver;Off;49.912254;14.8250065;0.0022944445;None;NO
31650;98.6405;1.15206;ecl;On;On;Receiver;Off;49.77953;14.210245;0.0022944445;None;NO
31660;98.62858;1.15236;ecl;On;On;Receiver;Off;49.64729;13.59545;0.0022944445;None;NO
31670;98.61665;1.15266;ecl;On;On;Receiver;Off;49.515503;12.980622;0.0022944445;None;NO
31680;98.60473;1.15296;ecl;On;On;Receiver;Off;49.38415;12.365764;0.0022944445;None;NO
31690;98.592804;1.15326;ecl;On;On;Receiver;Off;49.25321;11.750875;0.0022944445;None;NO
31700;98.58088;1.15356;ecl;On;On;Receiver;Off;49.12265;11.135961;0.0022944445;None;NO
31710;98.568954;1.15386;ecl;On;On;Receiver;Off;48.99246;10.521019;0.0022944445;None;NO
31720;98.55703;1.15416;ecl;On;On;Receiver;Off;48.862606;9.906053;0.0022944445;None;NO
31730;98.545105;1.15446;ecl;On;On;Receiver;Off;48.733074;9.291063;0.0022944445;None;NO
31740;98.53318;1.15476;ecl;On;On;Receiver;Off;48.60384;8.676053;0.0022944445;None;NO
31750;98.521255;1.15506;ecl;On;On;Receiver;Off;48.47488;8.061023;0.0022944445;None;NO
31760;98.50932;1.15536;ecl;On;On;Receiver;Off;48.346176;7.445975;0.0022944445;None;NO
31770;98.4974;1.15566;ecl;On;On;Receiver;Off;48.2177;6.8309093;0.0022944445;None;NO
31780;98.48547;1.15596;ecl;On;On;Receiver;Off;48.089443;6.215828;0.0022944445;None;NO
31790;98.47355;1.15626;ecl;On;On;Receiver;Off;47.961372;5.6007333;0.0022944445;None;NO
31800;98.461624;1.15656;ecl;On;On;Receiver;Off;47.833477;4.9856253;0.0022944445;None;NO
31810;98.4497;1.15686;ecl;On;On;Receiver;Off;47.70573;4.370507;0.0022944445;None;NO
31820;98.437775;1.15716;ecl;On;On;Receiver;Off;47.578117;3.755378;0.0022944445;None;NO
31830;98.42585;1.15746;ecl;On;On;Receiver;Off;47.45061;3.1402411;0.0022944445;None;NO
31840;98.413925;1.15776;ecl;On;On;Receiver;Off;47.323196;2.5250971;0.0022944445;None;NO
31850;98.402;1.15806;ecl;On;On;Receiver;Off;47.195854;1.9099474;0.0022944445;None;NO
31860;98.390076;1.15836;ecl;On;On;Receiver;Off;47.068565;1.2947935;0.0022944445;None;NO
31870;98.37815;1.15866;ecl;On;On;Receiver;Off;46.941303;0.6796368;0.0022944445;None;NO
31880;98.36622;1.15896;ecl;On;On;Receiver;Off;46.814056;0.0644785;0.0022944445;None;NO
31890;98.354294;1.15926;ecl;On;On;Receiver;Off;46.6868;-0.5506799;0.0022944445;None;NO
31900;98.34237;1.15956;ecl;On;On;Receiver;Off;46.559517;-1.165837;0.0022944445;None;NO
31910;98.330444;1.15986;ecl;On;On;Receiver;Off;46.432186;-1.7809917;0.0022944445;None;NO
31920;98.31852;1.16016;ecl;On;On;Receiver;Off;46.304787;-2.3961422;0.0022944445;None;NO
31930;98.306595;1.16046;ecl;On;On;Receiver;Off;46.1773;-3.0112877;0.0022944445;None;NO
31940;98.29467;1.16076;ecl;On;On;Receiver;Off;46.04971;-3.6264262;0.0022944445;None;NO
31950;98.282745;1.16106;ecl;On;On;Receiver;Off;45.92199;-4.2415566;0.0022944445;None;NO
31960;98.27082;1.16136;ecl;On;On;Receiver;Off;45.79412;-4.8566775;0.0022944445;None;NO
31970;98.258896;1.16166;ecl;On;On;Receiver;Off;45.66609;-5.471788;0.0022944445;None;NO
31980;98.24697;1.16196;ecl;On;On;Receiver;Off;45.537865;-6.0868855;0.0022944445;None;NO
31990;98.23505;1.16226;ecl;On;On;Receiver;Off;45.409435;-6.7019696;0.0022944445;None;NO
32000;98.223114;1.16256;ecl;On;On;Receiver;Off;45.280777;-7.3170385;0.0022944445;None;NO
32010;98.21119;1.16286;ecl;On;On;Receiver;Off;45.151867;-7.9320908;0.0022944445;None;NO
32020;98.199265;1.16316;ecl;On;On;Receiver;Off;45.022686;-8.547125;0.0022944445;None;NO
32030;98.18734;1.16346;ecl;On;On;Receiver;Off;44.89321;-9.16214;0.0022944445;None;NO
32040;98.175415;1.16376;ecl;On;On;Receiver;Off;44.76342;-9.777133;0.0022944445;None;NO
32050;98.16349;1.16406;ecl;On;On;Receiver;Off;44.633297;-10.392104;0.0022944445;None;NO
32060;98.151566;1.16436;ecl;On;On;Receiver;Off;44.50281;-11.0070505;0.0022944445;None;NO
32070;98.13964;1.16466;ecl;On;On;Receiver;Off;44.371944;-11.621972;0.0022944445;None;NO
32080;98.127716;1.16496;ecl;On;On;Receiver;Off;44.24067;-12.236866;0.0022944445;None;NO
32090;98.11579;1.16526;ecl;On;On;Receiver;Off;44.10897;-12.85173;0.0022944445;None;NO
32100;98.10387;1.16556;ecl;On;On;Receiver;Off;43.976818;-13.466565;0.0022944445;None;NO
32110;98.09194;1.16586;ecl;On;On;Receiver;Off;43.844185;-14.0813675;0.0022944445;None;NO
32120;98.08001;1.16616;ecl;On;On;Receiver;Off;43.711052;-14.6961355;0.0022944445;None;NO
32130;98.068085;1.16646;ecl;On;On;Receiver;Off;43.577396;-15.310868;0.0022944445;None;NO
32140;98.05616;1.16676;ecl;On;On;Receiver;Off;43.443184;-15.925563;0.0022944445;None;NO
32150;98.044235;1.16706;ecl;On;On;Receiver;Off;43.30839;-16.540218;0.0022944445;None;NO
32160;98.03231;1.16736;ecl;On;On;Receiver;Off;43.172993;-17.154833;0.0022944445;None;NO
32170;98.020386;1.16766;ecl;On;On;Receiver;Off;43.03696;-17.769405;0.0022944445;None;NO
32180;98.00846;1.16796;ecl;On;On;Receiver;Off;42.900265;-18.383932;0.0022944445;None;NO
32190;97.99654;1.16826;ecl;On;On;Receiver;Off;42.76288;-18.998411;0.0022944445;None;NO
32200;97.98461;1.16856;ecl;On;On;Receiver;Off;42.62477;-19.612843;0.0022944445;None;NO
32210;97.97269;1.16886;ecl;On;On;Receiver;Off;42.485912;-20.22722;0.0022944445;None;NO
32220;97.96076;1.16916;ecl;On;On;Receiver;Off;42.346268;-20.841547;0.0022944445;None;NO
32230;97.94883;1.16946;ecl;On;On;Receiver;Off;42.20581;-21.455818;0.0022944445;None;NO
32240;97.936905;1.16976;ecl;On;On;Receiver;Off;42.064507;-22.07003;0.0022944445;None;NO
32250;97.92498;1.17006;ecl;On;On;Receiver;Off;41.922318;-22.684183;0.0022944445;None;NO
32260;97.913055;1.17036;ecl;On;On;Receiver;Off;41.77921;-23.298273;0.0022944445;None;NO
32270;97.90113;1.17066;ecl;On;On;Receiver;Off;41.63515;-23.9123;0.0022944445;None;NO
32280;97.889206;1.17096;ecl;On;On;Receiver;Off;41.490097;-24.526257;0.0022944445;None;NO
32290;97.87728;1.17126;ecl;On;On;Receiver;Off;41.344017;-25.140144;0.0022944445;None;NO
32300;97.86536;1.17156;ecl;On;On;Receiver;Off;41.196865;-25.75396;0.0022944445;None;NO
32310;97.85343;1.17186;ecl;On;On;Receiver;Off;41.048607;-26.367699;0.0022944445;None;NO
32320;97.84151;1.17216;ecl;On;On;Receiver;Off;40.899193;-26.98136;0.0022944445;None;NO
32330;97.82958;1.17246;ecl;On;On;Receiver;Off;40.748585;-27.594936;0.0022944445;None;NO
32340;97.81766;1.17276;ecl;On;On;Receiver;Off;40.596733;-28.208431;0.0022944445;None;NO
32350;97.805725;1.17306;ecl;On;On;Receiver;Off;40.443596;-28.821836;0.0022944445;None;NO
32360;97.7938;1.17336;ecl;On;On;Receiver;Off;40.28912;-29.435152;0.0022944445;None;NO
32370;97.781876;1.17366;ecl;On;On;Receiver;Off;40.13326;-30.048372;0.0022944445;None;NO
32380;97.76995;1.17396;ecl;On;On;Receiver;Off;39.975956;-30.661493;0.0022944445;None;NO
32390;97.758026;1.17426;ecl;On;On;Receiver;Off;39.81716;-31.274513;0.0022944445;None;NO
32400;97.7461;1.17456;ecl;On;On;Receiver;Off;39.65682;-31.887428;0.0022944445;None;NO
32410;97.73418;1.17486;ecl;On;On;Receiver;Off;39.494865;-32.500233;0.0022944445;None;NO
32420;97.72225;1.17516;ecl;On;On;Receiver;Off;39.331245;-33.112923;0.0022944445;None;NO
32430;97.71033;1.17546;ecl;On;On;Receiver;Off;39.165894;-33.725494;0.0022944445;None;NO
32440;97.6984;1.17576;ecl;On;On;Receiver;Off;38.99874;-34.337944;0.0022944445;None;NO
32450;97.68648;1.17606;ecl;On;On;Receiver;Off;38.829727;-34.950264;0.0022944445;None;NO
32460;97.67455;1.17636;ecl;On;On;Receiver;Off;38.65877;-35.56245;0.0022944445;None;NO
32470;97.71604;1.17666;sun;On;On;Receiver;Off;38.48581;-36.174503;0.0022944445;None;NO
32480;97.75754;1.17696;sun;On;On;Receiver;Off;38.310757;-36.78641;0.0022944445;None;NO
32490;97.79903;1.17726;sun;On;On;Receiver;Off;38.133533;-37.39817;0.0022944445;None;NO
32500;97.84052;1.17756;sun;On;On;Receiver;Off;37.954056;-38.009777;0.0022944445;None;NO
32510;97.88202;1.17786;sun;On;On;Receiver;Off;37.772236;-38.621223;0.0022944445;None;NO
32520;97.92351;1.17816;sun;On;On;Receiver;Off;37.587982;-39.232502;0.0022944445;None;NO
32530;97.965004;1.17846;sun;On;On;Receiver;Off;37.401196;-39.84361;0.0022944445;None;NO
32540;98.0065;1.17876;sun;On;On;Receiver;Off;37.211777;-40.454533;0.0022944445;None;NO
32550;98.04799;1.17906;sun;On;On;Receiver;Off;37.01962;-41.06527;0.0022944445;None;NO
32560;98.089485;1.17936;sun;On;On;Receiver;Off;36.82461;-41.67581;0.0022944445;None;NO
32570;98.130974;1.17966;sun;On;On;Receiver;Off;36.626637;-42.28615;0.0022944445;None;NO
32580;98.17247;1.17996;sun;On;On;Receiver;Off;36.425575;-42.89628;0.0022944445;None;NO
32590;98.21397;1.18026;sun;On;On;Receiver;Off;36.221294;-43.506187;0.0022944445;None;NO
32600;98.255455;1.18056;sun;On;On;Receiver;Off;36.013664;-44.115864;0.0022944445;None;NO
32610;98.29695;1.18086;sun;On;On;Receiver;Off;35.802536;-44.725304;0.0022944445;None;NO
32620;98.33845;1.18116;sun;On;On;Receiver;Off;35.587765;-45.33449;0.0022944445;None;NO
32630;98.37994;1.18146;sun;On;On;Receiver;Off;35.36919;-45.94342;0.0022944445;None;NO
32640;98.42143;1.18176;sun;On;On;Receiver;Off;35.146652;-46.552074;0.0022944445;None;NO
32650;98.46292;1.18206;sun;On;On;Receiver;Off;34.919968;-47.160446;0.0022944445;None;NO
32660;98.50442;1.18236;sun;On;On;Receiver;Off;34.688953;-47.76852;0.0022944445;None;NO
32670;98.54591;1.18266;sun;On;On;Receiver;Off;34.453415;-48.376286;0.0022944445;None;NO
32680;98.5874;1.18296;sun;On;On;Receiver;Off;34.213146;-48.983723;0.0022944445;None;NO
32690;98.6289;1.18326;sun;On;On;Receiver;Off;33.967926;-49.590824;0.0022944445;None;NO
32700;98.670395;1.18356;sun;On;On;Receiver;Off;33.71753;-50.197567;0.0022944445;None;NO
32710;98.71188;1.18386;sun;On;On;Receiver;Off;33.4617;-50.803936;0.0022944445;None;NO
32720;98.75338;1.18416;sun;On;On;Receiver;Off;33.200184;-51.409916;0.0022944445;None;NO
32730;98.79487;1.18446;sun;On;On;Receiver;Off;32.932705;-52.015484;0.0022944445;None;NO
32740;98.836365;1.18476;sun;On;On;Receiver;Off;32.658962;-52.620625;0.0022944445;None;NO
32750;98.87786;1.18506;sun;On;On;Receiver;Off;32.37865;-53.22531;0.0022944445;None;NO
32760;98.91935;1.18536;sun;On;On;Receiver;Off;32.091434;-53.82952;0.0022944445;None;NO
32770;98.960846;1.18566;sun;On;On;Receiver;Off;31.796959;-54.433235;0.0022944445;None;NO
32780;99.00234;1.18596;sun;On;On;Receiver;Off;31.494843;-55.03642;0.0022944445;None;NO
32790;99.04383;1.18626;sun;On;On;Receiver;Off;31.184683;-55.63905;0.0022944445;None;NO
32800;99.08533;1.18656;sun;On;On;Receiver;Off;30.866047;-56.241093;0.0022944445;None;NO
32810;99.126816;1.18686;sun;On;On;Receiver;Off;30.538473;-56.84252;0.0022944445;None;NO
32820;99.16831;1.18716;sun;On;On;Receiver;Off;30.201464;-57.4433;0.0022944445;None;NO
32830;99.20981;1.18746;sun;On;On;Receiver;Off;29.85449;-58.04339;0.0022944445;None;NO
32840;99.2513;1.18776;sun;On;On;Receiver;Off;29.49698;-58.64275;0.0022944445;None;NO
32850;99.29279;1.18806;sun;On;On;Receiver;Off;29.12832;-59.241337;0.0022944445;None;NO
32860;99.33429;1.18836;sun;On;On;Receiver;Off;28.747852;-59.839108;0.0022944445;None;NO
32870;99.37578;1.18866;sun;On;On;Receiver;Off;28.354866;-60.43601;0.0022944445;None;NO
32880;99.417274;1.18896;sun;On;On;Receiver;Off;27.948591;-61.031986;0.0022944445;None;NO
32890;99.45876;1.18926;sun;On;On;Receiver;Off;27.528204;-61.626987;0.0022944445;None;NO
32900;99.50026;1.18956;sun;On;On;Receiver;Off;27.092806;-62.22094;0.0022944445;None;NO
32910;99.541756;1.18986;sun;On;On;Receiver;Off;26.641432;-62.81378;0.0022944445;None;NO
32920;99.583244;1.19016;sun;On;On;Receiver;Off;26.173025;-63.405434;0.0022944445;None;NO
32930;99.62474;1.19046;sun;On;On;Receiver;Off;25.686451;-63.99582;0.0022944445;None;NO
32940;99.66624;1.19076;sun;On;On;Receiver;Off;25.180464;-64.58485;0.0022944445;None;NO
32950;99.707726;1.19106;sun;On;On;Receiver;Off;24.653717;-65.17242;0.0022944445;None;NO
32960;99.74922;1.19136;sun;On;On;Receiver;Off;24.104736;-65.75842;0.0022944445;None;NO
32970;99.79071;1.19166;sun;On;On;Receiver;Off;23.531916;-66.34276;0.0022944445;None;NO
32980;99.83221;1.19196;sun;On;On;Receiver;Off;22.933496;-66.925285;0.0022944445;None;NO
32990;99.8737;1.19226;sun;On;On;Receiver;Off;22.307558;-67.50586;0.0022944445;None;NO
33000;99.91519;1.19256;sun;On;On;Receiver;Off;21.651985;-68.084335;0.0022944445;None;NO
33010;99.95669;1.19286;sun;On;On;Receiver;Off;20.964466;-68.660545;0.0022944445;None;NO
33020;99.988075;1.19316;sun;On;On;Receiver;Off;20.24245;-69.23428;0.0022944445;None;NO
33030;99.988075;1.19346;sun;On;On;Receiver;Off;19.483135;-69.80535;0.0022944445;None;NO
33040;99.988075;1.19376;sun;On;On;Receiver;Off;18.683426;-70.37352;0.0022944445;None;NO
33050;99.988075;1.19406;sun;On;On;Receiver;Off;17.839909;-70.938515;0.0022944445;None;NO
33060;99.988075;1.19436;sun;On;On;Receiver;Off;16.948809;-71.50005;0.0022944445;None;NO
33070;99.988075;1.19466;sun;On;On;Receiver;Off;16.005955;-72.05781;0.0022944445;None;NO
33080;99.988075;1.19496;sun;On;On;Receiver;Off;15.00672;-72.61142;0.0022944445;None;NO
33090;99.988075;1.19526;sun;On;On;Receiver;Off;13.945986;-73.16048;0.0022944445;None;NO
33100;99.988075;1.19556;sun;On;On;Receiver;Off;12.818078;-73.70451;0.0022944445;None;NO
33110;99.988075;1.19586;sun;On;On;Receiver;Off;11.616709;-74.24302;0.0022944445;None;NO
33120;99.988075;1.19616;sun;On;On;Receiver;Off;10.334916;-74.77539;0.0022944445;None;NO
33130;99.988075;1.19646;sun;On;On;Receiver;Off;8.965002;-75.30098;0.0022944445;None;NO
33140;99.988075;1.19676;sun;On;On;Receiver;Off;7.4984713;-75.81902;0.0022944445;None;NO
33150;99.988075;1.19706;sun;On;On;Receiver;Off;5.925978;-76.32866;0.0022944445;None;NO
33160;99.988075;1.19736;sun;On;On;Receiver;Off;4.2372923;-76.82892;0.0022944445;None;NO
33170;99.988075;1.19766;sun;On;On;Receiver;Off;2.421283;-77.31869;0.0022944445;None;NO
33180;99.988075;1.19796;sun;On;On;Receiver;Off;0.46595255;-77.7967;0.0022944445;None;NO
33190;99.988075;1.19826;sun;On;On;Receiver;Off;-1.6414754;-78.26153;0.0022944445;None;NO
33200;99.988075;1.19856;sun;On;On;Receiver;Off;-3.9143739;-78.71153;0.0022944445;None;NO
33210;99.988075;1.19886;sun;On;On;Receiver;Off;-6.366408;-79.144875;0.0022944445;None;NO
33220;99.988075;1.19916;sun;On;On;Receiver;Off;-9.011066;-79.55948;0.0022944445;None;NO
33230;99.988075;1.19946;sun;On;On;Receiver;Off;-11.86098;-79.953026;0.0022944445;None;NO
33240;99.988075;1.19976;sun;On;On;Receiver;Off;-14.926996;-80.32294;0.0022944445;None;NO
33250;99.988075;1.20006;sun;On;On;Receiver;Off;-18.216982;-80.66642;0.0022944445;None;NO
33260;99.988075;1.20036;sun;On;On;Receiver;Off;-21.734365;-80.98044;0.0022944445;None;NO
33270;99.988075;1.20066;sun;On;On;Receiver;Off;-25.476513;-81.26182;0.0022944445;None;NO
33280;99.988075;1.20096;sun;On;On;Receiver;Off;-29.4331;-81.507324;0.0022944445;None;NO
33290;99.988075;1.20126;sun;On;On;Receiver;Off;-33.584743;-81.71375;0.0022944445;None;NO
33300;99.988075;1.20156;sun;On;On;Receiver;Off;-37.902264;-81.878136;0.0022944445;None;NO
33310;99.988075;1.20186;sun;On;On;Receiver;Off;-42.346886;-81.99787;0.0022944445;None;NO
33320;99.988075;1.20216;sun;On;On;Receiver;Off;-46.871674;-82.07094;0.0022944445;None;NO
33330;99.988075;1.20246;sun;On;On;Receiver;Off;-51.42417;-82.096054;0.0022944445;None;NO
33340;99.988075;1.20276;sun;On;On;Receiver;Off;-55.949936;-82.07275;0.0022944445;None;NO
33350;99.988075;1.20306;sun;On;On;Receiver;Off;-60.39644;-82.00145;0.0022944445;None;NO
33360;99.988075;1.20336;sun;On;On;Receiver;Off;-64.71662;-81.88342;0.0022944445;None;NO
33370;99.988075;1.20366;sun;On;On;Receiver;Off;-68.87155;-81.720665;0.0022944445;None;NO
33380;99.988075;1.20396;sun;On;On;Receiver;Off;-72.831856;-81.515755;0.0022944445;None;NO
33390;99.988075;1.20426;sun;On;On;Receiver;Off;-76.57799;-81.27165;0.0022944445;None;NO
33400;99.988075;1.20456;sun;On;On;Receiver;Off;-80.09947;-80.991554;0.0022944445;None;NO
33410;99.988075;1.20486;sun;On;On;Receiver;Off;-83.39354;-80.678696;0.0022944445;None;NO
33420;99.988075;1.20516;sun;On;On;Receiver;Off;-86.46354;-80.33626;0.0022944445;None;NO
33430;99.988075;1.20546;sun;On;On;Receiver;Off;-89.31726;-79.96728;0.0022944445;None;NO
33440;99.988075;1.20576;sun;On;On;Receiver;Off;-91.965515;-79.57457;0.0022944445;None;NO
33450;99.988075;1.20606;sun;On;On;Receiver;Off;-94.420906;-79.160706;0.0022944445;None;NO
33460;99.988075;1.20636;sun;On;On;Receiver;Off;-96.696915;-78.72803;0.0022944445;None;NO
33470;99.988075;1.20666;sun;On;On;Receiver;Off;-98.807205;-78.27861;0.0022944445;None;NO
33480;99.988075;1.20696;sun;On;On;Receiver;Off;-100.76517;-77.81431;0.0022944445;None;NO
33490;99.988075;1.20726;sun;On;On;Receiver;Off;-102.58358;-77.336754;0.0022944445;None;NO
33500;99.988075;1.20756;sun;On;On;Receiver;Off;-104.27446;-76.847404;0.0022944445;None;NO
33510;99.988075;1.20786;sun;On;On;Receiver;Off;-105.84896;-76.34752;0.0022944445;None;NO
33520;99.988075;1.20816;sun;On;On;Receiver;Off;-107.317314;-75.83821;0.0022944445;None;NO
33530;99.988075;1.20846;sun;On;On;Receiver;Off;-108.688896;-75.320465;0.0022944445;None;NO
33540;99.988075;1.20876;sun;On;On;Receiver;Off;-109.972206;-74.79514;0.0022944445;None;NO
33550;99.988075;1.20906;sun;On;On;Receiver;Off;-111.174965;-74.26301;0.0022944445;None;NO
33560;99.988075;1.20936;sun;On;On;Receiver;Off;-112.30414;-73.724724;0.0022944445;None;NO
33570;99.988075;1.20966;sun;On;On;Receiver;Off;-113.36603;-73.180885;0.0022944445;None;NO
33580;99.988075;1.20996;sun;On;On;Receiver;Off;-114.366325;-72.63201;0.0022944445;None;NO
33590;99.988075;1.21026;sun;On;On;Receiver;Off;-115.31016;-72.07856;0.0022944445;None;NO
33600;99.988075;1.21056;sun;On;On;Receiver;Off;-116.202156;-71.52095;0.0022944445;None;NO
33610;99.988075;1.21086;sun;On;On;Receiver;Off;-117.04649;-70.95955;0.0022944445;None;NO
33620;99.988075;1.21116;sun;On;On;Receiver;Off;-117.84696;-70.39468;0.0022944445;None;NO
33630;99.988075;1.21146;sun;On;On;Receiver;Off;-118.60698;-69.82662;0.0022944445;None;NO
33640;99.988075;1.21176;sun;On;On;Receiver;Off;-119.32964;-69.25566;0.0022944445;None;NO
33650;99.988075;1.21206;sun;On;On;Receiver;Off;-120.01776;-68.682014;0.0022944445;None;NO
33660;99.988075;1.21236;sun;On;On;Receiver;Off;-120.67389;-68.105896;0.0022944445;None;NO
33670;99.988075;1.21266;sun;On;On;Receiver;Off;-121.30034;-67.527504;0.0022944445;None;NO
33680;99.988075;1.21296;sun;On;On;Receiver;Off;-121.89924;-66.947;0.0022944445;None;NO
33690;99.988075;1.21326;sun;On;On;Receiver;Off;-122.4725;-66.36454;0.0022944445;None;NO
33700;99.988075;1.21356;sun;On;On;Receiver;Off;-123.021904;-65.78027;0.0022944445;None;NO
33710;99.988075;1.21386;sun;On;On;Receiver;Off;-123.549034;-65.19433;0.0022944445;None;NO
33720;99.988075;1.21416;sun;On;On;Receiver;Off;-124.05538;-64.60681;0.0022944445;None;NO
33730;99.988075;1.21446;sun;On;On;Receiver;Off;-124.5423;-64.01784;0.0022944445;None;NO
33740;99.988075;1.21476;sun;On;On;Receiver;Off;-125.01102;-63.427505;0.0022944445;None;NO
33750;99.988075;1.21506;sun;On;On;Receiver;Off;-125.46269;-62.8359;0.0022944445;None;NO
33760;99.988075;1.21536;sun;On;On;Receiver;Off;-125.89837;-62.2431;0.0022944445;None;NO
33770;99.988075;1.21566;sun;On;On;Receiver;Off;-126.31902;-61.649185;0.0022944445;None;NO
33780;99.988075;1.21596;sun;On;On;Receiver;Off;-126.72554;-61.054222;0.0022944445;None;NO
33790;99.988075;1.21626;sun;On;On;Receiver;Off;-127.11876;-60.45828;0.0022944445;None;NO
33800;99.988075;1.21656;sun;On;On;Receiver;Off;-127.49945;-59.861412;0.0022944445;None;NO
33810;99.988075;1.21686;sun;On;On;Receiver;Off;-127.86832;-59.26367;0.0022944445;None;NO
33820;99.988075;1.21716;sun;On;On;Receiver;Off;-128.22603;-58.665115;0.0022944445;None;NO
33830;99.988075;1.21746;sun;On;On;Receiver;Off;-128.57318;-58.065784;0.0022944445;None;NO
33840;99.988075;1.21776;sun;On;On;Receiver;Off;-128.91037;-57.46572;0.0022944445;None;NO
33850;99.988075;1.21806;sun;On;On;Receiver;Off;-129.2381;-56.86497;0.0022944445;None;NO
33860;99.988075;1.21836;sun;On;On;Receiver;Off;-129.5569;-56.263565;0.0022944445;None;NO
33870;99.988075;1.21866;sun;On;On;Receiver;Off;-129.8672;-55.66154;0.0022944445;None;NO
33880;99.988075;1.21896;sun;On;On;Receiver;Off;-130.16946;-55.058933;0.0022944445;None;NO
33890;99.988075;1.21926;sun;On;On;Receiver;Off;-130.46408;-54.45577;0.0022944445;None;NO
33900;99.988075;1.21956;sun;On;On;Receiver;Off;-130.75142;-53.852077;0.0022944445;None;NO
33910;99.988075;1.21986;sun;On;On;Receiver;Off;-131.03185;-53.247883;0.0022944445;None;NO
33920;99.988075;1.22016;sun;On;On;Receiver;Off;-131.30571;-52.643215;0.0022944445;None;NO
33930;99.988075;1.22046;sun;On;On;Receiver;Off;-131.5733;-52.03809;0.0022944445;None;NO
33940;99.988075;1.22076;sun;On;On;Receiver;Off;-131.83492;-51.432537;0.0022944445;None;NO
33950;99.988075;1.22106;sun;On;On;Receiver;Off;-132.09085;-50.826572;0.0022944445;None;NO
33960;99.988075;1.22136;sun;On;On;Receiver;Off;-132.34134;-50.22022;0.0022944445;None;NO
33970;99.988075;1.22166;sun;On;On;Receiver;Off;-132.58665;-49.613487;0.0022944445;None;NO
33980;99.988075;1.22196;sun;On;On;Receiver;Off;-132.82701;-49.0064;0.0022944445;None;NO
33990;99.988075;1.22226;sun;On;On;Receiver;Off;-133.06262;-48.398975;0.0022944445;None;NO
34000;99.988075;1.22256;sun;On;On;Receiver;Off;-133.29372;-47.79122;0.0022944445;None;NO
34010;99.988075;1.22286;sun;On;On;Receiver;Off;-133.52048;-47.18316;0.0022944445;None;NO
34020;99.988075;1.22316;sun;On;On;Receiver;Off;-133.7431;-46.5748;0.0022944445;None;NO
34030;99.988075;1.22346;sun;On;On;Receiver;Off;-133.96175;-45.966152;0.0022944445;None;NO
34040;99.988075;1.22376;sun;On;On;Receiver;Off;-134.17657;-45.357235;0.0022944445;None;NO
34050;99.988075;1.22406;sun;On;On;Receiver;Off;-134.38777;-44.74806;0.0022944445;None;NO
34060;99.988075;1.22436;sun;On;On;Receiver;Off;-134.59546;-44.138626;0.0022944445;None;NO
34070;99.988075;1.22466;sun;On;On;Receiver;Off;-134.7998;-43.528957;0.0022944445;None;NO
34080;99.988075;1.22496;sun;On;On;Receiver;Off;-135.00093;-42.91906;0.0022944445;None;NO
34090;99.988075;1.22526;sun;On;On;Receiver;Off;-135.19894;-42.30894;0.0022944445;None;NO
34100;99.988075;1.22556;sun;On;On;Receiver;Off;-135.39401;-41.69861;0.0022944445;None;NO
34110;99.988075;1.22586;sun;On;On;Receiver;Off;-135.58621;-41.088074;0.0022944445;None;NO
34120;99.988075;1.22616;sun;On;On;Receiver;Off;-135.77568;-40.47734;0.0022944445;None;NO
34130;99.988075;1.22646;sun;On;On;Receiver;Off;-135.96252;-39.866425;0.0022944445;None;NO
34140;99.988075;1.22676;sun;On;On;Receiver;Off;-136.14682;-39.255325;0.0022944445;None;NO
34150;99.988075;1.22706;sun;On;On;Receiver;Off;-136.32867;-38.644054;0.0022944445;None;NO
34160;99.988075;1.22736;sun;On;On;Receiver;Off;-136.5082;-38.03261;0.0022944445;None;NO
34170;99.988075;1.22766;sun;On;On;Receiver;Off;-136.68546;-37.421013;0.0022944445;None;NO
34180;99.988075;1.22796;sun;On;On;Receiver;Off;-136.86055;-36.809258;0.0022944445;None;NO
34190;99.988075;1.22826;sun;On;On;Receiver;Off;-137.03355;-36.197357;0.0022944445;None;NO
34200;99.988075;1.22856;sun;On;On;Receiver;Off;-137.20454;-35.58531;0.0022944445;None;NO
34210;99.988075;1.22886;sun;On;On;Receiver;Off;-137.3736;-34.973125;0.0022944445;None;NO
34220;99.988075;1.22916;sun;On;On;Receiver;Off;-137.54077;-34.36081;0.0022944445;None;NO
34230;99.988075;1.22946;sun;On;On;Receiver;Off;-137.70616;-33.748367;0.0022944445;None;NO
34240;99.988075;1.22976;sun;On;On;Receiver;Off;-137.86981;-33.1358;0.0022944445;None;NO
34250;99.988075;1.23006;sun;On;On;Receiver;Off;-138.0318;-32.523113;0.0022944445;None;NO
34260;99.988075;1.23036;sun;On;On;Receiver;Off;-138.19217;-31.910313;0.0022944445;None;NO
34270;99.988075;1.23066;sun;On;On;Receiver;Off;-138.351;-31.297403;0.0022944445;None;NO
34280;99.988075;1.23096;sun;On;On;Receiver;Off;-138.50832;-30.684387;0.0022944445;None;NO
34290;99.988075;1.23126;sun;On;On;Receiver;Off;-138.6642;-30.07127;0.0022944445;None;NO
34300;99.988075;1.23156;sun;On;On;Receiver;Off;-138.81871;-29.458054;0.0022944445;None;NO
34310;99.988075;1.23186;sun;On;On;Receiver;Off;-138.97186;-28.844742;0.0022944445;None;NO
34320;99.988075;1.23216;sun;On;On;Receiver;Off;-139.12375;-28.231339;0.0022944445;None;NO
34330;99.988075;1.23246;sun;On;On;Receiver;Off;-139.27437;-27.617847;0.0022944445;None;NO
34340;99.988075;1.23276;sun;On;On;Receiver;Off;-139.42381;-27.004272;0.0022944445;None;NO
34350;99.988075;1.23306;sun;On;On;Receiver;Off;-139.57208;-26.390615;0.0022944445;None;NO
34360;99.988075;1.23336;sun;On;On;Receiver;Off;-139.71925;-25.77688;0.0022944445;None;NO
34370;99.988075;1.23366;sun;On;On;Receiver;Off;-139.86536;-25.163067;0.0022944445;None;NO
34380;99.988075;1.23396;sun;On;On;Receiver;Off;-140.01042;-24.549183;0.0022944445;None;NO
34390;99.988075;1.23426;sun;On;On;Receiver;Off;-140.15451;-23.935226;0.0022944445;None;NO
34400;99.988075;1.23456;sun;On;On;Receiver;Off;-140.29762;-23.321205;0.0022944445;None;NO
34410;99.988075;1.23486;sun;On;On;Receiver;Off;-140.43983;-22.707117;0.0022944445;None;NO
34420;99.988075;1.23516;sun;On;On;Receiver;Off;-140.58116;-22.092966;0.0022944445;None;NO
34430;99.988075;1.23546;sun;On;On;Receiver;Off;-140.72163;-21.478756;0.0022944445;None;NO
34440;99.988075;1.23576;sun;On;On;Receiver;Off;-140.86128;-20.864487;0.0022944445;None;NO
34450;99.988075;1.23606;sun;On;On;Receiver;Off;-141.00015;-20.250162;0.0022944445;None;NO
34460;99.988075;1.23636;sun;On;On;Receiver;Off;-141.13828;-19.635786;0.0022944445;None;NO
34470;99.988075;1.23666;sun;On;On;Receiver;Off;-141.27568;-19.021357;0.0022944445;None;NO
34480;99.988075;1.23696;sun;On;On;Receiver;Off;-141.41238;-18.40688;0.0022944445;None;NO
34490;99.988075;1.23726;sun;On;On;Receiver;Off;-141.54843;-17.792355;0.0022944445;None;NO
34500;99.988075;1.23756;sun;On;On;Receiver;Off;-141.68384;-17.177784;0.0022944445;None;NO
34510;99.988075;1.23786;sun;On;On;Receiver;Off;-141.81863;-16.563171;0.0022944445;None;NO
34520;99.988075;1.23816;sun;On;On;Receiver;Off;-141.95287;-15.948517;0.0022944445;None;NO
34530;99.988075;1.23846;sun;On;On;Receiver;Off;-142.08653;-15.333823;0.0022944445;None;NO
34540;99.988075;1.23876;sun;On;On;Receiver;Off;-142.21968;-14.719092;0.0022944445;None;NO
34550;99.988075;1.23906;sun;On;On;Receiver;Off;-142.35231;-14.104325;0.0022944445;None;NO
34560;99.988075;1.23936;sun;On;On;Receiver;Off;-142.48448;-13.489524;0.0022944445;None;NO
34570;99.988075;1.23966;sun;On;On;Receiver;Off;-142.61618;-12.874691;0.0022944445;None;NO
34580;99.988075;1.23996;sun;On;On;Receiver;Off;-142.74747;-12.259827;0.0022944445;None;NO
34590;99.988075;1.24026;sun;On;On;Receiver;Off;-142.87834;-11.644935;0.0022944445;None;NO
34600;99.988075;1.24056;sun;On;On;Receiver;Off;-143.00883;-11.030014;0.0022944445;None;NO
34610;99.988075;1.24086;sun;On;On;Receiver;Off;-143.13896;-10.415069;0.0022944445;None;NO
34620;99.988075;1.24116;sun;On;On;Receiver;Off;-143.26875;-9.800098;0.0022944445;None;NO
34630;99.988075;1.24146;sun;On;On;Receiver;Off;-143.39824;-9.185105;0.0022944445;None;NO
34640;99.988075;1.24176;sun;On;On;Receiver;Off;-143.52742;-8.570091;0.0022944445;None;NO
34650;99.988075;1.24206;sun;On;On;Receiver;Off;-143.65634;-7.955058;0.0022944445;None;NO
34660;99.988075;1.24236;sun;On;On;Receiver;Off;-143.785;-7.3400064;0.0022944445;None;NO
34670;99.988075;1.24266;sun;On;On;Receiver;Off;-143.91344;-6.7249384;0.0022944445;None;NO
34680;99.988075;1.24296;sun;On;On;Receiver;Off;-144.04166;-6.1098547;0.0022944445;None;NO
34690;99.988075;1.24326;sun;On;On;Receiver;Off;-144.1697;-5.494757;0.0022944445;None;NO
34700;99.988075;1.24356;sun;On;On;Receiver;Off;-144.29756;-4.8796477;0.0022944445;None;NO
34710;99.988075;1.24386;sun;On;On;Receiver;Off;-144.4253;-4.2645273;0.0022944445;None;NO
34720;99.988075;1.24416;sun;On;On;Receiver;Off;-144.55289;-3.649397;0.0022944445;None;NO
34730;99.988075;1.24446;sun;On;On;Receiver;Off;-144.68037;-3.0342586;0.0022944445;None;NO
34740;99.988075;1.24476;sun;On;On;Receiver;Off;-144.80777;-2.4191136;0.0022944445;None;NO
34750;99.988075;1.24506;sun;On;On;Receiver;Off;-144.9351;-1.8039632;0.0022944445;None;NO
34760;99.988075;1.24536;sun;On;On;Receiver;Off;-145.0624;-1.1888087;0.0022944445;None;NO
34770;99.988075;1.24566;sun;On;On;Receiver;Off;-145.18965;-0.57365155;0.0022944445;None;NO
34780;99.988075;1.24596;sun;On;On;Receiver;Off;-145.3169;0.041506827;0.0022944445;None;NO
34790;99.988075;1.24626;sun;On;On;Receiver;Off;-145.44415;0.65666515;0.0022944445;None;NO
34800;99.988075;1.24656;sun;On;On;Receiver;Off;-145.57144;1.271822;0.0022944445;None;NO
34810;99.988075;1.24686;sun;On;On;Receiver;Off;-145.69879;1.886976;0.0022944445;None;NO
34820;99.988075;1.24716;sun;On;On;Receiver;Off;-145.8262;2.5021257;0.0022944445;None;NO
34830;99.988075;1.24746;sun;On;On;Receiver;Off;-145.9537;3.11727;0.0022944445;None;NO
34840;99.988075;1.24776;sun;On;On;Receiver;Off;-146.08131;3.7324073;0.0022944445;None;NO
34850;99.988075;1.24806;sun;On;On;Receiver;Off;-146.20906;4.347536;0.0022944445;None;NO
34860;99.988075;1.24836;sun;On;On;Receiver;Off;-146.33694;4.9626555;0.0022944445;None;NO
34870;99.988075;1.24866;sun;On;On;Receiver;Off;-146.46501;5.5777636;0.0022944445;None;NO
34880;99.988075;1.24896;sun;On;On;Receiver;Off;-146.59328;6.192859;0.0022944445;None;NO
34890;99.988075;1.24926;sun;On;On;Receiver;Off;-146.72174;6.8079405;0.0022944445;None;NO
34900;99.988075;1.24956;sun;On;On;Receiver;Off;-146.85045;7.4230065;0.0022944445;None;NO
34910;99.988075;1.24986;sun;On;On;Receiver;Off;-146.9794;8.038056;0.0022944445;None;NO
34920;99.988075;1.25016;sun;On;On;Receiver;Off;-147.10863;8.653087;0.0022944445;None;NO
34930;99.988075;1.25046;sun;On;On;Receiver;Off;-147.23816;9.268098;0.0022944445;None;NO
34940;99.988075;1.25076;sun;On;On;Receiver;Off;-147.368;9.883088;0.0022944445;None;NO
34950;99.988075;1.25106;sun;On;On;Receiver;Off;-147.49818;10.4980545;0.0022944445;None;NO
34960;99.988075;1.25136;sun;On;On;Receiver;Off;-147.62874;11.112997;0.0022944445;None;NO
34970;99.988075;1.25166;sun;On;On;Receiver;Off;-147.75967;11.727914;0.0022944445;None;NO
34980;99.988075;1.25196;sun;On;On;Receiver;Off;-147.89102;12.342803;0.0022944445;None;NO
34990;99.988075;1.25226;sun;On;On;Receiver;Off;-148.0228;12.957663;0.0022944445;None;NO
35000;99.988075;1.25256;sun;On;On;Receiver;Off;-148.15503;13.572492;0.0022944445;None;NO
35010;99.988075;1.25286;sun;On;On;Receiver;Off;-148.28773;14.187288;0.0022944445;None;NO
35020;99.988075;1.25316;sun;On;On;Receiver;Off;-148.42096;14.80205;0.0022944445;None;NO
35030;99.988075;1.25346;sun;On;On;Receiver;Off;-148.55472;15.416777;0.0022944445;None;NO
35040;99.988075;1.25376;sun;On;On;Receiver;Off;-148.68903;16.031466;0.0022944445;None;NO
35050;99.988075;1.25406;sun;On;On;Receiver;Off;-148.82391;16.646114;0.0022944445;None;NO
35060;99.988075;1.25436;sun;On;On;Receiver;Off;-148.95943;17.260721;0.0022944445;None;NO
35070;99.988075;1.25466;sun;On;On;Receiver;Off;-149.09557;17.875284;0.0022944445;None;NO
35080;99.988075;1.25496;sun;On;On;Receiver;Off;-149.23238;18.489803;0.0022944445;None;NO
35090;99.988075;1.25526;sun;On;On;Receiver;Off;-149.36989;19.104275;0.0022944445;None;NO
35100;99.988075;1.25556;sun;On;On;Receiver;Off;-149.50812;19.718697;0.0022944445;None;NO
35110;99.988075;1.25586;sun;On;On;Receiver;Off;-149.64711;20.333067;0.0022944445;None;NO
35120;99.988075;1.25616;sun;On;On;Receiver;Off;-149.7869;20.947384;0.0022944445;None;NO
35130;99.988075;1.25646;sun;On;On;Receiver;Off;-149.9275;21.561646;0.0022944445;None;NO
35140;99.988075;1.25676;sun;On;On;Receiver;Off;-150.06895;22.175848;0.0022944445;None;NO
35150;99.988075;1.25706;sun;On;On;Receiver;Off;-150.2113;22.78999;0.0022944445;None;NO
35160;99.988075;1.25736;sun;On;On;Receiver;Off;-150.35457;23.404068;0.0022944445;None;NO
35170;99.988075;1.25766;sun;On;On;Receiver;Off;-150.4988;24.018084;0.0022944445;None;NO
35180;99.988075;1.25796;sun;On;On;Receiver;Off;-150.64403;24.632029;0.0022944445;None;NO
35190;99.988075;1.25826;sun;On;On;Receiver;Off;-150.79028;25.245903;0.0022944445;None;NO
35200;99.988075;1.25856;sun;On;On;Receiver;Off;-150.93762;25.859705;0.0022944445;None;NO
35210;99.988075;1.25886;sun;On;On;Receiver;Off;-151.08607;26.47343;0.0022944445;None;NO
35220;99.988075;1.25916;sun;On;On;Receiver;Off;-151.23569;27.087078;0.0022944445;None;NO
35230;99.988075;1.25946;sun;On;On;Receiver;Off;-151.38652;27.700642;0.0022944445;None;NO
35240;99.988075;1.25976;sun;On;On;Receiver;Off;-151.53857;28.314121;0.0022944445;None;NO
35250;99.988075;1.26006;sun;On;On;Receiver;Off;-151.69194;28.927511;0.0022944445;None;NO
35260;99.988075;1.26036;sun;On;On;Receiver;Off;-151.84666;29.54081;0.0022944445;None;NO
35270;99.988075;1.26066;sun;On;On;Receiver;Off;-152.00276;30.154015;0.0022944445;None;NO
35280;99.988075;1.26096;sun;On;On;Receiver;Off;-152.16032;30.767118;0.0022944445;None;NO
35290;99.988075;1.26126;sun;On;On;Receiver;Off;-152.31938;31.38012;0.0022944445;None;NO
35300;99.988075;1.26156;sun;On;On;Receiver;Off;-152.48;31.993015;0.0022944445;None;NO
35310;99.988075;1.26186;sun;On;On;Receiver;Off;-152.64223;32.6058;0.0022944445;None;NO
35320;99.988075;1.26216;sun;On;On;Receiver;Off;-152.80614;33.21847;0.0022944445;None;NO
35330;99.988075;1.26246;sun;On;On;Receiver;Off;-152.9718;33.83102;0.0022944445;None;NO
35340;99.988075;1.26276;sun;On;On;Receiver;Off;-153.13927;34.443447;0.0022944445;None;NO
35350;99.988075;1.26306;sun;On;On;Receiver;Off;-153.30861;35.055748;0.0022944445;None;NO
35360;99.988075;1.26336;sun;On;On;Receiver;Off;-153.4799;35.66791;0.0022944445;None;NO
35370;99.988075;1.26366;sun;On;On;Receiver;Off;-153.65323;36.279938;0.0022944445;None;NO
35380;99.988075;1.26396;sun;On;On;Receiver;Off;-153.82864;36.891823;0.0022944445;None;NO
35390;99.988075;1.26426;sun;On;On;Receiver;Off;-154.00626;37.503555;0.0022944445;None;NO
35400;99.988075;1.26456;sun;On;On;Receiver;Off;-154.18613;38.115135;0.0022944445;None;NO
35410;99.988075;1.26486;sun;On;On;Receiver;Off;-154.36836;38.72655;0.0022944445;None;NO
35420;99.988075;1.26516;sun;On;On;Receiver;Off;-154.55304;39.337803;0.0022944445;None;NO
35430;99.988075;1.26546;sun;On;On;Receiver;Off;-154.74028;39.948875;0.0022944445;None;NO
35440;99.988075;1.26576;sun;On;On;Receiver;Off;-154.93016;40.55977;0.0022944445;None;NO
35450;99.988075;1.26606;sun;On;On;Receiver;Off;-155.1228;41.170475;0.0022944445;None;NO
35460;99.988075;1.26636;sun;On;On;Receiver;Off;-155.31831;41.780983;0.0022944445;None;NO
35470;99.988075;1.26666;sun;On;On;Receiver;Off;-155.5168;42.391285;0.0022944445;None;NO
35480;99.988075;1.26696;sun;On;On;Receiver;Off;-155.71841;43.001377;0.0022944445;None;NO
35490;99.988075;1.26726;sun;On;On;Receiver;Off;-155.92326;43.611244;0.0022944445;None;NO
35500;99.988075;1.26756;sun;On;On;Receiver;Off;-156.13148;44.220882;0.0022944445;None;NO
35510;99.988075;1.26786;sun;On;On;Receiver;Off;-156.34323;44.83028;0.0022944445;None;NO
35520;99.988075;1.26816;sun;On;On;Receiver;Off;-156.55864;45.439423;0.0022944445;None;NO
35530;99.988075;1.26846;sun;On;On;Receiver;Off;-156.7779;46.048306;0.0022944445;None;NO
35540;99.988075;1.26876;sun;On;On;Receiver;Off;-157.00113;46.656914;0.0022944445;None;NO
35550;99.988075;1.26906;sun;On;On;Receiver;Off;-157.22855;47.265232;0.0022944445;None;NO
35560;99.988075;1.26936;sun;On;On;Receiver;Off;-157.46033;47.873257;0.0022944445;None;NO
35570;99.988075;1.26966;sun;On;On;Receiver;Off;-157.69667;48.480965;0.0022944445;None;NO
35580;99.988075;1.26996;sun;On;On;Receiver;Off;-157.93777;49.088345;0.0022944445;None;NO
35590;99.988075;1.27026;sun;On;On;Receiver;Off;-158.18387;49.695385;0.0022944445;None;NO
35600;99.988075;1.27056;sun;On;On;Receiver;Off;-158.43518;50.302067;0.0022944445;None;NO
35610;99.988075;1.27086;sun;On;On;Receiver;Off;-158.69197;50.90837;0.0022944445;None;NO
35620;99.988075;1.27116;sun;On;On;Receiver;Off;-158.9545;51.51428;0.0022944445;None;NO
35630;99.988075;1.27146;sun;On;On;Receiver;Off;-159.22302;52.119778;0.0022944445;None;NO
35640;99.988075;1.27176;sun;On;On;Receiver;Off;-159.49788;52.72484;0.0022944445;None;NO
35650;99.988075;1.27206;sun;On;On;Receiver;Off;-159.77936;53.329445;0.0022944445;None;NO
35660;99.988075;1.27236;sun;On;On;Receiver;Off;-160.0678;53.93357;0.0022944445;None;NO
35670;99.988075;1.27266;sun;On;On;Receiver;Off;-160.36356;54.537193;0.0022944445;None;NO
35680;99.988075;1.27296;sun;On;On;Receiver;Off;-160.66704;55.140285;0.0022944445;None;NO
35690;99.988075;1.27326;sun;On;On;Receiver;Off;-160.97862;55.742817;0.0022944445;None;NO
35700;99.988075;1.27356;sun;On;On;Receiver;Off;-161.29877;56.34476;0.0022944445;None;NO
35710;99.988075;1.27386;sun;On;On;Receiver;Off;-161.62793;56.94608;0.0022944445;None;NO
35720;99.988075;1.27416;sun;On;On;Receiver;Off;-161.96661;57.546738;0.0022944445;None;NO
35730;99.988075;1.27446;sun;On;On;Receiver;Off;-162.31537;58.146706;0.0022944445;None;NO
35740;99.988075;1.27476;sun;On;On;Receiver;Off;-162.67474;58.745934;0.0022944445;None;NO
35750;99.988075;1.27506;sun;On;On;Receiver;Off;-163.0454;59.344387;0.0022944445;None;NO
35760;99.988075;1.27536;sun;On;On;Receiver;Off;-163.42796;59.94201;0.0022944445;None;NO
35770;99.988075;1.27566;sun;On;On;Receiver;Off;-163.82318;60.538757;0.0022944445;None;NO
35780;99.988075;1.27596;sun;On;On;Receiver;Off;-164.23183;61.13457;0.0022944445;None;NO
35790;99.988075;1.27626;sun;On;On;Receiver;Off;-164.65474;61.729393;0.0022944445;None;NO
35800;99.988075;1.27656;sun;On;On;Receiver;Off;-165.09282;62.323162;0.0022944445;None;NO
35810;99.988075;1.27686;sun;On;On;Receiver;Off;-165.54706;62.915806;0.0022944445;None;NO
35820;99.988075;1.27716;sun;On;On;Receiver;Off;-166.01851;63.507244;0.0022944445;None;NO
35830;99.988075;1.27746;sun;On;On;Receiver;Off;-166.50833;64.097404;0.0022944445;None;NO
35840;99.988075;1.27776;sun;On;On;Receiver;Off;-167.01779;64.68619;0.0022944445;None;NO
35850;99.988075;1.27806;sun;On;On;Receiver;Off;-167.54826;65.27349;0.0022944445;None;NO
35860;99.988075;1.27836;sun;On;On;Receiver;Off;-168.10123;65.85922;0.0022944445;None;NO
35870;99.988075;1.27866;sun;On;On;Receiver;Off;-168.67833;66.44325;0.0022944445;None;NO
35880;99.988075;1.27896;sun;On;On;Receiver;Off;-169.28136;67.02545;0.0022944445;None;NO
35890;99.988075;1.27926;sun;On;On;Receiver;Off;-169.91225;67.60568;0.0022944445;None;NO
35900;99.988075;1.27956;sun;On;On;Receiver;Off;-170.57315;68.18378;0.0022944445;None;NO
35910;99.988075;1.27986;sun;On;On;Receiver;Off;-171.26642;68.759575;0.0022944445;None;NO
35920;99.988075;1.28016;sun;On;On;Receiver;Off;-171.99466;69.33287;0.0022944445;None;NO
35930;99.988075;1.28046;sun;On;On;Receiver;Off;-172.7607;69.90346;0.0022944445;None;NO
35940;99.988075;1.28076;sun;On;On;Receiver;Off;-173.5677;70.47109;0.0022944445;None;NO
35950;99.988075;1.28106;sun;On;On;Receiver;Off;-174.41914;71.035515;0.0022944445;None;NO
35960;99.988075;1.28136;sun;On;On;Receiver;Off;-175.31885;71.59643;0.0022944445;None;NO
35970;99.988075;1.28166;sun;On;On;Receiver;Off;-176.27107;72.153496;0.0022944445;None;NO
35980;99.988075;1.28196;sun;On;On;Receiver;Off;-177.28052;72.70635;0.0022944445;None;NO
35990;99.988075;1.28226;sun;On;On;Receiver;Off;-178.35242;73.25458;0.0022944445;None;NO
36000;99.988075;1.28256;sun;On;On;Receiver;Off;-179.49251;73.79771;0.0022944445;None;NO
36010;99.988075;1.28286;sun;On;On;Receiver;Off;179.29279;74.33519;0.0022944445;None;NO
36020;99.988075;1.28316;sun;On;On;Receiver;Off;177.99638;74.86645;0.0022944445;None;NO
36030;99.988075;1.28346;sun;On;On;Receiver;Off;176.61044;75.39079;0.0022944445;None;NO
36040;99.988075;1.28376;sun;On;On;Receiver;Off;175.12636;75.907455;0.0022944445;None;NO
36050;99.988075;1.28406;sun;On;On;Receiver;Off;173.53459;76.41555;0.0022944445;None;NO
36060;99.988075;1.28436;sun;On;On;Receiver;Off;171.82478;76.91408;0.0022944445;None;NO
36070;99.988075;1.28466;sun;On;On;Receiver;Off;169.98566;77.40192;0.0022944445;None;NO
36080;99.988075;1.28496;sun;On;On;Receiver;Off;168.00505;77.87777;0.0022944445;None;NO
36090;99.988075;1.28526;sun;On;On;Receiver;Off;165.87009;78.340164;0.0022944445;None;NO
36100;99.988075;1.28556;sun;On;On;Receiver;Off;163.56729;78.78744;0.0022944445;None;NO
36110;99.988075;1.28586;sun;On;On;Receiver;Off;161.08302;79.217705;0.0022944445;None;NO
36120;99.988075;1.28616;sun;On;On;Receiver;Off;158.40387;79.62885;0.0022944445;None;NO
36130;99.988075;1.28646;sun;On;On;Receiver;Off;155.51743;80.01852;0.0022944445;None;NO
36140;99.988075;1.28676;sun;On;On;Receiver;Off;152.41328;80.38409;0.0022944445;None;NO
36150;99.988075;1.28706;sun;On;On;Receiver;Off;149.08421;80.72271;0.0022944445;None;NO
36160;99.988075;1.28736;sun;On;On;Receiver;Off;145.52773;81.031334;0.0022944445;None;NO
36170;99.988075;1.28766;sun;On;On;Receiver;Off;141.74765;81.30677;0.0022944445;None;NO
36180;99.988075;1.28796;sun;On;On;Receiver;Off;137.75581;81.54576;0.0022944445;None;NO
36190;99.988075;1.28826;sun;On;On;Receiver;Off;133.57323;81.74515;0.0022944445;None;NO
36200;99.988075;1.28856;sun;On;On;Receiver;Off;129.23079;81.90201;0.0022944445;None;NO
36210;99.988075;1.28886;sun;On;On;Receiver;Off;124.76882;82.01383;0.0022944445;None;NO
36220;99.988075;1.28916;sun;On;On;Receiver;Off;120.23541;82.07871;0.0022944445;None;NO
36230;99.988075;1.28946;sun;On;On;Receiver;Off;115.68365;82.09549;0.0022944445;None;NO
36240;99.988075;1.28976;sun;On;On;Receiver;Off;111.1679;82.06386;0.0022944445;None;NO
36250;99.988075;1.29006;sun;On;On;Receiver;Off;106.740005;81.9844;0.0022944445;None;NO
36260;99.988075;1.29036;sun;On;On;Receiver;Off;102.44578;81.858505;0.0022944445;None;NO
36270;99.988075;1.29066;sun;On;On;Receiver;Off;98.32256;81.688286;0.0022944445;None;NO
36280;99.988075;1.29096;sun;On;On;Receiver;Off;94.398026;81.4764;0.0022944445;None;NO
36290;99.988075;1.29126;sun;On;On;Receiver;Off;90.69009;81.225876;0.0022944445;None;NO
36300;99.988075;1.29156;sun;On;On;Receiver;Off;87.20778;80.939896;0.0022944445;None;NO
36310;99.988075;1.29186;sun;On;On;Receiver;Off;83.9527;80.62172;0.0022944445;None;NO
36320;99.988075;1.29216;sun;On;On;Receiver;Off;80.920616;80.2745;0.0022944445;None;NO
36330;99.988075;1.29246;sun;On;On;Receiver;Off;78.10313;79.90124;0.0022944445;None;NO
36340;99.988075;1.29276;sun;On;On;Receiver;Off;75.48904;79.5047;0.0022944445;None;NO
36350;99.97615;1.29306;ecl;On;On;Receiver;Off;73.06553;79.08744;0.0022944445;None;NO
36360;99.964226;1.29336;ecl;On;On;Receiver;Off;70.81904;78.65173;0.0022944445;None;NO
36370;99.9523;1.29366;ecl;On;On;Receiver;Off;68.73593;78.19962;0.0022944445;None;NO
36380;99.94038;1.29396;ecl;On;On;Receiver;Off;66.80291;77.73293;0.0022944445;None;NO
36390;99.928444;1.29426;ecl;On;On;Receiver;Off;65.0073;77.25325;0.0022944445;None;NO
36400;99.91652;1.29456;ecl;On;On;Receiver;Off;63.337242;76.76199;0.0022944445;None;NO
36410;99.904594;1.29486;ecl;On;On;Receiver;Off;61.78174;76.260414;0.0022944445;None;NO
36420;99.89267;1.29516;ecl;On;On;Receiver;Off;60.330696;75.74959;0.0022944445;None;NO
36430;99.880745;1.29546;ecl;On;On;Receiver;Off;58.97491;75.23048;0.0022944445;None;NO
36440;99.86882;1.29576;ecl;On;On;Receiver;Off;57.706005;74.70393;0.0022944445;None;NO
36450;99.856895;1.29606;ecl;On;On;Receiver;Off;56.516403;74.17069;0.0022944445;None;NO
36460;99.84497;1.29636;ecl;On;On;Receiver;Off;55.399254;73.63141;0.0022944445;None;NO
36470;99.833046;1.29666;ecl;On;On;Receiver;Off;54.348362;73.08666;0.0022944445;None;NO
36480;99.82112;1.29696;ecl;On;On;Receiver;Off;53.358143;72.53697;0.0022944445;None;NO
36490;99.8092;1.29726;ecl;On;On;Receiver;Off;52.42356;71.98277;0.0022944445;None;NO
36500;99.79727;1.29756;ecl;On;On;Receiver;Off;51.540062;71.42449;0.0022944445;None;NO
36510;99.78534;1.29786;ecl;On;On;Receiver;Off;50.70354;70.862465;0.0022944445;None;NO
36520;99.773415;1.29816;ecl;On;On;Receiver;Off;49.910275;70.29703;0.0022944445;None;NO
36530;99.76149;1.29846;ecl;On;On;Receiver;Off;49.156906;69.728455;0.0022944445;None;NO
36540;99.749565;1.29876;ecl;On;On;Receiver;Off;48.440388;69.15701;0.0022944445;None;NO
36550;99.73764;1.29906;ecl;On;On;Receiver;Off;47.757957;68.582924;0.0022944445;None;NO
36560;99.725716;1.29936;ecl;On;On;Receiver;Off;47.1071;68.0064;0.0022944445;None;NO
36570;99.71379;1.29966;ecl;On;On;Receiver;Off;46.485542;67.427635;0.0022944445;None;NO
36580;99.701866;1.29996;ecl;On;On;Receiver;Off;45.891193;66.84678;0.0022944445;None;NO
36590;99.68994;1.30026;ecl;On;On;Receiver;Off;45.32216;66.26401;0.0022944445;None;NO
36600;99.67802;1.30056;ecl;On;On;Receiver;Off;44.77671;65.67944;0.0022944445;None;NO
36610;99.66609;1.30086;ecl;On;On;Receiver;Off;44.253258;65.093216;0.0022944445;None;NO
36620;99.65417;1.30116;ecl;On;On;Receiver;Off;43.75035;64.50544;0.0022944445;None;NO
36630;99.642235;1.30146;ecl;On;On;Receiver;Off;43.266655;63.916225;0.0022944445;None;NO
36640;99.63031;1.30176;ecl;On;On;Receiver;Off;42.80095;63.325665;0.0022944445;None;NO
36650;99.618385;1.30206;ecl;On;On;Receiver;Off;42.352104;62.73385;0.0022944445;None;NO
36660;99.60646;1.30236;ecl;On;On;Receiver;Off;41.919086;62.14085;0.0022944445;None;NO
36670;99.594536;1.30266;ecl;On;On;Receiver;Off;41.50093;61.546753;0.0022944445;None;NO
36680;99.58261;1.30296;ecl;On;On;Receiver;Off;41.09676;60.95162;0.0022944445;None;NO
36690;99.57069;1.30326;ecl;On;On;Receiver;Off;40.70575;60.35551;0.0022944445;None;NO
36700;99.55876;1.30356;ecl;On;On;Receiver;Off;40.32715;59.758488;0.0022944445;None;NO
36710;99.54684;1.30386;ecl;On;On;Receiver;Off;39.96025;59.160606;0.0022944445;None;NO
36720;99.53491;1.30416;ecl;On;On;Receiver;Off;39.604404;58.56191;0.0022944445;None;NO
36730;99.52299;1.30446;ecl;On;On;Receiver;Off;39.259007;57.962452;0.0022944445;None;NO
36740;99.51106;1.30476;ecl;On;On;Receiver;Off;38.923485;57.362267;0.0022944445;None;NO
36750;99.49913;1.30506;ecl;On;On;Receiver;Off;38.59732;56.7614;0.0022944445;None;NO
36760;99.487206;1.30536;ecl;On;On;Receiver;Off;38.28002;56.159885;0.0022944445;None;NO
36770;99.47528;1.30566;ecl;On;On;Receiver;Off;37.97113;55.55776;0.0022944445;None;NO
36780;99.463356;1.30596;ecl;On;On;Receiver;Off;37.67022;54.95505;0.0022944445;None;NO
36790;99.45143;1.30626;ecl;On;On;Receiver;Off;37.376884;54.351795;0.0022944445;None;NO
36800;99.43951;1.30656;ecl;On;On;Receiver;Off;37.090755;53.748016;0.0022944445;None;NO
36810;99.42758;1.30686;ecl;On;On;Receiver;Off;36.81148;53.143738;0.0022944445;None;NO
36820;99.41566;1.30716;ecl;On;On;Receiver;Off;36.538727;52.53899;0.0022944445;None;NO
36830;99.40373;1.30746;ecl;On;On;Receiver;Off;36.272182;51.933792;0.0022944445;None;NO
36840;99.39181;1.30776;ecl;On;On;Receiver;Off;36.011562;51.328163;0.0022944445;None;NO
36850;99.37988;1.30806;ecl;On;On;Receiver;Off;35.756588;50.72213;0.0022944445;None;NO
36860;99.36796;1.30836;ecl;On;On;Receiver;Off;35.507004;50.11571;0.0022944445;None;NO
36870;99.356026;1.30866;ecl;On;On;Receiver;Off;35.262566;49.50892;0.0022944445;None;NO
36880;99.3441;1.30896;ecl;On;On;Receiver;Off;35.02304;48.90177;0.0022944445;None;NO
36890;99.33218;1.30926;ecl;On;On;Receiver;Off;34.78821;48.29429;0.0022944445;None;NO
36900;99.32025;1.30956;ecl;On;On;Receiver;Off;34.55788;47.68648;0.0022944445;None;NO
36910;99.30833;1.30986;ecl;On;On;Receiver;Off;34.331844;47.078365;0.0022944445;None;NO
36920;99.2964;1.31016;ecl;On;On;Receiver;Off;34.10993;46.469955;0.0022944445;None;NO
36930;99.28448;1.31046;ecl;On;On;Receiver;Off;33.891953;45.861263;0.0022944445;None;NO
36940;99.27255;1.31076;ecl;On;On;Receiver;Off;33.677753;45.2523;0.0022944445;None;NO
36950;99.26063;1.31106;ecl;On;On;Receiver;Off;33.467175;44.643078;0.0022944445;None;NO
36960;99.2487;1.31136;ecl;On;On;Receiver;Off;33.260067;44.033604;0.0022944445;None;NO
36970;99.23678;1.31166;ecl;On;On;Receiver;Off;33.056293;43.423897;0.0022944445;None;NO
36980;99.22485;1.31196;ecl;On;On;Receiver;Off;32.855717;42.813957;0.0022944445;None;NO
36990;99.21292;1.31226;ecl;On;On;Receiver;Off;32.658207;42.2038;0.0022944445;None;NO
37000;99.201;1.31256;ecl;On;On;Receiver;Off;32.463646;41.593433;0.0022944445;None;NO
37010;99.18907;1.31286;ecl;On;On;Receiver;Off;32.27192;40.982864;0.0022944445;None;NO
37020;99.17715;1.31316;ecl;On;On;Receiver;Off;32.082912;40.3721;0.0022944445;None;NO
37030;99.16522;1.31346;ecl;On;On;Receiver;Off;31.896524;39.76115;0.0022944445;None;NO
37040;99.1533;1.31376;ecl;On;On;Receiver;Off;31.712652;39.15002;0.0022944445;None;NO
37050;99.14137;1.31406;ecl;On;On;Receiver;Off;31.531199;38.53872;0.0022944445;None;NO
37060;99.12945;1.31436;ecl;On;On;Receiver;Off;31.352076;37.927254;0.0022944445;None;NO
37070;99.11752;1.31466;ecl;On;On;Receiver;Off;31.175192;37.315624;0.0022944445;None;NO
37080;99.1056;1.31496;ecl;On;On;Receiver;Off;31.000467;36.703846;0.0022944445;None;NO
37090;99.09367;1.31526;ecl;On;On;Receiver;Off;30.827818;36.09192;0.0022944445;None;NO
37100;99.08175;1.31556;ecl;On;On;Receiver;Off;30.657167;35.479847;0.0022944445;None;NO
37110;99.06982;1.31586;ecl;On;On;Receiver;Off;30.488445;34.86764;0.0022944445;None;NO
37120;99.05789;1.31616;ecl;On;On;Receiver;Off;30.321575;34.255302;0.0022944445;None;NO
37130;99.04597;1.31646;ecl;On;On;Receiver;Off;30.156494;33.642838;0.0022944445;None;NO
37140;99.03404;1.31676;ecl;On;On;Receiver;Off;29.993135;33.030247;0.0022944445;None;NO
37150;99.02212;1.31706;ecl;On;On;Receiver;Off;29.831434;32.41754;0.0022944445;None;NO
37160;99.01019;1.31736;ecl;On;On;Receiver;Off;29.671333;31.804724;0.0022944445;None;NO
37170;98.99827;1.31766;ecl;On;On;Receiver;Off;29.512772;31.191795;0.0022944445;None;NO
37180;98.98634;1.31796;ecl;On;On;Receiver;Off;29.355696;30.57876;0.0022944445;None;NO
37190;98.97442;1.31826;ecl;On;On;Receiver;Off;29.20005;29.965626;0.0022944445;None;NO
37200;98.962494;1.31856;ecl;On;On;Receiver;Off;29.045786;29.352392;0.0022944445;None;NO
37210;98.95057;1.31886;ecl;On;On;Receiver;Off;28.892849;28.739065;0.0022944445;None;NO
37220;98.93864;1.31916;ecl;On;On;Receiver;Off;28.741194;28.125647;0.0022944445;None;NO
37230;98.92671;1.31946;ecl;On;On;Receiver;Off;28.59077;27.512142;0.0022944445;None;NO
37240;98.91479;1.31976;ecl;On;On;Receiver;Off;28.44154;26.898552;0.0022944445;None;NO
37250;98.90286;1.32006;ecl;On;On;Receiver;Off;28.293453;26.284882;0.0022944445;None;NO
37260;98.89094;1.32036;ecl;On;On;Receiver;Off;28.146471;25.671131;0.0022944445;None;NO
37270;98.87901;1.32066;ecl;On;On;Receiver;Off;28.000551;25.057306;0.0022944445;None;NO
37280;98.86709;1.32096;ecl;On;On;Receiver;Off;27.855656;24.443409;0.0022944445;None;NO
37290;98.85516;1.32126;ecl;On;On;Receiver;Off;27.711744;23.829443;0.0022944445;None;NO
37300;98.84324;1.32156;ecl;On;On;Receiver;Off;27.56878;23.215408;0.0022944445;None;NO
37310;98.831314;1.32186;ecl;On;On;Receiver;Off;27.426731;22.601309;0.0022944445;None;NO
37320;98.81939;1.32216;ecl;On;On;Receiver;Off;27.285557;21.987148;0.0022944445;None;NO
37330;98.807465;1.32246;ecl;On;On;Receiver;Off;27.145227;21.372927;0.0022944445;None;NO
37340;98.79553;1.32276;ecl;On;On;Receiver;Off;27.005709;20.75865;0.0022944445;None;NO
37350;98.78361;1.32306;ecl;On;On;Receiver;Off;26.866966;20.144316;0.0022944445;None;NO
37360;98.77168;1.32336;ecl;On;On;Receiver;Off;26.728971;19.52993;0.0022944445;None;NO
37370;98.75976;1.32366;ecl;On;On;Receiver;Off;26.591694;18.915491;0.0022944445;None;NO
37380;98.74783;1.32396;ecl;On;On;Receiver;Off;26.455103;18.301006;0.0022944445;None;NO
37390;98.73591;1.32426;ecl;On;On;Receiver;Off;26.319172;17.686474;0.0022944445;None;NO
37400;98.72398;1.32456;ecl;On;On;Receiver;Off;26.183868;17.071896;0.0022944445;None;NO
37410;98.71206;1.32486;ecl;On;On;Receiver;Off;26.049168;16.457275;0.0022944445;None;NO
37420;98.700134;1.32516;ecl;On;On;Receiver;Off;25.915043;15.842614;0.0022944445;None;NO
37430;98.68821;1.32546;ecl;On;On;Receiver;Off;25.781466;15.227914;0.0022944445;None;NO
37440;98.676285;1.32576;ecl;On;On;Receiver;Off;25.648413;14.613176;0.0022944445;None;NO
37450;98.66436;1.32606;ecl;On;On;Receiver;Off;25.515858;13.998404;0.0022944445;None;NO
37460;98.65243;1.32636;ecl;On;On;Receiver;Off;25.383776;13.383597;0.0022944445;None;NO
37470;98.6405;1.32666;ecl;On;On;Receiver;Off;25.252142;12.768759;0.0022944445;None;NO
37480;98.62858;1.32696;ecl;On;On;Receiver;Off;25.120934;12.15389;0.0022944445;None;NO
37490;98.61665;1.32726;ecl;On;On;Receiver;Off;24.990128;11.538992;0.0022944445;None;NO
37500;98.60473;1.32756;ecl;On;On;Receiver;Off;24.8597;10.9240675;0.0022944445;None;NO
37510;98.592804;1.32786;ecl;On;On;Receiver;Off;24.729626;10.309117;0.0022944445;None;NO
37520;98.58088;1.32816;ecl;On;On;Receiver;Off;24.599888;9.694143;0.0022944445;None;NO
37530;98.568954;1.32846;ecl;On;On;Receiver;Off;24.470459;9.079146;0.0022944445;None;NO
37540;98.55703;1.32876;ecl;On;On;Receiver;Off;24.341322;8.464129;0.0022944445;None;NO
37550;98.545105;1.32906;ecl;On;On;Receiver;Off;24.212452;7.8490925;0.0022944445;None;NO
37560;98.53318;1.32936;ecl;On;On;Receiver;Off;24.083828;7.234038;0.0022944445;None;NO
37570;98.521255;1.32966;ecl;On;On;Receiver;Off;23.955433;6.618967;0.0022944445;None;NO
37580;98.50932;1.32996;ecl;On;On;Receiver;Off;23.82724;6.003881;0.0022944445;None;NO
37590;98.4974;1.33026;ecl;On;On;Receiver;Off;23.699234;5.3887815;0.0022944445;None;NO
37600;98.48547;1.33056;ecl;On;On;Receiver;Off;23.57139;4.7736697;0.0022944445;None;NO
37610;98.47355;1.33086;ecl;On;On;Receiver;Off;23.443693;4.1585474;0.0022944445;None;NO
37620;98.461624;1.33116;ecl;On;On;Receiver;Off;23.316118;3.5434158;0.0022944445;None;NO
37630;98.4497;1.33146;ecl;On;On;Receiver;Off;23.188646;2.928276;0.0022944445;None;NO
37640;98.437775;1.33176;ecl;On;On;Receiver;Off;23.06126;2.31313;0.0022944445;None;NO
37650;98.42585;1.33206;ecl;On;On;Receiver;Off;22.933937;1.6979787;0.0022944445;None;NO
37660;98.413925;1.33236;ecl;On;On;Receiver;Off;22.80666;1.0828238;0.0022944445;None;NO
37670;98.402;1.33266;ecl;On;On;Receiver;Off;22.679405;0.46766633;0.0022944445;None;NO
37680;98.390076;1.33296;ecl;On;On;Receiver;Off;22.552156;-0.14749216;0.0022944445;None;NO
37690;98.37815;1.33326;ecl;On;On;Receiver;Off;22.424892;-0.7626503;0.0022944445;None;NO
37700;98.36622;1.33356;ecl;On;On;Receiver;Off;22.297596;-1.3778068;0.0022944445;None;NO
37710;98.354294;1.33386;ecl;On;On;Receiver;Off;22.170242;-1.9929601;0.0022944445;None;NO
37720;98.34237;1.33416;ecl;On;On;Receiver;Off;22.042816;-2.608109;0.0022944445;None;NO
37730;98.330444;1.33446;ecl;On;On;Receiver;Off;21.915297;-3.2232523;0.0022944445;None;NO
37740;98.31852;1.33476;ecl;On;On;Receiver;Off;21.787663;-3.8383882;0.0022944445;None;NO
37750;98.306595;1.33506;ecl;On;On;Receiver;Off;21.659895;-4.4535155;0.0022944445;None;NO
37760;98.29467;1.33536;ecl;On;On;Receiver;Off;21.531973;-5.068633;0.0022944445;None;NO
37770;98.282745;1.33566;ecl;On;On;Receiver;Off;21.403875;-5.6837387;0.0022944445;None;NO
37780;98.27082;1.33596;ecl;On;On;Receiver;Off;21.275585;-6.298832;0.0022944445;None;NO
37790;98.258896;1.33626;ecl;On;On;Receiver;Off;21.147078;-6.9139113;0.0022944445;None;NO
37800;98.24697;1.33656;ecl;On;On;Receiver;Off;21.018333;-7.5289745;0.0022944445;None;NO
37810;98.23505;1.33686;ecl;On;On;Receiver;Off;20.889334;-8.144021;0.0022944445;None;NO
37820;98.223114;1.33716;ecl;On;On;Receiver;Off;20.760054;-8.759048;0.0022944445;None;NO
37830;98.21119;1.33746;ecl;On;On;Receiver;Off;20.630474;-9.374056;0.0022944445;None;NO
37840;98.199265;1.33776;ecl;On;On;Receiver;Off;20.50057;-9.989041;0.0022944445;None;NO
37850;98.18734;1.33806;ecl;On;On;Receiver;Off;20.370323;-10.604005;0.0022944445;None;NO
37860;98.175415;1.33836;ecl;On;On;Receiver;Off;20.23971;-11.218943;0.0022944445;None;NO
37870;98.16349;1.33866;ecl;On;On;Receiver;Off;20.108706;-11.833855;0.0022944445;None;NO
37880;98.151566;1.33896;ecl;On;On;Receiver;Off;19.977287;-12.448739;0.0022944445;None;NO
37890;98.13964;1.33926;ecl;On;On;Receiver;Off;19.845434;-13.063593;0.0022944445;None;NO
37900;98.127716;1.33956;ecl;On;On;Receiver;Off;19.713118;-13.678417;0.0022944445;None;NO
37910;98.11579;1.33986;ecl;On;On;Receiver;Off;19.580318;-14.293207;0.0022944445;None;NO
37920;98.10387;1.34016;ecl;On;On;Receiver;Off;19.447006;-14.907964;0.0022944445;None;NO
37930;98.09194;1.34046;ecl;On;On;Receiver;Off;19.31316;-15.522683;0.0022944445;None;NO
37940;98.08001;1.34076;ecl;On;On;Receiver;Off;19.178751;-16.137365;0.0022944445;None;NO
37950;98.068085;1.34106;ecl;On;On;Receiver;Off;19.043755;-16.752007;0.0022944445;None;NO
37960;98.05616;1.34136;ecl;On;On;Receiver;Off;18.90814;-17.366608;0.0022944445;None;NO
37970;98.044235;1.34166;ecl;On;On;Receiver;Off;18.771883;-17.981163;0.0022944445;None;NO
37980;98.03231;1.34196;ecl;On;On;Receiver;Off;18.634953;-18.595675;0.0022944445;None;NO
37990;98.020386;1.34226;ecl;On;On;Receiver;Off;18.497322;-19.210136;0.0022944445;None;NO
38000;98.00846;1.34256;ecl;On;On;Receiver;Off;18.35896;-19.82455;0.0022944445;None;NO
38010;97.99654;1.34286;ecl;On;On;Receiver;Off;18.219833;-20.438911;0.0022944445;None;NO
38020;97.98461;1.34316;ecl;On;On;Receiver;Off;18.079914;-21.053219;0.0022944445;None;NO
38030;97.97269;1.34346;ecl;On;On;Receiver;Off;17.939167;-21.667469;0.0022944445;None;NO
38040;97.96076;1.34376;ecl;On;On;Receiver;Off;17.79756;-22.281662;0.0022944445;None;NO
38050;97.94883;1.34406;ecl;On;On;Receiver;Off;17.65506;-22.895794;0.0022944445;None;NO
38060;97.936905;1.34436;ecl;On;On;Receiver;Off;17.511627;-23.509861;0.0022944445;None;NO
38070;97.92498;1.34466;ecl;On;On;Receiver;Off;17.36723;-24.123863;0.0022944445;None;NO
38080;97.913055;1.34496;ecl;On;On;Receiver;Off;17.221828;-24.737799;0.0022944445;None;NO
38090;97.90113;1.34526;ecl;On;On;Receiver;Off;17.075384;-25.35166;0.0022944445;None;NO
38100;97.889206;1.34556;ecl;On;On;Receiver;Off;16.927855;-25.96545;0.0022944445;None;NO
38110;97.87728;1.34586;ecl;On;On;Receiver;Off;16.779203;-26.579163;0.0022944445;None;NO
38120;97.86536;1.34616;ecl;On;On;Receiver;Off;16.629383;-27.192795;0.0022944445;None;NO
38130;97.85343;1.34646;ecl;On;On;Receiver;Off;16.478352;-27.806345;0.0022944445;None;NO
38140;97.84151;1.34676;ecl;On;On;Receiver;Off;16.326063;-28.419807;0.0022944445;None;NO
38150;97.82958;1.34706;ecl;On;On;Receiver;Off;16.17247;-29.033184;0.0022944445;None;NO
38160;97.81766;1.34736;ecl;On;On;Receiver;Off;16.017523;-29.646465;0.0022944445;None;NO
38170;97.805725;1.34766;ecl;On;On;Receiver;Off;15.86117;-30.259653;0.0022944445;None;NO
38180;97.7938;1.34796;ecl;On;On;Receiver;Off;15.703361;-30.87274;0.0022944445;None;NO
38190;97.781876;1.34826;ecl;On;On;Receiver;Off;15.544038;-31.485723;0.0022944445;None;NO
38200;97.76995;1.34856;ecl;On;On;Receiver;Off;15.383146;-32.0986;0.0022944445;None;NO
38210;97.758026;1.34886;ecl;On;On;Receiver;Off;15.220626;-32.711365;0.0022944445;None;NO
38220;97.7461;1.34916;ecl;On;On;Receiver;Off;15.056416;-33.324013;0.0022944445;None;NO
38230;97.73418;1.34946;ecl;On;On;Receiver;Off;14.8904505;-33.936543;0.0022944445;None;NO
38240;97.72225;1.34976;ecl;On;On;Receiver;Off;14.722666;-34.54895;0.0022944445;None;NO
38250;97.71033;1.35006;ecl;On;On;Receiver;Off;14.55299;-35.161224;0.0022944445;None;NO
38260;97.6984;1.35036;ecl;On;On;Receiver;Off;14.381352;-35.77337;0.0022944445;None;NO
38270;97.68648;1.35066;ecl;On;On;Receiver;Off;14.207678;-36.385372;0.0022944445;None;NO
38280;97.67455;1.35096;ecl;On;On;Receiver;Off;14.031886;-36.997227;0.0022944445;None;NO
38290;97.71604;1.35126;sun;On;On;Receiver;Off;13.853896;-37.608936;0.0022944445;None;NO
38300;97.75754;1.35156;sun;On;On;Receiver;Off;13.673622;-38.220486;0.0022944445;None;NO
38310;97.79903;1.35186;sun;On;On;Receiver;Off;13.490973;-38.831875;0.0022944445;None;NO
38320;97.84052;1.35216;sun;On;On;Receiver;Off;13.305858;-39.443096;0.0022944445;None;NO
38330;97.88202;1.35246;sun;On;On;Receiver;Off;13.118176;-40.05414;0.0022944445;None;NO
38340;97.92351;1.35276;sun;On;On;Receiver;Off;12.927826;-40.665;0.0022944445;None;NO
38350;97.965004;1.35306;sun;On;On;Receiver;Off;12.734699;-41.275673;0.0022944445;None;NO
38360;98.0065;1.35336;sun;On;On;Receiver;Off;12.538683;-41.886147;0.0022944445;None;NO
38370;98.04799;1.35366;sun;On;On;Receiver;Off;12.33966;-42.496414;0.0022944445;None;NO
38380;98.089485;1.35396;sun;On;On;Receiver;Off;12.137504;-43.10647;0.0022944445;None;NO
38390;98.130974;1.35426;sun;On;On;Receiver;Off;11.932084;-43.716297;0.0022944445;None;NO
38400;98.17247;1.35456;sun;On;On;Receiver;Off;11.723264;-44.325893;0.0022944445;None;NO
38410;98.21397;1.35486;sun;On;On;Receiver;Off;11.510899;-44.935246;0.0022944445;None;NO
38420;98.255455;1.35516;sun;On;On;Receiver;Off;11.294836;-45.544346;0.0022944445;None;NO
38430;98.29695;1.35546;sun;On;On;Receiver;Off;11.074914;-46.15318;0.0022944445;None;NO
38440;98.33845;1.35576;sun;On;On;Receiver;Off;10.8509655;-46.76174;0.0022944445;None;NO
38450;98.37994;1.35606;sun;On;On;Receiver;Off;10.62281;-47.37001;0.0022944445;None;NO
38460;98.42143;1.35636;sun;On;On;Receiver;Off;10.390261;-47.977978;0.0022944445;None;NO
38470;98.46292;1.35666;sun;On;On;Receiver;Off;10.153117;-48.585632;0.0022944445;None;NO
38480;98.50442;1.35696;sun;On;On;Receiver;Off;9.911168;-49.192955;0.0022944445;None;NO
38490;98.54591;1.35726;sun;On;On;Receiver;Off;9.664191;-49.799934;0.0022944445;None;NO
38500;98.5874;1.35756;sun;On;On;Receiver;Off;9.411949;-50.40655;0.0022944445;None;NO
38510;98.6289;1.35786;sun;On;On;Receiver;Off;9.154192;-51.01279;0.0022944445;None;NO
38520;98.670395;1.35816;sun;On;On;Receiver;Off;8.890653;-51.61863;0.0022944445;None;NO
38530;98.71188;1.35846;sun;On;On;Receiver;Off;8.62105;-52.224052;0.0022944445;None;NO
38540;98.75338;1.35876;sun;On;On;Receiver;Off;8.345082;-52.82904;0.0022944445;None;NO
38550;98.79487;1.35906;sun;On;On;Receiver;Off;8.062429;-53.433563;0.0022944445;None;NO
38560;98.836365;1.35936;sun;On;On;Receiver;Off;7.7727523;-54.037605;0.0022944445;None;NO
38570;98.87786;1.35966;sun;On;On;Receiver;Off;7.4756866;-54.64114;0.0022944445;None;NO
38580;98.91935;1.35996;sun;On;On;Receiver;Off;7.170846;-55.244137;0.0022944445;None;NO
38590;98.960846;1.36026;sun;On;On;Receiver;Off;6.8578157;-55.84657;0.0022944445;None;NO
38600;99.00234;1.36056;sun;On;On;Receiver;Off;6.536154;-56.448406;0.0022944445;None;NO
38610;99.04383;1.36086;sun;On;On;Receiver;Off;6.2053866;-57.049614;0.0022944445;None;NO
38620;99.08533;1.36116;sun;On;On;Receiver;Off;5.865006;-57.650158;0.0022944445;None;NO
38630;99.126816;1.36146;sun;On;On;Receiver;Off;5.514468;-58.25;0.0022944445;None;NO
38640;99.16831;1.36176;sun;On;On;Receiver;Off;5.1531878;-58.8491;0.0022944445;None;NO
38650;99.20981;1.36206;sun;On;On;Receiver;Off;4.7805367;-59.44741;0.0022944445;None;NO
38660;99.2513;1.36236;sun;On;On;Receiver;Off;4.395838;-60.044888;0.0022944445;None;NO
38670;99.29279;1.36266;sun;On;On;Receiver;Off;3.9983613;-60.641476;0.0022944445;None;NO
38680;99.33429;1.36296;sun;On;On;Receiver;Off;3.587321;-61.237125;0.0022944445;None;NO
38690;99.37578;1.36326;sun;On;On;Receiver;Off;3.161866;-61.83177;0.0022944445;None;NO
38700;99.417274;1.36356;sun;On;On;Receiver;Off;2.7210765;-62.42535;0.0022944445;None;NO
38710;99.45876;1.36386;sun;On;On;Receiver;Off;2.2639558;-63.01779;0.0022944445;None;NO
38720;99.50026;1.36416;sun;On;On;Receiver;Off;1.7894232;-63.609016;0.0022944445;None;NO
38730;99.541756;1.36446;sun;On;On;Receiver;Off;1.2963047;-64.198944;0.0022944445;None;NO
38740;99.583244;1.36476;sun;On;On;Receiver;Off;0.783323;-64.78748;0.0022944445;None;NO
38750;99.62474;1.36506;sun;On;On;Receiver;Off;0.2490875;-65.37453;0.0022944445;None;NO
38760;99.66624;1.36536;sun;On;On;Receiver;Off;-0.30791903;-65.95997;0.0022944445;None;NO
38770;99.707726;1.36566;sun;On;On;Receiver;Off;-0.88935363;-66.54369;0.0022944445;None;NO
38780;99.74922;1.36596;sun;On;On;Receiver;Off;-1.4970292;-67.125565;0.0022944445;None;NO
38790;99.79071;1.36626;sun;On;On;Receiver;Off;-2.1329312;-67.70544;0.0022944445;None;NO
38800;99.83221;1.36656;sun;On;On;Receiver;Off;-2.7992387;-68.28315;0.0022944445;None;NO
38810;99.8737;1.36686;sun;On;On;Receiver;Off;-3.4983444;-68.85853;0.0022944445;None;NO
38820;99.91519;1.36716;sun;On;On;Receiver;Off;-4.232882;-69.43137;0.0022944445;None;NO
38830;99.95669;1.36746;sun;On;On;Receiver;Off;-5.0057516;-70.00147;0.0022944445;None;NO
38840;99.988075;1.36776;sun;On;On;Receiver;Off;-5.8201537;-70.56857;0.0022944445;None;NO
38850;99.988075;1.36806;sun;On;On;Receiver;Off;-6.679621;-71.132416;0.0022944445;None;NO
38860;99.988075;1.36836;sun;On;On;Receiver;Off;-7.5880613;-71.69269;0.0022944445;None;NO
38870;99.988075;1.36866;sun;On;On;Receiver;Off;-8.549798;-72.24906;0.0022944445;None;NO
38880;99.988075;1.36896;sun;On;On;Receiver;Off;-9.569618;-72.80115;0.0022944445;None;NO
38890;99.988075;1.36926;sun;On;On;Receiver;Off;-10.652828;-73.34853;0.0022944445;None;NO
38900;99.988075;1.36956;sun;On;On;Receiver;Off;-11.805306;-73.890724;0.0022944445;None;NO
38910;99.988075;1.36986;sun;On;On;Receiver;Off;-13.0335655;-74.427185;0.0022944445;None;NO
38920;99.988075;1.37016;sun;On;On;Receiver;Off;-14.344814;-74.957306;0.0022944445;None;NO
38930;99.988075;1.37046;sun;On;On;Receiver;Off;-15.74702;-75.48038;0.0022944445;None;NO
38940;99.988075;1.37076;sun;On;On;Receiver;Off;-17.248962;-75.99563;0.0022944445;None;NO
38950;99.988075;1.37106;sun;On;On;Receiver;Off;-18.860292;-76.50215;0.0022944445;None;NO
38960;99.988075;1.37136;sun;On;On;Receiver;Off;-20.59155;-76.998924;0.0022944445;None;NO
38970;99.988075;1.37166;sun;On;On;Receiver;Off;-22.45417;-77.484795;0.0022944445;None;NO
38980;99.988075;1.37196;sun;On;On;Receiver;Off;-24.460432;-77.958435;0.0022944445;None;NO
38990;99.988075;1.37226;sun;On;On;Receiver;Off;-26.623344;-78.41835;0.0022944445;None;NO
39000;99.988075;1.37256;sun;On;On;Receiver;Off;-28.956425;-78.86283;0.0022944445;None;NO
39010;99.988075;1.37286;sun;On;On;Receiver;Off;-31.473335;-79.28996;0.0022944445;None;NO
39020;99.988075;1.37316;sun;On;On;Receiver;Off;-34.187363;-79.697586;0.0022944445;None;NO
39030;99.988075;1.37346;sun;On;On;Receiver;Off;-37.110638;-80.0833;0.0022944445;None;NO
39040;99.988075;1.37376;sun;On;On;Receiver;Off;-40.253136;-80.44443;0.0022944445;None;NO
39050;99.988075;1.37406;sun;On;On;Receiver;Off;-43.62136;-80.77811;0.0022944445;None;NO
39060;99.988075;1.37436;sun;On;On;Receiver;Off;-47.216846;-81.081245;0.0022944445;None;NO
39070;99.988075;1.37466;sun;On;On;Receiver;Off;-51.034485;-81.35063;0.0022944445;None;NO
39080;99.988075;1.37496;sun;On;On;Receiver;Off;-55.060963;-81.58302;0.0022944445;None;NO
39090;99.988075;1.37526;sun;On;On;Receiver;Off;-59.273563;-81.77528;0.0022944445;None;NO
39100;99.988075;1.37556;sun;On;On;Receiver;Off;-63.639713;-81.924545;0.0022944445;None;NO
39110;99.988075;1.37586;sun;On;On;Receiver;Off;-68.1176;-82.0284;0.0022944445;None;NO
39120;99.988075;1.37616;sun;On;On;Receiver;Off;-72.65804;-82.08505;0.0022944445;None;NO
39130;99.988075;1.37646;sun;On;On;Receiver;Off;-77.20746;-82.09348;0.0022944445;None;NO
39140;99.988075;1.37676;sun;On;On;Receiver;Off;-81.71163;-82.05355;0.0022944445;None;NO
39150;99.988075;1.37706;sun;On;On;Receiver;Off;-86.11956;-81.965965;0.0022944445;None;NO
39160;99.988075;1.37736;sun;On;On;Receiver;Off;-90.38673;-81.83227;0.0022944445;None;NO
39170;99.988075;1.37766;sun;On;On;Receiver;Off;-94.47741;-81.65467;0.0022944445;None;NO
39180;99.988075;1.37796;sun;On;On;Receiver;Off;-98.36564;-81.435905;0.0022944445;None;NO
39190;99.988075;1.37826;sun;On;On;Receiver;Off;-102.03512;-81.17904;0.0022944445;None;NO
39200;99.988075;1.37856;sun;On;On;Receiver;Off;-105.47821;-80.88728;0.0022944445;None;NO
39210;99.988075;1.37886;sun;On;On;Receiver;Off;-108.694435;-80.56388;0.0022944445;None;NO
39220;99.988075;1.37916;sun;On;On;Receiver;Off;-111.68885;-80.21197;0.0022944445;None;NO
39230;99.988075;1.37946;sun;On;On;Receiver;Off;-114.470436;-79.8345;0.0022944445;None;NO
39240;99.988075;1.37976;sun;On;On;Receiver;Off;-117.05075;-79.43423;0.0022944445;None;NO
39250;99.988075;1.38006;sun;On;On;Receiver;Off;-119.44279;-79.013626;0.0022944445;None;NO
39260;99.988075;1.38036;sun;On;On;Receiver;Off;-121.66016;-78.57496;0.0022944445;None;NO
39270;99.988075;1.38066;sun;On;On;Receiver;Off;-123.71647;-78.12021;0.0022944445;None;NO
39280;99.988075;1.38096;sun;On;On;Receiver;Off;-125.62494;-77.65117;0.0022944445;None;NO
39290;99.988075;1.38126;sun;On;On;Receiver;Off;-127.398094;-77.1694;0.0022944445;None;NO
39300;99.988075;1.38156;sun;On;On;Receiver;Off;-129.04765;-76.676285;0.0022944445;None;NO
39310;99.988075;1.38186;sun;On;On;Receiver;Off;-130.58447;-76.173035;0.0022944445;None;NO
39320;99.988075;1.38216;sun;On;On;Receiver;Off;-132.01846;-75.66071;0.0022944445;None;NO
39330;99.988075;1.38246;sun;On;On;Receiver;Off;-133.3587;-75.14027;0.0022944445;None;NO
39340;99.988075;1.38276;sun;On;On;Receiver;Off;-134.61343;-74.61252;0.0022944445;None;NO
39350;99.988075;1.38306;sun;On;On;Receiver;Off;-135.79008;-74.07819;0.0022944445;None;NO
39360;99.988075;1.38336;sun;On;On;Receiver;Off;-136.89539;-73.53793;0.0022944445;None;NO
39370;99.988075;1.38366;sun;On;On;Receiver;Off;-137.93546;-72.992294;0.0022944445;None;NO
39380;99.988075;1.38396;sun;On;On;Receiver;Off;-138.91574;-72.441795;0.0022944445;None;NO
39390;99.988075;1.38426;sun;On;On;Receiver;Off;-139.8412;-71.88687;0.0022944445;None;NO
39400;99.988075;1.38456;sun;On;On;Receiver;Off;-140.71632;-71.32791;0.0022944445;None;NO
39410;99.988075;1.38486;sun;On;On;Receiver;Off;-141.54515;-70.76528;0.0022944445;None;NO
39420;99.988075;1.38516;sun;On;On;Receiver;Off;-142.3313;-70.19928;0.0022944445;None;NO
39430;99.988075;1.38546;sun;On;On;Receiver;Off;-143.07811;-69.6302;0.0022944445;None;NO
39440;99.988075;1.38576;sun;On;On;Receiver;Off;-143.78857;-69.05829;0.0022944445;None;NO
39450;99.988075;1.38606;sun;On;On;Receiver;Off;-144.4654;-68.483765;0.0022944445;None;NO
39460;99.988075;1.38636;sun;On;On;Receiver;Off;-145.11104;-67.906845;0.0022944445;None;NO
39470;99.988075;1.38666;sun;On;On;Receiver;Off;-145.72777;-67.327705;0.0022944445;None;NO
39480;99.988075;1.38696;sun;On;On;Receiver;Off;-146.31763;-66.74651;0.0022944445;None;NO
39490;99.988075;1.38726;sun;On;On;Receiver;Off;-146.88248;-66.163414;0.0022944445;None;NO
39500;99.988075;1.38756;sun;On;On;Receiver;Off;-147.42403;-65.57855;0.0022944445;None;NO
39510;99.988075;1.38786;sun;On;On;Receiver;Off;-147.94383;-64.99206;0.0022944445;None;NO
39520;99.988075;1.38816;sun;On;On;Receiver;Off;-148.44334;-64.40402;0.0022944445;None;NO
39530;99.988075;1.38846;sun;On;On;Receiver;Off;-148.92386;-63.81457;0.0022944445;None;NO
39540;99.988075;1.38876;sun;On;On;Receiver;Off;-149.38658;-63.22379;0.0022944445;None;NO
39550;99.988075;1.38906;sun;On;On;Receiver;Off;-149.83263;-62.631763;0.0022944445;None;NO
39560;99.988075;1.38936;sun;On;On;Receiver;Off;-150.26302;-62.03857;0.0022944445;None;NO
39570;99.988075;1.38966;sun;On;On;Receiver;Off;-150.6787;-61.44429;0.0022944445;None;NO
39580;99.988075;1.38996;sun;On;On;Receiver;Off;-151.08055;-60.848984;0.0022944445;None;NO
39590;99.988075;1.39026;sun;On;On;Receiver;Off;-151.46938;-60.252712;0.0022944445;None;NO
39600;99.988075;1.39056;sun;On;On;Receiver;Off;-151.8459;-59.65554;0.0022944445;None;NO
39610;99.988075;1.39086;sun;On;On;Receiver;Off;-152.21085;-59.057514;0.0022944445;None;NO
39620;99.988075;1.39116;sun;On;On;Receiver;Off;-152.56485;-58.458683;0.0022944445;None;NO
39630;99.988075;1.39146;sun;On;On;Receiver;Off;-152.90852;-57.859097;0.0022944445;None;NO
39640;99.988075;1.39176;sun;On;On;Receiver;Off;-153.24239;-57.258793;0.0022944445;None;NO
39650;99.988075;1.39206;sun;On;On;Receiver;Off;-153.56699;-56.65781;0.0022944445;None;NO
39660;99.988075;1.39236;sun;On;On;Receiver;Off;-153.88281;-56.056187;0.0022944445;None;NO
39670;99.988075;1.39266;sun;On;On;Receiver;Off;-154.19029;-55.45396;0.0022944445;None;NO
39680;99.988075;1.39296;sun;On;On;Receiver;Off;-154.48987;-54.851154;0.0022944445;None;NO
39690;99.988075;1.39326;sun;On;On;Receiver;Off;-154.78194;-54.247807;0.0022944445;None;NO
39700;99.988075;1.39356;sun;On;On;Receiver;Off;-155.06686;-53.64394;0.0022944445;None;NO
39710;99.988075;1.39386;sun;On;On;Receiver;Off;-155.345;-53.039577;0.0022944445;None;NO
39720;99.988075;1.39416;sun;On;On;Receiver;Off;-155.61665;-52.43475;0.0022944445;None;NO
39730;99.988075;1.39446;sun;On;On;Receiver;Off;-155.88216;-51.82948;0.0022944445;None;NO
39740;99.988075;1.39476;sun;On;On;Receiver;Off;-156.14178;-51.22378;0.0022944445;None;NO
39750;99.988075;1.39506;sun;On;On;Receiver;Off;-156.39581;-50.61768;0.0022944445;None;NO
39760;99.988075;1.39536;sun;On;On;Receiver;Off;-156.6445;-50.011192;0.0022944445;None;NO
39770;99.988075;1.39566;sun;On;On;Receiver;Off;-156.88808;-49.40434;0.0022944445;None;NO
39780;99.988075;1.39596;sun;On;On;Receiver;Off;-157.12677;-48.79713;0.0022944445;None;NO
39790;99.988075;1.39626;sun;On;On;Receiver;Off;-157.36081;-48.18959;0.0022944445;None;NO
39800;99.988075;1.39656;sun;On;On;Receiver;Off;-157.5904;-47.58173;0.0022944445;None;NO
39810;99.988075;1.39686;sun;On;On;Receiver;Off;-157.8157;-46.973564;0.0022944445;None;NO
39820;99.988075;1.39716;sun;On;On;Receiver;Off;-158.03693;-46.365105;0.0022944445;None;NO
39830;99.988075;1.39746;sun;On;On;Receiver;Off;-158.25424;-45.756363;0.0022944445;None;NO
39840;99.988075;1.39776;sun;On;On;Receiver;Off;-158.4678;-45.147354;0.0022944445;None;NO
39850;99.988075;1.39806;sun;On;On;Receiver;Off;-158.67778;-44.53809;0.0022944445;None;NO
39860;99.988075;1.39836;sun;On;On;Receiver;Off;-158.8843;-43.928574;0.0022944445;None;NO
39870;99.988075;1.39866;sun;On;On;Receiver;Off;-159.08751;-43.318825;0.0022944445;None;NO
39880;99.988075;1.39896;sun;On;On;Receiver;Off;-159.28755;-42.70885;0.0022944445;None;NO
39890;99.988075;1.39926;sun;On;On;Receiver;Off;-159.48454;-42.098656;0.0022944445;None;NO
39900;99.988075;1.39956;sun;On;On;Receiver;Off;-159.6786;-41.488255;0.0022944445;None;NO
39910;99.988075;1.39986;sun;On;On;Receiver;Off;-159.86986;-40.87765;0.0022944445;None;NO
39920;99.988075;1.40016;sun;On;On;Receiver;Off;-160.05841;-40.266853;0.0022944445;None;NO
39930;99.988075;1.40046;sun;On;On;Receiver;Off;-160.24435;-39.655872;0.0022944445;None;NO
39940;99.988075;1.40076;sun;On;On;Receiver;Off;-160.42781;-39.044712;0.0022944445;None;NO
39950;99.988075;1.40106;sun;On;On;Receiver;Off;-160.60886;-38.433384;0.0022944445;None;NO
39960;99.988075;1.40136;sun;On;On;Receiver;Off;-160.78758;-37.821888;0.0022944445;None;NO
39970;99.988075;1.40166;sun;On;On;Receiver;Off;-160.96408;-37.21023;0.0022944445;None;NO
39980;99.988075;1.40196;sun;On;On;Receiver;Off;-161.13844;-36.598427;0.0022944445;None;NO
39990;99.988075;1.40226;sun;On;On;Receiver;Off;-161.31075;-35.986473;0.0022944445;None;NO
40000;99.988075;1.40256;sun;On;On;Receiver;Off;-161.48106;-35.37438;0.0022944445;None;NO
40010;99.988075;1.40286;sun;On;On;Receiver;Off;-161.64946;-34.76215;0.0022944445;None;NO
40020;99.988075;1.40316;sun;On;On;Receiver;Off;-161.81601;-34.149788;0.0022944445;None;NO
40030;99.988075;1.40346;sun;On;On;Receiver;Off;-161.9808;-33.5373;0.0022944445;None;NO
40040;99.988075;1.40376;sun;On;On;Receiver;Off;-162.14386;-32.924694;0.0022944445;None;NO
40050;99.988075;1.40406;sun;On;On;Receiver;Off;-162.30528;-32.31197;0.0022944445;None;NO
40060;99.988075;1.40436;sun;On;On;Receiver;Off;-162.46512;-31.69913;0.0022944445;None;NO
40070;99.988075;1.40466;sun;On;On;Receiver;Off;-162.62341;-31.086184;0.0022944445;None;NO
40080;99.988075;1.40496;sun;On;On;Receiver;Off;-162.78024;-30.473131;0.0022944445;None;NO
40090;99.988075;1.40526;sun;On;On;Receiver;Off;-162.93565;-29.85998;0.0022944445;None;NO
40100;99.988075;1.40556;sun;On;On;Receiver;Off;-163.08968;-29.246729;0.0022944445;None;NO
40110;99.988075;1.40586;sun;On;On;Receiver;Off;-163.2424;-28.633387;0.0022944445;None;NO
40120;99.988075;1.40616;sun;On;On;Receiver;Off;-163.39383;-28.019953;0.0022944445;None;NO
40130;99.988075;1.40646;sun;On;On;Receiver;Off;-163.54405;-27.406433;0.0022944445;None;NO
40140;99.988075;1.40676;sun;On;On;Receiver;Off;-163.69308;-26.792828;0.0022944445;None;NO
40150;99.988075;1.40706;sun;On;On;Receiver;Off;-163.84097;-26.179144;0.0022944445;None;NO
40160;99.988075;1.40736;sun;On;On;Receiver;Off;-163.98776;-25.565382;0.0022944445;None;NO
40170;99.988075;1.40766;sun;On;On;Receiver;Off;-164.13351;-24.951544;0.0022944445;None;NO
40180;99.988075;1.40796;sun;On;On;Receiver;Off;-164.27823;-24.337635;0.0022944445;None;NO
40190;99.988075;1.40826;sun;On;On;Receiver;Off;-164.42198;-23.723656;0.0022944445;None;NO
40200;99.988075;1.40856;sun;On;On;Receiver;Off;-164.56479;-23.10961;0.0022944445;None;NO
40210;99.988075;1.40886;sun;On;On;Receiver;Off;-164.70668;-22.4955;0.0022944445;None;NO
40220;99.988075;1.40916;sun;On;On;Receiver;Off;-164.8477;-21.881329;0.0022944445;None;NO
40230;99.988075;1.40946;sun;On;On;Receiver;Off;-164.9879;-21.267097;0.0022944445;None;NO
40240;99.988075;1.40976;sun;On;On;Receiver;Off;-165.12727;-20.65281;0.0022944445;None;NO
40250;99.988075;1.41006;sun;On;On;Receiver;Off;-165.26588;-20.038467;0.0022944445;None;NO
40260;99.988075;1.41036;sun;On;On;Receiver;Off;-165.40376;-19.424072;0.0022944445;None;NO
40270;99.988075;1.41066;sun;On;On;Receiver;Off;-165.54091;-18.809626;0.0022944445;None;NO
40280;99.988075;1.41096;sun;On;On;Receiver;Off;-165.67738;-18.195131;0.0022944445;None;NO
40290;99.988075;1.41126;sun;On;On;Receiver;Off;-165.81322;-17.580591;0.0022944445;None;NO
40300;99.988075;1.41156;sun;On;On;Receiver;Off;-165.94841;-16.966005;0.0022944445;None;NO
40310;99.988075;1.41186;sun;On;On;Receiver;Off;-166.08301;-16.35138;0.0022944445;None;NO
40320;99.988075;1.41216;sun;On;On;Receiver;Off;-166.21704;-15.736711;0.0022944445;None;NO
40330;99.988075;1.41246;sun;On;On;Receiver;Off;-166.35052;-15.122004;0.0022944445;None;NO
40340;99.988075;1.41276;sun;On;On;Receiver;Off;-166.48349;-14.50726;0.0022944445;None;NO
40350;99.988075;1.41306;sun;On;On;Receiver;Off;-166.61595;-13.892482;0.0022944445;None;NO
40360;99.988075;1.41336;sun;On;On;Receiver;Off;-166.74796;-13.277669;0.0022944445;None;NO
40370;99.988075;1.41366;sun;On;On;Receiver;Off;-166.87952;-12.662826;0.0022944445;None;NO
40380;99.988075;1.41396;sun;On;On;Receiver;Off;-167.01065;-12.047951;0.0022944445;None;NO
40390;99.988075;1.41426;sun;On;On;Receiver;Off;-167.1414;-11.433049;0.0022944445;None;NO
40400;99.988075;1.41456;sun;On;On;Receiver;Off;-167.27176;-10.81812;0.0022944445;None;NO
40410;99.988075;1.41486;sun;On;On;Receiver;Off;-167.40178;-10.203165;0.0022944445;None;NO
40420;99.988075;1.41516;sun;On;On;Receiver;Off;-167.53146;-9.588187;0.0022944445;None;NO
40430;99.988075;1.41546;sun;On;On;Receiver;Off;-167.66083;-8.9731865;0.0022944445;None;NO
40440;99.988075;1.41576;sun;On;On;Receiver;Off;-167.78993;-8.358166;0.0022944445;None;NO
40450;99.988075;1.41606;sun;On;On;Receiver;Off;-167.91875;-7.7431264;0.0022944445;None;NO
40460;99.988075;1.41636;sun;On;On;Receiver;Off;-168.04733;-7.128069;0.0022944445;None;NO
40470;99.988075;1.41666;sun;On;On;Receiver;Off;-168.17569;-6.5129952;0.0022944445;None;NO
40480;99.988075;1.41696;sun;On;On;Receiver;Off;-168.30385;-5.897907;0.0022944445;None;NO
40490;99.988075;1.41726;sun;On;On;Receiver;Off;-168.43182;-5.282805;0.0022944445;None;NO
40500;99.988075;1.41756;sun;On;On;Receiver;Off;-168.55965;-4.667691;0.0022944445;None;NO
40510;99.988075;1.41786;sun;On;On;Receiver;Off;-168.68732;-4.0525675;0.0022944445;None;NO
40520;99.988075;1.41816;sun;On;On;Receiver;Off;-168.81488;-3.4374342;0.0022944445;None;NO
40530;99.988075;1.41846;sun;On;On;Receiver;Off;-168.94234;-2.8222933;0.0022944445;None;NO
40540;99.988075;1.41876;sun;On;On;Receiver;Off;-169.0697;-2.2071462;0.0022944445;None;NO
40550;99.988075;1.41906;sun;On;On;Receiver;Off;-169.19702;-1.5919943;0.0022944445;None;NO
40560;99.988075;1.41936;sun;On;On;Receiver;Off;-169.3243;-0.97683877;0.0022944445;None;NO
40570;99.988075;1.41966;sun;On;On;Receiver;Off;-169.45154;-0.36168104;0.0022944445;None;NO
40580;99.988075;1.41996;sun;On;On;Receiver;Off;-169.5788;0.25347748;0.0022944445;None;NO
40590;99.988075;1.42026;sun;On;On;Receiver;Off;-169.70605;0.8686354;0.0022944445;None;NO
40600;99.988075;1.42056;sun;On;On;Receiver;Off;-169.83337;1.4837915;0.0022944445;None;NO
40610;99.988075;1.42086;sun;On;On;Receiver;Off;-169.96072;2.0989442;0.0022944445;None;NO
40620;99.988075;1.42116;sun;On;On;Receiver;Off;-170.08817;2.7140923;0.0022944445;None;NO
40630;99.988075;1.42146;sun;On;On;Receiver;Off;-170.21571;3.3292341;0.0022944445;None;NO
40640;99.988075;1.42176;sun;On;On;Receiver;Off;-170.34337;3.9443688;0.0022944445;None;NO
40650;99.988075;1.42206;sun;On;On;Receiver;Off;-170.47116;4.5594945;0.0022944445;None;NO
40660;99.988075;1.42236;sun;On;On;Receiver;Off;-170.5991;5.17461;0.0022944445;None;NO
40670;99.988075;1.42266;sun;On;On;Receiver;Off;-170.72723;5.789714;0.0022944445;None;NO
40680;99.988075;1.42296;sun;On;On;Receiver;Off;-170.85556;6.4048047;0.0022944445;None;NO
40690;99.988075;1.42326;sun;On;On;Receiver;Off;-170.98412;7.0198812;0.0022944445;None;NO
40700;99.988075;1.42356;sun;On;On;Receiver;Off;-171.1129;7.6349416;0.0022944445;None;NO
40710;99.988075;1.42386;sun;On;On;Receiver;Off;-171.24194;8.249985;0.0022944445;None;NO
40720;99.988075;1.42416;sun;On;On;Receiver;Off;-171.37128;8.865009;0.0022944445;None;NO
40730;99.988075;1.42446;sun;On;On;Receiver;Off;-171.50092;9.480013;0.0022944445;None;NO
40740;99.988075;1.42476;sun;On;On;Receiver;Off;-171.63087;10.0949955;0.0022944445;None;NO
40750;99.988075;1.42506;sun;On;On;Receiver;Off;-171.76118;10.709953;0.0022944445;None;NO
40760;99.988075;1.42536;sun;On;On;Receiver;Off;-171.89186;11.324887;0.0022944445;None;NO
40770;99.988075;1.42566;sun;On;On;Receiver;Off;-172.02293;11.939795;0.0022944445;None;NO
40780;99.988075;1.42596;sun;On;On;Receiver;Off;-172.15442;12.554674;0.0022944445;None;NO
40790;99.988075;1.42626;sun;On;On;Receiver;Off;-172.28636;13.169523;0.0022944445;None;NO
40800;99.988075;1.42656;sun;On;On;Receiver;Off;-172.41875;13.784341;0.0022944445;None;NO
40810;99.988075;1.42686;sun;On;On;Receiver;Off;-172.55164;14.399126;0.0022944445;None;NO
40820;99.988075;1.42716;sun;On;On;Receiver;Off;-172.68504;15.013876;0.0022944445;None;NO
40830;99.988075;1.42746;sun;On;On;Receiver;Off;-172.81898;15.62859;0.0022944445;None;NO
40840;99.988075;1.42776;sun;On;On;Receiver;Off;-172.95349;16.243263;0.0022944445;None;NO
40850;99.988075;1.42806;sun;On;On;Receiver;Off;-173.0886;16.857899;0.0022944445;None;NO
40860;99.988075;1.42836;sun;On;On;Receiver;Off;-173.22432;17.472492;0.0022944445;None;NO
40870;99.988075;1.42866;sun;On;On;Receiver;Off;-173.36069;18.08704;0.0022944445;None;NO
40880;99.988075;1.42896;sun;On;On;Receiver;Off;-173.49773;18.701542;0.0022944445;None;NO
40890;99.988075;1.42926;sun;On;On;Receiver;Off;-173.63548;19.315998;0.0022944445;None;NO
40900;99.988075;1.42956;sun;On;On;Receiver;Off;-173.77399;19.9304;0.0022944445;None;NO
40910;99.988075;1.42986;sun;On;On;Receiver;Off;-173.91324;20.544754;0.0022944445;None;NO
40920;99.988075;1.43016;sun;On;On;Receiver;Off;-174.0533;21.159052;0.0022944445;None;NO
40930;99.988075;1.43046;sun;On;On;Receiver;Off;-174.1942;21.773293;0.0022944445;None;NO
40940;99.988075;1.43076;sun;On;On;Receiver;Off;-174.33595;22.387474;0.0022944445;None;NO
40950;99.988075;1.43106;sun;On;On;Receiver;Off;-174.4786;23.001596;0.0022944445;None;NO
40960;99.988075;1.43136;sun;On;On;Receiver;Off;-174.62221;23.615652;0.0022944445;None;NO
40970;99.988075;1.43166;sun;On;On;Receiver;Off;-174.76677;24.229643;0.0022944445;None;NO
40980;99.988075;1.43196;sun;On;On;Receiver;Off;-174.91235;24.843565;0.0022944445;None;NO
40990;99.988075;1.43226;sun;On;On;Receiver;Off;-175.05898;25.457415;0.0022944445;None;NO
41000;99.988075;1.43256;sun;On;On;Receiver;Off;-175.2067;26.071192;0.0022944445;None;NO
41010;99.988075;1.43286;sun;On;On;Receiver;Off;-175.35555;26.68489;0.0022944445;None;NO
41020;99.988075;1.43316;sun;On;On;Receiver;Off;-175.50557;27.298508;0.0022944445;None;NO
41030;99.988075;1.43346;sun;On;On;Receiver;Off;-175.65681;27.912045;0.0022944445;None;NO
41040;99.988075;1.43376;sun;On;On;Receiver;Off;-175.80933;28.525492;0.0022944445;None;NO
41050;99.988075;1.43406;sun;On;On;Receiver;Off;-175.96315;29.138851;0.0022944445;None;NO
41060;99.988075;1.43436;sun;On;On;Receiver;Off;-176.11833;29.75212;0.0022944445;None;NO
41070;99.988075;1.43466;sun;On;On;Receiver;Off;-176.27493;30.365288;0.0022944445;None;NO
41080;99.988075;1.43496;sun;On;On;Receiver;Off;-176.433;30.978357;0.0022944445;None;NO
41090;99.988075;1.43526;sun;On;On;Receiver;Off;-176.59259;31.591324;0.0022944445;None;NO
41100;99.988075;1.43556;sun;On;On;Receiver;Off;-176.75377;32.20418;0.0022944445;None;NO
41110;99.988075;1.43586;sun;On;On;Receiver;Off;-176.91656;32.816925;0.0022944445;None;NO
41120;99.988075;1.43616;sun;On;On;Receiver;Off;-177.08107;33.429554;0.0022944445;None;NO
41130;99.988075;1.43646;sun;On;On;Receiver;Off;-177.24734;34.042065;0.0022944445;None;NO
41140;99.988075;1.43676;sun;On;On;Receiver;Off;-177.41545;34.65445;0.0022944445;None;NO
41150;99.988075;1.43706;sun;On;On;Receiver;Off;-177.58546;35.2667;0.0022944445;None;NO
41160;99.988075;1.43736;sun;On;On;Receiver;Off;-177.75745;35.87882;0.0022944445;None;NO
41170;99.988075;1.43766;sun;On;On;Receiver;Off;-177.93149;36.4908;0.0022944445;None;NO
41180;99.988075;1.43796;sun;On;On;Receiver;Off;-178.10765;37.10263;0.0022944445;None;NO
41190;99.988075;1.43826;sun;On;On;Receiver;Off;-178.28603;37.71431;0.0022944445;None;NO
41200;99.988075;1.43856;sun;On;On;Receiver;Off;-178.4667;38.325836;0.0022944445;None;NO
41210;99.988075;1.43886;sun;On;On;Receiver;Off;-178.64977;38.937195;0.0022944445;None;NO
41220;99.988075;1.43916;sun;On;On;Receiver;Off;-178.83531;39.548386;0.0022944445;None;NO
41230;99.988075;1.43946;sun;On;On;Receiver;Off;-179.02345;40.159397;0.0022944445;None;NO
41240;99.988075;1.43976;sun;On;On;Receiver;Off;-179.21428;40.770226;0.0022944445;None;NO
41250;99.988075;1.44006;sun;On;On;Receiver;Off;-179.40788;41.380867;0.0022944445;None;NO
41260;99.988075;1.44036;sun;On;On;Receiver;Off;-179.60442;41.991302;0.0022944445;None;NO
41270;99.988075;1.44066;sun;On;On;Receiver;Off;-179.80397;42.601536;0.0022944445;None;NO
41280;99.988075;1.44096;sun;On;On;Receiver;Off;179.99332;43.21155;0.0022944445;None;NO
41290;99.988075;1.44126;sun;On;On;Receiver;Off;179.78732;43.82134;0.0022944445;None;NO
41300;99.988075;1.44156;sun;On;On;Receiver;Off;179.57791;44.430897;0.0022944445;None;NO
41310;99.988075;1.44186;sun;On;On;Receiver;Off;179.36491;45.040207;0.0022944445;None;NO
41320;99.988075;1.44216;sun;On;On;Receiver;Off;179.1482;45.64926;0.0022944445;None;NO
41330;99.988075;1.44246;sun;On;On;Receiver;Off;178.9276;46.25805;0.0022944445;None;NO
41340;99.988075;1.44276;sun;On;On;Receiver;Off;178.70294;46.866558;0.0022944445;None;NO
41350;99.988075;1.44306;sun;On;On;Receiver;Off;178.47404;47.474777;0.0022944445;None;NO
41360;99.988075;1.44336;sun;On;On;Receiver;Off;178.2407;48.082695;0.0022944445;None;NO
41370;99.988075;1.44366;sun;On;On;Receiver;Off;178.00276;48.690292;0.0022944445;None;NO
41380;99.988075;1.44396;sun;On;On;Receiver;Off;177.75995;49.297558;0.0022944445;None;NO
41390;99.988075;1.44426;sun;On;On;Receiver;Off;177.51208;49.904476;0.0022944445;None;NO
41400;99.988075;1.44456;sun;On;On;Receiver;Off;177.25891;50.51103;0.0022944445;None;NO
41410;99.988075;1.44486;sun;On;On;Receiver;Off;177.00018;51.1172;0.0022944445;None;NO
41420;99.988075;1.44516;sun;On;On;Receiver;Off;176.73561;51.72297;0.0022944445;None;NO
41430;99.988075;1.44546;sun;On;On;Receiver;Off;176.46494;52.32832;0.0022944445;None;NO
41440;99.988075;1.44576;sun;On;On;Receiver;Off;176.18785;52.933228;0.0022944445;None;NO
41450;99.988075;1.44606;sun;On;On;Receiver;Off;175.904;53.53767;0.0022944445;None;NO
41460;99.988075;1.44636;sun;On;On;Receiver;Off;175.61308;54.141624;0.0022944445;None;NO
41470;99.988075;1.44666;sun;On;On;Receiver;Off;175.31471;54.745068;0.0022944445;None;NO
41480;99.988075;1.44696;sun;On;On;Receiver;Off;175.00848;55.34797;0.0022944445;None;NO
41490;99.988075;1.44726;sun;On;On;Receiver;Off;174.694;55.950302;0.0022944445;None;NO
41500;99.988075;1.44756;sun;On;On;Receiver;Off;174.3708;56.552032;0.0022944445;None;NO
41510;99.988075;1.44786;sun;On;On;Receiver;Off;174.03842;57.15313;0.0022944445;None;NO
41520;99.988075;1.44816;sun;On;On;Receiver;Off;173.69632;57.753555;0.0022944445;None;NO
41530;99.988075;1.44846;sun;On;On;Receiver;Off;173.34398;58.35327;0.0022944445;None;NO
41540;99.988075;1.44876;sun;On;On;Receiver;Off;172.98079;58.95224;0.0022944445;None;NO
41550;99.988075;1.44906;sun;On;On;Receiver;Off;172.60611;59.55041;0.0022944445;None;NO
41560;99.988075;1.44936;sun;On;On;Receiver;Off;172.21927;60.147736;0.0022944445;None;NO
41570;99.988075;1.44966;sun;On;On;Receiver;Off;171.8195;60.744167;0.0022944445;None;NO
41580;99.988075;1.44996;sun;On;On;Receiver;Off;171.40605;61.33965;0.0022944445;None;NO
41590;99.988075;1.45026;sun;On;On;Receiver;Off;170.97801;61.934116;0.0022944445;None;NO
41600;99.988075;1.45056;sun;On;On;Receiver;Off;170.53448;62.527504;0.0022944445;None;NO
41610;99.988075;1.45086;sun;On;On;Receiver;Off;170.07445;63.119743;0.0022944445;None;NO
41620;99.988075;1.45116;sun;On;On;Receiver;Off;169.5968;63.71075;0.0022944445;None;NO
41630;99.988075;1.45146;sun;On;On;Receiver;Off;169.10036;64.300446;0.0022944445;None;NO
41640;99.988075;1.45176;sun;On;On;Receiver;Off;168.58382;64.88873;0.0022944445;None;NO
41650;99.988075;1.45206;sun;On;On;Receiver;Off;168.04576;65.47551;0.0022944445;None;NO
41660;99.988075;1.45236;sun;On;On;Receiver;Off;167.48466;66.06066;0.0022944445;None;NO
41670;99.988075;1.45266;sun;On;On;Receiver;Off;166.89885;66.64408;0.0022944445;None;NO
41680;99.988075;1.45296;sun;On;On;Receiver;Off;166.28645;67.22562;0.0022944445;None;NO
41690;99.988075;1.45326;sun;On;On;Receiver;Off;165.64548;67.80513;0.0022944445;None;NO
41700;99.988075;1.45356;sun;On;On;Receiver;Off;164.9737;68.382454;0.0022944445;None;NO
41710;99.988075;1.45386;sun;On;On;Receiver;Off;164.26868;68.95741;0.0022944445;None;NO
41720;99.988075;1.45416;sun;On;On;Receiver;Off;163.52776;69.5298;0.0022944445;None;NO
41730;99.988075;1.45446;sun;On;On;Receiver;Off;162.74797;70.099396;0.0022944445;None;NO
41740;99.988075;1.45476;sun;On;On;Receiver;Off;161.92606;70.66596;0.0022944445;None;NO
41750;99.988075;1.45506;sun;On;On;Receiver;Off;161.05844;71.22921;0.0022944445;None;NO
41760;99.988075;1.45536;sun;On;On;Receiver;Off;160.14114;71.78883;0.0022944445;None;NO
41770;99.988075;1.45566;sun;On;On;Receiver;Off;159.16975;72.3445;0.0022944445;None;NO
41780;99.988075;1.45596;sun;On;On;Receiver;Off;158.1394;72.895805;0.0022944445;None;NO
41790;99.988075;1.45626;sun;On;On;Receiver;Off;157.0447;73.44233;0.0022944445;None;NO
41800;99.988075;1.45656;sun;On;On;Receiver;Off;155.87965;73.983574;0.0022944445;None;NO
41810;99.988075;1.45686;sun;On;On;Receiver;Off;154.63762;74.51899;0.0022944445;None;NO
41820;99.988075;1.45716;sun;On;On;Receiver;Off;153.3113;75.04794;0.0022944445;None;NO
41830;99.988075;1.45746;sun;On;On;Receiver;Off;151.89255;75.56973;0.0022944445;None;NO
41840;99.988075;1.45776;sun;On;On;Receiver;Off;150.37248;76.08354;0.0022944445;None;NO
41850;99.988075;1.45806;sun;On;On;Receiver;Off;148.74126;76.58846;0.0022944445;None;NO
41860;99.988075;1.45836;sun;On;On;Receiver;Off;146.98822;77.08345;0.0022944445;None;NO
41870;99.988075;1.45866;sun;On;On;Receiver;Off;145.10175;77.567314;0.0022944445;None;NO
41880;99.988075;1.45896;sun;On;On;Receiver;Off;143.06944;78.0387;0.0022944445;None;NO
41890;99.988075;1.45926;sun;On;On;Receiver;Off;140.87817;78.49608;0.0022944445;None;NO
41900;99.988075;1.45956;sun;On;On;Receiver;Off;138.5144;78.93772;0.0022944445;None;NO
41910;99.988075;1.45986;sun;On;On;Receiver;Off;135.96445;79.36165;0.0022944445;None;NO
41920;99.988075;1.46016;sun;On;On;Receiver;Off;133.2152;79.76567;0.0022944445;None;NO
41930;99.988075;1.46046;sun;On;On;Receiver;Off;130.25478;80.14735;0.0022944445;None;NO
41940;99.988075;1.46076;sun;On;On;Receiver;Off;127.07374;80.50396;0.0022944445;None;NO
41950;99.988075;1.46106;sun;On;On;Receiver;Off;123.666306;80.8326;0.0022944445;None;NO
41960;99.988075;1.46136;sun;On;On;Receiver;Off;120.03197;81.13016;0.0022944445;None;NO
41970;99.988075;1.46166;sun;On;On;Receiver;Off;116.177155;81.393394;0.0022944445;None;NO
41980;99.988075;1.46196;sun;On;On;Receiver;Off;112.116714;81.619095;0.0022944445;None;NO
41990;99.988075;1.46226;sun;On;On;Receiver;Off;107.87507;81.80414;0.0022944445;None;NO
42000;99.988075;1.46256;sun;On;On;Receiver;Off;103.48644;81.94574;0.0022944445;None;NO
42010;99.988075;1.46286;sun;On;On;Receiver;Off;98.9941;82.041565;0.0022944445;None;NO
42020;99.988075;1.46316;sun;On;On;Receiver;Off;94.44823;82.08996;0.0022944445;None;NO
42030;99.988075;1.46346;sun;On;On;Receiver;Off;89.90279;82.09004;0.0022944445;None;NO
42040;99.988075;1.46376;sun;On;On;Receiver;Off;85.4117;82.041824;0.0022944445;None;NO
42050;99.988075;1.46406;sun;On;On;Receiver;Off;81.02508;81.94617;0.0022944445;None;NO
42060;99.988075;1.46436;sun;On;On;Receiver;Off;76.78603;81.80473;0.0022944445;None;NO
42070;99.988075;1.46466;sun;On;On;Receiver;Off;72.72866;81.619835;0.0022944445;None;NO
42080;99.988075;1.46496;sun;On;On;Receiver;Off;68.87721;81.39428;0.0022944445;None;NO
42090;99.988075;1.46526;sun;On;On;Receiver;Off;65.24641;81.13117;0.0022944445;None;NO
42100;99.988075;1.46556;sun;On;On;Receiver;Off;61.842545;80.83373;0.0022944445;None;NO
42110;99.988075;1.46586;sun;On;On;Receiver;Off;58.665024;80.505196;0.0022944445;None;NO
42120;99.988075;1.46616;sun;On;On;Receiver;Off;55.708008;80.148674;0.0022944445;None;NO
42130;99.988075;1.46646;sun;On;On;Receiver;Off;52.961975;79.76709;0.0022944445;None;NO
42140;99.988075;1.46676;sun;On;On;Receiver;Off;50.415054;79.363144;0.0022944445;None;NO
42150;99.988075;1.46706;sun;On;On;Receiver;Off;48.05409;78.93928;0.0022944445;None;NO
42160;99.988075;1.46736;sun;On;On;Receiver;Off;45.86543;78.4977;0.0022944445;None;NO
42170;99.97615;1.46766;ecl;On;On;Receiver;Off;43.83551;78.040375;0.0022944445;None;NO
42180;99.964226;1.46796;ecl;On;On;Receiver;Off;41.95123;77.56903;0.0022944445;None;NO
42190;99.9523;1.46826;ecl;On;On;Receiver;Off;40.20018;77.08521;0.0022944445;None;NO
42200;99.94038;1.46856;ecl;On;On;Receiver;Off;38.57079;76.59027;0.0022944445;None;NO
42210;99.928444;1.46886;ecl;On;On;Receiver;Off;37.052376;76.08538;0.0022944445;None;NO
42220;99.91652;1.46916;ecl;On;On;Receiver;Off;35.635155;75.5716;0.0022944445;None;NO
42230;99.904594;1.46946;ecl;On;On;Receiver;Off;34.31021;75.04984;0.0022944445;None;NO
42240;99.89267;1.46976;ecl;On;On;Receiver;Off;33.06945;74.52091;0.0022944445;None;NO
42250;99.880745;1.47006;ecl;On;On;Receiver;Off;31.905552;73.98552;0.0022944445;None;NO
42260;99.86882;1.47036;ecl;On;On;Receiver;Off;30.811897;73.44429;0.0022944445;None;NO
42270;99.856895;1.47066;ecl;On;On;Receiver;Off;29.782515;72.89779;0.0022944445;None;NO
42280;99.84497;1.47096;ecl;On;On;Receiver;Off;28.812012;72.3465;0.0022944445;None;NO
42290;99.833046;1.47126;ecl;On;On;Receiver;Off;27.895523;71.79085;0.0022944445;None;NO
42300;99.82112;1.47156;ecl;On;On;Receiver;Off;27.028654;71.23123;0.0022944445;None;NO
42310;99.8092;1.47186;ecl;On;On;Receiver;Off;26.20744;70.668;0.0022944445;None;NO
42320;99.79727;1.47216;ecl;On;On;Receiver;Off;25.428284;70.10145;0.0022944445;None;NO
42330;99.78534;1.47246;ecl;On;On;Receiver;Off;24.687943;69.53186;0.0022944445;None;NO
42340;99.773415;1.47276;ecl;On;On;Receiver;Off;23.983469;68.95948;0.0022944445;None;NO
42350;99.76149;1.47306;ecl;On;On;Receiver;Off;23.312191;68.38454;0.0022944445;None;NO
42360;99.749565;1.47336;ecl;On;On;Receiver;Off;22.671677;67.80721;0.0022944445;None;NO
42370;99.73764;1.47366;ecl;On;On;Receiver;Off;22.059715;67.227715;0.0022944445;None;NO
42380;99.725716;1.47396;ecl;On;On;Receiver;Off;21.474297;66.64618;0.0022944445;None;NO
42390;99.71379;1.47426;ecl;On;On;Receiver;Off;20.913578;66.062775;0.0022944445;None;NO
42400;99.701866;1.47456;ecl;On;On;Receiver;Off;20.37588;65.47762;0.0022944445;None;NO
42410;99.68994;1.47486;ecl;On;On;Receiver;Off;19.859665;64.89085;0.0022944445;None;NO
42420;99.67802;1.47516;ecl;On;On;Receiver;Off;19.363523;64.30257;0.0022944445;None;NO
42430;99.66609;1.47546;ecl;On;On;Receiver;Off;18.88616;63.71288;0.0022944445;None;NO
42440;99.65417;1.47576;ecl;On;On;Receiver;Off;18.426386;63.121876;0.0022944445;None;NO
42450;99.642235;1.47606;ecl;On;On;Receiver;Off;17.983109;62.529644;0.0022944445;None;NO
42460;99.63031;1.47636;ecl;On;On;Receiver;Off;17.555313;61.93626;0.0022944445;None;NO
42470;99.618385;1.47666;ecl;On;On;Receiver;Off;17.142075;61.341793;0.0022944445;None;NO
42480;99.60646;1.47696;ecl;On;On;Receiver;Off;16.742527;60.74632;0.0022944445;None;NO
42490;99.594536;1.47726;ecl;On;On;Receiver;Off;16.355877;60.14989;0.0022944445;None;NO
42500;99.58261;1.47756;ecl;On;On;Receiver;Off;15.981385;59.552567;0.0022944445;None;NO
42510;99.57069;1.47786;ecl;On;On;Receiver;Off;15.618367;58.954395;0.0022944445;None;NO
42520;99.55876;1.47816;ecl;On;On;Receiver;Off;15.266187;58.355434;0.0022944445;None;NO
42530;99.54684;1.47846;ecl;On;On;Receiver;Off;14.9242525;57.75572;0.0022944445;None;NO
42540;99.53491;1.47876;ecl;On;On;Receiver;Off;14.592014;57.155296;0.0022944445;None;NO
42550;99.52299;1.47906;ecl;On;On;Receiver;Off;14.268959;56.554203;0.0022944445;None;NO
42560;99.51106;1.47936;ecl;On;On;Receiver;Off;13.954607;55.952473;0.0022944445;None;NO
42570;99.49913;1.47966;ecl;On;On;Receiver;Off;13.648512;55.350143;0.0022944445;None;NO
42580;99.487206;1.47996;ecl;On;On;Receiver;Off;13.350255;54.747242;0.0022944445;None;NO
42590;99.47528;1.48026;ecl;On;On;Receiver;Off;13.059445;54.143803;0.0022944445;None;NO
42600;99.463356;1.48056;ecl;On;On;Receiver;Off;12.775716;53.53985;0.0022944445;None;NO
42610;99.45143;1.48086;ecl;On;On;Receiver;Off;12.498723;52.935406;0.0022944445;None;NO
42620;99.43951;1.48116;ecl;On;On;Receiver;Off;12.228144;52.3305;0.0022944445;None;NO
42630;99.42758;1.48146;ecl;On;On;Receiver;Off;11.963674;51.72515;0.0022944445;None;NO
42640;99.41566;1.48176;ecl;On;On;Receiver;Off;11.7050295;51.119385;0.0022944445;None;NO
42650;99.40373;1.48206;ecl;On;On;Receiver;Off;11.451941;50.513214;0.0022944445;None;NO
42660;99.39181;1.48236;ecl;On;On;Receiver;Off;11.204155;49.906662;0.0022944445;None;NO
42670;99.37988;1.48266;ecl;On;On;Receiver;Off;10.961434;49.299747;0.0022944445;None;NO
42680;99.36796;1.48296;ecl;On;On;Receiver;Off;10.723552;48.692482;0.0022944445;None;NO
42690;99.356026;1.48326;ecl;On;On;Receiver;Off;10.490296;48.084885;0.0022944445;None;NO
42700;99.3441;1.48356;ecl;On;On;Receiver;Off;10.261466;47.47697;0.0022944445;None;NO
42710;99.33218;1.48386;ecl;On;On;Receiver;Off;10.036871;46.86875;0.0022944445;None;NO
42720;99.32025;1.48416;ecl;On;On;Receiver;Off;9.81633;46.260242;0.0022944445;None;NO
42730;99.30833;1.48446;ecl;On;On;Receiver;Off;9.599673;45.651455;0.0022944445;None;NO
42740;99.2964;1.48476;ecl;On;On;Receiver;Off;9.38674;45.042404;0.0022944445;None;NO
42750;99.28448;1.48506;ecl;On;On;Receiver;Off;9.177374;44.433094;0.0022944445;None;NO
42760;99.27255;1.48536;ecl;On;On;Receiver;Off;8.971432;43.82354;0.0022944445;None;NO
42770;99.26063;1.48566;ecl;On;On;Receiver;Off;8.768773;43.21375;0.0022944445;None;NO
42780;99.2487;1.48596;ecl;On;On;Receiver;Off;8.569267;42.603737;0.0022944445;None;NO
42790;99.23678;1.48626;ecl;On;On;Receiver;Off;8.372788;41.993504;0.0022944445;None;NO
42800;99.22485;1.48656;ecl;On;On;Receiver;Off;8.179216;41.383068;0.0022944445;None;NO
42810;99.21292;1.48686;ecl;On;On;Receiver;Off;7.988439;40.77243;0.0022944445;None;NO
42820;99.201;1.48716;ecl;On;On;Receiver;Off;7.8003464;40.161602;0.0022944445;None;NO
42830;99.18907;1.48746;ecl;On;On;Receiver;Off;7.6148353;39.550587;0.0022944445;None;NO
42840;99.17715;1.48776;ecl;On;On;Receiver;Off;7.431807;38.9394;0.0022944445;None;NO
42850;99.16522;1.48806;ecl;On;On;Receiver;Off;7.2511673;38.32804;0.0022944445;None;NO
42860;99.1533;1.48836;ecl;On;On;Receiver;Off;7.0728254;37.716515;0.0022944445;None;NO
42870;99.14137;1.48866;ecl;On;On;Receiver;Off;6.896695;37.104836;0.0022944445;None;NO
42880;99.12945;1.48896;ecl;On;On;Receiver;Off;6.7226934;36.493004;0.0022944445;None;NO
42890;99.11752;1.48926;ecl;On;On;Receiver;Off;6.550742;35.881027;0.0022944445;None;NO
42900;99.1056;1.48956;ecl;On;On;Receiver;Off;6.3807645;35.26891;0.0022944445;None;NO
42910;99.09367;1.48986;ecl;On;On;Receiver;Off;6.212688;34.656654;0.0022944445;None;NO
42920;99.08175;1.49016;ecl;On;On;Receiver;Off;6.046443;34.044273;0.0022944445;None;NO
42930;99.06982;1.49046;ecl;On;On;Receiver;Off;5.881962;33.431763;0.0022944445;None;NO
42940;99.05789;1.49076;ecl;On;On;Receiver;Off;5.719181;32.819134;0.0022944445;None;NO
42950;99.04597;1.49106;ecl;On;On;Receiver;Off;5.558038;32.20639;0.0022944445;None;NO
42960;99.03404;1.49136;ecl;On;On;Receiver;Off;5.3984737;31.593533;0.0022944445;None;NO
42970;99.02212;1.49166;ecl;On;On;Receiver;Off;5.240431;30.980568;0.0022944445;None;NO
42980;99.01019;1.49196;ecl;On;On;Receiver;Off;5.0838537;30.367498;0.0022944445;None;NO
42990;98.99827;1.49226;ecl;On;On;Receiver;Off;4.92869;29.75433;0.0022944445;None;NO
43000;98.98634;1.49256;ecl;On;On;Receiver;Off;4.7748876;29.141064;0.0022944445;None;NO
43010;98.97442;1.49286;ecl;On;On;Receiver;Off;4.622398;28.527704;0.0022944445;None;NO
43020;98.962494;1.49316;ecl;On;On;Receiver;Off;4.471173;27.914255;0.0022944445;None;NO
43030;98.95057;1.49346;ecl;On;On;Receiver;Off;4.321166;27.30072;0.0022944445;None;NO
43040;98.93864;1.49376;ecl;On;On;Receiver;Off;4.1723337;26.687103;0.0022944445;None;NO
43050;98.92671;1.49406;ecl;On;On;Receiver;Off;4.0246325;26.073404;0.0022944445;None;NO
43060;98.91479;1.49436;ecl;On;On;Receiver;Off;3.8780208;25.45963;0.0022944445;None;NO
43070;98.90286;1.49466;ecl;On;On;Receiver;Off;3.732458;24.84578;0.0022944445;None;NO
43080;98.89094;1.49496;ecl;On;On;Receiver;Off;3.5879056;24.231857;0.0022944445;None;NO
43090;98.87901;1.49526;ecl;On;On;Receiver;Off;3.4443257;23.617867;0.0022944445;None;NO
43100;98.86709;1.49556;ecl;On;On;Receiver;Off;3.301681;23.003809;0.0022944445;None;NO
43110;98.85516;1.49586;ecl;On;On;Receiver;Off;3.1599367;22.389688;0.0022944445;None;NO
43120;98.84324;1.49616;ecl;On;On;Receiver;Off;3.0190578;21.775507;0.0022944445;None;NO
43130;98.831314;1.49646;ecl;On;On;Receiver;Off;2.8790107;21.161266;0.0022944445;None;NO
43140;98.81939;1.49676;ecl;On;On;Receiver;Off;2.7397628;20.546968;0.0022944445;None;NO
43150;98.807465;1.49706;ecl;On;On;Receiver;Off;2.6012824;19.932617;0.0022944445;None;NO
43160;98.79553;1.49736;ecl;On;On;Receiver;Off;2.4635384;19.318213;0.0022944445;None;NO
43170;98.78361;1.49766;ecl;On;On;Receiver;Off;2.3265007;18.703758;0.0022944445;None;NO
43180;98.77168;1.49796;ecl;On;On;Receiver;Off;2.19014;18.089256;0.0022944445;None;NO
43190;98.75976;1.49826;ecl;On;On;Receiver;Off;2.0544274;17.474709;0.0022944445;None;NO
43200;98.74783;1.49856;ecl;On;On;Receiver;Off;1.9193352;16.860115;0.0022944445;None;NO
43210;98.73591;1.49886;ecl;On;On;Receiver;Off;1.7848359;16.245481;0.0022944445;None;NO
43220;98.72398;1.49916;ecl;On;On;Receiver;Off;1.6509029;15.630806;0.0022944445;None;NO
43230;98.71206;1.49946;ecl;On;On;Receiver;Off;1.5175097;15.016092;0.0022944445;None;NO
43240;98.700134;1.49976;ecl;On;On;Receiver;Off;1.384631;14.401342;0.0022944445;None;NO
43250;98.68821;1.50006;ecl;On;On;Receiver;Off;1.2522416;13.786558;0.0022944445;None;NO
43260;98.676285;1.50036;ecl;On;On;Receiver;Off;1.1203169;13.171741;0.0022944445;None;NO
43270;98.66436;1.50066;ecl;On;On;Receiver;Off;0.9888327;12.556891;0.0022944445;None;NO
43280;98.65243;1.50096;ecl;On;On;Receiver;Off;0.85776544;11.942012;0.0022944445;None;NO
43290;98.6405;1.50126;ecl;On;On;Receiver;Off;0.72709167;11.327105;0.0022944445;None;NO
43300;98.62858;1.50156;ecl;On;On;Receiver;Off;0.59678847;10.712172;0.0022944445;None;NO
43310;98.61665;1.50186;ecl;On;On;Receiver;Off;0.46683332;10.097213;0.0022944445;None;NO
43320;98.60473;1.50216;ecl;On;On;Receiver;Off;0.33720398;9.48223;0.0022944445;None;NO
43330;98.592804;1.50246;ecl;On;On;Receiver;Off;0.20787852;8.867227;0.0022944445;None;NO
43340;98.58088;1.50276;ecl;On;On;Receiver;Off;0.07883528;8.252203;0.0022944445;None;NO
43350;98.568954;1.50306;ecl;On;On;Receiver;Off;-0.049947083;7.6371593;0.0022944445;None;NO
43360;98.55703;1.50336;ecl;On;On;Receiver;Off;-0.1784897;7.022099;0.0022944445;None;NO
43370;98.545105;1.50366;ecl;On;On;Receiver;Off;-0.30681348;6.407023;0.0022944445;None;NO
43380;98.53318;1.50396;ecl;On;On;Receiver;Off;-0.43493912;5.791932;0.0022944445;None;NO
43390;98.521255;1.50426;ecl;On;On;Receiver;Off;-0.56288713;5.176828;0.0022944445;None;NO
43400;98.50932;1.50456;ecl;On;On;Receiver;Off;-0.6906779;4.5617127;0.0022944445;None;NO
43410;98.4974;1.50486;ecl;On;On;Receiver;Off;-0.81833154;3.9465868;0.0022944445;None;NO
43420;98.48547;1.50516;ecl;On;On;Receiver;Off;-0.9458682;3.3314524;0.0022944445;None;NO
43430;98.47355;1.50546;ecl;On;On;Receiver;Off;-1.0733078;2.7163105;0.0022944445;None;NO
43440;98.461624;1.50576;ecl;On;On;Receiver;Off;-1.2006702;2.1011624;0.0022944445;None;NO
43450;98.4497;1.50606;ecl;On;On;Receiver;Off;-1.3279754;1.4860097;0.0022944445;None;NO
43460;98.437775;1.50636;ecl;On;On;Receiver;Off;-1.455243;0.87085366;0.0022944445;None;NO
43470;98.42585;1.50666;ecl;On;On;Receiver;Off;-1.5824927;0.25569573;0.0022944445;None;NO
43480;98.413925;1.50696;ecl;On;On;Receiver;Off;-1.7097442;-0.35946277;0.0022944445;None;NO
43490;98.402;1.50726;ecl;On;On;Receiver;Off;-1.8370174;-0.97462046;0.0022944445;None;NO
43500;98.390076;1.50756;ecl;On;On;Receiver;Off;-1.9643319;-1.589776;0.0022944445;None;NO
43510;98.37815;1.50786;ecl;On;On;Receiver;Off;-2.0917072;-2.2049282;0.0022944445;None;NO
43520;98.36622;1.50816;ecl;On;On;Receiver;Off;-2.2191637;-2.820075;0.0022944445;None;NO
43530;98.354294;1.50846;ecl;On;On;Receiver;Off;-2.3467207;-3.435216;0.0022944445;None;NO
43540;98.34237;1.50876;ecl;On;On;Receiver;Off;-2.4743986;-4.050349;0.0022944445;None;NO
43550;98.330444;1.50906;ecl;On;On;Receiver;Off;-2.6022174;-4.665473;0.0022944445;None;NO
43560;98.31852;1.50936;ecl;On;On;Receiver;Off;-2.7301972;-5.2805867;0.0022944445;None;NO
43570;98.306595;1.50966;ecl;On;On;Receiver;Off;-2.8583586;-5.8956885;0.0022944445;None;NO
43580;98.29467;1.50996;ecl;On;On;Receiver;Off;-2.986722;-6.510777;0.0022944445;None;NO
43590;98.282745;1.51026;ecl;On;On;Receiver;Off;-3.115308;-7.1258507;0.0022944445;None;NO
43600;98.27082;1.51056;ecl;On;On;Receiver;Off;-3.2441378;-7.7409086;0.0022944445;None;NO
43610;98.258896;1.51086;ecl;On;On;Receiver;Off;-3.3732324;-8.355948;0.0022944445;None;NO
43620;98.24697;1.51116;ecl;On;On;Receiver;Off;-3.5026133;-8.970969;0.0022944445;None;NO
43630;98.23505;1.51146;ecl;On;On;Receiver;Off;-3.6323023;-9.58597;0.0022944445;None;NO
43640;98.223114;1.51176;ecl;On;On;Receiver;Off;-3.762321;-10.200948;0.0022944445;None;NO
43650;98.21119;1.51206;ecl;On;On;Receiver;Off;-3.8926923;-10.815902;0.0022944445;None;NO
43660;98.199265;1.51236;ecl;On;On;Receiver;Off;-4.0234385;-11.430832;0.0022944445;None;NO
43670;98.18734;1.51266;ecl;On;On;Receiver;Off;-4.154582;-12.045734;0.0022944445;None;NO
43680;98.175415;1.51296;ecl;On;On;Receiver;Off;-4.286147;-12.660608;0.0022944445;None;NO
43690;98.16349;1.51326;ecl;On;On;Receiver;Off;-4.4181576;-13.275452;0.0022944445;None;NO
43700;98.151566;1.51356;ecl;On;On;Receiver;Off;-4.550637;-13.8902645;0.0022944445;None;NO
43710;98.13964;1.51386;ecl;On;On;Receiver;Off;-4.6836104;-14.505043;0.0022944445;None;NO
43720;98.127716;1.51416;ecl;On;On;Receiver;Off;-4.817103;-15.119787;0.0022944445;None;NO
43730;98.11579;1.51446;ecl;On;On;Receiver;Off;-4.951141;-15.734494;0.0022944445;None;NO
43740;98.10387;1.51476;ecl;On;On;Receiver;Off;-5.085749;-16.349163;0.0022944445;None;NO
43750;98.09194;1.51506;ecl;On;On;Receiver;Off;-5.220956;-16.963789;0.0022944445;None;NO
43760;98.08001;1.51536;ecl;On;On;Receiver;Off;-5.356788;-17.578375;0.0022944445;None;NO
43770;98.068085;1.51566;ecl;On;On;Receiver;Off;-5.493274;-18.192915;0.0022944445;None;NO
43780;98.05616;1.51596;ecl;On;On;Receiver;Off;-5.630442;-18.80741;0.0022944445;None;NO
43790;98.044235;1.51626;ecl;On;On;Receiver;Off;-5.7683225;-19.421856;0.0022944445;None;NO
43800;98.03231;1.51656;ecl;On;On;Receiver;Off;-5.9069448;-20.036251;0.0022944445;None;NO
43810;98.020386;1.51686;ecl;On;On;Receiver;Off;-6.0463405;-20.650595;0.0022944445;None;NO
43820;98.00846;1.51716;ecl;On;On;Receiver;Off;-6.186541;-21.264883;0.0022944445;None;NO
43830;97.99654;1.51746;ecl;On;On;Receiver;Off;-6.3275805;-21.879114;0.0022944445;None;NO
43840;97.98461;1.51776;ecl;On;On;Receiver;Off;-6.4694915;-22.493286;0.0022944445;None;NO
43850;97.97269;1.51806;ecl;On;On;Receiver;Off;-6.612309;-23.107395;0.0022944445;None;NO
43860;97.96076;1.51836;ecl;On;On;Receiver;Off;-6.7560687;-23.721441;0.0022944445;None;NO
43870;97.94883;1.51866;ecl;On;On;Receiver;Off;-6.9008083;-24.33542;0.0022944445;None;NO
43880;97.936905;1.51896;ecl;On;On;Receiver;Off;-7.046565;-24.94933;0.0022944445;None;NO
43890;97.92498;1.51926;ecl;On;On;Receiver;Off;-7.1933784;-25.563168;0.0022944445;None;NO
43900;97.913055;1.51956;ecl;On;On;Receiver;Off;-7.341289;-26.176931;0.0022944445;None;NO
43910;97.90113;1.51986;ecl;On;On;Receiver;Off;-7.490339;-26.790615;0.0022944445;None;NO
43920;97.889206;1.52016;ecl;On;On;Receiver;Off;-7.640571;-27.40422;0.0022944445;None;NO
43930;97.87728;1.52046;ecl;On;On;Receiver;Off;-7.7920303;-28.01774;0.0022944445;None;NO
43940;97.86536;1.52076;ecl;On;On;Receiver;Off;-7.944763;-28.631174;0.0022944445;None;NO
43950;97.85343;1.52106;ecl;On;On;Receiver;Off;-8.098818;-29.244518;0.0022944445;None;NO
43960;97.84151;1.52136;ecl;On;On;Receiver;Off;-8.254243;-29.857767;0.0022944445;None;NO
43970;97.82958;1.52166;ecl;On;On;Receiver;Off;-8.411092;-30.47092;0.0022944445;None;NO
43980;97.81766;1.52196;ecl;On;On;Receiver;Off;-8.569417;-31.083973;0.0022944445;None;NO
43990;97.805725;1.52226;ecl;On;On;Receiver;Off;-8.729273;-31.69692;0.0022944445;None;NO
44000;97.7938;1.52256;ecl;On;On;Receiver;Off;-8.890719;-32.309757;0.0022944445;None;NO
44010;97.781876;1.52286;ecl;On;On;Receiver;Off;-9.053815;-32.922485;0.0022944445;None;NO
44020;97.76995;1.52316;ecl;On;On;Receiver;Off;-9.218622;-33.53509;0.0022944445;None;NO
44030;97.758026;1.52346;ecl;On;On;Receiver;Off;-9.385207;-34.14758;0.0022944445;None;NO
44040;97.7461;1.52376;ecl;On;On;Receiver;Off;-9.553636;-34.75994;0.0022944445;None;NO
44050;97.73418;1.52406;ecl;On;On;Receiver;Off;-9.723978;-35.372173;0.0022944445;None;NO
44060;97.72225;1.52436;ecl;On;On;Receiver;Off;-9.89631;-35.98427;0.0022944445;None;NO
44070;97.71033;1.52466;ecl;On;On;Receiver;Off;-10.070704;-36.596222;0.0022944445;None;NO
44080;97.6984;1.52496;ecl;On;On;Receiver;Off;-10.247245;-37.208027;0.0022944445;None;NO
44090;97.68648;1.52526;ecl;On;On;Receiver;Off;-10.426012;-37.819683;0.0022944445;None;NO
44100;97.67455;1.52556;ecl;On;On;Receiver;Off;-10.607094;-38.43118;0.0022944445;None;NO
44110;97.71604;1.52586;sun;On;On;Receiver;Off;-10.790581;-39.042507;0.0022944445;None;NO
44120;97.75754;1.52616;sun;On;On;Receiver;Off;-10.97657;-39.653667;0.0022944445;None;NO
44130;97.79903;1.52646;sun;On;On;Receiver;Off;-11.165159;-40.264652;0.0022944445;None;NO
44140;97.84052;1.52676;sun;On;On;Receiver;Off;-11.356454;-40.875446;0.0022944445;None;NO
44150;97.88202;1.52706;sun;On;On;Receiver;Off;-11.550563;-41.486053;0.0022944445;None;NO
44160;97.92351;1.52736;sun;On;On;Receiver;Off;-11.7476015;-42.096455;0.0022944445;None;NO
44170;97.965004;1.52766;sun;On;On;Receiver;Off;-11.94769;-42.70665;0.0022944445;None;NO
44180;98.0065;1.52796;sun;On;On;Receiver;Off;-12.150956;-43.316628;0.0022944445;None;NO
44190;98.04799;1.52826;sun;On;On;Receiver;Off;-12.357532;-43.926376;0.0022944445;None;NO
44200;98.089485;1.52856;sun;On;On;Receiver;Off;-12.567556;-44.535892;0.0022944445;None;NO
44210;98.130974;1.52886;sun;On;On;Receiver;Off;-12.7811775;-45.145157;0.0022944445;None;NO
44220;98.17247;1.52916;sun;On;On;Receiver;Off;-12.998552;-45.75417;0.0022944445;None;NO
44230;98.21397;1.52946;sun;On;On;Receiver;Off;-13.219841;-46.36291;0.0022944445;None;NO
44240;98.255455;1.52976;sun;On;On;Receiver;Off;-13.445219;-46.97137;0.0022944445;None;NO
44250;98.29695;1.53006;sun;On;On;Receiver;Off;-13.674867;-47.57954;0.0022944445;None;NO
44260;98.33845;1.53036;sun;On;On;Receiver;Off;-13.908976;-48.1874;0.0022944445;None;NO
44270;98.37994;1.53066;sun;On;On;Receiver;Off;-14.147751;-48.79494;0.0022944445;None;NO
44280;98.42143;1.53096;sun;On;On;Receiver;Off;-14.391407;-49.40215;0.0022944445;None;NO
44290;98.46292;1.53126;sun;On;On;Receiver;Off;-14.64017;-50.009003;0.0022944445;None;NO
44300;98.50442;1.53156;sun;On;On;Receiver;Off;-14.894284;-50.615494;0.0022944445;None;NO
44310;98.54591;1.53186;sun;On;On;Receiver;Off;-15.154002;-51.221596;0.0022944445;None;NO
44320;98.5874;1.53216;sun;On;On;Receiver;Off;-15.419599;-51.827293;0.0022944445;None;NO
44330;98.6289;1.53246;sun;On;On;Receiver;Off;-15.6913595;-52.432568;0.0022944445;None;NO
44340;98.670395;1.53276;sun;On;On;Receiver;Off;-15.969594;-53.0374;0.0022944445;None;NO
44350;98.71188;1.53306;sun;On;On;Receiver;Off;-16.254627;-53.64176;0.0022944445;None;NO
44360;98.75338;1.53336;sun;On;On;Receiver;Off;-16.546808;-54.24563;0.0022944445;None;NO
44370;98.79487;1.53366;sun;On;On;Receiver;Off;-16.846508;-54.84898;0.0022944445;None;NO
44380;98.836365;1.53396;sun;On;On;Receiver;Off;-17.154123;-55.451786;0.0022944445;None;NO
44390;98.87786;1.53426;sun;On;On;Receiver;Off;-17.470076;-56.054016;0.0022944445;None;NO
44400;98.91935;1.53456;sun;On;On;Receiver;Off;-17.794819;-56.655643;0.0022944445;None;NO
44410;98.960846;1.53486;sun;On;On;Receiver;Off;-18.12884;-57.256626;0.0022944445;None;NO
44420;99.00234;1.53516;sun;On;On;Receiver;Off;-18.472658;-57.856934;0.0022944445;None;NO
44430;99.04383;1.53546;sun;On;On;Receiver;Off;-18.826828;-58.456524;0.0022944445;None;NO
44440;99.08533;1.53576;sun;On;On;Receiver;Off;-19.191954;-59.055355;0.0022944445;None;NO
44450;99.126816;1.53606;sun;On;On;Receiver;Off;-19.568678;-59.653385;0.0022944445;None;NO
44460;99.16831;1.53636;sun;On;On;Receiver;Off;-19.957695;-60.25056;0.0022944445;None;NO
44470;99.20981;1.53666;sun;On;On;Receiver;Off;-20.359753;-60.846832;0.0022944445;None;NO
44480;99.2513;1.53696;sun;On;On;Receiver;Off;-20.77566;-61.442142;0.0022944445;None;NO
44490;99.29279;1.53726;sun;On;On;Receiver;Off;-21.206291;-62.03643;0.0022944445;None;NO
44500;99.33429;1.53756;sun;On;On;Receiver;Off;-21.652592;-62.629623;0.0022944445;None;NO
44510;99.37578;1.53786;sun;On;On;Receiver;Off;-22.115585;-63.221657;0.0022944445;None;NO
44520;99.417274;1.53816;sun;On;On;Receiver;Off;-22.596386;-63.812443;0.0022944445;None;NO
44530;99.45876;1.53846;sun;On;On;Receiver;Off;-23.096199;-64.4019;0.0022944445;None;NO
44540;99.50026;1.53876;sun;On;On;Receiver;Off;-23.61634;-64.98994;0.0022944445;None;NO
44550;99.541756;1.53906;sun;On;On;Receiver;Off;-24.158245;-65.57645;0.0022944445;None;NO
44560;99.583244;1.53936;sun;On;On;Receiver;Off;-24.723475;-66.16131;0.0022944445;None;NO
44570;99.62474;1.53966;sun;On;On;Receiver;Off;-25.313738;-66.74441;0.0022944445;None;NO
44580;99.66624;1.53996;sun;On;On;Receiver;Off;-25.930906;-67.32561;0.0022944445;None;NO
44590;99.707726;1.54026;sun;On;On;Receiver;Off;-26.577028;-67.90476;0.0022944445;None;NO
44600;99.74922;1.54056;sun;On;On;Receiver;Off;-27.254354;-68.48169;0.0022944445;None;NO
44610;99.79071;1.54086;sun;On;On;Receiver;Off;-27.96536;-69.05622;0.0022944445;None;NO
44620;99.83221;1.54116;sun;On;On;Receiver;Off;-28.712765;-69.62814;0.0022944445;None;NO
44630;99.8737;1.54146;sun;On;On;Receiver;Off;-29.499567;-70.197235;0.0022944445;None;NO
44640;99.91519;1.54176;sun;On;On;Receiver;Off;-30.32908;-70.763245;0.0022944445;None;NO
44650;99.95669;1.54206;sun;On;On;Receiver;Off;-31.204962;-71.32589;0.0022944445;None;NO
44660;99.988075;1.54236;sun;On;On;Receiver;Off;-32.131256;-71.884865;0.0022944445;None;NO
44670;99.988075;1.54266;sun;On;On;Receiver;Off;-33.112442;-72.439804;0.0022944445;None;NO
44680;99.988075;1.54296;sun;On;On;Receiver;Off;-34.153477;-72.99032;0.0022944445;None;NO
44690;99.988075;1.54326;sun;On;On;Receiver;Off;-35.25986;-73.53597;0.0022944445;None;NO
44700;99.988075;1.54356;sun;On;On;Receiver;Off;-36.437683;-74.076256;0.0022944445;None;NO
44710;99.988075;1.54386;sun;On;On;Receiver;Off;-37.693687;-74.6106;0.0022944445;None;NO
44720;99.988075;1.54416;sun;On;On;Receiver;Off;-39.03534;-75.138374;0.0022944445;None;NO
44730;99.988075;1.54446;sun;On;On;Receiver;Off;-40.470875;-75.65885;0.0022944445;None;NO
44740;99.988075;1.54476;sun;On;On;Receiver;Off;-42.009377;-76.171196;0.0022944445;None;NO
44750;99.988075;1.54506;sun;On;On;Receiver;Off;-43.660797;-76.674484;0.0022944445;None;NO
44760;99.988075;1.54536;sun;On;On;Receiver;Off;-45.43598;-77.16764;0.0022944445;None;NO
44770;99.988075;1.54566;sun;On;On;Receiver;Off;-47.346672;-77.64945;0.0022944445;None;NO
44780;99.988075;1.54596;sun;On;On;Receiver;Off;-49.40541;-78.118546;0.0022944445;None;NO
44790;99.988075;1.54626;sun;On;On;Receiver;Off;-51.625416;-78.57334;0.0022944445;None;NO
44800;99.988075;1.54656;sun;On;On;Receiver;Off;-54.020306;-79.01208;0.0022944445;None;NO
44810;99.988075;1.54686;sun;On;On;Receiver;Off;-56.60368;-79.43274;0.0022944445;None;NO
44820;99.988075;1.54716;sun;On;On;Receiver;Off;-59.388523;-79.8331;0.0022944445;None;NO
44830;99.988075;1.54746;sun;On;On;Receiver;Off;-62.386356;-80.21065;0.0022944445;None;NO
44840;99.988075;1.54776;sun;On;On;Receiver;Off;-65.60612;-80.56266;0.0022944445;None;NO
44850;99.988075;1.54806;sun;On;On;Receiver;Off;-69.05278;-80.88617;0.0022944445;None;NO
44860;99.988075;1.54836;sun;On;On;Receiver;Off;-72.72578;-81.17805;0.0022944445;None;NO
44870;99.988075;1.54866;sun;On;On;Receiver;Off;-76.61734;-81.43505;0.0022944445;None;NO
44880;99.988075;1.54896;sun;On;On;Receiver;Off;-80.71101;-81.65395;0.0022944445;None;NO
44890;99.988075;1.54926;sun;On;On;Receiver;Off;-84.98069;-81.8317;0.0022944445;None;NO
44900;99.988075;1.54956;sun;On;On;Receiver;Off;-89.390495;-81.96557;0.0022944445;None;NO
44910;99.988075;1.54986;sun;On;On;Receiver;Off;-93.89578;-82.05332;0.0022944445;None;NO
44920;99.988075;1.55016;sun;On;On;Receiver;Off;-98.44548;-82.09343;0.0022944445;None;NO
44930;99.988075;1.55046;sun;On;On;Receiver;Off;-102.98535;-82.08517;0.0022944445;None;NO
44940;99.988075;1.55076;sun;On;On;Receiver;Off;-107.46185;-82.02869;0.0022944445;None;NO
44950;99.988075;1.55106;sun;On;On;Receiver;Off;-111.82589;-81.925;0.0022944445;None;NO
44960;99.988075;1.55136;sun;On;On;Receiver;Off;-116.03579;-81.7759;0.0022944445;None;NO
44970;99.988075;1.55166;sun;On;On;Receiver;Off;-120.05914;-81.58379;0.0022944445;None;NO
44980;99.988075;1.55196;sun;On;On;Receiver;Off;-123.873375;-81.35154;0.0022944445;None;NO
44990;99.988075;1.55226;sun;On;On;Receiver;Off;-127.46531;-81.08228;0.0022944445;None;NO
45000;99.988075;1.55256;sun;On;On;Receiver;Off;-130.82997;-80.77926;0.0022944445;None;NO
45010;99.988075;1.55286;sun;On;On;Receiver;Off;-133.96896;-80.44569;0.0022944445;None;NO
45020;99.988075;1.55316;sun;On;On;Receiver;Off;-136.88887;-80.08464;0.0022944445;None;NO
45030;99.988075;1.55346;sun;On;On;Receiver;Off;-139.5997;-79.69902;0.0022944445;None;NO
45040;99.988075;1.55376;sun;On;On;Receiver;Off;-142.11362;-79.29147;0.0022944445;None;NO
45050;99.988075;1.55406;sun;On;On;Receiver;Off;-144.44392;-78.8644;0.0022944445;None;NO
45060;99.988075;1.55436;sun;On;On;Receiver;Off;-146.60428;-78.41998;0.0022944445;None;NO
45070;99.988075;1.55466;sun;On;On;Receiver;Off;-148.60818;-77.96012;0.0022944445;None;NO
45080;99.988075;1.55496;sun;On;On;Receiver;Off;-150.46864;-77.48653;0.0022944445;None;NO
45090;99.988075;1.55526;sun;On;On;Receiver;Off;-152.19794;-77.0007;0.0022944445;None;NO
45100;99.988075;1.55556;sun;On;On;Receiver;Off;-153.80746;-76.50396;0.0022944445;None;NO
45110;99.988075;1.55586;sun;On;On;Receiver;Off;-155.30777;-75.997475;0.0022944445;None;NO
45120;99.988075;1.55616;sun;On;On;Receiver;Off;-156.7085;-75.482254;0.0022944445;None;NO
45130;99.988075;1.55646;sun;On;On;Receiver;Off;-158.01837;-74.959206;0.0022944445;None;NO
45140;99.988075;1.55676;sun;On;On;Receiver;Off;-159.24539;-74.42911;0.0022944445;None;NO
45150;99.988075;1.55706;sun;On;On;Receiver;Off;-160.39673;-73.89267;0.0022944445;None;NO
45160;99.988075;1.55736;sun;On;On;Receiver;Off;-161.4789;-73.350494;0.0022944445;None;NO
45170;99.988075;1.55766;sun;On;On;Receiver;Off;-162.49777;-72.80313;0.0022944445;None;NO
45180;99.988075;1.55796;sun;On;On;Receiver;Off;-163.45863;-72.25106;0.0022944445;None;NO
45190;99.988075;1.55826;sun;On;On;Receiver;Off;-164.36627;-71.6947;0.0022944445;None;NO
45200;99.988075;1.55856;sun;On;On;Receiver;Off;-165.225;-71.134445;0.0022944445;None;NO
45210;99.988075;1.55886;sun;On;On;Receiver;Off;-166.03873;-70.57062;0.0022944445;None;NO
45220;99.988075;1.55916;sun;On;On;Receiver;Off;-166.81097;-70.003525;0.0022944445;None;NO
45230;99.988075;1.55946;sun;On;On;Receiver;Off;-167.54494;-69.43344;0.0022944445;None;NO
45240;99.988075;1.55976;sun;On;On;Receiver;Off;-168.2435;-68.8606;0.0022944445;None;NO
45250;99.988075;1.56006;sun;On;On;Receiver;Off;-168.90932;-68.28523;0.0022944445;None;NO
45260;99.988075;1.56036;sun;On;On;Receiver;Off;-169.54475;-67.70753;0.0022944445;None;NO
45270;99.988075;1.56066;sun;On;On;Receiver;Off;-170.15201;-67.12766;0.0022944445;None;NO
45280;99.988075;1.56096;sun;On;On;Receiver;Off;-170.73305;-66.54579;0.0022944445;None;NO
45290;99.988075;1.56126;sun;On;On;Receiver;Off;-171.28969;-65.962074;0.0022944445;None;NO
45300;99.988075;1.56156;sun;On;On;Receiver;Off;-171.82358;-65.37664;0.0022944445;None;NO
45310;99.988075;1.56186;sun;On;On;Receiver;Off;-172.33623;-64.7896;0.0022944445;None;NO
45320;99.988075;1.56216;sun;On;On;Receiver;Off;-172.82906;-64.201065;0.0022944445;None;NO
45330;99.988075;1.56246;sun;On;On;Receiver;Off;-173.3033;-63.611145;0.0022944445;None;NO
45340;99.988075;1.56276;sun;On;On;Receiver;Off;-173.76016;-63.019924;0.0022944445;None;NO
45350;99.988075;1.56306;sun;On;On;Receiver;Off;-174.2007;-62.42749;0.0022944445;None;NO
45360;99.988075;1.56336;sun;On;On;Receiver;Off;-174.62592;-61.83391;0.0022944445;None;NO
45370;99.988075;1.56366;sun;On;On;Receiver;Off;-175.03674;-61.23927;0.0022944445;None;NO
45380;99.988075;1.56396;sun;On;On;Receiver;Off;-175.434;-60.643627;0.0022944445;None;NO
45390;99.988075;1.56426;sun;On;On;Receiver;Off;-175.81851;-60.04704;0.0022944445;None;NO
45400;99.988075;1.56456;sun;On;On;Receiver;Off;-176.19098;-59.449566;0.0022944445;None;NO
45410;99.988075;1.56486;sun;On;On;Receiver;Off;-176.5521;-58.851257;0.0022944445;None;NO
45420;99.988075;1.56516;sun;On;On;Receiver;Off;-176.90247;-58.252163;0.0022944445;None;NO
45430;99.988075;1.56546;sun;On;On;Receiver;Off;-177.24269;-57.65232;0.0022944445;None;NO
45440;99.988075;1.56576;sun;On;On;Receiver;Off;-177.57332;-57.05178;0.0022944445;None;NO
45450;99.988075;1.56606;sun;On;On;Receiver;Off;-177.89484;-56.450573;0.0022944445;None;NO
45460;99.988075;1.56636;sun;On;On;Receiver;Off;-178.20773;-55.84874;0.0022944445;None;NO
45470;99.988075;1.56666;sun;On;On;Receiver;Off;-178.51245;-55.24631;0.0022944445;None;NO
45480;99.988075;1.56696;sun;On;On;Receiver;Off;-178.80939;-54.643314;0.0022944445;None;NO
45490;99.988075;1.56726;sun;On;On;Receiver;Off;-179.09895;-54.039783;0.0022944445;None;NO
45500;99.988075;1.56756;sun;On;On;Receiver;Off;-179.3815;-53.435745;0.0022944445;None;NO
45510;99.988075;1.56786;sun;On;On;Receiver;Off;-179.65736;-52.83122;0.0022944445;None;NO
45520;99.988075;1.56816;sun;On;On;Receiver;Off;-179.92688;-52.226234;0.0022944445;None;NO
45530;99.988075;1.56846;sun;On;On;Receiver;Off;179.80968;-51.620815;0.0022944445;None;NO
45540;99.988075;1.56876;sun;On;On;Receiver;Off;179.55202;-51.014977;0.0022944445;None;NO
45550;99.988075;1.56906;sun;On;On;Receiver;Off;179.29985;-50.408737;0.0022944445;None;NO
45560;99.988075;1.56936;sun;On;On;Receiver;Off;179.05296;-49.802124;0.0022944445;None;NO
45570;99.988075;1.56966;sun;On;On;Receiver;Off;178.81108;-49.195145;0.0022944445;None;NO
45580;99.988075;1.56996;sun;On;On;Receiver;Off;178.57402;-48.587822;0.0022944445;None;NO
45590;99.988075;1.57026;sun;On;On;Receiver;Off;178.34154;-47.98017;0.0022944445;None;NO
45600;99.988075;1.57056;sun;On;On;Receiver;Off;178.11345;-47.372204;0.0022944445;None;NO
45610;99.988075;1.57086;sun;On;On;Receiver;Off;177.88956;-46.763935;0.0022944445;None;NO
45620;99.988075;1.57116;sun;On;On;Receiver;Off;177.66971;-46.155376;0.0022944445;None;NO
45630;99.988075;1.57146;sun;On;On;Receiver;Off;177.4537;-45.546543;0.0022944445;None;NO
45640;99.988075;1.57176;sun;On;On;Receiver;Off;177.2414;-44.937443;0.0022944445;None;NO
45650;99.988075;1.57206;sun;On;On;Receiver;Off;177.03262;-44.32809;0.0022944445;None;NO
45660;99.988075;1.57236;sun;On;On;Receiver;Off;176.82726;-43.718494;0.0022944445;None;NO
45670;99.988075;1.57266;sun;On;On;Receiver;Off;176.62515;-43.108665;0.0022944445;None;NO
45680;99.988075;1.57296;sun;On;On;Receiver;Off;176.42618;-42.498615;0.0022944445;None;NO
45690;99.988075;1.57326;sun;On;On;Receiver;Off;176.23021;-41.888348;0.0022944445;None;NO
45700;99.988075;1.57356;sun;On;On;Receiver;Off;176.03712;-41.277874;0.0022944445;None;NO
45710;99.988075;1.57386;sun;On;On;Receiver;Off;175.84682;-40.667202;0.0022944445;None;NO
45720;99.988075;1.57416;sun;On;On;Receiver;Off;175.65918;-40.056343;0.0022944445;None;NO
45730;99.988075;1.57446;sun;On;On;Receiver;Off;175.4741;-39.4453;0.0022944445;None;NO
45740;99.988075;1.57476;sun;On;On;Receiver;Off;175.29149;-38.83408;0.0022944445;None;NO
45750;99.988075;1.57506;sun;On;On;Receiver;Off;175.11125;-38.22269;0.0022944445;None;NO
45760;99.988075;1.57536;sun;On;On;Receiver;Off;174.9333;-37.61114;0.0022944445;None;NO
45770;99.988075;1.57566;sun;On;On;Receiver;Off;174.75754;-36.999435;0.0022944445;None;NO
45780;99.988075;1.57596;sun;On;On;Receiver;Off;174.5839;-36.387577;0.0022944445;None;NO
45790;99.988075;1.57626;sun;On;On;Receiver;Off;174.4123;-35.775574;0.0022944445;None;NO
45800;99.988075;1.57656;sun;On;On;Receiver;Off;174.24265;-35.163433;0.0022944445;None;NO
45810;99.988075;1.57686;sun;On;On;Receiver;Off;174.07489;-34.55116;0.0022944445;None;NO
45820;99.988075;1.57716;sun;On;On;Receiver;Off;173.90895;-33.93875;0.0022944445;None;NO
45830;99.988075;1.57746;sun;On;On;Receiver;Off;173.74477;-33.326225;0.0022944445;None;NO
45840;99.988075;1.57776;sun;On;On;Receiver;Off;173.58228;-32.713573;0.0022944445;None;NO
45850;99.988075;1.57806;sun;On;On;Receiver;Off;173.42142;-32.10081;0.0022944445;None;NO
45860;99.988075;1.57836;sun;On;On;Receiver;Off;173.26212;-31.487934;0.0022944445;None;NO
45870;99.988075;1.57866;sun;On;On;Receiver;Off;173.10432;-30.87495;0.0022944445;None;NO
45880;99.988075;1.57896;sun;On;On;Receiver;Off;172.948;-30.261864;0.0022944445;None;NO
45890;99.988075;1.57926;sun;On;On;Receiver;Off;172.79308;-29.648678;0.0022944445;None;NO
45900;99.988075;1.57956;sun;On;On;Receiver;Off;172.6395;-29.035395;0.0022944445;None;NO
45910;99.988075;1.57986;sun;On;On;Receiver;Off;172.48723;-28.42202;0.0022944445;None;NO
45920;99.988075;1.58016;sun;On;On;Receiver;Off;172.33621;-27.808556;0.0022944445;None;NO
45930;99.988075;1.58046;sun;On;On;Receiver;Off;172.18642;-27.195007;0.0022944445;None;NO
45940;99.988075;1.58076;sun;On;On;Receiver;Off;172.03778;-26.581375;0.0022944445;None;NO
45950;99.988075;1.58106;sun;On;On;Receiver;Off;171.89027;-25.967663;0.0022944445;None;NO
45960;99.988075;1.58136;sun;On;On;Receiver;Off;171.74384;-25.353874;0.0022944445;None;NO
45970;99.988075;1.58166;sun;On;On;Receiver;Off;171.59845;-24.740011;0.0022944445;None;NO
45980;99.988075;1.58196;sun;On;On;Receiver;Off;171.45407;-24.126078;0.0022944445;None;NO
45990;99.988075;1.58226;sun;On;On;Receiver;Off;171.31065;-23.512075;0.0022944445;None;NO
46000;99.988075;1.58256;sun;On;On;Receiver;Off;171.16817;-22.898008;0.0022944445;None;NO
46010;99.988075;1.58286;sun;On;On;Receiver;Off;171.02658;-22.283876;0.0022944445;None;NO
46020;99.988075;1.58316;sun;On;On;Receiver;Off;170.88585;-21.669683;0.0022944445;None;NO
46030;99.988075;1.58346;sun;On;On;Receiver;Off;170.74594;-21.055433;0.0022944445;None;NO
46040;99.988075;1.58376;sun;On;On;Receiver;Off;170.60683;-20.441126;0.0022944445;None;NO
46050;99.988075;1.58406;sun;On;On;Receiver;Off;170.46848;-19.826765;0.0022944445;None;NO
46060;99.988075;1.58436;sun;On;On;Receiver;Off;170.33086;-19.212353;0.0022944445;None;NO
46070;99.988075;1.58466;sun;On;On;Receiver;Off;170.19394;-18.597889;0.0022944445;None;NO
46080;99.988075;1.58496;sun;On;On;Receiver;Off;170.0577;-17.98338;0.0022944445;None;NO
46090;99.988075;1.58526;sun;On;On;Receiver;Off;169.92209;-17.368822;0.0022944445;None;NO
46100;99.988075;1.58556;sun;On;On;Receiver;Off;169.7871;-16.754223;0.0022944445;None;NO
46110;99.988075;1.58586;sun;On;On;Receiver;Off;169.6527;-16.139582;0.0022944445;None;NO
46120;99.988075;1.58616;sun;On;On;Receiver;Off;169.51886;-15.5248995;0.0022944445;None;NO
46130;99.988075;1.58646;sun;On;On;Receiver;Off;169.38556;-14.91018;0.0022944445;None;NO
46140;99.988075;1.58676;sun;On;On;Receiver;Off;169.25276;-14.295424;0.0022944445;None;NO
46150;99.988075;1.58706;sun;On;On;Receiver;Off;169.12045;-13.680634;0.0022944445;None;NO
46160;99.988075;1.58736;sun;On;On;Receiver;Off;168.9886;-13.06581;0.0022944445;None;NO
46170;99.988075;1.58766;sun;On;On;Receiver;Off;168.8572;-12.450956;0.0022944445;None;NO
46180;99.988075;1.58796;sun;On;On;Receiver;Off;168.7262;-11.836072;0.0022944445;None;NO
46190;99.988075;1.58826;sun;On;On;Receiver;Off;168.5956;-11.22116;0.0022944445;None;NO
46200;99.988075;1.58856;sun;On;On;Receiver;Off;168.46535;-10.606222;0.0022944445;None;NO
46210;99.988075;1.58886;sun;On;On;Receiver;Off;168.33545;-9.99126;0.0022944445;None;NO
46220;99.988075;1.58916;sun;On;On;Receiver;Off;168.20587;-9.376273;0.0022944445;None;NO
46230;99.988075;1.58946;sun;On;On;Receiver;Off;168.0766;-8.761266;0.0022944445;None;NO
46240;99.988075;1.58976;sun;On;On;Receiver;Off;167.9476;-8.146238;0.0022944445;None;NO
46250;99.988075;1.59006;sun;On;On;Receiver;Off;167.81886;-7.5311923;0.0022944445;None;NO
46260;99.988075;1.59036;sun;On;On;Receiver;Off;167.69035;-6.916129;0.0022944445;None;NO
46270;99.988075;1.59066;sun;On;On;Receiver;Off;167.56207;-6.30105;0.0022944445;None;NO
46280;99.988075;1.59096;sun;On;On;Receiver;Off;167.43398;-5.685957;0.0022944445;None;NO
46290;99.988075;1.59126;sun;On;On;Receiver;Off;167.30606;-5.070851;0.0022944445;None;NO
46300;99.988075;1.59156;sun;On;On;Receiver;Off;167.1783;-4.455734;0.0022944445;None;NO
46310;99.988075;1.59186;sun;On;On;Receiver;Off;167.05066;-3.8406062;0.0022944445;None;NO
46320;99.988075;1.59216;sun;On;On;Receiver;Off;166.92314;-3.2254703;0.0022944445;None;NO
46330;99.988075;1.59246;sun;On;On;Receiver;Off;166.79572;-2.6103272;0.0022944445;None;NO
46340;99.988075;1.59276;sun;On;On;Receiver;Off;166.66837;-1.9951783;0.0022944445;None;NO
46350;99.988075;1.59306;sun;On;On;Receiver;Off;166.54108;-1.380025;0.0022944445;None;NO
46360;99.988075;1.59336;sun;On;On;Receiver;Off;166.4138;-0.76486856;0.0022944445;None;NO
46370;99.988075;1.59366;sun;On;On;Receiver;Off;166.28656;-0.14971042;0.0022944445;None;NO
46380;99.988075;1.59396;sun;On;On;Receiver;Off;166.1593;0.46544805;0.0022944445;None;NO
46390;99.988075;1.59426;sun;On;On;Receiver;Off;166.03203;1.0806055;0.0022944445;None;NO
46400;99.988075;1.59456;sun;On;On;Receiver;Off;165.90471;1.6957605;0.0022944445;None;NO
46410;99.988075;1.59486;sun;On;On;Receiver;Off;165.77731;2.310912;0.0022944445;None;NO
46420;99.988075;1.59516;sun;On;On;Receiver;Off;165.64984;2.9260578;0.0022944445;None;NO
46430;99.988075;1.59546;sun;On;On;Receiver;Off;165.52226;3.5411975;0.0022944445;None;NO
46440;99.988075;1.59576;sun;On;On;Receiver;Off;165.39456;4.156329;0.0022944445;None;NO
46450;99.988075;1.59606;sun;On;On;Receiver;Off;165.26672;4.7714515;0.0022944445;None;NO
46460;99.988075;1.59636;sun;On;On;Receiver;Off;165.1387;5.3865633;0.0022944445;None;NO
46470;99.988075;1.59666;sun;On;On;Receiver;Off;165.01051;6.0016627;0.0022944445;None;NO
46480;99.988075;1.59696;sun;On;On;Receiver;Off;164.88211;6.616749;0.0022944445;None;NO
46490;99.988075;1.59726;sun;On;On;Receiver;Off;164.7535;7.23182;0.0022944445;None;NO
46500;99.988075;1.59756;sun;On;On;Receiver;Off;164.62462;7.8468747;0.0022944445;None;NO
46510;99.988075;1.59786;sun;On;On;Receiver;Off;164.49547;8.461911;0.0022944445;None;NO
46520;99.988075;1.59816;sun;On;On;Receiver;Off;164.36604;9.076929;0.0022944445;None;NO
46530;99.988075;1.59846;sun;On;On;Receiver;Off;164.2363;9.691925;0.0022944445;None;NO
46540;99.988075;1.59876;sun;On;On;Receiver;Off;164.10622;10.3069;0.0022944445;None;NO
46550;99.988075;1.59906;sun;On;On;Receiver;Off;163.97578;10.92185;0.0022944445;None;NO
46560;99.988075;1.59936;sun;On;On;Receiver;Off;163.84497;11.536775;0.0022944445;None;NO
46570;99.988075;1.59966;sun;On;On;Receiver;Off;163.71376;12.151672;0.0022944445;None;NO
46580;99.988075;1.59996;sun;On;On;Receiver;Off;163.58212;12.7665415;0.0022944445;None;NO
46590;99.988075;1.60026;sun;On;On;Receiver;Off;163.45003;13.38138;0.0022944445;None;NO
46600;99.988075;1.60056;sun;On;On;Receiver;Off;163.31746;13.996187;0.0022944445;None;NO
46610;99.988075;1.60086;sun;On;On;Receiver;Off;163.1844;14.61096;0.0022944445;None;NO
46620;99.988075;1.60116;sun;On;On;Receiver;Off;163.05081;15.2256975;0.0022944445;None;NO
46630;99.988075;1.60146;sun;On;On;Receiver;Off;162.91669;15.840398;0.0022944445;None;NO
46640;99.988075;1.60176;sun;On;On;Receiver;Off;162.78197;16.45506;0.0022944445;None;NO
46650;99.988075;1.60206;sun;On;On;Receiver;Off;162.64667;17.06968;0.0022944445;None;NO
46660;99.988075;1.60236;sun;On;On;Receiver;Off;162.51071;17.684258;0.0022944445;None;NO
46670;99.988075;1.60266;sun;On;On;Receiver;Off;162.37411;18.29879;0.0022944445;None;NO
46680;99.988075;1.60296;sun;On;On;Receiver;Off;162.23683;18.913277;0.0022944445;None;NO
46690;99.988075;1.60326;sun;On;On;Receiver;Off;162.09882;19.527714;0.0022944445;None;NO
46700;99.988075;1.60356;sun;On;On;Receiver;Off;161.96007;20.142101;0.0022944445;None;NO
46710;99.988075;1.60386;sun;On;On;Receiver;Off;161.82054;20.756433;0.0022944445;None;NO
46720;99.988075;1.60416;sun;On;On;Receiver;Off;161.68019;21.370712;0.0022944445;None;NO
46730;99.988075;1.60446;sun;On;On;Receiver;Off;161.539;21.984934;0.0022944445;None;NO
46740;99.988075;1.60476;sun;On;On;Receiver;Off;161.39694;22.599094;0.0022944445;None;NO
46750;99.988075;1.60506;sun;On;On;Receiver;Off;161.25397;23.213194;0.0022944445;None;NO
46760;99.988075;1.60536;sun;On;On;Receiver;Off;161.11005;23.827229;0.0022944445;None;NO
46770;99.988075;1.60566;sun;On;On;Receiver;Off;160.96513;24.441196;0.0022944445;None;NO
46780;99.988075;1.60596;sun;On;On;Receiver;Off;160.8192;25.055094;0.0022944445;None;NO
46790;99.988075;1.60626;sun;On;On;Receiver;Off;160.6722;25.668919;0.0022944445;None;NO
46800;99.988075;1.60656;sun;On;On;Receiver;Off;160.5241;26.282667;0.0022944445;None;NO
46810;99.988075;1.60686;sun;On;On;Receiver;Off;160.37483;26.89634;0.0022944445;None;NO
46820;99.988075;1.60716;sun;On;On;Receiver;Off;160.2244;27.50993;0.0022944445;None;NO
46830;99.988075;1.60746;sun;On;On;Receiver;Off;160.07272;28.123436;0.0022944445;None;NO
46840;99.988075;1.60776;sun;On;On;Receiver;Off;159.91977;28.736853;0.0022944445;None;NO
46850;99.988075;1.60806;sun;On;On;Receiver;Off;159.76547;29.350182;0.0022944445;None;NO
46860;99.988075;1.60836;sun;On;On;Receiver;Off;159.60982;29.963415;0.0022944445;None;NO
46870;99.988075;1.60866;sun;On;On;Receiver;Off;159.45271;30.57655;0.0022944445;None;NO
46880;99.988075;1.60896;sun;On;On;Receiver;Off;159.29413;31.189585;0.0022944445;None;NO
46890;99.988075;1.60926;sun;On;On;Receiver;Off;159.134;31.802513;0.0022944445;None;NO
46900;99.988075;1.60956;sun;On;On;Receiver;Off;158.97227;32.415333;0.0022944445;None;NO
46910;99.988075;1.60986;sun;On;On;Receiver;Off;158.80888;33.028038;0.0022944445;None;NO
46920;99.988075;1.61016;sun;On;On;Receiver;Off;158.64378;33.64063;0.0022944445;None;NO
46930;99.988075;1.61046;sun;On;On;Receiver;Off;158.47688;34.253094;0.0022944445;None;NO
46940;99.988075;1.61076;sun;On;On;Receiver;Off;158.30814;34.865433;0.0022944445;None;NO
46950;99.988075;1.61106;sun;On;On;Receiver;Off;158.13745;35.47764;0.0022944445;None;NO
46960;99.988075;1.61136;sun;On;On;Receiver;Off;157.96477;36.08971;0.0022944445;None;NO
46970;99.988075;1.61166;sun;On;On;Receiver;Off;157.79001;36.701637;0.0022944445;None;NO
46980;99.988075;1.61196;sun;On;On;Receiver;Off;157.6131;37.31342;0.0022944445;None;NO
46990;99.988075;1.61226;sun;On;On;Receiver;Off;157.43393;37.92505;0.0022944445;None;NO
47000;99.988075;1.61256;sun;On;On;Receiver;Off;157.25244;38.536514;0.0022944445;None;NO
47010;99.988075;1.61286;sun;On;On;Receiver;Off;157.06853;39.147816;0.0022944445;None;NO
47020;99.988075;1.61316;sun;On;On;Receiver;Off;156.8821;39.758945;0.0022944445;None;NO
47030;99.988075;1.61346;sun;On;On;Receiver;Off;156.69305;40.3699;0.0022944445;None;NO
47040;99.988075;1.61376;sun;On;On;Receiver;Off;156.50128;40.980663;0.0022944445;None;NO
47050;99.988075;1.61406;sun;On;On;Receiver;Off;156.30667;41.591232;0.0022944445;None;NO
47060;99.988075;1.61436;sun;On;On;Receiver;Off;156.10912;42.2016;0.0022944445;None;NO
47070;99.988075;1.61466;sun;On;On;Receiver;Off;155.9085;42.81176;0.0022944445;None;NO
47080;99.988075;1.61496;sun;On;On;Receiver;Off;155.70467;43.421696;0.0022944445;None;NO
47090;99.988075;1.61526;sun;On;On;Receiver;Off;155.49751;44.031406;0.0022944445;None;NO
47100;99.988075;1.61556;sun;On;On;Receiver;Off;155.28688;44.64088;0.0022944445;None;NO
47110;99.988075;1.61586;sun;On;On;Receiver;Off;155.07262;45.250103;0.0022944445;None;NO
47120;99.988075;1.61616;sun;On;On;Receiver;Off;154.85458;45.859066;0.0022944445;None;NO
47130;99.988075;1.61646;sun;On;On;Receiver;Off;154.6326;46.467762;0.0022944445;None;NO
47140;99.988075;1.61676;sun;On;On;Receiver;Off;154.4065;47.07617;0.0022944445;None;NO
47150;99.988075;1.61706;sun;On;On;Receiver;Off;154.1761;47.684288;0.0022944445;None;NO
47160;99.988075;1.61736;sun;On;On;Receiver;Off;153.9412;48.292095;0.0022944445;None;NO
47170;99.988075;1.61766;sun;On;On;Receiver;Off;153.7016;48.899582;0.0022944445;None;NO
47180;99.988075;1.61796;sun;On;On;Receiver;Off;153.45708;49.50673;0.0022944445;None;NO
47190;99.988075;1.61826;sun;On;On;Receiver;Off;153.20741;50.11352;0.0022944445;None;NO
47200;99.988075;1.61856;sun;On;On;Receiver;Off;152.95235;50.719944;0.0022944445;None;NO
47210;99.988075;1.61886;sun;On;On;Receiver;Off;152.69164;51.32598;0.0022944445;None;NO
47220;99.988075;1.61916;sun;On;On;Receiver;Off;152.425;51.931606;0.0022944445;None;NO
47230;99.988075;1.61946;sun;On;On;Receiver;Off;152.15215;52.536808;0.0022944445;None;NO
47240;99.988075;1.61976;sun;On;On;Receiver;Off;151.87277;53.14156;0.0022944445;None;NO
47250;99.988075;1.62006;sun;On;On;Receiver;Off;151.58653;53.74584;0.0022944445;None;NO
47260;99.988075;1.62036;sun;On;On;Receiver;Off;151.29308;54.349617;0.0022944445;None;NO
47270;99.988075;1.62066;sun;On;On;Receiver;Off;150.99205;54.952877;0.0022944445;None;NO
47280;99.988075;1.62096;sun;On;On;Receiver;Off;150.68303;55.555588;0.0022944445;None;NO
47290;99.988075;1.62126;sun;On;On;Receiver;Off;150.36559;56.157715;0.0022944445;None;NO
47300;99.988075;1.62156;sun;On;On;Receiver;Off;150.03928;56.75923;0.0022944445;None;NO
47310;99.988075;1.62186;sun;On;On;Receiver;Off;149.70361;57.3601;0.0022944445;None;NO
47320;99.988075;1.62216;sun;On;On;Receiver;Off;149.35805;57.96029;0.0022944445;None;NO
47330;99.988075;1.62246;sun;On;On;Receiver;Off;149.00203;58.55975;0.0022944445;None;NO
47340;99.988075;1.62276;sun;On;On;Receiver;Off;148.63496;59.158447;0.0022944445;None;NO
47350;99.988075;1.62306;sun;On;On;Receiver;Off;148.25616;59.756332;0.0022944445;None;NO
47360;99.988075;1.62336;sun;On;On;Receiver;Off;147.86496;60.35336;0.0022944445;None;NO
47370;99.988075;1.62366;sun;On;On;Receiver;Off;147.46057;60.94947;0.0022944445;None;NO
47380;99.988075;1.62396;sun;On;On;Receiver;Off;147.04219;61.54461;0.0022944445;None;NO
47390;99.988075;1.62426;sun;On;On;Receiver;Off;146.60893;62.13871;0.0022944445;None;NO
47400;99.988075;1.62456;sun;On;On;Receiver;Off;146.15984;62.731712;0.0022944445;None;NO
47410;99.988075;1.62486;sun;On;On;Receiver;Off;145.69385;63.323532;0.0022944445;None;NO
47420;99.988075;1.62516;sun;On;On;Receiver;Off;145.20987;63.9141;0.0022944445;None;NO
47430;99.988075;1.62546;sun;On;On;Receiver;Off;144.70665;64.50332;0.0022944445;None;NO
47440;99.988075;1.62576;sun;On;On;Receiver;Off;144.18286;65.091095;0.0022944445;None;NO
47450;99.988075;1.62606;sun;On;On;Receiver;Off;143.63705;65.67733;0.0022944445;None;NO
47460;99.988075;1.62636;sun;On;On;Receiver;Off;143.06764;66.2619;0.0022944445;None;NO
47470;99.988075;1.62666;sun;On;On;Receiver;Off;142.47289;66.84468;0.0022944445;None;NO
47480;99.988075;1.62696;sun;On;On;Receiver;Off;141.85088;67.425545;0.0022944445;None;NO
47490;99.988075;1.62726;sun;On;On;Receiver;Off;141.19954;68.00432;0.0022944445;None;NO
47500;99.988075;1.62756;sun;On;On;Receiver;Off;140.5166;68.58085;0.0022944445;None;NO
47510;99.988075;1.62786;sun;On;On;Receiver;Off;139.79951;69.154945;0.0022944445;None;NO
47520;99.988075;1.62816;sun;On;On;Receiver;Off;139.04555;69.7264;0.0022944445;None;NO
47530;99.988075;1.62846;sun;On;On;Receiver;Off;138.25163;70.29498;0.0022944445;None;NO
47540;99.988075;1.62876;sun;On;On;Receiver;Off;137.4144;70.860435;0.0022944445;None;NO
47550;99.988075;1.62906;sun;On;On;Receiver;Off;136.53014;71.42247;0.0022944445;None;NO
47560;99.988075;1.62936;sun;On;On;Receiver;Off;135.59471;71.980774;0.0022944445;None;NO
47570;99.988075;1.62966;sun;On;On;Receiver;Off;134.60359;72.53498;0.0022944445;None;NO
47580;99.988075;1.62996;sun;On;On;Receiver;Off;133.5517;73.084694;0.0022944445;None;NO
47590;99.988075;1.63026;sun;On;On;Receiver;Off;132.43346;73.629456;0.0022944445;None;NO
47600;99.988075;1.63056;sun;On;On;Receiver;Off;131.24266;74.168755;0.0022944445;None;NO
47610;99.988075;1.63086;sun;On;On;Receiver;Off;129.97246;74.70202;0.0022944445;None;NO
47620;99.988075;1.63116;sun;On;On;Receiver;Off;128.61525;75.22859;0.0022944445;None;NO
47630;99.988075;1.63146;sun;On;On;Receiver;Off;127.162636;75.74773;0.0022944445;None;NO
47640;99.988075;1.63176;sun;On;On;Receiver;Off;125.605415;76.25858;0.0022944445;None;NO
47650;99.988075;1.63206;sun;On;On;Receiver;Off;123.93347;76.76021;0.0022944445;None;NO
47660;99.988075;1.63236;sun;On;On;Receiver;Off;122.1358;77.251495;0.0022944445;None;NO
47670;99.988075;1.63266;sun;On;On;Receiver;Off;120.20052;77.731224;0.0022944445;None;NO
47680;99.988075;1.63296;sun;On;On;Receiver;Off;118.11495;78.19797;0.0022944445;None;NO
47690;99.988075;1.63326;sun;On;On;Receiver;Off;115.86579;78.65013;0.0022944445;None;NO
47700;99.988075;1.63356;sun;On;On;Receiver;Off;113.43939;79.0859;0.0022944445;None;NO
47710;99.988075;1.63386;sun;On;On;Receiver;Off;110.822205;79.503235;0.0022944445;None;NO
47720;99.988075;1.63416;sun;On;On;Receiver;Off;108.001434;79.89985;0.0022944445;None;NO
47730;99.988075;1.63446;sun;On;On;Receiver;Off;104.965904;80.2732;0.0022944445;None;NO
47740;99.988075;1.63476;sun;On;On;Receiver;Off;101.707275;80.620514;0.0022944445;None;NO
47750;99.988075;1.63506;sun;On;On;Receiver;Off;98.2214;80.938805;0.0022944445;None;NO
47760;99.988075;1.63536;sun;On;On;Receiver;Off;94.509964;81.2249;0.0022944445;None;NO
47770;99.988075;1.63566;sun;On;On;Receiver;Off;90.58215;81.47557;0.0022944445;None;NO
47780;99.988075;1.63596;sun;On;On;Receiver;Off;86.45602;81.6876;0.0022944445;None;NO
47790;99.988075;1.63626;sun;On;On;Receiver;Off;82.15937;81.85797;0.0022944445;None;NO
47800;99.988075;1.63656;sun;On;On;Receiver;Off;77.72972;81.984024;0.0022944445;None;NO
47810;99.988075;1.63686;sun;On;On;Receiver;Off;73.213;82.06366;0.0022944445;None;NO
47820;99.988075;1.63716;sun;On;On;Receiver;Off;68.661095;82.09546;0.0022944445;None;NO
47830;99.988075;1.63746;sun;On;On;Receiver;Off;64.12841;82.07886;0.0022944445;None;NO
47840;99.988075;1.63776;sun;On;On;Receiver;Off;59.667957;82.01415;0.0022944445;None;NO
47850;99.988075;1.63806;sun;On;On;Receiver;Off;55.327744;81.9025;0.0022944445;None;NO
47860;99.988075;1.63836;sun;On;On;Receiver;Off;51.147945;81.7458;0.0022944445;None;NO
47870;99.988075;1.63866;sun;On;On;Receiver;Off;47.15929;81.546555;0.0022944445;None;NO
47880;99.988075;1.63896;sun;On;On;Receiver;Off;43.382664;81.30769;0.0022944445;None;NO
47890;99.988075;1.63926;sun;On;On;Receiver;Off;39.82973;81.03239;0.0022944445;None;NO
47900;99.988075;1.63956;sun;On;On;Receiver;Off;36.50423;80.72388;0.0022944445;None;NO
47910;99.988075;1.63986;sun;On;On;Receiver;Off;33.40357;80.38535;0.0022944445;None;NO
47920;99.988075;1.64016;sun;On;On;Receiver;Off;30.52047;80.01988;0.0022944445;None;NO
47930;99.988075;1.64046;sun;On;On;Receiver;Off;27.844471;79.630295;0.0022944445;None;NO
47940;99.988075;1.64076;sun;On;On;Receiver;Off;25.363152;79.21922;0.0022944445;None;NO
47950;99.988075;1.64106;sun;On;On;Receiver;Off;23.063107;78.78902;0.0022944445;None;NO
47960;99.988075;1.64136;sun;On;On;Receiver;Off;20.930662;78.341805;0.0022944445;None;NO
47970;99.988075;1.64166;sun;On;On;Receiver;Off;18.952375;77.87946;0.0022944445;None;NO
47980;99.988075;1.64196;sun;On;On;Receiver;Off;17.115364;77.403656;0.0022944445;None;NO
47990;99.97615;1.64226;ecl;On;On;Receiver;Off;15.407496;76.91586;0.0022944445;None;NO
48000;99.964226;1.64256;ecl;On;On;Receiver;Off;13.817508;76.417366;0.0022944445;None;NO
48010;99.9523;1.64286;ecl;On;On;Receiver;Off;12.335023;75.9093;0.0022944445;None;NO
48020;99.94038;1.64316;ecl;On;On;Receiver;Off;10.950562;75.39267;0.0022944445;None;NO
48030;99.928444;1.64346;ecl;On;On;Receiver;Off;9.6554985;74.868355;0.0022944445;None;NO
48040;99.91652;1.64376;ecl;On;On;Receiver;Off;8.442013;74.33712;0.0022944445;None;NO
48050;99.904594;1.64406;ecl;On;On;Receiver;Off;7.3030334;73.79965;0.0022944445;None;NO
48060;99.89267;1.64436;ecl;On;On;Receiver;Off;6.23217;73.256546;0.0022944445;None;NO
48070;99.880745;1.64466;ecl;On;On;Receiver;Off;5.223657;72.70834;0.0022944445;None;NO
48080;99.86882;1.64496;ecl;On;On;Receiver;Off;4.2722907;72.1555;0.0022944445;None;NO
48090;99.856895;1.64526;ecl;On;On;Receiver;Off;3.3733733;71.59844;0.0022944445;None;NO
48100;99.84497;1.64556;ecl;On;On;Receiver;Off;2.5226638;71.037544;0.0022944445;None;NO
48110;99.833046;1.64586;ecl;On;On;Receiver;Off;1.7163287;70.47314;0.0022944445;None;NO
48120;99.82112;1.64616;ecl;On;On;Receiver;Off;0.9508996;69.90551;0.0022944445;None;NO
48130;99.8092;1.64646;ecl;On;On;Receiver;Off;0.22323573;69.33493;0.0022944445;None;NO
48140;99.79727;1.64676;ecl;On;On;Receiver;Off;-0.46951106;68.76164;0.0022944445;None;NO
48150;99.78534;1.64706;ecl;On;On;Receiver;Off;-1.1299268;68.18586;0.0022944445;None;NO
48160;99.773415;1.64736;ecl;On;On;Receiver;Off;-1.7603625;67.60777;0.0022944445;None;NO
48170;99.76149;1.64766;ecl;On;On;Receiver;Off;-2.362959;67.02755;0.0022944445;None;NO
48180;99.749565;1.64796;ecl;On;On;Receiver;Off;-2.939668;66.44536;0.0022944445;None;NO
48190;99.73764;1.64826;ecl;On;On;Receiver;Off;-3.4922717;65.86133;0.0022944445;None;NO
48200;99.725716;1.64856;ecl;On;On;Receiver;Off;-4.0224;65.27561;0.0022944445;None;NO
48210;99.71379;1.64886;ecl;On;On;Receiver;Off;-4.531545;64.6883;0.0022944445;None;NO
48220;99.701866;1.64916;ecl;On;On;Receiver;Off;-5.0210757;64.099525;0.0022944445;None;NO
48230;99.68994;1.64946;ecl;On;On;Receiver;Off;-5.4922485;63.509377;0.0022944445;None;NO
48240;99.67802;1.64976;ecl;On;On;Receiver;Off;-5.946219;62.91794;0.0022944445;None;NO
48250;99.66609;1.65006;ecl;On;On;Receiver;Off;-6.3840523;62.325302;0.0022944445;None;NO
48260;99.65417;1.65036;ecl;On;On;Receiver;Off;-6.8067293;61.731537;0.0022944445;None;NO
48270;99.642235;1.65066;ecl;On;On;Receiver;Off;-7.215157;61.13672;0.0022944445;None;NO
48280;99.63031;1.65096;ecl;On;On;Receiver;Off;-7.610173;60.540905;0.0022944445;None;NO
48290;99.618385;1.65126;ecl;On;On;Receiver;Off;-7.992553;59.944164;0.0022944445;None;NO
48300;99.60646;1.65156;ecl;On;On;Receiver;Off;-8.363017;59.346542;0.0022944445;None;NO
48310;99.594536;1.65186;ecl;On;On;Receiver;Off;-8.722231;58.748093;0.0022944445;None;NO
48320;99.58261;1.65216;ecl;On;On;Receiver;Off;-9.070816;58.14887;0.0022944445;None;NO
48330;99.57069;1.65246;ecl;On;On;Receiver;Off;-9.4093485;57.548904;0.0022944445;None;NO
48340;99.55876;1.65276;ecl;On;On;Receiver;Off;-9.738367;56.948246;0.0022944445;None;NO
48350;99.54684;1.65306;ecl;On;On;Receiver;Off;-10.058371;56.346928;0.0022944445;None;NO
48360;99.53491;1.65336;ecl;On;On;Receiver;Off;-10.369829;55.744987;0.0022944445;None;NO
48370;99.52299;1.65366;ecl;On;On;Receiver;Off;-10.673177;55.14246;0.0022944445;None;NO
48380;99.51106;1.65396;ecl;On;On;Receiver;Off;-10.968825;54.53937;0.0022944445;None;NO
48390;99.49913;1.65426;ecl;On;On;Receiver;Off;-11.257154;53.93575;0.0022944445;None;NO
48400;99.487206;1.65456;ecl;On;On;Receiver;Off;-11.538526;53.331623;0.0022944445;None;NO
48410;99.47528;1.65486;ecl;On;On;Receiver;Off;-11.813272;52.72702;0.0022944445;None;NO
48420;99.463356;1.65516;ecl;On;On;Receiver;Off;-12.081714;52.12196;0.0022944445;None;NO
48430;99.45143;1.65546;ecl;On;On;Receiver;Off;-12.344145;51.516464;0.0022944445;None;NO
48440;99.43951;1.65576;ecl;On;On;Receiver;Off;-12.600845;50.910557;0.0022944445;None;NO
48450;99.42758;1.65606;ecl;On;On;Receiver;Off;-12.852078;50.304253;0.0022944445;None;NO
48460;99.41566;1.65636;ecl;On;On;Receiver;Off;-13.098093;49.697575;0.0022944445;None;NO
48470;99.40373;1.65666;ecl;On;On;Receiver;Off;-13.339122;49.090534;0.0022944445;None;NO
48480;99.39181;1.65696;ecl;On;On;Receiver;Off;-13.575386;48.483154;0.0022944445;None;NO
48490;99.37988;1.65726;ecl;On;On;Receiver;Off;-13.807095;47.875446;0.0022944445;None;NO
48500;99.36796;1.65756;ecl;On;On;Receiver;Off;-14.034445;47.267426;0.0022944445;None;NO
48510;99.356026;1.65786;ecl;On;On;Receiver;Off;-14.257624;46.659107;0.0022944445;None;NO
48520;99.3441;1.65816;ecl;On;On;Receiver;Off;-14.476807;46.0505;0.0022944445;None;NO
48530;99.33218;1.65846;ecl;On;On;Receiver;Off;-14.6921625;45.44162;0.0022944445;None;NO
48540;99.32025;1.65876;ecl;On;On;Receiver;Off;-14.903851;44.832474;0.0022944445;None;NO
48550;99.30833;1.65906;ecl;On;On;Receiver;Off;-15.1120205;44.22308;0.0022944445;None;NO
48560;99.2964;1.65936;ecl;On;On;Receiver;Off;-15.316815;43.613445;0.0022944445;None;NO
48570;99.28448;1.65966;ecl;On;On;Receiver;Off;-15.5183735;43.00358;0.0022944445;None;NO
48580;99.27255;1.65996;ecl;On;On;Receiver;Off;-15.716823;42.393486;0.0022944445;None;NO
48590;99.26063;1.66026;ecl;On;On;Receiver;Off;-15.912286;41.783184;0.0022944445;None;NO
48600;99.2487;1.66056;ecl;On;On;Receiver;Off;-16.104883;41.172676;0.0022944445;None;NO
48610;99.23678;1.66086;ecl;On;On;Receiver;Off;-16.294724;40.561974;0.0022944445;None;NO
48620;99.22485;1.66116;ecl;On;On;Receiver;Off;-16.481915;39.95108;0.0022944445;None;NO
48630;99.21292;1.66146;ecl;On;On;Receiver;Off;-16.66656;39.340004;0.0022944445;None;NO
48640;99.201;1.66176;ecl;On;On;Receiver;Off;-16.848753;38.728756;0.0022944445;None;NO
48650;99.18907;1.66206;ecl;On;On;Receiver;Off;-17.028591;38.11734;0.0022944445;None;NO
48660;99.17715;1.66236;ecl;On;On;Receiver;Off;-17.206161;37.50576;0.0022944445;None;NO
48670;99.16522;1.66266;ecl;On;On;Receiver;Off;-17.38155;36.894028;0.0022944445;None;NO
48680;99.1533;1.66296;ecl;On;On;Receiver;Off;-17.554836;36.282146;0.0022944445;None;NO
48690;99.14137;1.66326;ecl;On;On;Receiver;Off;-17.726099;35.67012;0.0022944445;None;NO
48700;99.12945;1.66356;ecl;On;On;Receiver;Off;-17.895414;35.057953;0.0022944445;None;NO
48710;99.11752;1.66386;ecl;On;On;Receiver;Off;-18.06285;34.445656;0.0022944445;None;NO
48720;99.1056;1.66416;ecl;On;On;Receiver;Off;-18.228481;33.83323;0.0022944445;None;NO
48730;99.09367;1.66446;ecl;On;On;Receiver;Off;-18.392368;33.22068;0.0022944445;None;NO
48740;99.08175;1.66476;ecl;On;On;Receiver;Off;-18.554579;32.60801;0.0022944445;None;NO
48750;99.06982;1.66506;ecl;On;On;Receiver;Off;-18.715172;31.995226;0.0022944445;None;NO
48760;99.05789;1.66536;ecl;On;On;Receiver;Off;-18.874205;31.38233;0.0022944445;None;NO
48770;99.04597;1.66566;ecl;On;On;Receiver;Off;-19.031736;30.76933;0.0022944445;None;NO
48780;99.03404;1.66596;ecl;On;On;Receiver;Off;-19.18782;30.156225;0.0022944445;None;NO
48790;99.02212;1.66626;ecl;On;On;Receiver;Off;-19.34251;29.543022;0.0022944445;None;NO
48800;99.01019;1.66656;ecl;On;On;Receiver;Off;-19.495853;28.929724;0.0022944445;None;NO
48810;98.99827;1.66686;ecl;On;On;Receiver;Off;-19.647903;28.316334;0.0022944445;None;NO
48820;98.98634;1.66716;ecl;On;On;Receiver;Off;-19.798702;27.702854;0.0022944445;None;NO
48830;98.97442;1.66746;ecl;On;On;Receiver;Off;-19.9483;27.08929;0.0022944445;None;NO
48840;98.962494;1.66776;ecl;On;On;Receiver;Off;-20.096739;26.475643;0.0022944445;None;NO
48850;98.95057;1.66806;ecl;On;On;Receiver;Off;-20.244059;25.86192;0.0022944445;None;NO
48860;98.93864;1.66836;ecl;On;On;Receiver;Off;-20.390305;25.248117;0.0022944445;None;NO
48870;98.92671;1.66866;ecl;On;On;Receiver;Off;-20.535515;24.634243;0.0022944445;None;NO
48880;98.91479;1.66896;ecl;On;On;Receiver;Off;-20.679728;24.020296;0.0022944445;None;NO
48890;98.90286;1.66926;ecl;On;On;Receiver;Off;-20.82298;23.406282;0.0022944445;None;NO
48900;98.89094;1.66956;ecl;On;On;Receiver;Off;-20.965313;22.792204;0.0022944445;None;NO
48910;98.87901;1.66986;ecl;On;On;Receiver;Off;-21.106754;22.178062;0.0022944445;None;NO
48920;98.86709;1.67016;ecl;On;On;Receiver;Off;-21.247343;21.56386;0.0022944445;None;NO
48930;98.85516;1.67046;ecl;On;On;Receiver;Off;-21.387112;20.949598;0.0022944445;None;NO
48940;98.84324;1.67076;ecl;On;On;Receiver;Off;-21.52609;20.335281;0.0022944445;None;NO
48950;98.831314;1.67106;ecl;On;On;Receiver;Off;-21.664314;19.720913;0.0022944445;None;NO
48960;98.81939;1.67136;ecl;On;On;Receiver;Off;-21.801811;19.106491;0.0022944445;None;NO
48970;98.807465;1.67166;ecl;On;On;Receiver;Off;-21.938612;18.49202;0.0022944445;None;NO
48980;98.79553;1.67196;ecl;On;On;Receiver;Off;-22.074747;17.8775;0.0022944445;None;NO
48990;98.78361;1.67226;ecl;On;On;Receiver;Off;-22.210243;17.262938;0.0022944445;None;NO
49000;98.77168;1.67256;ecl;On;On;Receiver;Off;-22.345127;16.64833;0.0022944445;None;NO
49010;98.75976;1.67286;ecl;On;On;Receiver;Off;-22.47943;16.033682;0.0022944445;None;NO
49020;98.74783;1.67316;ecl;On;On;Receiver;Off;-22.613173;15.418993;0.0022944445;None;NO
49030;98.73591;1.67346;ecl;On;On;Receiver;Off;-22.746386;14.804267;0.0022944445;None;NO
49040;98.72398;1.67376;ecl;On;On;Receiver;Off;-22.879093;14.189505;0.0022944445;None;NO
49050;98.71206;1.67406;ecl;On;On;Receiver;Off;-23.01132;13.574708;0.0022944445;None;NO
49060;98.700134;1.67436;ecl;On;On;Receiver;Off;-23.14309;12.95988;0.0022944445;None;NO
49070;98.68821;1.67466;ecl;On;On;Receiver;Off;-23.274427;12.34502;0.0022944445;None;NO
49080;98.676285;1.67496;ecl;On;On;Receiver;Off;-23.405357;11.730131;0.0022944445;None;NO
49090;98.66436;1.67526;ecl;On;On;Receiver;Off;-23.5359;11.115214;0.0022944445;None;NO
49100;98.65243;1.67556;ecl;On;On;Receiver;Off;-23.66608;10.500272;0.0022944445;None;NO
49110;98.6405;1.67586;ecl;On;On;Receiver;Off;-23.795921;9.885305;0.0022944445;None;NO
49120;98.62858;1.67616;ecl;On;On;Receiver;Off;-23.925444;9.270316;0.0022944445;None;NO
49130;98.61665;1.67646;ecl;On;On;Receiver;Off;-24.054668;8.655305;0.0022944445;None;NO
49140;98.60473;1.67676;ecl;On;On;Receiver;Off;-24.18362;8.040274;0.0022944445;None;NO
49150;98.592804;1.67706;ecl;On;On;Receiver;Off;-24.312317;7.425225;0.0022944445;None;YES
49160;98.565315;1.58136;ecl;On;On;Re/Tr;Off;-24.440783;6.8101587;0.0052888887;None;YES
49170;98.53783;1.48566;ecl;On;On;Re/Tr;Off;-24.569035;6.195077;0.0052888887;PCD4;YES
49180;98.48868;1.39508;ecl;On;On;Re/Tr;Auto;-24.697098;5.579982;0.009455555;PCD4;YES
49190;98.43954;1.3045;ecl;On;On;Re/Tr;Auto;-24.82499;4.964874;0.009455555;PCD4;YES
49200;98.39039;1.21392;ecl;On;On;Re/Tr;Auto;-24.95273;4.3497543;0.009455555;PCD4;YES
49210;98.34125;1.12334;ecl;On;On;Re/Tr;Auto;-25.080341;3.7346256;0.009455555;PCD4;YES
49220;98.2921;1.03276;ecl;On;On;Re/Tr;Auto;-25.207842;3.1194882;0.009455555;PCD4;YES
49230;98.24296;0.94218;ecl;On;On;Re/Tr;Auto;-25.335253;2.504344;0.009455555;PCD4;YES
49240;98.19381;0.8516;ecl;On;On;Re/Tr;Auto;-25.462593;1.8891943;0.009455555;PCD4;YES
49250;98.14466;0.76102;ecl;On;On;Re/Tr;Auto;-25.589884;1.2740402;0.009455555;PCD4;YES
49260;98.09552;0.67044;ecl;On;On;Re/Tr;Auto;-25.717142;0.6588834;0.009455555;PCD4;YES
49270;98.04637;0.57986;ecl;On;On;Re/Tr;Auto;-25.84439;0.04372509;0.009455555;PCD4;YES
49280;97.99723;0.48928;ecl;On;On;Re/Tr;Auto;-25.971647;-0.5714333;0.009455555;PCD4;YES
49290;97.94808;0.3987;ecl;On;On;Re/Tr;Auto;-26.098932;-1.1865904;0.009455555;PCD4;YES
49300;97.89894;0.30812;ecl;On;On;Re/Tr;Auto;-26.226267;-1.8017449;0.009455555;PCD4;YES
49310;97.84979;0.21754;ecl;On;On;Re/Tr;Auto;-26.353666;-2.4168954;0.009455555;PCD4;YES
49320;97.800644;0.12696;ecl;On;On;Re/Tr;Auto;-26.481155;-3.0320404;0.009455555;PCD4;YES
49330;97.7515;0.03638;ecl;On;On;Re/Tr;Auto;-26.608753;-3.647179;0.009455555;PCD4;YES
49340;97.702354;0;ecl;On;On;Re/Tr;Auto;-26.736477;-4.262309;0.009455555;PCD4;YES
49350;97.65321;0;ecl;On;On;Re/Tr;Auto;-26.86435;-4.8774295;0.009455555;PCD4;YES
49360;97.604065;0;ecl;On;On;Re/Tr;Auto;-26.992388;-5.4925394;0.009455555;PCD4;YES
49370;97.554924;0;ecl;On;On;Re/Tr;Auto;-27.120617;-6.1076365;0.009455555;PCD4;YES
49380;97.505775;0;ecl;On;On;Re/Tr;Auto;-27.249056;-6.72272;0.009455555;PCD4;YES
49390;97.45663;0;ecl;On;On;Re/Tr;Auto;-27.377722;-7.3377886;0.009455555;PCD4;YES
49400;97.407486;0;ecl;On;On;Re/Tr;Auto;-27.506641;-7.9528403;0.009455555;PCD4;YES
49410;97.35834;0;ecl;On;On;Re/Tr;Auto;-27.635832;-8.567874;0.009455555;PCD4;YES
49420;97.3092;0;ecl;On;On;Re/Tr;Auto;-27.765316;-9.182888;0.009455555;PCD4;YES
49430;97.26005;0;ecl;On;On;Re/Tr;Auto;-27.895117;-9.79788;0.009455555;PCD4;YES
49440;97.21091;0;ecl;On;On;Re/Tr;Auto;-28.025255;-10.41285;0.009455555;PCD4;YES
49450;97.16176;0;ecl;On;On;Re/Tr;Auto;-28.155752;-11.027797;0.009455555;PCD4;YES
49460;97.11261;0;ecl;On;On;Re/Tr;Auto;-28.286633;-11.642717;0.009455555;PCD4;YES
49470;97.06347;0;ecl;On;On;Re/Tr;Auto;-28.41792;-12.25761;0.009455555;PCD4;YES
49480;97.01432;0;ecl;On;On;Re/Tr;Auto;-28.549635;-12.872474;0.009455555;PCD4;YES
49490;96.96518;0;ecl;On;On;Re/Tr;Auto;-28.681805;-13.487308;0.009455555;PCD4;YES
49500;96.91603;0;ecl;On;On;Re/Tr;Auto;-28.814451;-14.102108;0.009455555;PCD4;YES
49510;96.86688;0;ecl;On;On;Re/Tr;Auto;-28.947601;-14.716875;0.009455555;PCD4;YES
49520;96.81774;0;ecl;On;On;Re/Tr;Auto;-29.081278;-15.331607;0.009455555;PCD4;YES
49530;96.76859;0;ecl;On;On;Re/Tr;Auto;-29.21551;-15.9463005;0.009455555;PCD4,PCD5;YES
49540;96.71945;0;ecl;On;On;Re/Tr;Auto;-29.35032;-16.560955;0.009455555;PCD4,PCD5;YES
49550;96.6703;0;ecl;On;On;Re/Tr;Auto;-29.48574;-17.175568;0.009455555;PCD4,PCD5;YES
49560;96.62116;0;ecl;On;On;Re/Tr;Auto;-29.621794;-17.790138;0.009455555;PCD4,PCD5;YES
49570;96.572014;0;ecl;On;On;Re/Tr;Auto;-29.758512;-18.404663;0.009455555;PCD4,PCD5;YES
49580;96.522865;0;ecl;On;On;Re/Tr;Auto;-29.895922;-19.01914;0.009455555;PCD4,PCD5;YES
49590;96.473724;0;ecl;On;On;Re/Tr;Auto;-30.034054;-19.63357;0.009455555;PCD4,PCD5;YES
49600;96.424576;0;ecl;On;On;Re/Tr;Auto;-30.17294;-20.247948;0.009455555;PCD4,PCD5;YES
49610;96.375435;0;ecl;On;On;Re/Tr;Auto;-30.312609;-20.862272;0.009455555;PCD5;YES
49620;96.32629;0;ecl;On;On;Re/Tr;Auto;-30.453094;-21.47654;0.009455555;PCD5;YES
49630;96.277145;0;ecl;On;On;Re/Tr;Auto;-30.59443;-22.090752;0.009455555;PCD5;YES
49640;96.228;0;ecl;On;On;Re/Tr;Auto;-30.73665;-22.704903;0.009455555;PCD5;YES
49650;96.17885;0;ecl;On;On;Re/Tr;Auto;-30.87979;-23.31899;0.009455555;PCD5;YES
49660;96.12971;0.00542;ecl;On;On;Re/Tr;Auto;-31.023882;-23.933014;0.009455555;PCD5;NO
49670;96.09612;0.01084;ecl;On;On;Receiver;Auto;-31.168968;-24.546968;0.006461111;PCD5;NO
49680;96.04698;0.01626;ecl;On;On;Re/Tr;Auto;-31.315084;-25.160854;0.009455555;PCD5;NO
49690;96.0134;0.02168;ecl;On;On;Receiver;Auto;-31.46227;-25.774666;0.006461111;PCD5;NO
49700;95.96426;0.0271;ecl;On;On;Re/Tr;Auto;-31.610569;-26.388403;0.009455555;PCD5;NO
49710;95.93067;0.03252;ecl;On;On;Receiver;Auto;-31.760021;-27.00206;0.006461111;PCD5;NO
49720;95.88152;0.03794;ecl;On;On;Re/Tr;Auto;-31.910671;-27.615637;0.009455555;PCD5;NO
49730;95.847946;0.04336;ecl;On;On;Receiver;Auto;-32.062565;-28.229128;0.006461111;PCD5;NO
49740;95.7988;0.04878;ecl;On;On;Re/Tr;Auto;-32.215748;-28.84253;0.009455555;PCD5;NO
49750;95.76522;0.0542;ecl;On;On;Receiver;Auto;-32.37027;-29.455841;0.006461111;PCD5;NO
49760;95.71607;0.05962;ecl;On;On;Re/Tr;Auto;-32.526176;-30.06906;0.009455555;PCD5;NO
49770;95.68249;0.06504;ecl;On;On;Receiver;Auto;-32.68353;-30.682177;0.006461111;PCD5;NO
49780;95.63335;0.07046;ecl;On;On;Re/Tr;Auto;-32.842377;-31.295193;0.009455555;PCD5;NO
49790;95.59976;0.07588;ecl;On;On;Receiver;Auto;-33.002773;-31.908104;0.006461111;PCD5;NO
49800;95.55062;0.0813;ecl;On;On;Re/Tr;Auto;-33.16478;-32.520905;0.009455555;PCD5;NO
49810;95.51704;0.08672;ecl;On;On;Receiver;Auto;-33.32846;-33.13359;0.006461111;PCD5;NO
49820;95.46789;0.09214;ecl;On;On;Re/Tr;Auto;-33.49387;-33.74616;0.009455555;PCD5;NO
49830;95.43431;0.09756;ecl;On;On;Receiver;Auto;-33.661083;-34.3586;0.006461111;PCD5;NO
49840;95.38516;0.10298;ecl;On;On;Re/Tr;Auto;-33.830162;-34.97092;0.009455555;PCD5;NO
49850;95.351585;0.1084;ecl;On;On;Receiver;Auto;-34.001183;-35.583103;0.006461111;PCD5;NO
49860;95.30244;0.11382;ecl;On;On;Re/Tr;Auto;-34.174217;-36.19515;0.009455555;PCD5;NO
49870;95.26885;0.11924;ecl;On;On;Receiver;Auto;-34.349342;-36.807053;0.006461111;PCD5;NO
49880;95.21971;0.12466;ecl;On;On;Re/Tr;Auto;-34.526638;-37.418808;0.009455555;PCD5;NO
49890;95.18613;0.13008;ecl;On;On;Receiver;Auto;-34.706196;-38.030407;0.006461111;PCD5;NO
49900;95.136986;0.1355;ecl;On;On;Re/Tr;Auto;-34.888096;-38.64185;0.009455555;PCD5;NO
49910;95.1034;0.1358;ecl;On;On;Receiver;Auto;-35.072433;-39.25312;0.006461111;None;NO
49920;95.09148;0.1361;ecl;On;On;Receiver;Off;-35.259308;-39.86422;0.0022944445;None;NO
49930;95.13297;0.1364;sun;On;On;Receiver;Off;-35.448814;-40.47514;0.0022944445;None;NO
49940;95.17446;0.1367;sun;On;On;Receiver;Off;-35.641068;-41.085873;0.0022944445;None;NO
49950;95.21596;0.137;sun;On;On;Receiver;Off;-35.836174;-41.696407;0.0022944445;None;NO
49960;95.25745;0.1373;sun;On;On;Receiver;Off;-36.03425;-42.30674;0.0022944445;None;NO
49970;95.29894;0.1376;sun;On;On;Receiver;Off;-36.235416;-42.91686;0.0022944445;None;NO
49980;95.34044;0.1379;sun;On;On;Receiver;Off;-36.439808;-43.52676;0.0022944445;None;NO
49990;95.38193;0.1382;sun;On;On;Receiver;Off;-36.647556;-44.13643;0.0022944445;None;NO
50000;95.42342;0.1385;sun;On;On;Receiver;Off;-36.858803;-44.74586;0.0022944445;None;NO
50010;95.46492;0.1388;sun;On;On;Receiver;Off;-37.0737;-45.35504;0.0022944445;None;NO
50020;95.50641;0.1391;sun;On;On;Receiver;Off;-37.292404;-45.96396;0.0022944445;None;NO
50030;95.547905;0.1394;sun;On;On;Receiver;Off;-37.515083;-46.572605;0.0022944445;None;NO
50040;95.58939;0.1397;sun;On;On;Receiver;Off;-37.74191;-47.180965;0.0022944445;None;NO
50050;95.63089;0.14;sun;On;On;Receiver;Off;-37.973072;-47.789032;0.0022944445;None;NO
50060;95.672386;0.1403;sun;On;On;Receiver;Off;-38.208767;-48.396782;0.0022944445;None;NO
50070;95.713875;0.1406;sun;On;On;Receiver;Off;-38.4492;-49.00421;0.0022944445;None;NO
50080;95.75537;0.1409;sun;On;On;Receiver;Off;-38.694588;-49.611298;0.0022944445;None;NO
50090;95.79687;0.1412;sun;On;On;Receiver;Off;-38.945168;-50.21803;0.0022944445;None;NO
50100;95.838356;0.1415;sun;On;On;Receiver;Off;-39.201183;-50.824387;0.0022944445;None;NO
50110;95.87985;0.1418;sun;On;On;Receiver;Off;-39.462894;-51.43035;0.0022944445;None;NO
50120;95.92134;0.1421;sun;On;On;Receiver;Off;-39.730583;-52.035908;0.0022944445;None;NO
50130;95.96284;0.1424;sun;On;On;Receiver;Off;-40.00454;-52.641033;0.0022944445;None;NO
50140;96.00433;0.1427;sun;On;On;Receiver;Off;-40.285076;-53.245705;0.0022944445;None;NO
50150;96.04582;0.143;sun;On;On;Receiver;Off;-40.572533;-53.8499;0.0022944445;None;NO
50160;96.08732;0.1433;sun;On;On;Receiver;Off;-40.86726;-54.45359;0.0022944445;None;NO
50170;96.128815;0.1436;sun;On;On;Receiver;Off;-41.169643;-55.05676;0.0022944445;None;NO
50180;96.1703;0.1439;sun;On;On;Receiver;Off;-41.48008;-55.65937;0.0022944445;None;NO
50190;96.2118;0.1442;sun;On;On;Receiver;Off;-41.79901;-56.261395;0.0022944445;None;NO
50200;96.25329;0.1445;sun;On;On;Receiver;Off;-42.126896;-56.8628;0.0022944445;None;NO
50210;96.294785;0.1448;sun;On;On;Receiver;Off;-42.46423;-57.46356;0.0022944445;None;NO
50220;96.33628;0.1451;sun;On;On;Receiver;Off;-42.81155;-58.06362;0.0022944445;None;NO
50230;96.37777;0.1454;sun;On;On;Receiver;Off;-43.169426;-58.662956;0.0022944445;None;NO
50240;96.419266;0.1457;sun;On;On;Receiver;Off;-43.53847;-59.261517;0.0022944445;None;NO
50250;96.46076;0.146;sun;On;On;Receiver;Off;-43.91935;-59.859257;0.0022944445;None;NO
50260;96.50225;0.1463;sun;On;On;Receiver;Off;-44.312775;-60.45613;0.0022944445;None;NO
50270;96.54375;0.1466;sun;On;On;Receiver;Off;-44.71951;-61.05208;0.0022944445;None;NO
50280;96.585236;0.1469;sun;On;On;Receiver;Off;-45.14039;-61.64704;0.0022944445;None;NO
50290;96.62673;0.1472;sun;On;On;Receiver;Off;-45.57631;-62.24096;0.0022944445;None;NO
50300;96.66823;0.1475;sun;On;On;Receiver;Off;-46.02824;-62.833763;0.0022944445;None;NO
50310;96.70972;0.1478;sun;On;On;Receiver;Off;-46.497242;-63.425373;0.0022944445;None;NO
50320;96.75121;0.1481;sun;On;On;Receiver;Off;-46.98445;-64.01572;0.0022944445;None;NO
50330;96.79271;0.1484;sun;On;On;Receiver;Off;-47.491116;-64.60469;0.0022944445;None;NO
50340;96.8342;0.1487;sun;On;On;Receiver;Off;-48.018585;-65.192215;0.0022944445;None;NO
50350;96.875694;0.149;sun;On;On;Receiver;Off;-48.568344;-65.77817;0.0022944445;None;NO
50360;96.91718;0.1493;sun;On;On;Receiver;Off;-49.142;-66.36244;0.0022944445;None;NO
50370;96.95868;0.1496;sun;On;On;Receiver;Off;-49.741314;-66.9449;0.0022944445;None;NO
50380;97.000175;0.1499;sun;On;On;Receiver;Off;-50.368217;-67.52541;0.0022944445;None;NO
50390;97.041664;0.1502;sun;On;On;Receiver;Off;-51.02483;-68.10381;0.0022944445;None;NO
50400;97.08316;0.1505;sun;On;On;Receiver;Off;-51.71347;-68.67994;0.0022944445;None;NO
50410;97.12466;0.1508;sun;On;On;Receiver;Off;-52.436695;-69.25359;0.0022944445;None;NO
50420;97.166145;0.1511;sun;On;On;Receiver;Off;-53.197323;-69.82457;0.0022944445;None;NO
50430;97.20764;0.1514;sun;On;On;Receiver;Off;-53.99845;-70.39263;0.0022944445;None;NO
50440;97.24913;0.1517;sun;On;On;Receiver;Off;-54.84351;-70.95752;0.0022944445;None;NO
50450;97.29063;0.152;sun;On;On;Receiver;Off;-55.736286;-71.518936;0.0022944445;None;NO
50460;97.33212;0.1523;sun;On;On;Receiver;Off;-56.680965;-72.07656;0.0022944445;None;NO
50470;97.37361;0.1526;sun;On;On;Receiver;Off;-57.682186;-72.63002;0.0022944445;None;NO
50480;97.41511;0.1529;sun;On;On;Receiver;Off;-58.74509;-73.17892;0.0022944445;None;NO
50490;97.456604;0.1532;sun;On;On;Receiver;Off;-59.87537;-73.72278;0.0022944445;None;NO
50500;97.49809;0.1535;sun;On;On;Receiver;Off;-61.079338;-74.26108;0.0022944445;None;NO
50510;97.53959;0.1538;sun;On;On;Receiver;Off;-62.36397;-74.79324;0.0022944445;None;NO
50520;97.58108;0.1541;sun;On;On;Receiver;Off;-63.737003;-75.31859;0.0022944445;None;NO
50530;97.622574;0.1544;sun;On;On;Receiver;Off;-65.20695;-75.83636;0.0022944445;None;NO
50540;97.66407;0.1547;sun;On;On;Receiver;Off;-66.783195;-76.345695;0.0022944445;None;NO
50550;97.70556;0.155;sun;On;On;Receiver;Off;-68.47599;-76.84562;0.0022944445;None;NO
50560;97.747055;0.1553;sun;On;On;Receiver;Off;-70.29649;-77.335014;0.0022944445;None;NO
50570;97.78855;0.1556;sun;On;On;Receiver;Off;-72.256744;-77.81261;0.0022944445;None;NO
50580;97.83004;0.1559;sun;On;On;Receiver;Off;-74.36954;-78.276955;0.0022944445;None;NO
50590;97.87154;0.1562;sun;On;On;Receiver;Off;-76.648254;-78.72643;0.0022944445;None;NO
50600;97.913025;0.1565;sun;On;On;Receiver;Off;-79.10657;-79.15918;0.0022944445;None;NO
50610;97.95452;0.1568;sun;On;On;Receiver;Off;-81.75796;-79.57311;0.0022944445;None;NO
50620;97.99602;0.1571;sun;On;On;Receiver;Off;-84.615;-79.965904;0.0022944445;None;NO
50630;98.037506;0.1574;sun;On;On;Receiver;Off;-87.68846;-80.33498;0.0022944445;None;NO
50640;98.079;0.1577;sun;On;On;Receiver;Off;-90.98609;-80.67751;0.0022944445;None;NO
50650;98.1205;0.158;sun;On;On;Receiver;Off;-94.51114;-80.99048;0.0022944445;None;NO
50660;98.16199;0.1583;sun;On;On;Receiver;Off;-98.260735;-81.270706;0.0022944445;None;NO
50670;98.20348;0.1586;sun;On;On;Receiver;Off;-102.22427;-81.51494;0.0022944445;None;NO
50680;98.24497;0.1589;sun;On;On;Receiver;Off;-106.38205;-81.72;0.0022944445;None;NO
50690;98.28647;0.1592;sun;On;On;Receiver;Off;-110.70454;-81.88291;0.0022944445;None;NO
50700;98.327965;0.1595;sun;On;On;Receiver;Off;-115.152664;-82.00111;0.0022944445;None;NO
50710;98.36945;0.1598;sun;On;On;Receiver;Off;-119.67927;-82.07257;0.0022944445;None;NO
50720;98.41095;0.1601;sun;On;On;Receiver;Off;-124.23175;-82.096054;0.0022944445;None;NO
50730;98.452446;0.1604;sun;On;On;Receiver;Off;-128.75568;-82.07111;0.0022944445;None;NO
50740;98.493935;0.1607;sun;On;On;Receiver;Off;-133.19864;-81.998215;0.0022944445;None;NO
50750;98.53543;0.161;sun;On;On;Receiver;Off;-137.51384;-81.87865;0.0022944445;None;NO
50760;98.57692;0.1613;sun;On;On;Receiver;Off;-141.66261;-81.714424;0.0022944445;None;NO
50770;98.618416;0.1616;sun;On;On;Receiver;Off;-145.61597;-81.50814;0.0022944445;None;NO
50780;98.65991;0.1619;sun;On;On;Receiver;Off;-149.35464;-81.26277;0.0022944445;None;NO
50790;98.7014;0.1622;sun;On;On;Receiver;Off;-152.86845;-80.981514;0.0022944445;None;NO
50800;98.7429;0.1625;sun;On;On;Receiver;Off;-156.15489;-80.66761;0.0022944445;None;NO
50810;98.78439;0.1628;sun;On;On;Receiver;Off;-159.21744;-80.32423;0.0022944445;None;NO
50820;98.82588;0.1631;sun;On;On;Receiver;Off;-162.06404;-79.9544;0.0022944445;None;NO
50830;98.86738;0.1634;sun;On;On;Receiver;Off;-164.70558;-79.560936;0.0022944445;None;NO
50840;98.90887;0.1637;sun;On;On;Receiver;Off;-167.1547;-79.1464;0.0022944445;None;NO
50850;98.95036;0.164;sun;On;On;Receiver;Off;-169.42488;-78.71313;0.0022944445;None;NO
50860;98.99186;0.1643;sun;On;On;Receiver;Off;-171.52983;-78.263176;0.0022944445;None;NO
50870;99.03335;0.1646;sun;On;On;Receiver;Off;-173.48288;-77.7984;0.0022944445;None;NO
50880;99.074844;0.1649;sun;On;On;Receiver;Off;-175.2968;-77.320435;0.0022944445;None;NO
50890;99.11634;0.1652;sun;On;On;Receiver;Off;-176.98357;-76.8307;0.0022944445;None;NO
50900;99.15783;0.1655;sun;On;On;Receiver;Off;-178.55432;-76.33048;0.0022944445;None;NO
50910;99.199326;0.1658;sun;On;On;Receiver;Off;179.98073;-75.82088;0.0022944445;None;NO
50920;99.240814;0.1661;sun;On;On;Receiver;Off;178.61226;-75.302864;0.0022944445;None;NO
50930;99.28231;0.1664;sun;On;On;Receiver;Off;177.33179;-74.7773;0.0022944445;None;NO
50940;99.32381;0.1667;sun;On;On;Receiver;Off;176.13162;-74.24495;0.0022944445;None;NO
50950;99.365295;0.167;sun;On;On;Receiver;Off;175.00482;-73.70647;0.0022944445;None;NO
50960;99.40679;0.1673;sun;On;On;Receiver;Off;173.9451;-73.162445;0.0022944445;None;NO
50970;99.44829;0.1676;sun;On;On;Receiver;Off;172.94678;-72.61341;0.0022944445;None;NO
50980;99.48978;0.1679;sun;On;On;Receiver;Off;172.00478;-72.059814;0.0022944445;None;NO
50990;99.53127;0.1682;sun;On;On;Receiver;Off;171.11446;-71.502075;0.0022944445;None;NO
51000;99.57276;0.1685;sun;On;On;Receiver;Off;170.27165;-70.940544;0.0022944445;None;NO
51010;99.61426;0.1688;sun;On;On;Receiver;Off;169.4726;-70.375565;0.0022944445;None;NO
51020;99.655754;0.1691;sun;On;On;Receiver;Off;168.7139;-69.80741;0.0022944445;None;NO
51030;99.69724;0.1694;sun;On;On;Receiver;Off;167.99245;-69.23635;0.0022944445;None;NO
51040;99.73874;0.1697;sun;On;On;Receiver;Off;167.30545;-68.66261;0.0022944445;None;NO
51050;99.780235;0.17;sun;On;On;Receiver;Off;166.65036;-68.08642;0.0022944445;None;NO
51060;99.821724;0.1703;sun;On;On;Receiver;Off;166.02486;-67.50795;0.0022944445;None;NO
51070;99.86322;0.1706;sun;On;On;Receiver;Off;165.42686;-66.927376;0.0022944445;None;NO
51080;99.90471;0.1709;sun;On;On;Receiver;Off;164.85443;-66.344864;0.0022944445;None;NO
51090;99.946205;0.1712;sun;On;On;Receiver;Off;164.3058;-65.76054;0.0022944445;None;NO
51100;99.9877;0.1715;sun;On;On;Receiver;Off;163.7794;-65.17453;0.0022944445;None;NO
51110;99.988075;0.1718;sun;On;On;Receiver;Off;163.27373;-64.58697;0.0022944445;None;NO
51120;99.988075;0.1721;sun;On;On;Receiver;Off;162.78745;-63.997948;0.0022944445;None;NO
51130;99.988075;0.1724;sun;On;On;Receiver;Off;162.31932;-63.407566;0.0022944445;None;NO
51140;99.988075;0.1727;sun;On;On;Receiver;Off;161.8682;-62.815918;0.0022944445;None;NO
51150;99.988075;0.173;sun;On;On;Receiver;Off;161.43304;-62.22308;0.0022944445;None;NO
51160;99.988075;0.1733;sun;On;On;Receiver;Off;161.01288;-61.62913;0.0022944445;None;NO
51170;99.988075;0.1736;sun;On;On;Receiver;Off;160.60683;-61.034134;0.0022944445;None;NO
51180;99.988075;0.1739;sun;On;On;Receiver;Off;160.21404;-60.43816;0.0022944445;None;NO
51190;99.988075;0.1742;sun;On;On;Receiver;Off;159.83377;-59.84126;0.0022944445;None;NO
51200;99.988075;0.1745;sun;On;On;Receiver;Off;159.46529;-59.243492;0.0022944445;None;NO
51210;99.988075;0.1748;sun;On;On;Receiver;Off;159.10794;-58.64491;0.0022944445;None;NO
51220;99.988075;0.1751;sun;On;On;Receiver;Off;158.76114;-58.04555;0.0022944445;None;NO
51230;99.988075;0.1754;sun;On;On;Receiver;Off;158.42427;-57.445465;0.0022944445;None;NO
51240;99.988075;0.1757;sun;On;On;Receiver;Off;158.09685;-56.844692;0.0022944445;None;NO
51250;99.988075;0.176;sun;On;On;Receiver;Off;157.77835;-56.243263;0.0022944445;None;NO
51260;99.988075;0.1763;sun;On;On;Receiver;Off;157.46832;-55.64122;0.0022944445;None;NO
51270;99.988075;0.1766;sun;On;On;Receiver;Off;157.16632;-55.038593;0.0022944445;None;NO
51280;99.988075;0.1769;sun;On;On;Receiver;Off;156.87196;-54.43541;0.0022944445;None;NO
51290;99.988075;0.1772;sun;On;On;Receiver;Off;156.58485;-53.8317;0.0022944445;None;NO
51300;99.988075;0.1775;sun;On;On;Receiver;Off;156.30466;-53.22749;0.0022944445;None;NO
51310;99.988075;0.1778;sun;On;On;Receiver;Off;156.031;-52.622807;0.0022944445;None;NO
51320;99.988075;0.1781;sun;On;On;Receiver;Off;155.76363;-52.01767;0.0022944445;None;NO
51330;99.988075;0.1784;sun;On;On;Receiver;Off;155.5022;-51.4121;0.0022944445;None;NO
51340;99.988075;0.1787;sun;On;On;Receiver;Off;155.24646;-50.80612;0.0022944445;None;NO
51350;99.988075;0.179;sun;On;On;Receiver;Off;154.99614;-50.199753;0.0022944445;None;NO
51360;99.988075;0.1793;sun;On;On;Receiver;Off;154.751;-49.593014;0.0022944445;None;NO
51370;99.988075;0.1796;sun;On;On;Receiver;Off;154.51082;-48.985912;0.0022944445;None;NO
51380;99.988075;0.1799;sun;On;On;Receiver;Off;154.27534;-48.378475;0.0022944445;None;NO
51390;99.988075;0.1802;sun;On;On;Receiver;Off;154.0444;-47.770714;0.0022944445;None;NO
51400;99.988075;0.1805;sun;On;On;Receiver;Off;153.81778;-47.16264;0.0022944445;None;NO
51410;99.988075;0.1808;sun;On;On;Receiver;Off;153.5953;-46.554268;0.0022944445;None;NO
51420;99.988075;0.1811;sun;On;On;Receiver;Off;153.3768;-45.945614;0.0022944445;None;NO
51430;99.988075;0.1814;sun;On;On;Receiver;Off;153.16208;-45.33669;0.0022944445;None;NO
51440;99.988075;0.1817;sun;On;On;Receiver;Off;152.95102;-44.7275;0.0022944445;None;NO
51450;99.988075;0.182;sun;On;On;Receiver;Off;152.74344;-44.118065;0.0022944445;None;NO
51460;99.988075;0.1823;sun;On;On;Receiver;Off;152.5392;-43.50839;0.0022944445;None;NO
51470;99.988075;0.1826;sun;On;On;Receiver;Off;152.3382;-42.89848;0.0022944445;None;NO
51480;99.988075;0.1829;sun;On;On;Receiver;Off;152.14026;-42.288353;0.0022944445;None;NO
51490;99.988075;0.1832;sun;On;On;Receiver;Off;151.9453;-41.678013;0.0022944445;None;NO
51500;99.988075;0.1835;sun;On;On;Receiver;Off;151.75319;-41.06747;0.0022944445;None;NO
51510;99.988075;0.1838;sun;On;On;Receiver;Off;151.56381;-40.456734;0.0022944445;None;NO
51520;99.988075;0.1841;sun;On;On;Receiver;Off;151.37708;-39.84581;0.0022944445;None;NO
51530;99.988075;0.1844;sun;On;On;Receiver;Off;151.19286;-39.234707;0.0022944445;None;NO
51540;99.988075;0.1847;sun;On;On;Receiver;Off;151.01108;-38.62343;0.0022944445;None;NO
51550;99.988075;0.185;sun;On;On;Receiver;Off;150.83163;-38.011982;0.0022944445;None;NO
51560;99.988075;0.1853;sun;On;On;Receiver;Off;150.65443;-37.40038;0.0022944445;None;NO
51570;99.988075;0.1856;sun;On;On;Receiver;Off;150.47942;-36.788616;0.0022944445;None;NO
51580;99.988075;0.1859;sun;On;On;Receiver;Off;150.30649;-36.176712;0.0022944445;None;NO
51590;99.988075;0.1862;sun;On;On;Receiver;Off;150.13557;-35.56466;0.0022944445;None;NO
51600;99.988075;0.1865;sun;On;On;Receiver;Off;149.96658;-34.952473;0.0022944445;None;NO
51610;99.988075;0.1868;sun;On;On;Receiver;Off;149.79945;-34.34015;0.0022944445;None;NO
51620;99.988075;0.1871;sun;On;On;Receiver;Off;149.63414;-33.727703;0.0022944445;None;NO
51630;99.988075;0.1874;sun;On;On;Receiver;Off;149.47054;-33.11513;0.0022944445;None;NO
51640;99.988075;0.1877;sun;On;On;Receiver;Off;149.30861;-32.50244;0.0022944445;None;NO
51650;99.988075;0.188;sun;On;On;Receiver;Off;149.1483;-31.889637;0.0022944445;None;NO
51660;99.988075;0.1883;sun;On;On;Receiver;Off;148.98952;-31.276724;0.0022944445;None;NO
51670;99.988075;0.1886;sun;On;On;Receiver;Off;148.83224;-30.663704;0.0022944445;None;NO
51680;99.988075;0.1889;sun;On;On;Receiver;Off;148.6764;-30.050583;0.0022944445;None;NO
51690;99.988075;0.1892;sun;On;On;Receiver;Off;148.52196;-29.437363;0.0022944445;None;NO
51700;99.988075;0.1895;sun;On;On;Receiver;Off;148.36884;-28.824049;0.0022944445;None;NO
51710;99.988075;0.1898;sun;On;On;Receiver;Off;148.217;-28.210644;0.0022944445;None;NO
51720;99.988075;0.1901;sun;On;On;Receiver;Off;148.0664;-27.597149;0.0022944445;None;NO
51730;99.988075;0.1904;sun;On;On;Receiver;Off;147.91702;-26.983572;0.0022944445;None;NO
51740;99.988075;0.1907;sun;On;On;Receiver;Off;147.76878;-26.369911;0.0022944445;None;NO
51750;99.988075;0.191;sun;On;On;Receiver;Off;147.62164;-25.756172;0.0022944445;None;NO
51760;99.988075;0.1913;sun;On;On;Receiver;Off;147.47559;-25.142359;0.0022944445;None;NO
51770;99.988075;0.1916;sun;On;On;Receiver;Off;147.33054;-24.528471;0.0022944445;None;NO
51780;99.988075;0.1919;sun;On;On;Receiver;Off;147.1865;-23.914513;0.0022944445;None;NO
51790;99.988075;0.1922;sun;On;On;Receiver;Off;147.04341;-23.300488;0.0022944445;None;NO
51800;99.988075;0.1925;sun;On;On;Receiver;Off;146.90123;-22.686398;0.0022944445;None;NO
51810;99.988075;0.1928;sun;On;On;Receiver;Off;146.75993;-22.072247;0.0022944445;None;NO
51820;99.988075;0.1931;sun;On;On;Receiver;Off;146.61949;-21.458033;0.0022944445;None;NO
51830;99.988075;0.1934;sun;On;On;Receiver;Off;146.47986;-20.843763;0.0022944445;None;NO
51840;99.988075;0.1937;sun;On;On;Receiver;Off;146.34102;-20.229437;0.0022944445;None;NO
51850;99.988075;0.194;sun;On;On;Receiver;Off;146.20293;-19.615057;0.0022944445;None;NO
51860;99.988075;0.1943;sun;On;On;Receiver;Off;146.06555;-19.000628;0.0022944445;None;NO
51870;99.988075;0.1946;sun;On;On;Receiver;Off;145.92886;-18.386147;0.0022944445;None;NO
51880;99.988075;0.1949;sun;On;On;Receiver;Off;145.79283;-17.771622;0.0022944445;None;NO
51890;99.988075;0.1952;sun;On;On;Receiver;Off;145.65746;-17.15705;0.0022944445;None;NO
51900;99.988075;0.1955;sun;On;On;Receiver;Off;145.52267;-16.542435;0.0022944445;None;NO
51910;99.988075;0.1958;sun;On;On;Receiver;Off;145.38846;-15.927779;0.0022944445;None;NO
51920;99.988075;0.1961;sun;On;On;Receiver;Off;145.2548;-15.313085;0.0022944445;None;NO
51930;99.988075;0.1964;sun;On;On;Receiver;Off;145.12169;-14.698352;0.0022944445;None;NO
51940;99.988075;0.1967;sun;On;On;Receiver;Off;144.98906;-14.083584;0.0022944445;None;NO
51950;99.988075;0.197;sun;On;On;Receiver;Off;144.85692;-13.468782;0.0022944445;None;NO
51960;99.988075;0.1973;sun;On;On;Receiver;Off;144.72522;-12.853948;0.0022944445;None;NO
51970;99.988075;0.1976;sun;On;On;Receiver;Off;144.59396;-12.239083;0.0022944445;None;NO
51980;99.988075;0.1979;sun;On;On;Receiver;Off;144.4631;-11.624189;0.0022944445;None;NO
51990;99.988075;0.1982;sun;On;On;Receiver;Off;144.33263;-11.009269;0.0022944445;None;NO
52000;99.988075;0.1985;sun;On;On;Receiver;Off;144.2025;-10.394321;0.0022944445;None;NO
52010;99.988075;0.1988;sun;On;On;Receiver;Off;144.07272;-9.77935;0.0022944445;None;NO
52020;99.988075;0.1991;sun;On;On;Receiver;Off;143.94325;-9.164357;0.0022944445;None;NO
52030;99.988075;0.1994;sun;On;On;Receiver;Off;143.81407;-8.549343;0.0022944445;None;NO
52040;99.988075;0.1997;sun;On;On;Receiver;Off;143.68517;-7.9343085;0.0022944445;None;NO
52050;99.988075;0.2;sun;On;On;Receiver;Off;143.5565;-7.3192563;0.0022944445;None;NO
52060;99.988075;0.2003;sun;On;On;Receiver;Off;143.42809;-6.7041874;0.0022944445;None;NO
52070;99.988075;0.2006;sun;On;On;Receiver;Off;143.29987;-6.0891037;0.0022944445;None;NO
52080;99.988075;0.2009;sun;On;On;Receiver;Off;143.17183;-5.4740057;0.0022944445;None;NO
52090;99.988075;0.2012;sun;On;On;Receiver;Off;143.04396;-4.858896;0.0022944445;None;NO
52100;99.988075;0.2015;sun;On;On;Receiver;Off;142.91624;-4.243775;0.0022944445;None;NO
52110;99.988075;0.2018;sun;On;On;Receiver;Off;142.78867;-3.6286445;0.0022944445;None;NO
52120;99.988075;0.2021;sun;On;On;Receiver;Off;142.66118;-3.013506;0.0022944445;None;NO
52130;99.988075;0.2024;sun;On;On;Receiver;Off;142.53378;-2.3983605;0.0022944445;None;NO
52140;99.988075;0.2027;sun;On;On;Receiver;Off;142.40645;-1.7832099;0.0022944445;None;NO
52150;99.988075;0.203;sun;On;On;Receiver;Off;142.27916;-1.1680553;0.0022944445;None;NO
52160;99.988075;0.2033;sun;On;On;Receiver;Off;142.1519;-0.55289817;0.0022944445;None;NO
52170;99.988075;0.2036;sun;On;On;Receiver;Off;142.02466;0.06226024;0.0022944445;None;NO
52180;99.988075;0.2039;sun;On;On;Receiver;Off;141.8974;0.67741853;0.0022944445;None;NO
52190;99.988075;0.2042;sun;On;On;Receiver;Off;141.77011;1.2925752;0.0022944445;None;NO
52200;99.988075;0.2045;sun;On;On;Receiver;Off;141.64276;1.9077291;0.0022944445;None;NO
52210;99.988075;0.2048;sun;On;On;Receiver;Off;141.51535;2.522879;0.0022944445;None;NO
52220;99.988075;0.2051;sun;On;On;Receiver;Off;141.38785;3.138023;0.0022944445;None;NO
52230;99.988075;0.2054;sun;On;On;Receiver;Off;141.26022;3.7531598;0.0022944445;None;NO
52240;99.988075;0.2057;sun;On;On;Receiver;Off;141.13248;4.3682885;0.0022944445;None;NO
52250;99.988075;0.206;sun;On;On;Receiver;Off;141.00458;4.9834075;0.0022944445;None;NO
52260;99.988075;0.2063;sun;On;On;Receiver;Off;140.87651;5.598515;0.0022944445;None;NO
52270;99.988075;0.2066;sun;On;On;Receiver;Off;140.74825;6.21361;0.0022944445;None;NO
52280;99.988075;0.2069;sun;On;On;Receiver;Off;140.61977;6.828691;0.0022944445;None;NO
52290;99.988075;0.2072;sun;On;On;Receiver;Off;140.49106;7.4437566;0.0022944445;None;NO
52300;99.988075;0.2075;sun;On;On;Receiver;Off;140.36209;8.058805;0.0022944445;None;NO
52310;99.988075;0.2078;sun;On;On;Receiver;Off;140.23285;8.673836;0.0022944445;None;NO
52320;99.988075;0.2081;sun;On;On;Receiver;Off;140.10332;9.288846;0.0022944445;None;NO
52330;99.988075;0.2084;sun;On;On;Receiver;Off;139.97346;9.903835;0.0022944445;None;NO
52340;99.988075;0.2087;sun;On;On;Receiver;Off;139.84326;10.518802;0.0022944445;None;NO
52350;99.988075;0.209;sun;On;On;Receiver;Off;139.7127;11.133743;0.0022944445;None;NO
52360;99.988075;0.2093;sun;On;On;Receiver;Off;139.58176;11.748658;0.0022944445;None;NO
52370;99.988075;0.2096;sun;On;On;Receiver;Off;139.4504;12.363546;0.0022944445;None;NO
52380;99.988075;0.2099;sun;On;On;Receiver;Off;139.3186;12.978405;0.0022944445;None;NO
52390;99.988075;0.2102;sun;On;On;Receiver;Off;139.18636;13.593233;0.0022944445;None;NO
52400;99.988075;0.2105;sun;On;On;Receiver;Off;139.05362;14.208029;0.0022944445;None;NO
52410;99.988075;0.2108;sun;On;On;Receiver;Off;138.92038;14.822789;0.0022944445;None;NO
52420;99.988075;0.2111;sun;On;On;Receiver;Off;138.7866;15.437514;0.0022944445;None;NO
52430;99.988075;0.2114;sun;On;On;Receiver;Off;138.65228;16.052202;0.0022944445;None;NO
52440;99.988075;0.2117;sun;On;On;Receiver;Off;138.51736;16.66685;0.0022944445;None;NO
52450;99.988075;0.212;sun;On;On;Receiver;Off;138.38184;17.281454;0.0022944445;None;NO
52460;99.988075;0.2123;sun;On;On;Receiver;Off;138.24567;17.896017;0.0022944445;None;NO
52470;99.988075;0.2126;sun;On;On;Receiver;Off;138.10884;18.510534;0.0022944445;None;NO
52480;99.988075;0.2129;sun;On;On;Receiver;Off;137.9713;19.125004;0.0022944445;None;NO
52490;99.988075;0.2132;sun;On;On;Receiver;Off;137.83304;19.739424;0.0022944445;None;NO
52500;99.988075;0.2135;sun;On;On;Receiver;Off;137.69403;20.353792;0.0022944445;None;NO
52510;99.988075;0.2138;sun;On;On;Receiver;Off;137.55421;20.968107;0.0022944445;None;NO
52520;99.988075;0.2141;sun;On;On;Receiver;Off;137.41359;21.582367;0.0022944445;None;NO
52530;99.988075;0.2144;sun;On;On;Receiver;Off;137.27211;22.196568;0.0022944445;None;NO
52540;99.988075;0.2147;sun;On;On;Receiver;Off;137.12973;22.810707;0.0022944445;None;NO
52550;99.988075;0.215;sun;On;On;Receiver;Off;136.98643;23.424786;0.0022944445;None;NO
52560;99.988075;0.2153;sun;On;On;Receiver;Off;136.84216;24.038795;0.0022944445;None;NO
52570;99.988075;0.2156;sun;On;On;Receiver;Off;136.69691;24.65274;0.0022944445;None;NO
52580;99.988075;0.2159;sun;On;On;Receiver;Off;136.55061;25.266613;0.0022944445;None;NO
52590;99.988075;0.2162;sun;On;On;Receiver;Off;136.40323;25.880411;0.0022944445;None;NO
52600;99.988075;0.2165;sun;On;On;Receiver;Off;136.25475;26.494135;0.0022944445;None;NO
52610;99.988075;0.2168;sun;On;On;Receiver;Off;136.10509;27.107779;0.0022944445;None;NO
52620;99.988075;0.2171;sun;On;On;Receiver;Off;135.95422;27.72134;0.0022944445;None;NO
52630;99.988075;0.2174;sun;On;On;Receiver;Off;135.80211;28.334816;0.0022944445;None;NO
52640;99.988075;0.2177;sun;On;On;Receiver;Off;135.6487;28.948204;0.0022944445;None;NO
52650;99.988075;0.218;sun;On;On;Receiver;Off;135.49394;29.561499;0.0022944445;None;NO
52660;99.988075;0.2183;sun;On;On;Receiver;Off;135.33778;30.1747;0.0022944445;None;NO
52670;99.988075;0.2186;sun;On;On;Receiver;Off;135.18019;30.7878;0.0022944445;None;NO
52680;99.988075;0.2189;sun;On;On;Receiver;Off;135.02107;31.400799;0.0022944445;None;NO
52690;99.988075;0.2192;sun;On;On;Receiver;Off;134.86041;32.01369;0.0022944445;None;NO
52700;99.988075;0.2195;sun;On;On;Receiver;Off;134.69812;32.626472;0.0022944445;None;NO
52710;99.988075;0.2198;sun;On;On;Receiver;Off;134.53415;33.239136;0.0022944445;None;NO
52720;99.988075;0.2201;sun;On;On;Receiver;Off;134.36842;33.851685;0.0022944445;None;NO
52730;99.988075;0.2204;sun;On;On;Receiver;Off;134.2009;34.464108;0.0022944445;None;NO
52740;99.988075;0.2207;sun;On;On;Receiver;Off;134.03148;35.0764;0.0022944445;None;NO
52750;99.988075;0.221;sun;On;On;Receiver;Off;133.86012;35.68856;0.0022944445;None;NO
52760;99.988075;0.2213;sun;On;On;Receiver;Off;133.68674;36.300583;0.0022944445;None;NO
52770;99.988075;0.2216;sun;On;On;Receiver;Off;133.51125;36.912464;0.0022944445;None;NO
52780;99.988075;0.2219;sun;On;On;Receiver;Off;133.33356;37.524193;0.0022944445;None;NO
52790;99.988075;0.2222;sun;On;On;Receiver;Off;133.15361;38.135765;0.0022944445;None;NO
52800;99.988075;0.2225;sun;On;On;Receiver;Off;132.9713;38.747177;0.0022944445;None;NO
52810;99.988075;0.2228;sun;On;On;Receiver;Off;132.78653;39.35842;0.0022944445;None;NO
52820;99.988075;0.2231;sun;On;On;Receiver;Off;132.59921;39.96949;0.0022944445;None;NO
52830;99.988075;0.2234;sun;On;On;Receiver;Off;132.40924;40.580376;0.0022944445;None;NO
52840;99.988075;0.2237;sun;On;On;Receiver;Off;132.21649;41.191074;0.0022944445;None;NO
52850;99.988075;0.224;sun;On;On;Receiver;Off;132.02089;41.801575;0.0022944445;None;NO
52860;99.988075;0.2243;sun;On;On;Receiver;Off;131.8223;42.411873;0.0022944445;None;NO
52870;99.988075;0.2246;sun;On;On;Receiver;Off;131.62057;43.021954;0.0022944445;None;NO
52880;99.988075;0.2249;sun;On;On;Receiver;Off;131.41562;43.631817;0.0022944445;None;NO
52890;99.988075;0.2252;sun;On;On;Receiver;Off;131.20728;44.241447;0.0022944445;None;NO
52900;99.988075;0.2255;sun;On;On;Receiver;Off;130.9954;44.850834;0.0022944445;None;NO
52910;99.988075;0.2258;sun;On;On;Receiver;Off;130.77988;45.45997;0.0022944445;None;NO
52920;99.988075;0.2261;sun;On;On;Receiver;Off;130.56049;46.06884;0.0022944445;None;NO
52930;99.988075;0.2264;sun;On;On;Receiver;Off;130.33711;46.67744;0.0022944445;None;NO
52940;99.988075;0.2267;sun;On;On;Receiver;Off;130.10956;47.28575;0.0022944445;None;NO
52950;99.988075;0.227;sun;On;On;Receiver;Off;129.87762;47.89376;0.0022944445;None;NO
52960;99.988075;0.2273;sun;On;On;Receiver;Off;129.64113;48.50146;0.0022944445;None;NO
52970;99.988075;0.2276;sun;On;On;Receiver;Off;129.39986;49.10883;0.0022944445;None;NO
52980;99.988075;0.2279;sun;On;On;Receiver;Off;129.1536;49.71586;0.0022944445;None;NO
52990;99.988075;0.2282;sun;On;On;Receiver;Off;128.9021;50.322525;0.0022944445;None;NO
53000;99.988075;0.2285;sun;On;On;Receiver;Off;128.64511;50.928818;0.0022944445;None;NO
53010;99.988075;0.2288;sun;On;On;Receiver;Off;128.3824;51.534714;0.0022944445;None;NO
53020;99.988075;0.2291;sun;On;On;Receiver;Off;128.11365;52.140198;0.0022944445;None;NO
53030;99.988075;0.2294;sun;On;On;Receiver;Off;127.838585;52.745243;0.0022944445;None;NO
53040;99.988075;0.2297;sun;On;On;Receiver;Off;127.55688;53.349834;0.0022944445;None;NO
53050;99.988075;0.23;sun;On;On;Receiver;Off;127.26819;53.953945;0.0022944445;None;NO
53060;99.988075;0.2303;sun;On;On;Receiver;Off;126.972176;54.55755;0.0022944445;None;NO
53070;99.988075;0.2306;sun;On;On;Receiver;Off;126.668434;55.16062;0.0022944445;None;NO
53080;99.988075;0.2309;sun;On;On;Receiver;Off;126.35657;55.763134;0.0022944445;None;NO
53090;99.988075;0.2312;sun;On;On;Receiver;Off;126.036125;56.365055;0.0022944445;None;NO
53100;99.988075;0.2315;sun;On;On;Receiver;Off;125.70665;56.966354;0.0022944445;None;NO
53110;99.988075;0.2318;sun;On;On;Receiver;Off;125.36763;57.56699;0.0022944445;None;NO
53120;99.988075;0.2321;sun;On;On;Receiver;Off;125.01853;58.166935;0.0022944445;None;NO
53130;99.988075;0.2324;sun;On;On;Receiver;Off;124.65878;58.766136;0.0022944445;None;NO
53140;99.988075;0.2327;sun;On;On;Receiver;Off;124.28774;59.36456;0.0022944445;None;NO
53150;99.988075;0.233;sun;On;On;Receiver;Off;123.904755;59.962154;0.0022944445;None;NO
53160;99.988075;0.2333;sun;On;On;Receiver;Off;123.509094;60.558872;0.0022944445;None;NO
53170;99.988075;0.2336;sun;On;On;Receiver;Off;123.09998;61.154655;0.0022944445;None;NO
53180;99.988075;0.2339;sun;On;On;Receiver;Off;122.67658;61.749443;0.0022944445;None;NO
53190;99.988075;0.2342;sun;On;On;Receiver;Off;122.23797;62.343174;0.0022944445;None;NO
53200;99.988075;0.2345;sun;On;On;Receiver;Off;121.78318;62.935776;0.0022944445;None;NO
53210;99.988075;0.2348;sun;On;On;Receiver;Off;121.31113;63.527176;0.0022944445;None;NO
53220;99.988075;0.2351;sun;On;On;Receiver;Off;120.820656;64.11729;0.0022944445;None;NO
53230;99.988075;0.2354;sun;On;On;Receiver;Off;120.31051;64.706024;0.0022944445;None;NO
53240;99.988075;0.2357;sun;On;On;Receiver;Off;119.779305;65.29328;0.0022944445;None;NO
53250;99.988075;0.236;sun;On;On;Receiver;Off;119.22555;65.87895;0.0022944445;None;NO
53260;99.988075;0.2363;sun;On;On;Receiver;Off;118.6476;66.46292;0.0022944445;None;NO
53270;99.988075;0.2366;sun;On;On;Receiver;Off;118.04368;67.04506;0.0022944445;None;NO
53280;99.988075;0.2369;sun;On;On;Receiver;Off;117.41181;67.62522;0.0022944445;None;NO
53290;99.988075;0.2372;sun;On;On;Receiver;Off;116.749855;68.20325;0.0022944445;None;NO
53300;99.988075;0.2375;sun;On;On;Receiver;Off;116.05544;68.77895;0.0022944445;None;NO
53310;99.988075;0.2378;sun;On;On;Receiver;Off;115.32598;69.352165;0.0022944445;None;NO
53320;99.988075;0.2381;sun;On;On;Receiver;Off;114.55861;69.92265;0.0022944445;None;NO
53330;99.988075;0.2384;sun;On;On;Receiver;Off;113.75016;70.49019;0.0022944445;None;NO
53340;99.988075;0.2387;sun;On;On;Receiver;Off;112.89716;71.0545;0.0022944445;None;NO
53350;99.988075;0.239;sun;On;On;Receiver;Off;111.99576;71.61529;0.0022944445;None;NO
53360;99.988075;0.2393;sun;On;On;Receiver;Off;111.04168;72.17222;0.0022944445;None;NO
53370;99.988075;0.2396;sun;On;On;Receiver;Off;110.03021;72.72493;0.0022944445;None;NO
53380;99.988075;0.2399;sun;On;On;Receiver;Off;108.956116;73.27299;0.0022944445;None;NO
53390;99.988075;0.2402;sun;On;On;Receiver;Off;107.813614;73.81593;0.0022944445;None;NO
53400;99.988075;0.2405;sun;On;On;Receiver;Off;106.59627;74.35322;0.0022944445;None;NO
53410;99.988075;0.2408;sun;On;On;Receiver;Off;105.296974;74.884254;0.0022944445;None;NO
53420;99.988075;0.2411;sun;On;On;Receiver;Off;103.907875;75.408356;0.0022944445;None;NO
53430;99.988075;0.2414;sun;On;On;Receiver;Off;102.4203;75.924736;0.0022944445;None;NO
53440;99.988075;0.2417;sun;On;On;Receiver;Off;100.824745;76.432526;0.0022944445;None;NO
53450;99.988075;0.242;sun;On;On;Receiver;Off;99.11076;76.93072;0.0022944445;None;NO
53460;99.988075;0.2423;sun;On;On;Receiver;Off;97.26706;77.418175;0.0022944445;None;NO
53470;99.988075;0.2426;sun;On;On;Receiver;Off;95.28146;77.89359;0.0022944445;None;NO
53480;99.988075;0.2429;sun;On;On;Receiver;Off;93.14105;78.35551;0.0022944445;None;NO
53490;99.988075;0.2432;sun;On;On;Receiver;Off;90.83237;78.80224;0.0022944445;None;NO
53500;99.988075;0.2435;sun;On;On;Receiver;Off;88.34173;79.231895;0.0022944445;None;NO
53510;99.988075;0.2438;sun;On;On;Receiver;Off;85.65578;79.642365;0.0022944445;None;NO
53520;99.988075;0.2441;sun;On;On;Receiver;Off;82.762146;80.03126;0.0022944445;None;NO
53530;99.988075;0.2444;sun;On;On;Receiver;Off;79.650505;80.395966;0.0022944445;None;NO
53540;99.988075;0.2447;sun;On;On;Receiver;Off;76.31378;80.73363;0.0022944445;None;NO
53550;99.988075;0.245;sun;On;On;Receiver;Off;72.74964;81.04118;0.0022944445;None;NO
53560;99.988075;0.2453;sun;On;On;Receiver;Off;68.96219;81.315445;0.0022944445;None;NO
53570;99.988075;0.2456;sun;On;On;Receiver;Off;64.96352;81.553154;0.0022944445;None;NO
53580;99.988075;0.2459;sun;On;On;Receiver;Off;60.774982;81.75115;0.0022944445;None;NO
53590;99.988075;0.2462;sun;On;On;Receiver;Off;56.427807;81.90653;0.0022944445;None;NO
53600;99.988075;0.2465;sun;On;On;Receiver;Off;51.9626;82.01679;0.0022944445;None;NO
53610;99.988075;0.2468;sun;On;On;Receiver;Off;47.427692;82.08006;0.0022944445;None;NO
53620;99.988075;0.2471;sun;On;On;Receiver;Off;42.87626;82.09521;0.0022944445;None;NO
53630;99.988075;0.2474;sun;On;On;Receiver;Off;38.36266;82.06195;0.0022944445;None;NO
53640;99.988075;0.2477;sun;On;On;Receiver;Off;33.938564;81.980896;0.0022944445;None;NO
53650;99.988075;0.248;sun;On;On;Receiver;Off;29.649546;81.85347;0.0022944445;None;NO
53660;99.988075;0.2483;sun;On;On;Receiver;Off;25.532642;81.6818;0.0022944445;None;NO
53670;99.988075;0.2486;sun;On;On;Receiver;Off;21.615175;81.46857;0.0022944445;None;NO
53680;99.988075;0.2489;sun;On;On;Receiver;Off;17.914747;81.21678;0.0022944445;None;NO
53690;99.988075;0.2492;sun;On;On;Receiver;Off;14.440117;80.92967;0.0022944445;None;NO
53700;99.988075;0.2495;sun;On;On;Receiver;Off;11.192652;80.61046;0.0022944445;None;NO
53710;99.988075;0.2498;sun;On;On;Receiver;Off;8.167969;80.262314;0.0022944445;None;NO
53720;99.988075;0.2501;sun;On;On;Receiver;Off;5.3575373;79.88822;0.0022944445;None;NO
53730;99.988075;0.2504;sun;On;On;Receiver;Off;2.7500913;79.49095;0.0022944445;None;NO
53740;99.988075;0.2507;sun;On;On;Receiver;Off;0.332775;79.07303;0.0022944445;None;NO
53750;99.988075;0.251;sun;On;On;Receiver;Off;-1.9079776;78.636734;0.0022944445;None;NO
53760;99.988075;0.2513;sun;On;On;Receiver;Off;-3.9858072;78.18411;0.0022944445;None;NO
53770;99.988075;0.2516;sun;On;On;Receiver;Off;-5.9139934;77.71695;0.0022944445;None;NO
53780;99.988075;0.2519;sun;On;On;Receiver;Off;-7.7051773;77.236855;0.0022944445;None;NO
53790;99.988075;0.2522;sun;On;On;Receiver;Off;-9.371199;76.74524;0.0022944445;None;NO
53800;99.988075;0.2525;sun;On;On;Receiver;Off;-10.923018;76.243324;0.0022944445;None;NO
53810;99.97615;0.2528;ecl;On;On;Receiver;Off;-12.3707;75.7322;0.0022944445;None;NO
53820;99.964226;0.2531;ecl;On;On;Receiver;Off;-13.723424;75.21283;0.0022944445;None;NO
53830;99.9523;0.2534;ecl;On;On;Receiver;Off;-14.989533;74.68605;0.0022944445;None;NO
53840;99.94038;0.2537;ecl;On;On;Receiver;Off;-16.176582;74.152596;0.0022944445;None;NO
53850;99.928444;0.254;ecl;On;On;Receiver;Off;-17.291403;73.61312;0.0022944445;None;NO
53860;99.91652;0.2543;ecl;On;On;Receiver;Off;-18.34016;73.0682;0.0022944445;None;NO
53870;99.904594;0.2546;ecl;On;On;Receiver;Off;-19.32842;72.51834;0.0022944445;None;NO
53880;99.89267;0.2549;ecl;On;On;Receiver;Off;-20.261208;71.964005;0.0022944445;None;NO
53890;99.880745;0.2552;ecl;On;On;Receiver;Off;-21.143057;71.40559;0.0022944445;None;NO
53900;99.86882;0.2555;ecl;On;On;Receiver;Off;-21.978062;70.843445;0.0022944445;None;NO
53910;99.856895;0.2558;ecl;On;On;Receiver;Off;-22.769926;70.27789;0.0022944445;None;NO
53920;99.84497;0.2561;ecl;On;On;Receiver;Off;-23.522003;69.70922;0.0022944445;None;NO
53930;99.833046;0.2564;ecl;On;On;Receiver;Off;-24.237328;69.13769;0.0022944445;None;NO
53940;99.82112;0.2567;ecl;On;On;Receiver;Off;-24.918655;68.563515;0.0022944445;None;NO
53950;99.8092;0.257;ecl;On;On;Receiver;Off;-25.568485;67.986916;0.0022944445;None;NO
53960;99.79727;0.2573;ecl;On;On;Receiver;Off;-26.189096;67.40807;0.0022944445;None;NO
53970;99.78534;0.2576;ecl;On;On;Receiver;Off;-26.782562;66.827156;0.0022944445;None;NO
53980;99.773415;0.2579;ecl;On;On;Receiver;Off;-27.35077;66.244316;0.0022944445;None;NO
53990;99.76149;0.2582;ecl;On;On;Receiver;Off;-27.895454;65.65969;0.0022944445;None;NO
54000;99.749565;0.2585;ecl;On;On;Receiver;Off;-28.41819;65.07341;0.0022944445;None;NO
54010;99.73764;0.2588;ecl;On;On;Receiver;Off;-28.920427;64.48559;0.0022944445;None;NO
54020;99.725716;0.2591;ecl;On;On;Receiver;Off;-29.403496;63.896324;0.0022944445;None;NO
54030;99.71379;0.2594;ecl;On;On;Receiver;Off;-29.868614;63.30572;0.0022944445;None;NO
54040;99.701866;0.2597;ecl;On;On;Receiver;Off;-30.31691;62.71386;0.0022944445;None;NO
54050;99.68994;0.26;ecl;On;On;Receiver;Off;-30.749413;62.120827;0.0022944445;None;NO
54060;99.67802;0.2603;ecl;On;On;Receiver;Off;-31.167082;61.52669;0.0022944445;None;NO
54070;99.66609;0.2606;ecl;On;On;Receiver;Off;-31.570797;60.931522;0.0022944445;None;NO
54080;99.65417;0.2609;ecl;On;On;Receiver;Off;-31.961374;60.335384;0.0022944445;None;NO
54090;99.642235;0.2612;ecl;On;On;Receiver;Off;-32.33957;59.73833;0.0022944445;None;NO
54100;99.63031;0.2615;ecl;On;On;Receiver;Off;-32.706085;59.14042;0.0022944445;None;NO
54110;99.618385;0.2618;ecl;On;On;Receiver;Off;-33.06157;58.5417;0.0022944445;None;NO
54120;99.60646;0.2621;ecl;On;On;Receiver;Off;-33.406624;57.942215;0.0022944445;None;NO
54130;99.594536;0.2624;ecl;On;On;Receiver;Off;-33.74182;57.342007;0.0022944445;None;NO
54140;99.58261;0.2627;ecl;On;On;Receiver;Off;-34.067677;56.741116;0.0022944445;None;NO
54150;99.57069;0.263;ecl;On;On;Receiver;Off;-34.384686;56.13958;0.0022944445;None;NO
54160;99.55876;0.2633;ecl;On;On;Receiver;Off;-34.693302;55.537434;0.0022944445;None;NO
54170;99.54684;0.2636;ecl;On;On;Receiver;Off;-34.993954;54.934708;0.0022944445;None;NO
54180;99.53491;0.2639;ecl;On;On;Receiver;Off;-35.287037;54.331432;0.0022944445;None;NO
54190;99.52299;0.2642;ecl;On;On;Receiver;Off;-35.57293;53.727634;0.0022944445;None;NO
54200;99.51106;0.2645;ecl;On;On;Receiver;Off;-35.85198;53.123344;0.0022944445;None;NO
54210;99.49913;0.2648;ecl;On;On;Receiver;Off;-36.12452;52.518578;0.0022944445;None;NO
54220;99.487206;0.2651;ecl;On;On;Receiver;Off;-36.390858;51.913364;0.0022944445;None;NO
54230;99.47528;0.2654;ecl;On;On;Receiver;Off;-36.651283;51.307728;0.0022944445;None;NO
54240;99.463356;0.2657;ecl;On;On;Receiver;Off;-36.90607;50.70168;0.0022944445;None;NO
54250;99.45143;0.266;ecl;On;On;Receiver;Off;-37.15548;50.095245;0.0022944445;None;NO
54260;99.43951;0.2663;ecl;On;On;Receiver;Off;-37.39975;49.48844;0.0022944445;None;NO
54270;99.42758;0.2666;ecl;On;On;Receiver;Off;-37.63911;48.881283;0.0022944445;None;NO
54280;99.41566;0.2669;ecl;On;On;Receiver;Off;-37.873783;48.27379;0.0022944445;None;NO
54290;99.40373;0.2672;ecl;On;On;Receiver;Off;-38.10397;47.66597;0.0022944445;None;NO
54300;99.39181;0.2675;ecl;On;On;Receiver;Off;-38.32986;47.057846;0.0022944445;None;NO
54310;99.37988;0.2678;ecl;On;On;Receiver;Off;-38.551643;46.449425;0.0022944445;None;NO
54320;99.36796;0.2681;ecl;On;On;Receiver;Off;-38.76949;45.84072;0.0022944445;None;NO
54330;99.356026;0.2684;ecl;On;On;Receiver;Off;-38.983562;45.23175;0.0022944445;None;NO
54340;99.3441;0.2687;ecl;On;On;Receiver;Off;-39.194023;44.62252;0.0022944445;None;NO
54350;99.33218;0.269;ecl;On;On;Receiver;Off;-39.401012;44.01304;0.0022944445;None;NO
54360;99.32025;0.2693;ecl;On;On;Receiver;Off;-39.60468;43.403324;0.0022944445;None;NO
54370;99.30833;0.2696;ecl;On;On;Receiver;Off;-39.80515;42.793377;0.0022944445;None;NO
54380;99.2964;0.2699;ecl;On;On;Receiver;Off;-40.002556;42.183212;0.0022944445;None;NO
54390;99.28448;0.2702;ecl;On;On;Receiver;Off;-40.19702;41.572838;0.0022944445;None;NO
54400;99.27255;0.2705;ecl;On;On;Receiver;Off;-40.388653;40.96226;0.0022944445;None;NO
54410;99.26063;0.2708;ecl;On;On;Receiver;Off;-40.57757;40.351494;0.0022944445;None;NO
54420;99.2487;0.2711;ecl;On;On;Receiver;Off;-40.763874;39.740536;0.0022944445;None;NO
54430;99.23678;0.2714;ecl;On;On;Receiver;Off;-40.947662;39.129402;0.0022944445;None;NO
54440;99.22485;0.2717;ecl;On;On;Receiver;Off;-41.129036;38.518093;0.0022944445;None;NO
54450;99.21292;0.272;ecl;On;On;Receiver;Off;-41.308083;37.90662;0.0022944445;None;NO
54460;99.201;0.2723;ecl;On;On;Receiver;Off;-41.48489;37.294987;0.0022944445;None;NO
54470;99.18907;0.2726;ecl;On;On;Receiver;Off;-41.659546;36.683205;0.0022944445;None;NO
54480;99.17715;0.2729;ecl;On;On;Receiver;Off;-41.832127;36.07127;0.0022944445;None;NO
54490;99.16522;0.2732;ecl;On;On;Receiver;Off;-42.00271;35.459194;0.0022944445;None;NO
54500;99.1533;0.2735;ecl;On;On;Receiver;Off;-42.171368;34.846985;0.0022944445;None;NO
54510;99.14137;0.2738;ecl;On;On;Receiver;Off;-42.338177;34.234642;0.0022944445;None;NO
54520;99.12945;0.2741;ecl;On;On;Receiver;Off;-42.503197;33.62217;0.0022944445;None;NO
54530;99.11752;0.2744;ecl;On;On;Receiver;Off;-42.6665;33.00958;0.0022944445;None;NO
54540;99.1056;0.2747;ecl;On;On;Receiver;Off;-42.828148;32.39687;0.0022944445;None;NO
54550;99.09367;0.275;ecl;On;On;Receiver;Off;-42.988194;31.784046;0.0022944445;None;NO
54560;99.08175;0.2753;ecl;On;On;Receiver;Off;-43.146706;31.171114;0.0022944445;None;NO
54570;99.06982;0.2756;ecl;On;On;Receiver;Off;-43.30373;30.558077;0.0022944445;None;NO
54580;99.05789;0.2759;ecl;On;On;Receiver;Off;-43.459328;29.944939;0.0022944445;None;NO
54590;99.04597;0.2762;ecl;On;On;Receiver;Off;-43.61355;29.331703;0.0022944445;None;NO
54600;99.03404;0.2765;ecl;On;On;Receiver;Off;-43.76644;28.718372;0.0022944445;None;NO
54610;99.02212;0.2768;ecl;On;On;Receiver;Off;-43.918056;28.104952;0.0022944445;None;NO
54620;99.01019;0.2771;ecl;On;On;Receiver;Off;-44.068436;27.491442;0.0022944445;None;NO
54630;98.99827;0.2774;ecl;On;On;Receiver;Off;-44.21763;26.87785;0.0022944445;None;NO
54640;98.98634;0.2777;ecl;On;On;Receiver;Off;-44.365677;26.264175;0.0022944445;None;NO
54650;98.97442;0.278;ecl;On;On;Receiver;Off;-44.512623;25.650425;0.0022944445;None;NO
54660;98.962494;0.2783;ecl;On;On;Receiver;Off;-44.65851;25.036596;0.0022944445;None;NO
54670;98.95057;0.2786;ecl;On;On;Receiver;Off;-44.80337;24.422697;0.0022944445;None;NO
54680;98.93864;0.2789;ecl;On;On;Receiver;Off;-44.947247;23.808727;0.0022944445;None;NO
54690;98.92671;0.2792;ecl;On;On;Receiver;Off;-45.09018;23.19469;0.0022944445;None;NO
54700;98.91479;0.2795;ecl;On;On;Receiver;Off;-45.2322;22.580591;0.0022944445;None;NO
54710;98.90286;0.2798;ecl;On;On;Receiver;Off;-45.373344;21.966427;0.0022944445;None;NO
54720;98.89094;0.2801;ecl;On;On;Receiver;Off;-45.513645;21.352205;0.0022944445;None;NO
54730;98.87901;0.2804;ecl;On;On;Receiver;Off;-45.65314;20.737925;0.0022944445;None;NO
54740;98.86709;0.2807;ecl;On;On;Receiver;Off;-45.791855;20.123589;0.0022944445;None;NO
54750;98.85516;0.281;ecl;On;On;Receiver;Off;-45.929825;19.509201;0.0022944445;None;NO
54760;98.84324;0.2813;ecl;On;On;Receiver;Off;-46.067078;18.894762;0.0022944445;None;NO
54770;98.831314;0.2816;ecl;On;On;Receiver;Off;-46.203648;18.280273;0.0022944445;None;NO
54780;98.81939;0.2819;ecl;On;On;Receiver;Off;-46.339558;17.665741;0.0022944445;None;NO
54790;98.807465;0.2822;ecl;On;On;Receiver;Off;-46.47484;17.05116;0.0022944445;None;NO
54800;98.79553;0.2825;ecl;On;On;Receiver;Off;-46.60952;16.436539;0.0022944445;None;NO
54810;98.78361;0.2828;ecl;On;On;Receiver;Off;-46.743626;15.821877;0.0022944445;PCD3;NO
54820;98.73447;0.28822;ecl;On;On;Re/Tr;Auto;-46.877186;15.207175;0.009455555;PCD3;NO
54830;98.70088;0.29364;ecl;On;On;Receiver;Auto;-47.01022;14.592437;0.006461111;PCD3;NO
54840;98.65174;0.29906;ecl;On;On;Re/Tr;Auto;-47.14276;13.977663;0.009455555;PCD3;NO
54850;98.61816;0.30448;ecl;On;On;Receiver;Auto;-47.274826;13.362855;0.006461111;PCD3;NO
54860;98.56901;0.3099;ecl;On;On;Re/Tr;Auto;-47.406445;12.748015;0.009455555;PCD3;NO
54870;98.53543;0.31532;ecl;On;On;Receiver;Auto;-47.53764;12.133145;0.006461111;PCD3;NO
54880;98.48628;0.32074;ecl;On;On;Re/Tr;Auto;-47.668434;11.518247;0.009455555;PCD3;NO
54890;98.452705;0.32616;ecl;On;On;Receiver;Auto;-47.798847;10.903321;0.006461111;PCD3;NO
54900;98.40356;0.3367;ecl;On;On;Re/Tr;Auto;-47.92891;10.28837;0.009455555;PCD3,PCD4;NO
54910;98.36997;0.34724;ecl;On;On;Receiver;Auto;-48.05864;9.673395;0.006461111;PCD3,PCD4;NO
54920;98.32083;0.35778;ecl;On;On;Re/Tr;Auto;-48.188057;9.058398;0.009455555;PCD3,PCD4;NO
54930;98.28725;0.36832;ecl;On;On;Receiver;Auto;-48.317184;8.44338;0.006461111;PCD3,PCD4;NO
54940;98.238106;0.37886;ecl;On;On;Re/Tr;Auto;-48.446045;7.828343;0.009455555;PCD3,PCD4;NO
54950;98.20452;0.3894;ecl;On;On;Receiver;Auto;-48.57466;7.213288;0.006461111;PCD3,PCD4;NO
54960;98.15538;0.39994;ecl;On;On;Re/Tr;Auto;-48.70305;6.598216;0.009455555;PCD3,PCD4;NO
54970;98.121796;0.41048;ecl;On;On;Receiver;Auto;-48.831234;5.9831295;0.006461111;PCD3,PCD4;NO
54980;98.07265;0.42102;ecl;On;On;Re/Tr;Auto;-48.959236;5.3680296;0.009455555;PCD3,PCD4;NO
54990;98.03907;0.43156;ecl;On;On;Receiver;Auto;-49.087074;4.752918;0.006461111;PCD3,PCD4;YES
55000;97.98992;0.3461;ecl;On;On;Re/Tr;Auto;-49.214767;4.137795;0.009455555;PCD3,PCD4;YES
55010;97.94078;0.26064;ecl;On;On;Re/Tr;Auto;-49.34234;3.522663;0.009455555;PCD3,PCD4;YES
55020;97.89163;0.17518;ecl;On;On;Re/Tr;Auto;-49.469807;2.9075232;0.009455555;PCD3,PCD4;YES
55030;97.84248;0.08972;ecl;On;On;Re/Tr;Auto;-49.59719;2.292377;0.009455555;PCD3,PCD4;YES
55040;97.79334;0.00426;ecl;On;On;Re/Tr;Auto;-49.72451;1.6772256;0.009455555;PCD3,PCD4;YES
55050;97.744194;0;ecl;On;On;Re/Tr;Auto;-49.851788;1.0620704;0.009455555;PCD1,PCD3,PCD4;YES
55060;97.69505;0;ecl;On;On;Re/Tr;Auto;-49.979042;0.4469129;0.009455555;PCD1,PCD3,PCD4;YES
55070;97.645905;0;ecl;On;On;Re/Tr;Auto;-50.10629;-0.16824557;0.009455555;PCD1,PCD3,PCD4;YES
55080;97.59676;0;ecl;On;On;Re/Tr;Auto;-50.233555;-0.7834037;0.009455555;PCD1,PCD3,PCD4;YES
55090;97.547615;0;ecl;On;On;Re/Tr;Auto;-50.360855;-1.39856;0.009455555;PCD1,PCD3,PCD4;YES
55100;97.49847;0;ecl;On;On;Re/Tr;Auto;-50.48821;-2.0137134;0.009455555;PCD1,PCD3,PCD4;YES
55110;97.449326;0;ecl;On;On;Re/Tr;Auto;-50.61564;-2.6288621;0.009455555;PCD1,PCD3,PCD4;YES
55120;97.40018;0;ecl;On;On;Re/Tr;Auto;-50.74316;-3.244005;0.009455555;PCD1,PCD3,PCD4;YES
55130;97.351036;0;ecl;On;On;Re/Tr;Auto;-50.8708;-3.8591406;0.009455555;PCD1,PCD3,PCD4;YES
55140;97.30189;0;ecl;On;On;Re/Tr;Auto;-50.998573;-4.474268;0.009455555;PCD1,PCD3,PCD4;YES
55150;97.25275;0;ecl;On;On;Re/Tr;Auto;-51.1265;-5.0893846;0.009455555;PCD1,PCD3,PCD4;YES
55160;97.2036;0;ecl;On;On;Re/Tr;Auto;-51.254604;-5.70449;0.009455555;PCD1,PCD3,PCD4;YES
55170;97.15445;0;ecl;On;On;Re/Tr;Auto;-51.3829;-6.319583;0.009455555;PCD1,PCD3,PCD4;YES
55180;97.10531;0;ecl;On;On;Re/Tr;Auto;-51.511414;-6.9346614;0.009455555;PCD1,PCD3,PCD4;YES
55190;97.05616;0;ecl;On;On;Re/Tr;Auto;-51.640167;-7.5497246;0.009455555;PCD1,PCD3,PCD4,PCD5;YES
55200;97.00702;0;ecl;On;On;Re/Tr;Auto;-51.769176;-8.16477;0.009455555;PCD1,PCD3,PCD4,PCD5;YES
55210;96.95787;0;ecl;On;On;Re/Tr;Auto;-51.898468;-8.779797;0.009455555;PCD1,PCD3,PCD4,PCD5;YES
55220;96.90873;0;ecl;On;On;Re/Tr;Auto;-52.028057;-9.394804;0.009455555;PCD1,PCD3,PCD4,PCD5;YES
55230;96.85958;0;ecl;On;On;Re/Tr;Auto;-52.15797;-10.0097885;0.009455555;PCD1,PCD2,PCD3,PCD4,PCD5;YES
55240;96.81043;0;ecl;On;On;Re/Tr;Auto;-52.28823;-10.624751;0.009455555;PCD1,PCD2,PCD3,PCD4,PCD5;YES
55250;96.76129;0;ecl;On;On;Re/Tr;Auto;-52.418858;-11.239688;0.009455555;PCD1,PCD2,PCD3,PCD4,PCD5;YES
55260;96.71214;0;ecl;On;On;Re/Tr;Auto;-52.549877;-11.854599;0.009455555;PCD1,PCD2,PCD3,PCD4,PCD5;YES
55270;96.663;0;ecl;On;On;Re/Tr;Auto;-52.68131;-12.469482;0.009455555;PCD1,PCD2,PCD4,PCD5;YES
55280;96.61385;0;ecl;On;On;Re/Tr;Auto;-52.813175;-13.084336;0.009455555;PCD1,PCD2,PCD4,PCD5;YES
55290;96.56471;0;ecl;On;On;Re/Tr;Auto;-52.945507;-13.699159;0.009455555;PCD1,PCD2,PCD4,PCD5;YES
55300;96.515564;0;ecl;On;On;Re/Tr;Auto;-53.078323;-14.313948;0.009455555;PCD1,PCD2,PCD4,PCD5;YES
55310;96.466415;0;ecl;On;On;Re/Tr;Auto;-53.211655;-14.928702;0.009455555;PCD1,PCD2,PCD5;YES
55320;96.417274;0;ecl;On;On;Re/Tr;Auto;-53.34552;-15.543421;0.009455555;PCD1,PCD2,PCD5;YES
55330;96.368126;0;ecl;On;On;Re/Tr;Auto;-53.479946;-16.158102;0.009455555;PCD1,PCD2,PCD5;YES
55340;96.318985;0;ecl;On;On;Re/Tr;Auto;-53.614964;-16.772741;0.009455555;PCD1,PCD2,PCD5;YES
55350;96.26984;0;ecl;On;On;Re/Tr;Auto;-53.7506;-17.38734;0.009455555;PCD1,PCD2,PCD5;YES
55360;96.220695;0;ecl;On;On;Re/Tr;Auto;-53.88688;-18.001896;0.009455555;PCD1,PCD2,PCD5;YES
55370;96.17155;0;ecl;On;On;Re/Tr;Auto;-54.02383;-18.616404;0.009455555;PCD1,PCD2,PCD5;YES
55380;96.1224;0;ecl;On;On;Re/Tr;Auto;-54.161488;-19.230865;0.009455555;PCD1,PCD2,PCD5;YES
55390;96.07326;0;ecl;On;On;Re/Tr;Auto;-54.299877;-19.845278;0.009455555;PCD1,PCD2,PCD5;YES
55400;96.02411;0;ecl;On;On;Re/Tr;Auto;-54.43903;-20.459637;0.009455555;PCD1,PCD2,PCD5;YES
55410;95.97497;0;ecl;On;On;Re/Tr;Auto;-54.578976;-21.073942;0.009455555;PCD1,PCD2,PCD5;YES
55420;95.92582;0;ecl;On;On;Re/Tr;Auto;-54.71975;-21.68819;0.009455555;PCD1,PCD2,PCD5;YES
55430;95.87668;0;ecl;On;On;Re/Tr;Auto;-54.861385;-22.302382;0.009455555;PCD1,PCD2,PCD5;YES
55440;95.82753;0;ecl;On;On;Re/Tr;Auto;-55.003918;-22.916512;0.009455555;PCD1,PCD2,PCD5;YES
55450;95.77838;0;ecl;On;On;Re/Tr;Auto;-55.14738;-23.530577;0.009455555;PCD1,PCD2,PCD5;YES
55460;95.72924;0;ecl;On;On;Re/Tr;Auto;-55.291813;-24.144577;0.009455555;PCD1,PCD2,PCD5;YES
55470;95.68009;0;ecl;On;On;Re/Tr;Auto;-55.43725;-24.758509;0.009455555;PCD1,PCD2,PCD5;YES
55480;95.63095;0;ecl;On;On;Re/Tr;Auto;-55.58373;-25.37237;0.009455555;PCD1,PCD2,PCD5;YES
55490;95.5818;0;ecl;On;On;Re/Tr;Auto;-55.731297;-25.986155;0.009455555;PCD1,PCD2,PCD5;YES
55500;95.53266;0;ecl;On;On;Re/Tr;Auto;-55.879986;-26.599865;0.009455555;PCD1,PCD2,PCD5;YES
55510;95.48351;0;ecl;On;On;Re/Tr;Auto;-56.029846;-27.213495;0.009455555;PCD1,PCD2,PCD5;YES
55520;95.434364;0;ecl;On;On;Re/Tr;Auto;-56.18092;-27.827042;0.009455555;PCD1,PCD2,PCD5;YES
55530;95.38522;0;ecl;On;On;Re/Tr;Auto;-56.333252;-28.440502;0.009455555;PCD1,PCD2,PCD5;YES
55540;95.336075;0;ecl;On;On;Re/Tr;Auto;-56.48689;-29.053875;0.009455555;PCD1,PCD2,PCD5;YES
55550;95.286934;0;ecl;On;On;Re/Tr;Auto;-56.641884;-29.667154;0.009455555;PCD1,PCD2,PCD5;YES
55560;95.237785;0;ecl;On;On;Re/Tr;Auto;-56.798283;-30.280338;0.009455555;PCD1,PCD2,PCD5;YES
55570;95.18864;0;ecl;On;On;Re/Tr;Auto;-56.956142;-30.893421;0.009455555;PCD1,PCD2,PCD5;YES
55580;95.139496;0;ecl;On;On;Re/Tr;Auto;-57.115517;-31.506401;0.009455555;PCD1,PCD2,PCD5;YES
55590;95.09035;0.01054;ecl;On;On;Re/Tr;Auto;-57.276463;-32.119274;0.009455555;PCD2,PCD5;NO
55600;95.05677;0.02108;ecl;On;On;Receiver;Auto;-57.43904;-32.732037;0.006461111;PCD2,PCD5;NO
55610;95.00762;0.03162;ecl;On;On;Re/Tr;Auto;-57.60331;-33.34468;0.009455555;PCD2,PCD5;NO
55620;94.974045;0.04216;ecl;On;On;Receiver;Auto;-57.769333;-33.957207;0.006461111;PCD2,PCD5;NO
55630;94.9249;0.0527;ecl;On;On;Re/Tr;Auto;-57.937183;-34.569607;0.009455555;PCD2,PCD5;NO
55640;94.89131;0.06324;ecl;On;On;Receiver;Auto;-58.106922;-35.18188;0.006461111;PCD2,PCD5;NO
55650;94.84217;0.07378;ecl;On;On;Re/Tr;Auto;-58.278625;-35.794018;0.009455555;PCD2,PCD5;NO
55660;94.808586;0.0792;ecl;On;On;Receiver;Auto;-58.452374;-36.406013;0.006461111;PCD2;NO
55670;94.759445;0.08462;ecl;On;On;Re/Tr;Auto;-58.628235;-37.017868;0.009455555;PCD2;NO
55680;94.72586;0.09004;ecl;On;On;Receiver;Auto;-58.8063;-37.62957;0.006461111;PCD2;NO
55690;94.67671;0.09546;ecl;On;On;Re/Tr;Auto;-58.986656;-38.241116;0.009455555;PCD2;NO
55700;94.643135;0.10088;ecl;On;On;Receiver;Auto;-59.169384;-38.8525;0.006461111;PCD2;NO
55710;94.59399;0.1063;ecl;On;On;Re/Tr;Auto;-59.354584;-39.463715;0.009455555;PCD2;NO
55720;94.56041;0.11172;ecl;On;On;Receiver;Auto;-59.542355;-40.074753;0.006461111;PCD2;NO
55730;94.51126;0.11714;ecl;On;On;Re/Tr;Auto;-59.732796;-40.685608;0.009455555;PCD2;NO
55740;94.47768;0.12256;ecl;On;On;Receiver;Auto;-59.92602;-41.296272;0.006461111;PCD2;NO
55750;94.48196;0.12798;sun;On;On;Re/Tr;Auto;-60.122135;-41.90674;0.009455555;PCD2;NO
55760;94.50179;0.1334;sun;On;On;Receiver;Auto;-60.321262;-42.517;0.006461111;PCD2;NO
55770;94.506065;0.13882;sun;On;On;Re/Tr;Auto;-60.523525;-43.127045;0.009455555;PCD2;NO
55780;94.5259;0.13912;sun;On;On;Receiver;Auto;-60.729057;-43.736866;0.006461111;None;NO
55790;94.5674;0.13942;sun;On;On;Receiver;Off;-60.937996;-44.346455;0.0022944445;None;NO
55800;94.60889;0.13972;sun;On;On;Receiver;Off;-61.150482;-44.9558;0.0022944445;None;NO
55810;94.65038;0.14002;sun;On;On;Receiver;Off;-61.366673;-45.56489;0.0022944445;None;NO
55820;94.69187;0.14032;sun;On;On;Receiver;Off;-61.586727;-46.173717;0.0022944445;None;NO
55830;94.73337;0.14062;sun;On;On;Receiver;Off;-61.810818;-46.782265;0.0022944445;None;NO
55840;94.774864;0.14092;sun;On;On;Receiver;Off;-62.039116;-47.390526;0.0022944445;None;NO
55850;94.81635;0.14122;sun;On;On;Receiver;Off;-62.271816;-47.998486;0.0022944445;None;NO
55860;94.85785;0.14152;sun;On;On;Receiver;Off;-62.50912;-48.60613;0.0022944445;None;NO
55870;94.899345;0.14182;sun;On;On;Receiver;Off;-62.751236;-49.21344;0.0022944445;None;NO
55880;94.940834;0.14212;sun;On;On;Receiver;Off;-62.998386;-49.820408;0.0022944445;None;NO
55890;94.98233;0.14242;sun;On;On;Receiver;Off;-63.25081;-50.42701;0.0022944445;None;NO
55900;95.02382;0.14272;sun;On;On;Receiver;Off;-63.50876;-51.033234;0.0022944445;None;NO
55910;95.065315;0.14302;sun;On;On;Receiver;Off;-63.772495;-51.63906;0.0022944445;None;NO
55920;95.10681;0.14332;sun;On;On;Receiver;Off;-64.042305;-52.244473;0.0022944445;None;NO
55930;95.1483;0.14362;sun;On;On;Receiver;Off;-64.3185;-52.84944;0.0022944445;None;NO
55940;95.1898;0.14392;sun;On;On;Receiver;Off;-64.60138;-53.45395;0.0022944445;None;NO
55950;95.23129;0.14422;sun;On;On;Receiver;Off;-64.891304;-54.057976;0.0022944445;None;NO
55960;95.27278;0.14452;sun;On;On;Receiver;Off;-65.18862;-54.66149;0.0022944445;None;NO
55970;95.31428;0.14482;sun;On;On;Receiver;Off;-65.49374;-55.26447;0.0022944445;None;NO
55980;95.35577;0.14512;sun;On;On;Receiver;Off;-65.807045;-55.866882;0.0022944445;None;NO
55990;95.39726;0.14542;sun;On;On;Receiver;Off;-66.129005;-56.468697;0.0022944445;None;NO
56000;95.43876;0.14572;sun;On;On;Receiver;Off;-66.46009;-57.069885;0.0022944445;None;NO
56010;95.48025;0.14602;sun;On;On;Receiver;Off;-66.800804;-57.670406;0.0022944445;None;NO
56020;95.52174;0.14632;sun;On;On;Receiver;Off;-67.151695;-58.27022;0.0022944445;None;NO
56030;95.56324;0.14662;sun;On;On;Receiver;Off;-67.51335;-58.869297;0.0022944445;None;NO
56040;95.60473;0.14692;sun;On;On;Receiver;Off;-67.8864;-59.46758;0.0022944445;None;NO
56050;95.646225;0.14722;sun;On;On;Receiver;Off;-68.271515;-60.06503;0.0022944445;None;NO
56060;95.68771;0.14752;sun;On;On;Receiver;Off;-68.66943;-60.661587;0.0022944445;None;NO
56070;95.72921;0.14782;sun;On;On;Receiver;Off;-69.08095;-61.257202;0.0022944445;None;NO
56080;95.770706;0.14812;sun;On;On;Receiver;Off;-69.506905;-61.851814;0.0022944445;None;NO
56090;95.812195;0.14842;sun;On;On;Receiver;Off;-69.94823;-62.445354;0.0022944445;None;NO
56100;95.85369;0.14872;sun;On;On;Receiver;Off;-70.405914;-63.037758;0.0022944445;None;NO
56110;95.89519;0.14902;sun;On;On;Receiver;Off;-70.88106;-63.62894;0.0022944445;None;NO
56120;95.936676;0.14932;sun;On;On;Receiver;Off;-71.374825;-64.21882;0.0022944445;None;NO
56130;95.97817;0.14962;sun;On;On;Receiver;Off;-71.8885;-64.80731;0.0022944445;None;NO
56140;96.01966;0.14992;sun;On;On;Receiver;Off;-72.42348;-65.3943;0.0022944445;None;NO
56150;96.06116;0.15022;sun;On;On;Receiver;Off;-72.98128;-65.97969;0.0022944445;None;NO
56160;96.10265;0.15052;sun;On;On;Receiver;Off;-73.56357;-66.563354;0.0022944445;None;NO
56170;96.14414;0.15082;sun;On;On;Receiver;Off;-74.172165;-67.145164;0.0022944445;None;NO
56180;96.18564;0.15112;sun;On;On;Receiver;Off;-74.80906;-67.72497;0.0022944445;None;NO
56190;96.227135;0.15142;sun;On;On;Receiver;Off;-75.47643;-68.302605;0.0022944445;None;NO
56200;96.26862;0.15172;sun;On;On;Receiver;Off;-76.17669;-68.8779;0.0022944445;None;NO
56210;96.31012;0.15202;sun;On;On;Receiver;Off;-76.91247;-69.45065;0.0022944445;None;NO
56220;96.35161;0.15232;sun;On;On;Receiver;Off;-77.68668;-70.02065;0.0022944445;None;NO
56230;96.393105;0.15262;sun;On;On;Receiver;Off;-78.50255;-70.587654;0.0022944445;None;NO
56240;96.4346;0.15292;sun;On;On;Receiver;Off;-79.3636;-71.151375;0.0022944445;None;NO
56250;96.47609;0.15322;sun;On;On;Receiver;Off;-80.273766;-71.711525;0.0022944445;None;NO
56260;96.517586;0.15352;sun;On;On;Receiver;Off;-81.23738;-72.26776;0.0022944445;None;NO
56270;96.55908;0.15382;sun;On;On;Receiver;Off;-82.259254;-72.819695;0.0022944445;None;NO
56280;96.60057;0.15412;sun;On;On;Receiver;Off;-83.344696;-73.36691;0.0022944445;None;NO
56290;96.64207;0.15442;sun;On;On;Receiver;Off;-84.499626;-73.90892;0.0022944445;None;NO
56300;96.683556;0.15472;sun;On;On;Receiver;Off;-85.73056;-74.445175;0.0022944445;None;NO
56310;96.72505;0.15502;sun;On;On;Receiver;Off;-87.04475;-74.97507;0.0022944445;None;NO
56320;96.76655;0.15532;sun;On;On;Receiver;Off;-88.450165;-75.497894;0.0022944445;None;NO
56330;96.80804;0.15562;sun;On;On;Receiver;Off;-89.955635;-76.01286;0.0022944445;None;NO
56340;96.84953;0.15592;sun;On;On;Receiver;Off;-91.57084;-76.51907;0.0022944445;None;NO
56350;96.89103;0.15622;sun;On;On;Receiver;Off;-93.306335;-77.0155;0.0022944445;None;NO
56360;96.93252;0.15652;sun;On;On;Receiver;Off;-95.1736;-77.500984;0.0022944445;None;NO
56370;96.974014;0.15682;sun;On;On;Receiver;Off;-97.18493;-77.97418;0.0022944445;None;NO
56380;97.0155;0.15712;sun;On;On;Receiver;Off;-99.353355;-78.43361;0.0022944445;None;NO
56390;97.057;0.15742;sun;On;On;Receiver;Off;-101.69242;-78.87754;0.0022944445;None;NO
56400;97.098495;0.15772;sun;On;On;Receiver;Off;-104.21577;-79.30405;0.0022944445;None;NO
56410;97.139984;0.15802;sun;On;On;Receiver;Off;-106.93666;-79.71097;0.0022944445;None;NO
56420;97.18148;0.15832;sun;On;On;Receiver;Off;-109.86719;-80.095894;0.0022944445;None;NO
56430;97.22298;0.15862;sun;On;On;Receiver;Off;-113.01722;-80.456154;0.0022944445;None;NO
56440;97.264465;0.15892;sun;On;On;Receiver;Off;-116.39312;-80.78885;0.0022944445;None;NO
56450;97.30596;0.15922;sun;On;On;Receiver;Off;-119.99622;-81.090904;0.0022944445;None;NO
56460;97.34745;0.15952;sun;On;On;Receiver;Off;-123.821175;-81.35909;0.0022944445;None;NO
56470;97.38895;0.15982;sun;On;On;Receiver;Off;-127.854355;-81.59018;0.0022944445;None;NO
56480;97.43044;0.16012;sun;On;On;Receiver;Off;-132.07272;-81.78104;0.0022944445;None;NO
56490;97.47193;0.16042;sun;On;On;Receiver;Off;-136.44337;-81.9288;0.0022944445;None;NO
56500;97.51343;0.16072;sun;On;On;Receiver;Off;-140.92421;-82.03109;0.0022944445;None;NO
56510;97.554924;0.16102;sun;On;On;Receiver;Off;-145.46584;-82.08612;0.0022944445;None;NO
56520;97.59641;0.16132;sun;On;On;Receiver;Off;-150.0146;-82.092926;0.0022944445;None;NO
56530;97.63791;0.16162;sun;On;On;Receiver;Off;-154.51634;-82.05137;0.0022944445;None;NO
56540;97.6794;0.16192;sun;On;On;Receiver;Off;-158.9202;-81.9622;0.0022944445;None;NO
56550;97.720894;0.16222;sun;On;On;Receiver;Off;-163.18195;-81.82698;0.0022944445;None;NO
56560;97.76239;0.16252;sun;On;On;Receiver;Off;-167.26616;-81.64795;0.0022944445;None;NO
56570;97.80388;0.16282;sun;On;On;Receiver;Off;-171.14722;-81.42785;0.0022944445;None;NO
56580;97.845375;0.16312;sun;On;On;Receiver;Off;-174.80914;-81.16975;0.0022944445;None;NO
56590;97.88687;0.16342;sun;On;On;Receiver;Off;-178.24455;-80.87687;0.0022944445;None;NO
56600;97.92836;0.16372;sun;On;On;Receiver;Off;178.54681;-80.55246;0.0022944445;None;NO
56610;97.96986;0.16402;sun;On;On;Receiver;Off;175.55974;-80.19963;0.0022944445;None;NO
56620;98.011345;0.16432;sun;On;On;Receiver;Off;172.78514;-79.82136;0.0022944445;None;NO
56630;98.05284;0.16462;sun;On;On;Receiver;Off;170.21141;-79.42036;0.0022944445;None;NO
56640;98.09434;0.16492;sun;On;On;Receiver;Off;167.82549;-78.999115;0.0022944445;None;NO
56650;98.135826;0.16522;sun;On;On;Receiver;Off;165.61377;-78.55987;0.0022944445;None;NO
56660;98.17732;0.16552;sun;On;On;Receiver;Off;163.56265;-78.104614;0.0022944445;None;NO
56670;98.21882;0.16582;sun;On;On;Receiver;Off;161.65895;-77.63512;0.0022944445;None;NO
56680;98.26031;0.16612;sun;On;On;Receiver;Off;159.89015;-77.15294;0.0022944445;None;NO
56690;98.3018;0.16642;sun;On;On;Receiver;Off;158.24457;-76.65946;0.0022944445;None;NO
56700;98.34329;0.16672;sun;On;On;Receiver;Off;156.71138;-76.15589;0.0022944445;None;NO
56710;98.38479;0.16702;sun;On;On;Receiver;Off;155.28069;-75.64328;0.0022944445;None;NO
56720;98.426285;0.16732;sun;On;On;Receiver;Off;153.94345;-75.122574;0.0022944445;None;NO
56730;98.46777;0.16762;sun;On;On;Receiver;Off;152.69148;-74.5946;0.0022944445;None;NO
56740;98.50927;0.16792;sun;On;On;Receiver;Off;151.51735;-74.06006;0.0022944445;None;NO
56750;98.550766;0.16822;sun;On;On;Receiver;Off;150.41434;-73.51961;0.0022944445;None;NO
56760;98.592255;0.16852;sun;On;On;Receiver;Off;149.37639;-72.9738;0.0022944445;None;NO
56770;98.63375;0.16882;sun;On;On;Receiver;Off;148.39803;-72.42314;0.0022944445;None;NO
56780;98.67524;0.16912;sun;On;On;Receiver;Off;147.47432;-71.86808;0.0022944445;None;NO
56790;98.716736;0.16942;sun;On;On;Receiver;Off;146.60083;-71.30899;0.0022944445;None;NO
56800;98.75823;0.16972;sun;On;On;Receiver;Off;145.7735;-70.74624;0.0022944445;None;NO
56810;98.79972;0.17002;sun;On;On;Receiver;Off;144.98872;-70.18013;0.0022944445;None;NO
56820;98.84122;0.17032;sun;On;On;Receiver;Off;144.2432;-69.61095;0.0022944445;None;NO
56830;98.88271;0.17062;sun;On;On;Receiver;Off;143.5339;-69.03894;0.0022944445;None;NO
56840;98.9242;0.17092;sun;On;On;Receiver;Off;142.85818;-68.46434;0.0022944445;None;NO
56850;98.9657;0.17122;sun;On;On;Receiver;Off;142.21355;-67.88734;0.0022944445;None;NO
56860;99.00719;0.17152;sun;On;On;Receiver;Off;141.59775;-67.30813;0.0022944445;None;NO
56870;99.04868;0.17182;sun;On;On;Receiver;Off;141.00876;-66.72687;0.0022944445;None;NO
56880;99.09018;0.17212;sun;On;On;Receiver;Off;140.44473;-66.143715;0.0022944445;None;NO
56890;99.13167;0.17242;sun;On;On;Receiver;Off;139.90393;-65.55879;0.0022944445;None;NO
56900;99.173164;0.17272;sun;On;On;Receiver;Off;139.38483;-64.972244;0.0022944445;None;NO
56910;99.21466;0.17302;sun;On;On;Receiver;Off;138.88599;-64.38416;0.0022944445;None;NO
56920;99.25615;0.17332;sun;On;On;Receiver;Off;138.4061;-63.794662;0.0022944445;None;NO
56930;99.297646;0.17362;sun;On;On;Receiver;Off;137.94395;-63.203835;0.0022944445;None;NO
56940;99.339134;0.17392;sun;On;On;Receiver;Off;137.49844;-62.611767;0.0022944445;None;NO
56950;99.38063;0.17422;sun;On;On;Receiver;Off;137.06857;-62.01854;0.0022944445;None;NO
56960;99.42213;0.17452;sun;On;On;Receiver;Off;136.65337;-61.42422;0.0022944445;None;NO
56970;99.463615;0.17482;sun;On;On;Receiver;Off;136.25197;-60.82888;0.0022944445;None;NO
56980;99.50511;0.17512;sun;On;On;Receiver;Off;135.86359;-60.232582;0.0022944445;None;NO
56990;99.54661;0.17542;sun;On;On;Receiver;Off;135.48744;-59.635376;0.0022944445;None;NO
57000;99.5881;0.17572;sun;On;On;Receiver;Off;135.12288;-59.037323;0.0022944445;None;NO
57010;99.62959;0.17602;sun;On;On;Receiver;Off;134.76923;-58.43847;0.0022944445;None;NO
57020;99.67108;0.17632;sun;On;On;Receiver;Off;134.4259;-57.838856;0.0022944445;None;NO
57030;99.71258;0.17662;sun;On;On;Receiver;Off;134.09236;-57.238525;0.0022944445;None;NO
57040;99.754074;0.17692;sun;On;On;Receiver;Off;133.76807;-56.637524;0.0022944445;None;NO
57050;99.79556;0.17722;sun;On;On;Receiver;Off;133.45253;-56.03588;0.0022944445;None;NO
57060;99.83706;0.17752;sun;On;On;Receiver;Off;133.14531;-55.43363;0.0022944445;None;NO
57070;99.878555;0.17782;sun;On;On;Receiver;Off;132.846;-54.83081;0.0022944445;None;NO
57080;99.920044;0.17812;sun;On;On;Receiver;Off;132.55418;-54.227444;0.0022944445;None;NO
57090;99.96154;0.17842;sun;On;On;Receiver;Off;132.26949;-53.623558;0.0022944445;None;NO
57100;99.988075;0.17872;sun;On;On;Receiver;Off;131.99158;-53.01918;0.0022944445;None;NO
57110;99.988075;0.17902;sun;On;On;Receiver;Off;131.72014;-52.414337;0.0022944445;None;NO
57120;99.988075;0.17932;sun;On;On;Receiver;Off;131.45483;-51.80905;0.0022944445;None;NO
57130;99.988075;0.17962;sun;On;On;Receiver;Off;131.1954;-51.20334;0.0022944445;None;NO
57140;99.988075;0.17992;sun;On;On;Receiver;Off;130.94156;-50.597225;0.0022944445;None;NO
57150;99.988075;0.18022;sun;On;On;Receiver;Off;130.69305;-49.990726;0.0022944445;None;NO
57160;99.988075;0.18052;sun;On;On;Receiver;Off;130.44965;-49.383858;0.0022944445;None;NO
57170;99.988075;0.18082;sun;On;On;Receiver;Off;130.2111;-48.77664;0.0022944445;None;NO
57180;99.988075;0.18112;sun;On;On;Receiver;Off;129.97722;-48.16909;0.0022944445;None;NO
57190;99.988075;0.18142;sun;On;On;Receiver;Off;129.74779;-47.56122;0.0022944445;None;NO
57200;99.988075;0.18172;sun;On;On;Receiver;Off;129.52261;-46.95304;0.0022944445;None;NO
57210;99.988075;0.18202;sun;On;On;Receiver;Off;129.30153;-46.34457;0.0022944445;None;NO
57220;99.988075;0.18232;sun;On;On;Receiver;Off;129.08434;-45.73582;0.0022944445;None;NO
57230;99.988075;0.18262;sun;On;On;Receiver;Off;128.8709;-45.126804;0.0022944445;None;NO
57240;99.988075;0.18292;sun;On;On;Receiver;Off;128.66104;-44.51753;0.0022944445;None;NO
57250;99.988075;0.18322;sun;On;On;Receiver;Off;128.45464;-43.90801;0.0022944445;None;NO
57260;99.988075;0.18352;sun;On;On;Receiver;Off;128.25153;-43.298252;0.0022944445;None;NO
57270;99.988075;0.18382;sun;On;On;Receiver;Off;128.0516;-42.688267;0.0022944445;None;NO
57280;99.988075;0.18412;sun;On;On;Receiver;Off;127.854706;-42.078068;0.0022944445;None;NO
57290;99.988075;0.18442;sun;On;On;Receiver;Off;127.660736;-41.467655;0.0022944445;None;NO
57300;99.988075;0.18472;sun;On;On;Receiver;Off;127.46958;-40.857048;0.0022944445;None;NO
57310;99.988075;0.18502;sun;On;On;Receiver;Off;127.28112;-40.246243;0.0022944445;None;NO
57320;99.988075;0.18532;sun;On;On;Receiver;Off;127.09526;-39.635258;0.0022944445;None;NO
57330;99.988075;0.18562;sun;On;On;Receiver;Off;126.911896;-39.02409;0.0022944445;None;NO
57340;99.988075;0.18592;sun;On;On;Receiver;Off;126.73093;-38.412754;0.0022944445;None;NO
57350;99.988075;0.18622;sun;On;On;Receiver;Off;126.55228;-37.801254;0.0022944445;None;NO
57360;99.988075;0.18652;sun;On;On;Receiver;Off;126.37584;-37.189594;0.0022944445;None;NO
57370;99.988075;0.18682;sun;On;On;Receiver;Off;126.20155;-36.577785;0.0022944445;None;NO
57380;99.988075;0.18712;sun;On;On;Receiver;Off;126.02932;-35.965828;0.0022944445;None;NO
57390;99.988075;0.18742;sun;On;On;Receiver;Off;125.85907;-35.35373;0.0022944445;None;NO
57400;99.988075;0.18772;sun;On;On;Receiver;Off;125.690735;-34.741493;0.0022944445;None;NO
57410;99.988075;0.18802;sun;On;On;Receiver;Off;125.52424;-34.129128;0.0022944445;None;NO
57420;99.988075;0.18832;sun;On;On;Receiver;Off;125.35952;-33.516636;0.0022944445;None;NO
57430;99.988075;0.18862;sun;On;On;Receiver;Off;125.19651;-32.904022;0.0022944445;None;NO
57440;99.988075;0.18892;sun;On;On;Receiver;Off;125.03514;-32.291294;0.0022944445;None;NO
57450;99.988075;0.18922;sun;On;On;Receiver;Off;124.87536;-31.678453;0.0022944445;None;NO
57460;99.988075;0.18952;sun;On;On;Receiver;Off;124.71711;-31.065502;0.0022944445;None;NO
57470;99.988075;0.18982;sun;On;On;Receiver;Off;124.56033;-30.452448;0.0022944445;None;NO
57480;99.988075;0.19012;sun;On;On;Receiver;Off;124.404976;-29.839293;0.0022944445;None;NO
57490;99.988075;0.19042;sun;On;On;Receiver;Off;124.25099;-29.226038;0.0022944445;None;NO
57500;99.988075;0.19072;sun;On;On;Receiver;Off;124.09832;-28.612692;0.0022944445;None;NO
57510;99.988075;0.19102;sun;On;On;Receiver;Off;123.94692;-27.999256;0.0022944445;None;NO
57520;99.988075;0.19132;sun;On;On;Receiver;Off;123.79675;-27.385733;0.0022944445;None;NO
57530;99.988075;0.19162;sun;On;On;Receiver;Off;123.64776;-26.772125;0.0022944445;None;NO
57540;99.988075;0.19192;sun;On;On;Receiver;Off;123.4999;-26.158438;0.0022944445;None;NO
57550;99.988075;0.19222;sun;On;On;Receiver;Off;123.35314;-25.544674;0.0022944445;None;NO
57560;99.988075;0.19252;sun;On;On;Receiver;Off;123.207436;-24.930834;0.0022944445;None;NO
57570;99.988075;0.19282;sun;On;On;Receiver;Off;123.062744;-24.316921;0.0022944445;None;NO
57580;99.988075;0.19312;sun;On;On;Receiver;Off;122.91904;-23.70294;0.0022944445;None;NO
57590;99.988075;0.19342;sun;On;On;Receiver;Off;122.77626;-23.088894;0.0022944445;None;NO
57600;99.988075;0.19372;sun;On;On;Receiver;Off;122.63439;-22.474781;0.0022944445;None;NO
57610;99.988075;0.19402;sun;On;On;Receiver;Off;122.4934;-21.860607;0.0022944445;None;NO
57620;99.988075;0.19432;sun;On;On;Receiver;Off;122.35324;-21.246374;0.0022944445;None;NO
57630;99.988075;0.19462;sun;On;On;Receiver;Off;122.21388;-20.632086;0.0022944445;None;NO
57640;99.988075;0.19492;sun;On;On;Receiver;Off;122.075294;-20.01774;0.0022944445;None;NO
57650;99.988075;0.19522;sun;On;On;Receiver;Off;121.937454;-19.403343;0.0022944445;None;NO
57660;99.988075;0.19552;sun;On;On;Receiver;Off;121.800316;-18.788897;0.0022944445;None;NO
57670;99.988075;0.19582;sun;On;On;Receiver;Off;121.663864;-18.1744;0.0022944445;None;NO
57680;99.988075;0.19612;sun;On;On;Receiver;Off;121.52807;-17.559858;0.0022944445;None;NO
57690;99.988075;0.19642;sun;On;On;Receiver;Off;121.39289;-16.94527;0.0022944445;None;NO
57700;99.988075;0.19672;sun;On;On;Receiver;Off;121.25831;-16.330643;0.0022944445;None;NO
57710;99.988075;0.19702;sun;On;On;Receiver;Off;121.1243;-15.715973;0.0022944445;None;NO
57720;99.988075;0.19732;sun;On;On;Receiver;Off;120.99083;-15.101265;0.0022944445;None;NO
57730;99.988075;0.19762;sun;On;On;Receiver;Off;120.85789;-14.48652;0.0022944445;None;NO
57740;99.988075;0.19792;sun;On;On;Receiver;Off;120.725426;-13.87174;0.0022944445;None;NO
57750;99.988075;0.19822;sun;On;On;Receiver;Off;120.59344;-13.256927;0.0022944445;None;NO
57760;99.988075;0.19852;sun;On;On;Receiver;Off;120.4619;-12.642082;0.0022944445;None;NO
57770;99.988075;0.19882;sun;On;On;Receiver;Off;120.33077;-12.027207;0.0022944445;None;NO
57780;99.988075;0.19912;sun;On;On;Receiver;Off;120.20004;-11.412304;0.0022944445;None;NO
57790;99.988075;0.19942;sun;On;On;Receiver;Off;120.069695;-10.797374;0.0022944445;None;NO
57800;99.988075;0.19972;sun;On;On;Receiver;Off;119.93969;-10.182418;0.0022944445;None;NO
57810;99.988075;0.20002;sun;On;On;Receiver;Off;119.81002;-9.567439;0.0022944445;None;NO
57820;99.988075;0.20032;sun;On;On;Receiver;Off;119.68065;-8.952438;0.0022944445;None;NO
57830;99.988075;0.20062;sun;On;On;Receiver;Off;119.55157;-8.337417;0.0022944445;None;NO
57840;99.988075;0.20092;sun;On;On;Receiver;Off;119.42275;-7.7223763;0.0022944445;None;NO
57850;99.988075;0.20122;sun;On;On;Receiver;Off;119.29418;-7.1073184;0.0022944445;None;NO
57860;99.988075;0.20152;sun;On;On;Receiver;Off;119.165825;-6.4922442;0.0022944445;None;NO
57870;99.988075;0.20182;sun;On;On;Receiver;Off;119.037674;-5.8771553;0.0022944445;None;NO
57880;99.988075;0.20212;sun;On;On;Receiver;Off;118.909706;-5.262053;0.0022944445;None;NO
57890;99.988075;0.20242;sun;On;On;Receiver;Off;118.78189;-4.6469393;0.0022944445;None;NO
57900;99.988075;0.20272;sun;On;On;Receiver;Off;118.65422;-4.031815;0.0022944445;None;NO
57910;99.988075;0.20302;sun;On;On;Receiver;Off;118.526665;-3.4166815;0.0022944445;None;NO
57920;99.988075;0.20332;sun;On;On;Receiver;Off;118.399216;-2.8015404;0.0022944445;None;NO
57930;99.988075;0.20362;sun;On;On;Receiver;Off;118.27184;-2.1863933;0.0022944445;None;NO
57940;99.988075;0.20392;sun;On;On;Receiver;Off;118.14453;-1.571241;0.0022944445;None;NO
57950;99.988075;0.20422;sun;On;On;Receiver;Off;118.01726;-0.9560854;0.0022944445;None;NO
57960;99.988075;0.20452;sun;On;On;Receiver;Off;117.89001;-0.34092763;0.0022944445;None;NO
57970;99.988075;0.20482;sun;On;On;Receiver;Off;117.76276;0.2742309;0.0022944445;None;NO
57980;99.988075;0.20512;sun;On;On;Receiver;Off;117.63549;0.8893888;0.0022944445;None;NO
57990;99.988075;0.20542;sun;On;On;Receiver;Off;117.50819;1.5045447;0.0022944445;None;NO
58000;99.988075;0.20572;sun;On;On;Receiver;Off;117.38081;2.1196973;0.0022944445;None;NO
58010;99.988075;0.20602;sun;On;On;Receiver;Off;117.25337;2.7348452;0.0022944445;None;NO
58020;99.988075;0.20632;sun;On;On;Receiver;Off;117.12583;3.349987;0.0022944445;None;NO
58030;99.988075;0.20662;sun;On;On;Receiver;Off;116.99817;3.9651213;0.0022944445;None;NO
58040;99.988075;0.20692;sun;On;On;Receiver;Off;116.87038;4.5802464;0.0022944445;None;NO
58050;99.988075;0.20722;sun;On;On;Receiver;Off;116.74242;5.1953616;0.0022944445;None;NO
58060;99.988075;0.20752;sun;On;On;Receiver;Off;116.61428;5.8104653;0.0022944445;None;NO
58070;99.988075;0.20782;sun;On;On;Receiver;Off;116.48595;6.4255557;0.0022944445;None;NO
58080;99.988075;0.20812;sun;On;On;Receiver;Off;116.35739;7.040632;0.0022944445;None;NO
58090;99.988075;0.20842;sun;On;On;Receiver;Off;116.2286;7.6556916;0.0022944445;None;NO
58100;99.988075;0.20872;sun;On;On;Receiver;Off;116.09954;8.270734;0.0022944445;None;NO
58110;99.988075;0.20902;sun;On;On;Receiver;Off;115.9702;8.885757;0.0022944445;None;NO
58120;99.988075;0.20932;sun;On;On;Receiver;Off;115.84056;9.500761;0.0022944445;None;NO
58130;99.988075;0.20962;sun;On;On;Receiver;Off;115.71059;10.115742;0.0022944445;None;NO
58140;99.988075;0.20992;sun;On;On;Receiver;Off;115.58026;10.7307;0.0022944445;None;NO
58150;99.988075;0.21022;sun;On;On;Receiver;Off;115.44957;11.345633;0.0022944445;None;NO
58160;99.988075;0.21052;sun;On;On;Receiver;Off;115.31848;11.960539;0.0022944445;None;NO
58170;99.988075;0.21082;sun;On;On;Receiver;Off;115.18698;12.5754175;0.0022944445;None;NO
58180;99.988075;0.21112;sun;On;On;Receiver;Off;115.05503;13.190266;0.0022944445;None;NO
58190;99.988075;0.21142;sun;On;On;Receiver;Off;114.92262;13.805082;0.0022944445;None;NO
58200;99.988075;0.21172;sun;On;On;Receiver;Off;114.78972;14.419866;0.0022944445;None;NO
58210;99.988075;0.21202;sun;On;On;Receiver;Off;114.656296;15.034615;0.0022944445;None;NO
58220;99.988075;0.21232;sun;On;On;Receiver;Off;114.52234;15.649327;0.0022944445;None;NO
58230;99.988075;0.21262;sun;On;On;Receiver;Off;114.38781;16.264;0.0022944445;None;NO
58240;99.988075;0.21292;sun;On;On;Receiver;Off;114.252686;16.878633;0.0022944445;None;NO
58250;99.988075;0.21322;sun;On;On;Receiver;Off;114.11694;17.493225;0.0022944445;None;NO
58260;99.988075;0.21352;sun;On;On;Receiver;Off;113.980545;18.107773;0.0022944445;None;NO
58270;99.988075;0.21382;sun;On;On;Receiver;Off;113.843475;18.722273;0.0022944445;None;NO
58280;99.988075;0.21412;sun;On;On;Receiver;Off;113.705696;19.336725;0.0022944445;None;NO
58290;99.988075;0.21442;sun;On;On;Receiver;Off;113.56718;19.951128;0.0022944445;None;NO
58300;99.988075;0.21472;sun;On;On;Receiver;Off;113.427895;20.56548;0.0022944445;None;NO
58310;99.988075;0.21502;sun;On;On;Receiver;Off;113.2878;21.179775;0.0022944445;None;NO
58320;99.988075;0.21532;sun;On;On;Receiver;Off;113.14688;21.794014;0.0022944445;None;NO
58330;99.988075;0.21562;sun;On;On;Receiver;Off;113.0051;22.408194;0.0022944445;None;NO
58340;99.988075;0.21592;sun;On;On;Receiver;Off;112.862404;23.022312;0.0022944445;None;NO
58350;99.988075;0.21622;sun;On;On;Receiver;Off;112.71878;23.636368;0.0022944445;None;NO
58360;99.988075;0.21652;sun;On;On;Receiver;Off;112.57418;24.250357;0.0022944445;None;NO
58370;99.988075;0.21682;sun;On;On;Receiver;Off;112.428566;24.864275;0.0022944445;None;NO
58380;99.988075;0.21712;sun;On;On;Receiver;Off;112.2819;25.478123;0.0022944445;None;NO
58390;99.988075;0.21742;sun;On;On;Receiver;Off;112.13414;26.091896;0.0022944445;None;NO
58400;99.988075;0.21772;sun;On;On;Receiver;Off;111.98525;26.705593;0.0022944445;None;NO
58410;99.988075;0.21802;sun;On;On;Receiver;Off;111.83519;27.319208;0.0022944445;None;NO
58420;99.988075;0.21832;sun;On;On;Receiver;Off;111.6839;27.932741;0.0022944445;None;NO
58430;99.988075;0.21862;sun;On;On;Receiver;Off;111.53135;28.546186;0.0022944445;None;NO
58440;99.988075;0.21892;sun;On;On;Receiver;Off;111.37748;29.159542;0.0022944445;None;NO
58450;99.988075;0.21922;sun;On;On;Receiver;Off;111.222244;29.772806;0.0022944445;None;NO
58460;99.988075;0.21952;sun;On;On;Receiver;Off;111.0656;30.385973;0.0022944445;None;NO
58470;99.988075;0.21982;sun;On;On;Receiver;Off;110.90748;30.999039;0.0022944445;None;NO
58480;99.988075;0.22012;sun;On;On;Receiver;Off;110.74784;31.612001;0.0022944445;None;NO
58490;99.988075;0.22042;sun;On;On;Receiver;Off;110.58662;32.224854;0.0022944445;None;NO
58500;99.988075;0.22072;sun;On;On;Receiver;Off;110.42375;32.837597;0.0022944445;None;NO
58510;99.988075;0.22102;sun;On;On;Receiver;Off;110.259186;33.450222;0.0022944445;None;NO
58520;99.988075;0.22132;sun;On;On;Receiver;Off;110.09286;34.062725;0.0022944445;None;NO
58530;99.988075;0.22162;sun;On;On;Receiver;Off;109.92468;34.675106;0.0022944445;None;NO
58540;99.988075;0.22192;sun;On;On;Receiver;Off;109.75461;35.287354;0.0022944445;None;NO
58550;99.988075;0.22222;sun;On;On;Receiver;Off;109.58256;35.899467;0.0022944445;None;NO
58560;99.988075;0.22252;sun;On;On;Receiver;Off;109.408455;36.51144;0.0022944445;None;NO
58570;99.988075;0.22282;sun;On;On;Receiver;Off;109.232216;37.12327;0.0022944445;None;NO
58580;99.988075;0.22312;sun;On;On;Receiver;Off;109.053764;37.734943;0.0022944445;None;NO
58590;99.988075;0.22342;sun;On;On;Receiver;Off;108.87301;38.346462;0.0022944445;None;NO
58600;99.988075;0.22372;sun;On;On;Receiver;Off;108.68986;38.957817;0.0022944445;None;NO
58610;99.988075;0.22402;sun;On;On;Receiver;Off;108.50423;39.569;0.0022944445;None;NO
58620;99.988075;0.22432;sun;On;On;Receiver;Off;108.316;40.180008;0.0022944445;None;NO
58630;99.988075;0.22462;sun;On;On;Receiver;Off;108.12509;40.790833;0.0022944445;None;NO
58640;99.988075;0.22492;sun;On;On;Receiver;Off;107.93137;41.401463;0.0022944445;None;NO
58650;99.988075;0.22522;sun;On;On;Receiver;Off;107.73475;42.011894;0.0022944445;None;NO
58660;99.988075;0.22552;sun;On;On;Receiver;Off;107.53509;42.62212;0.0022944445;None;NO
58670;99.988075;0.22582;sun;On;On;Receiver;Off;107.332275;43.232124;0.0022944445;None;NO
58680;99.988075;0.22612;sun;On;On;Receiver;Off;107.12617;43.841908;0.0022944445;None;NO
58690;99.988075;0.22642;sun;On;On;Receiver;Off;106.916626;44.451454;0.0022944445;None;NO
58700;99.988075;0.22672;sun;On;On;Receiver;Off;106.703514;45.060757;0.0022944445;None;NO
58710;99.988075;0.22702;sun;On;On;Receiver;Off;106.486664;45.669804;0.0022944445;None;NO
58720;99.988075;0.22732;sun;On;On;Receiver;Off;106.26593;46.278584;0.0022944445;None;NO
58730;99.988075;0.22762;sun;On;On;Receiver;Off;106.04113;46.887085;0.0022944445;None;NO
58740;99.988075;0.22792;sun;On;On;Receiver;Off;105.81209;47.495293;0.0022944445;None;NO
58750;99.988075;0.22822;sun;On;On;Receiver;Off;105.578606;48.1032;0.0022944445;None;NO
58760;99.988075;0.22852;sun;On;On;Receiver;Off;105.34049;48.710785;0.0022944445;None;NO
58770;99.988075;0.22882;sun;On;On;Receiver;Off;105.09753;49.31804;0.0022944445;None;NO
58780;99.988075;0.22912;sun;On;On;Receiver;Off;104.84948;49.924946;0.0022944445;None;NO
58790;99.988075;0.22942;sun;On;On;Receiver;Off;104.59612;50.531483;0.0022944445;None;NO
58800;99.988075;0.22972;sun;On;On;Receiver;Off;104.3372;51.13764;0.0022944445;None;NO
58810;99.988075;0.23002;sun;On;On;Receiver;Off;104.07243;51.743397;0.0022944445;None;NO
58820;99.988075;0.23032;sun;On;On;Receiver;Off;103.801544;52.348732;0.0022944445;None;NO
58830;99.988075;0.23062;sun;On;On;Receiver;Off;103.52422;52.953625;0.0022944445;None;NO
58840;99.988075;0.23092;sun;On;On;Receiver;Off;103.24016;53.558052;0.0022944445;None;NO
58850;99.988075;0.23122;sun;On;On;Receiver;Off;102.94899;54.16199;0.0022944445;None;NO
58860;99.988075;0.23152;sun;On;On;Receiver;Off;102.65035;54.765415;0.0022944445;None;NO
58870;99.988075;0.23182;sun;On;On;Receiver;Off;102.34386;55.3683;0.0022944445;None;NO
58880;99.988075;0.23212;sun;On;On;Receiver;Off;102.02908;55.97061;0.0022944445;None;NO
58890;99.988075;0.23242;sun;On;On;Receiver;Off;101.70559;56.572323;0.0022944445;None;NO
58900;99.988075;0.23272;sun;On;On;Receiver;Off;101.37289;57.173397;0.0022944445;None;NO
58910;99.988075;0.23302;sun;On;On;Receiver;Off;101.03046;57.7738;0.0022944445;None;NO
58920;99.988075;0.23332;sun;On;On;Receiver;Off;100.67776;58.373493;0.0022944445;None;NO
58930;99.988075;0.23362;sun;On;On;Receiver;Off;100.314186;58.97243;0.0022944445;None;NO
58940;99.988075;0.23392;sun;On;On;Receiver;Off;99.93911;59.570576;0.0022944445;None;NO
58950;99.988075;0.23422;sun;On;On;Receiver;Off;99.551834;60.167873;0.0022944445;None;NO
58960;99.988075;0.23452;sun;On;On;Receiver;Off;99.151634;60.764275;0.0022944445;None;NO
58970;99.988075;0.23482;sun;On;On;Receiver;Off;98.73769;61.359722;0.0022944445;None;NO
58980;99.988075;0.23512;sun;On;On;Receiver;Off;98.30916;61.954155;0.0022944445;None;NO
58990;99.988075;0.23542;sun;On;On;Receiver;Off;97.86509;62.547504;0.0022944445;None;NO
59000;99.988075;0.23572;sun;On;On;Receiver;Off;97.40447;63.1397;0.0022944445;None;NO
59010;99.988075;0.23602;sun;On;On;Receiver;Off;96.92621;63.730667;0.0022944445;None;NO
59020;99.988075;0.23632;sun;On;On;Receiver;Off;96.42911;64.32031;0.0022944445;None;NO
59030;99.988075;0.23662;sun;On;On;Receiver;Off;95.911865;64.908554;0.0022944445;None;NO
59040;99.988075;0.23692;sun;On;On;Receiver;Off;95.37306;65.49528;0.0022944445;None;NO
59050;99.988075;0.23722;sun;On;On;Receiver;Off;94.811165;66.080376;0.0022944445;None;NO
59060;99.988075;0.23752;sun;On;On;Receiver;Off;94.22448;66.66373;0.0022944445;None;NO
59070;99.988075;0.23782;sun;On;On;Receiver;Off;93.61115;67.2452;0.0022944445;None;NO
59080;99.988075;0.23812;sun;On;On;Receiver;Off;92.96918;67.824646;0.0022944445;None;NO
59090;99.988075;0.23842;sun;On;On;Receiver;Off;92.29631;68.40189;0.0022944445;None;NO
59100;99.988075;0.23872;sun;On;On;Receiver;Off;91.59013;68.97677;0.0022944445;None;NO
59110;99.988075;0.23902;sun;On;On;Receiver;Off;90.847946;69.549065;0.0022944445;None;NO
59120;99.988075;0.23932;sun;On;On;Receiver;Off;90.06679;70.11856;0.0022944445;None;NO
59130;99.988075;0.23962;sun;On;On;Receiver;Off;89.2434;70.68502;0.0022944445;None;NO
59140;99.988075;0.23992;sun;On;On;Receiver;Off;88.374176;71.248146;0.0022944445;None;NO
59150;99.988075;0.24022;sun;On;On;Receiver;Off;87.455124;71.80765;0.0022944445;None;NO
59160;99.988075;0.24052;sun;On;On;Receiver;Off;86.48183;72.36317;0.0022944445;None;NO
59170;99.988075;0.24082;sun;On;On;Receiver;Off;85.4494;72.91432;0.0022944445;None;NO
59180;99.988075;0.24112;sun;On;On;Receiver;Off;84.352425;73.46068;0.0022944445;None;NO
59190;99.988075;0.24142;sun;On;On;Receiver;Off;83.18488;74.00174;0.0022944445;None;NO
59200;99.988075;0.24172;sun;On;On;Receiver;Off;81.94014;74.53694;0.0022944445;None;NO
59210;99.988075;0.24202;sun;On;On;Receiver;Off;80.61083;75.065674;0.0022944445;None;NO
59220;99.988075;0.24232;sun;On;On;Receiver;Off;79.18882;75.587204;0.0022944445;None;NO
59230;99.988075;0.24262;sun;On;On;Receiver;Off;77.66516;76.10073;0.0022944445;None;NO
59240;99.988075;0.24292;sun;On;On;Receiver;Off;76.030014;76.60533;0.0022944445;None;NO
59250;99.988075;0.24322;sun;On;On;Receiver;Off;74.27266;77.09996;0.0022944445;None;NO
59260;99.988075;0.24352;sun;On;On;Receiver;Off;72.38148;77.58343;0.0022944445;None;NO
59270;99.988075;0.24382;sun;On;On;Receiver;Off;70.344025;78.05437;0.0022944445;None;NO
59280;99.988075;0.24412;sun;On;On;Receiver;Off;68.14717;78.511246;0.0022944445;None;NO
59290;99.988075;0.24442;sun;On;On;Receiver;Off;65.77733;78.95232;0.0022944445;None;NO
59300;99.988075;0.24472;sun;On;On;Receiver;Off;63.220867;79.37562;0.0022944445;None;NO
59310;99.988075;0.24502;sun;On;On;Receiver;Off;60.46467;79.77893;0.0022944445;None;NO
59320;99.988075;0.24532;sun;On;On;Receiver;Off;57.49695;80.1598;0.0022944445;None;NO
59330;99.988075;0.24562;sun;On;On;Receiver;Off;54.308342;80.51552;0.0022944445;None;NO
59340;99.988075;0.24592;sun;On;On;Receiver;Off;50.893223;80.84316;0.0022944445;None;NO
59350;99.988075;0.24622;sun;On;On;Receiver;Off;47.251305;81.13962;0.0022944445;None;NO
59360;99.988075;0.24652;sun;On;On;Receiver;Off;43.389256;81.40164;0.0022944445;None;NO
59370;99.988075;0.24682;sun;On;On;Receiver;Off;39.32225;81.626015;0.0022944445;None;NO
59380;99.988075;0.24712;sun;On;On;Receiver;Off;35.07503;81.80964;0.0022944445;None;NO
59390;99.988075;0.24742;sun;On;On;Receiver;Off;30.682161;81.94973;0.0022944445;None;NO
59400;99.988075;0.24772;sun;On;On;Receiver;Off;26.187164;82.043976;0.0022944445;None;NO
59410;99.988075;0.24802;sun;On;On;Receiver;Off;21.640413;82.09075;0.0022944445;None;NO
59420;99.988075;0.24832;sun;On;On;Receiver;Off;17.095934;82.0892;0.0022944445;None;NO
59430;99.988075;0.24862;sun;On;On;Receiver;Off;12.607588;82.03936;0.0022944445;None;NO
59440;99.988075;0.24892;sun;On;On;Receiver;Off;8.225286;81.94213;0.0022944445;None;NO
59450;99.988075;0.24922;sun;On;On;Receiver;Off;3.99187;81.79919;0.0022944445;None;NO
59460;99.988075;0.24952;sun;On;On;Receiver;Off;-0.058895588;81.61287;0.0022944445;None;NO
59470;99.988075;0.24982;sun;On;On;Receiver;Off;-3.9030895;81.386;0.0022944445;None;NO
59480;99.988075;0.25012;sun;On;On;Receiver;Off;-7.5262947;81.12167;0.0022944445;None;NO
59490;99.988075;0.25042;sun;On;On;Receiver;Off;-10.922477;80.823135;0.0022944445;None;NO
59500;99.988075;0.25072;sun;On;On;Receiver;Off;-14.092439;80.49361;0.0022944445;None;NO
59510;99.988075;0.25102;sun;On;On;Receiver;Off;-17.042166;80.13619;0.0022944445;None;NO
59520;99.988075;0.25132;sun;On;On;Receiver;Off;-19.781279;79.753815;0.0022944445;None;NO
59530;99.988075;0.25162;sun;On;On;Receiver;Off;-22.321707;79.34915;0.0022944445;None;NO
59540;99.988075;0.25192;sun;On;On;Receiver;Off;-24.676636;78.92466;0.0022944445;None;NO
59550;99.988075;0.25222;sun;On;On;Receiver;Off;-26.85972;78.48252;0.0022944445;None;NO
59560;99.988075;0.25252;sun;On;On;Receiver;Off;-28.884514;78.02469;0.0022944445;None;NO
59570;99.988075;0.25282;sun;On;On;Receiver;Off;-30.764103;77.55291;0.0022944445;None;NO
59580;99.988075;0.25312;sun;On;On;Receiver;Off;-32.510864;77.06869;0.0022944445;None;NO
59590;99.988075;0.25342;sun;On;On;Receiver;Off;-34.13634;76.573395;0.0022944445;None;NO
59600;99.988075;0.25372;sun;On;On;Receiver;Off;-35.651188;76.06819;0.0022944445;None;NO
59610;99.988075;0.25402;sun;On;On;Receiver;Off;-37.065155;75.55412;0.0022944445;None;NO
59620;99.988075;0.25432;sun;On;On;Receiver;Off;-38.38713;75.03211;0.0022944445;None;NO
59630;99.97615;0.25462;ecl;On;On;Receiver;Off;-39.625183;74.502945;0.0022944445;None;NO
59640;99.964226;0.25492;ecl;On;On;Receiver;Off;-40.78661;73.96735;0.0022944445;None;NO
59650;99.9523;0.25522;ecl;On;On;Receiver;Off;-41.878;73.425934;0.0022944445;None;NO
59660;99.94038;0.25552;ecl;On;On;Receiver;Off;-42.90531;72.879265;0.0022944445;None;NO
59670;99.928444;0.25582;ecl;On;On;Receiver;Off;-43.873917;72.32781;0.0022944445;None;NO
59680;99.91652;0.25612;ecl;On;On;Receiver;Off;-44.788662;71.772026;0.0022944445;None;NO
59690;99.904594;0.25642;ecl;On;On;Receiver;Off;-45.653927;71.21229;0.0022944445;None;NO
59700;99.89267;0.25672;ecl;On;On;Receiver;Off;-46.473667;70.64893;0.0022944445;None;NO
59710;99.880745;0.25702;ecl;On;On;Receiver;Off;-47.25146;70.08228;0.0022944445;None;NO
59720;99.86882;0.25732;ecl;On;On;Receiver;Off;-47.990547;69.512596;0.0022944445;None;NO
59730;99.856895;0.25762;ecl;On;On;Receiver;Off;-48.69386;68.940125;0.0022944445;None;NO
59740;99.84497;0.25792;ecl;On;On;Receiver;Off;-49.36406;68.3651;0.0022944445;None;NO
59750;99.833046;0.25822;ecl;On;On;Receiver;Off;-50.00358;67.7877;0.0022944445;None;NO
59760;99.82112;0.25852;ecl;On;On;Receiver;Off;-50.61461;67.20812;0.0022944445;None;NO
59770;99.8092;0.25882;ecl;On;On;Receiver;Off;-51.199165;66.626526;0.0022944445;None;NO
59780;99.79727;0.25912;ecl;On;On;Receiver;Off;-51.759083;66.04306;0.0022944445;None;NO
59790;99.78534;0.25942;ecl;On;On;Receiver;Off;-52.296032;65.45785;0.0022944445;None;NO
59800;99.773415;0.25972;ecl;On;On;Receiver;Off;-52.811546;64.871025;0.0022944445;None;NO
59810;99.76149;0.26002;ecl;On;On;Receiver;Off;-53.307034;64.2827;0.0022944445;None;NO
59820;99.749565;0.26032;ecl;On;On;Receiver;Off;-53.783787;63.692963;0.0022944445;None;NO
59830;99.73764;0.26062;ecl;On;On;Receiver;Off;-54.242985;63.101913;0.0022944445;None;NO
59840;99.725716;0.26092;ecl;On;On;Receiver;Off;-54.685726;62.509644;0.0022944445;None;NO
59850;99.71379;0.26122;ecl;On;On;Receiver;Off;-55.113014;61.91622;0.0022944445;None;NO
59860;99.701866;0.26152;ecl;On;On;Receiver;Off;-55.525776;61.32172;0.0022944445;None;NO
59870;99.68994;0.26182;ecl;On;On;Receiver;Off;-55.924877;60.72621;0.0022944445;None;NO
59880;99.67802;0.26212;ecl;On;On;Receiver;Off;-56.311104;60.129753;0.0022944445;None;NO
59890;99.66609;0.26242;ecl;On;On;Receiver;Off;-56.6852;59.5324;0.0022944445;None;NO
59900;99.65417;0.26272;ecl;On;On;Receiver;Off;-57.04784;58.934204;0.0022944445;None;NO
59910;99.642235;0.26302;ecl;On;On;Receiver;Off;-57.399666;58.335213;0.0022944445;None;NO
59920;99.63031;0.26332;ecl;On;On;Receiver;Off;-57.741264;57.735474;0.0022944445;None;NO
59930;99.618385;0.26362;ecl;On;On;Receiver;Off;-58.073185;57.13503;0.0022944445;None;NO
59940;99.60646;0.26392;ecl;On;On;Receiver;Off;-58.39594;56.533913;0.0022944445;None;NO
59950;99.594536;0.26422;ecl;On;On;Receiver;Off;-58.710007;55.932163;0.0022944445;None;NO
59960;99.58261;0.26452;ecl;On;On;Receiver;Off;-59.01583;55.32981;0.0022944445;None;NO
59970;99.57069;0.26482;ecl;On;On;Receiver;Off;-59.313828;54.726894;0.0022944445;None;NO
59980;99.55876;0.26512;ecl;On;On;Receiver;Off;-59.604393;54.123436;0.0022944445;None;NO
59990;99.54684;0.26542;ecl;On;On;Receiver;Off;-59.88789;53.519463;0.0022944445;None;NO
60000;99.53491;0.26572;ecl;On;On;Receiver;Off;-60.16466;52.915005;0.0022944445;None;NO
60010;99.52299;0.26602;ecl;On;On;Receiver;Off;-60.43503;52.310085;0.0022944445;None;NO
60020;99.51106;0.26632;ecl;On;On;Receiver;Off;-60.6993;51.704723;0.0022944445;None;NO
60030;99.49913;0.26662;ecl;On;On;Receiver;Off;-60.957752;51.09894;0.0022944445;None;NO
60040;99.487206;0.26692;ecl;On;On;Receiver;Off;-61.21066;50.492756;0.0022944445;None;NO
60050;99.47528;0.26722;ecl;On;On;Receiver;Off;-61.458267;49.886192;0.0022944445;None;NO
60060;99.463356;0.26752;ecl;On;On;Receiver;Off;-61.70082;49.279266;0.0022944445;None;NO
60070;99.45143;0.26782;ecl;On;On;Receiver;Off;-61.938545;48.67199;0.0022944445;None;NO
60080;99.43951;0.26812;ecl;On;On;Receiver;Off;-62.17165;48.06438;0.0022944445;None;NO
60090;99.42758;0.26842;ecl;On;On;Receiver;Off;-62.400333;47.45646;0.0022944445;None;NO
60100;99.41566;0.26872;ecl;On;On;Receiver;Off;-62.62479;46.84823;0.0022944445;None;NO
60110;99.40373;0.26902;ecl;On;On;Receiver;Off;-62.845196;46.23971;0.0022944445;None;NO
60120;99.39181;0.26932;ecl;On;On;Receiver;Off;-63.06172;45.630913;0.0022944445;None;NO
60130;99.37988;0.26962;ecl;On;On;Receiver;Off;-63.274536;45.02185;0.0022944445;None;NO
60140;99.36796;0.26992;ecl;On;On;Receiver;Off;-63.483784;44.412533;0.0022944445;None;NO
60150;99.356026;0.27022;ecl;On;On;Receiver;Off;-63.689613;43.80297;0.0022944445;None;NO
60160;99.3441;0.27052;ecl;On;On;Receiver;Off;-63.892162;43.193172;0.0022944445;None;NO
60170;99.33218;0.27082;ecl;On;On;Receiver;Off;-64.09156;42.583153;0.0022944445;None;NO
60180;99.32025;0.27112;ecl;On;On;Receiver;Off;-64.28794;41.972916;0.0022944445;None;NO
60190;99.30833;0.27142;ecl;On;On;Receiver;Off;-64.481415;41.36247;0.0022944445;None;NO
60200;99.2964;0.27172;ecl;On;On;Receiver;Off;-64.672104;40.751827;0.0022944445;None;NO
60210;99.28448;0.27202;ecl;On;On;Receiver;Off;-64.86011;40.14099;0.0022944445;None;NO
60220;99.27255;0.27232;ecl;On;On;Receiver;Off;-65.04553;39.529972;0.0022944445;None;NO
60230;99.26063;0.27262;ecl;On;On;Receiver;Off;-65.22848;38.918777;0.0022944445;None;NO
60240;99.2487;0.27292;ecl;On;On;Receiver;Off;-65.40904;38.30741;0.0022944445;None;NO
60250;99.23678;0.27322;ecl;On;On;Receiver;Off;-65.5873;37.695885;0.0022944445;None;NO
60260;99.22485;0.27352;ecl;On;On;Receiver;Off;-65.76337;37.084198;0.0022944445;None;NO
60270;99.21292;0.27382;ecl;On;On;Receiver;Off;-65.937294;36.47236;0.0022944445;None;NO
60280;99.201;0.27412;ecl;On;On;Receiver;Off;-66.10918;35.86038;0.0022944445;None;NO
60290;99.18907;0.27442;ecl;On;On;Receiver;Off;-66.27909;35.248257;0.0022944445;None;NO
60300;99.17715;0.27472;ecl;On;On;Receiver;Off;-66.447105;34.635998;0.0022944445;None;NO
60310;99.16522;0.27502;ecl;On;On;Receiver;Off;-66.61329;34.02361;0.0022944445;None;NO
60320;99.1533;0.27532;ecl;On;On;Receiver;Off;-66.77771;33.4111;0.0022944445;None;NO
60330;99.14137;0.27562;ecl;On;On;Receiver;Off;-66.94044;32.798466;0.0022944445;None;NO
60340;99.12945;0.27592;ecl;On;On;Receiver;Off;-67.101524;32.185715;0.0022944445;None;NO
60350;99.11752;0.27622;ecl;On;On;Receiver;Off;-67.26104;31.572855;0.0022944445;None;NO
60360;99.1056;0.27652;ecl;On;On;Receiver;Off;-67.41903;30.959887;0.0022944445;None;NO
60370;99.09367;0.27682;ecl;On;On;Receiver;Off;-67.575554;30.346813;0.0022944445;None;NO
60380;99.08175;0.27712;ecl;On;On;Receiver;Off;-67.730675;29.73364;0.0022944445;None;NO
60390;99.06982;0.27742;ecl;On;On;Receiver;Off;-67.88443;29.120373;0.0022944445;None;NO
60400;99.05789;0.27772;ecl;On;On;Receiver;Off;-68.03688;28.50701;0.0022944445;None;NO
60410;99.04597;0.27802;ecl;On;On;Receiver;Off;-68.188065;27.893559;0.0022944445;None;NO
60420;99.03404;0.27832;ecl;On;On;Receiver;Off;-68.33803;27.280022;0.0022944445;None;NO
60430;99.02212;0.27862;ecl;On;On;Receiver;Off;-68.486824;26.666399;0.0022944445;None;NO
60440;99.01019;0.27892;ecl;On;On;Receiver;Off;-68.63448;26.052698;0.0022944445;None;NO
60450;98.99827;0.27922;ecl;On;On;Receiver;Off;-68.78106;25.438921;0.0022944445;None;NO
60460;98.98634;0.27952;ecl;On;On;Receiver;Off;-68.92659;24.825068;0.0022944445;None;NO
60470;98.97442;0.27982;ecl;On;On;Receiver;Off;-69.071106;24.211143;0.0022944445;None;NO
60480;98.962494;0.28012;ecl;On;On;Receiver;Off;-69.21465;23.59715;0.0022944445;None;NO
60490;98.95057;0.28042;ecl;On;On;Receiver;Off;-69.35727;22.983093;0.0022944445;None;NO
60500;98.93864;0.28072;ecl;On;On;Receiver;Off;-69.498985;22.368969;0.0022944445;None;NO
60510;98.92671;0.28102;ecl;On;On;Receiver;Off;-69.63983;21.754786;0.0022944445;None;NO
60520;98.91479;0.28132;ecl;On;On;Receiver;Off;-69.779854;21.140543;0.0022944445;None;NO
60530;98.90286;0.28162;ecl;On;On;Receiver;Off;-69.919075;20.526243;0.0022944445;None;NO
60540;98.89094;0.28192;ecl;On;On;Receiver;Off;-70.05753;19.91189;0.0022944445;None;NO
60550;98.87901;0.28222;ecl;On;On;Receiver;Off;-70.19525;19.297483;0.0022944445;PCD3;NO
60560;98.82987;0.28764;ecl;On;On;Re/Tr;Auto;-70.33227;18.683027;0.009455555;PCD3;NO
60570;98.79629;0.29306;ecl;On;On;Receiver;Auto;-70.468605;18.068523;0.006461111;PCD3;NO
60580;98.74714;0.29848;ecl;On;On;Re/Tr;Auto;-70.604294;17.453974;0.009455555;PCD3;NO
60590;98.71356;0.3039;ecl;On;On;Receiver;Auto;-70.739365;16.83938;0.006461111;PCD3;NO
60600;98.66441;0.30932;ecl;On;On;Re/Tr;Auto;-70.87385;16.224745;0.009455555;PCD3;NO
60610;98.63084;0.31474;ecl;On;On;Receiver;Auto;-71.00776;15.610068;0.006461111;PCD3;NO
60620;98.58169;0.32016;ecl;On;On;Re/Tr;Auto;-71.141136;14.995354;0.009455555;PCD3;NO
60630;98.5481;0.32558;ecl;On;On;Receiver;Auto;-71.273994;14.380603;0.006461111;PCD3;NO
60640;98.49896;0.331;ecl;On;On;Re/Tr;Auto;-71.40637;13.765817;0.009455555;PCD3;NO
60650;98.46538;0.33642;ecl;On;On;Receiver;Auto;-71.53828;13.150998;0.006461111;PCD3;NO
60660;98.41624;0.34184;ecl;On;On;Re/Tr;Auto;-71.66975;12.536147;0.009455555;PCD3;NO
60670;98.38265;0.34726;ecl;On;On;Receiver;Auto;-71.800804;11.9212675;0.006461111;PCD3;NO
60680;98.3335;0.35268;ecl;On;On;Re/Tr;Auto;-71.931465;11.306359;0.009455555;PCD3;NO
60690;98.29993;0.3581;ecl;On;On;Receiver;Auto;-72.06175;10.691425;0.006461111;PCD3;NO
60700;98.25078;0.36352;ecl;On;On;Re/Tr;Auto;-72.191696;10.076466;0.009455555;PCD3;NO
60710;98.2172;0.36894;ecl;On;On;Receiver;Auto;-72.32132;9.461483;0.006461111;PCD3;NO
60720;98.16805;0.37436;ecl;On;On;Re/Tr;Auto;-72.45063;8.846478;0.009455555;PCD3;NO
60730;98.13447;0.37978;ecl;On;On;Receiver;Auto;-72.579666;8.231453;0.006461111;PCD3;NO
60740;98.08533;0.3852;ecl;On;On;Re/Tr;Auto;-72.70844;7.61641;0.009455555;PCD3;NO
60750;98.05174;0.39062;ecl;On;On;Receiver;Auto;-72.836975;7.001349;0.006461111;PCD3;NO
60760;98.0026;0.39604;ecl;On;On;Re/Tr;Auto;-72.965294;6.386272;0.009455555;PCD3;NO
60770;97.96902;0.40146;ecl;On;On;Receiver;Auto;-73.093414;5.7711806;0.006461111;PCD3;NO
60780;97.91987;0.40688;ecl;On;On;Re/Tr;Auto;-73.22135;5.1560764;0.009455555;PCD3;NO
60790;97.88629;0.4123;ecl;On;On;Receiver;Auto;-73.349144;4.5409603;0.006461111;PCD3;NO
60800;97.83714;0.41772;ecl;On;On;Re/Tr;Auto;-73.47679;3.9258344;0.009455555;PCD3;NO
60810;97.803566;0.42314;ecl;On;On;Receiver;Auto;-73.604324;3.3106997;0.006461111;PCD3;NO
60820;97.75442;0.42856;ecl;On;On;Re/Tr;Auto;-73.73176;2.6955574;0.009455555;PCD3;NO
60830;97.72083;0.43398;ecl;On;On;Receiver;Auto;-73.85912;2.0804093;0.006461111;PCD3;NO
60840;97.67169;0.4394;ecl;On;On;Re/Tr;Auto;-73.98642;1.4652565;0.009455555;PCD3;NO
60850;97.63811;0.44482;ecl;On;On;Receiver;Auto;-74.11369;0.85010034;0.006461111;PCD3;NO
60860;97.58897;0.45024;ecl;On;On;Re/Tr;Auto;-74.24094;0.23494233;0.009455555;PCD3;NO
60870;97.55538;0.45566;ecl;On;On;Receiver;Auto;-74.368195;-0.38021618;0.006461111;PCD3;NO
60880;97.50623;0.46108;ecl;On;On;Re/Tr;Auto;-74.49547;-0.99537385;0.009455555;PCD3;NO
60890;97.47266;0.4665;ecl;On;On;Receiver;Auto;-74.62278;-1.6105293;0.006461111;PCD3;NO
60900;97.42351;0.47192;ecl;On;On;Re/Tr;Auto;-74.75016;-2.225681;0.009455555;PCD3;NO
60910;97.38993;0.47734;ecl;On;On;Receiver;Auto;-74.87762;-2.8408282;0.006461111;PCD3;NO
60920;97.34078;0.48276;ecl;On;On;Re/Tr;Auto;-75.00518;-3.4559686;0.009455555;PCD3;NO
60930;97.307205;0.48818;ecl;On;On;Receiver;Auto;-75.132866;-4.0711017;0.006461111;PCD3;NO
60940;97.25806;0.4936;ecl;On;On;Re/Tr;Auto;-75.26069;-4.6862254;0.009455555;PCD3;NO
60950;97.22447;0.4939;ecl;On;On;Receiver;Auto;-75.38867;-5.3013387;0.006461111;None;NO
60960;97.21255;0.4942;ecl;On;On;Receiver;Off;-75.51684;-5.91644;0.0022944445;None;NO
60970;97.20062;0.4945;ecl;On;On;Receiver;Off;-75.64521;-6.531528;0.0022944445;None;NO
60980;97.1887;0.4948;ecl;On;On;Receiver;Off;-75.7738;-7.146601;0.0022944445;None;NO
60990;97.17677;0.4951;ecl;On;On;Receiver;Off;-75.90264;-7.761658;0.0022944445;None;NO
61000;97.16485;0.4954;ecl;On;On;Receiver;Off;-76.031746;-8.376698;0.0022944445;None;NO
61010;97.15292;0.4957;ecl;On;On;Receiver;Off;-76.16114;-8.991717;0.0022944445;None;NO
61020;97.141;0.496;ecl;On;On;Receiver;Off;-76.29084;-9.606717;0.0022944445;None;NO
61030;97.129074;0.4963;ecl;On;On;Receiver;Off;-76.42087;-10.221695;0.0022944445;None;NO
61040;97.11715;0.4966;ecl;On;On;Receiver;Off;-76.551254;-10.836648;0.0022944445;None;NO
61050;97.10522;0.4969;ecl;On;On;Receiver;Off;-76.68201;-11.451576;0.0022944445;None;NO
61060;97.09329;0.4972;ecl;On;On;Receiver;Off;-76.81316;-12.066478;0.0022944445;None;NO
61070;97.08137;0.4975;ecl;On;On;Receiver;Off;-76.94475;-12.681352;0.0022944445;None;NO
61080;97.06944;0.4978;ecl;On;On;Receiver;Off;-77.076775;-13.296194;0.0022944445;None;NO
61090;97.05752;0.4981;ecl;On;On;Receiver;Off;-77.20927;-13.911006;0.0022944445;None;NO
61100;97.04559;0.4984;ecl;On;On;Receiver;Off;-77.34226;-14.525784;0.0022944445;None;NO
61110;97.03367;0.4987;ecl;On;On;Receiver;Off;-77.47577;-15.140526;0.0022944445;None;NO
61120;97.02174;0.499;ecl;On;On;Receiver;Off;-77.609825;-15.755232;0.0022944445;None;NO
61130;97.00982;0.4993;ecl;On;On;Receiver;Off;-77.74445;-16.369898;0.0022944445;None;NO
61140;96.997894;0.4996;ecl;On;On;Receiver;Off;-77.879684;-16.984524;0.0022944445;None;NO
61150;96.98597;0.4999;ecl;On;On;Receiver;Off;-78.01553;-17.599108;0.0022944445;None;NO
61160;96.974045;0.5002;ecl;On;On;Receiver;Off;-78.15205;-18.213648;0.0022944445;None;NO
61170;96.96211;0.5005;ecl;On;On;Receiver;Off;-78.28924;-18.82814;0.0022944445;None;NO
61180;96.95019;0.5008;ecl;On;On;Receiver;Off;-78.42714;-19.442585;0.0022944445;None;NO
61190;96.93826;0.5011;ecl;On;On;Receiver;Off;-78.56579;-20.056978;0.0022944445;None;NO
61200;96.92634;0.5014;ecl;On;On;Receiver;Off;-78.70521;-20.67132;0.0022944445;None;NO
61210;96.91441;0.5017;ecl;On;On;Receiver;Off;-78.845436;-21.285606;0.0022944445;None;NO
61220;96.90249;0.502;ecl;On;On;Receiver;Off;-78.9865;-21.899836;0.0022944445;None;NO
61230;96.890564;0.5023;ecl;On;On;Receiver;Off;-79.12845;-22.514006;0.0022944445;None;NO
61240;96.87864;0.5026;ecl;On;On;Receiver;Off;-79.27129;-23.128113;0.0022944445;None;NO
61250;96.866714;0.5029;ecl;On;On;Receiver;Off;-79.41509;-23.742157;0.0022944445;None;NO
61260;96.85479;0.5032;ecl;On;On;Receiver;Off;-79.55986;-24.356133;0.0022944445;None;NO
61270;96.842865;0.5035;ecl;On;On;Receiver;Off;-79.70566;-24.97004;0.0022944445;None;NO
61280;96.83094;0.5038;ecl;On;On;Receiver;Off;-79.8525;-25.583876;0.0022944445;None;NO
61290;96.81901;0.5041;ecl;On;On;Receiver;Off;-80.00045;-26.197636;0.0022944445;None;NO
61300;96.80708;0.5044;ecl;On;On;Receiver;Off;-80.14954;-26.811317;0.0022944445;None;NO
61310;96.79516;0.5047;ecl;On;On;Receiver;Off;-80.29981;-27.42492;0.0022944445;None;NO
61320;96.78323;0.505;ecl;On;On;Receiver;Off;-80.45132;-28.038437;0.0022944445;None;NO
61330;96.77131;0.5053;ecl;On;On;Receiver;Off;-80.604095;-28.651869;0.0022944445;None;NO
61340;96.759384;0.5056;ecl;On;On;Receiver;Off;-80.758194;-29.26521;0.0022944445;None;NO
61350;96.74746;0.5059;ecl;On;On;Receiver;Off;-80.913666;-29.878456;0.0022944445;None;NO
61360;96.735535;0.5062;ecl;On;On;Receiver;Off;-81.070564;-30.491604;0.0022944445;None;NO
61370;96.72361;0.5065;ecl;On;On;Receiver;Off;-81.228935;-31.104652;0.0022944445;None;NO
61380;96.711685;0.5068;ecl;On;On;Receiver;Off;-81.38885;-31.717596;0.0022944445;None;NO
61390;96.69976;0.5071;ecl;On;On;Receiver;Off;-81.55035;-32.330433;0.0022944445;None;NO
61400;96.687836;0.5074;ecl;On;On;Receiver;Off;-81.7135;-32.943153;0.0022944445;None;NO
61410;96.6759;0.5077;ecl;On;On;Receiver;Off;-81.878365;-33.55576;0.0022944445;None;NO
61420;96.66398;0.508;ecl;On;On;Receiver;Off;-82.04501;-34.168243;0.0022944445;None;NO
61430;96.652054;0.5083;ecl;On;On;Receiver;Off;-82.2135;-34.780598;0.0022944445;None;NO
61440;96.64013;0.5086;ecl;On;On;Receiver;Off;-82.38391;-35.392826;0.0022944445;None;NO
61450;96.628204;0.5089;ecl;On;On;Receiver;Off;-82.55631;-36.004913;0.0022944445;None;NO
61460;96.61628;0.5092;ecl;On;On;Receiver;Off;-82.73078;-36.616863;0.0022944445;None;NO
61470;96.604355;0.5095;ecl;On;On;Receiver;Off;-82.907394;-37.228664;0.0022944445;None;NO
61480;96.59243;0.5098;ecl;On;On;Receiver;Off;-83.086235;-37.840313;0.0022944445;None;NO
61490;96.580505;0.5101;ecl;On;On;Receiver;Off;-83.267395;-38.451805;0.0022944445;None;NO
61500;96.56858;0.5104;ecl;On;On;Receiver;Off;-83.450966;-39.06313;0.0022944445;None;NO
61510;96.556656;0.5107;ecl;On;On;Receiver;Off;-83.63704;-39.674286;0.0022944445;None;NO
61520;96.54473;0.511;ecl;On;On;Receiver;Off;-83.82572;-40.28526;0.0022944445;None;NO
61530;96.5328;0.5113;ecl;On;On;Receiver;Off;-84.01711;-40.89605;0.0022944445;None;NO
61540;96.520874;0.5116;ecl;On;On;Receiver;Off;-84.21132;-41.50665;0.0022944445;None;NO
61550;96.50895;0.5119;ecl;On;On;Receiver;Off;-84.408455;-42.117046;0.0022944445;None;NO
61560;96.497025;0.5122;ecl;On;On;Receiver;Off;-84.60865;-42.727234;0.0022944445;None;NO
61570;96.53852;0.5125;sun;On;On;Receiver;Off;-84.81203;-43.3372;0.0022944445;None;NO
61580;96.58001;0.5128;sun;On;On;Receiver;Off;-85.018715;-43.946945;0.0022944445;None;NO
61590;96.621506;0.5131;sun;On;On;Receiver;Off;-85.22886;-44.55645;0.0022944445;None;NO
61600;96.663;0.5134;sun;On;On;Receiver;Off;-85.442604;-45.165707;0.0022944445;None;NO
61610;96.70449;0.5137;sun;On;On;Receiver;Off;-85.6601;-45.774708;0.0022944445;None;NO
61620;96.74599;0.514;sun;On;On;Receiver;Off;-85.88153;-46.383442;0.0022944445;None;NO
61630;96.78748;0.5143;sun;On;On;Receiver;Off;-86.10705;-46.991894;0.0022944445;None;NO
61640;96.82897;0.5146;sun;On;On;Receiver;Off;-86.336845;-47.60005;0.0022944445;None;NO
61650;96.87047;0.5149;sun;On;On;Receiver;Off;-86.571106;-48.2079;0.0022944445;None;NO
61660;96.91196;0.5152;sun;On;On;Receiver;Off;-86.81004;-48.815434;0.0022944445;None;NO
61670;96.95345;0.5155;sun;On;On;Receiver;Off;-87.05387;-49.422626;0.0022944445;None;NO
61680;96.99495;0.5158;sun;On;On;Receiver;Off;-87.30281;-50.029472;0.0022944445;None;NO
61690;97.03644;0.5161;sun;On;On;Receiver;Off;-87.557106;-50.63595;0.0022944445;None;NO
61700;97.077934;0.5164;sun;On;On;Receiver;Off;-87.81702;-51.242035;0.0022944445;None;NO
61710;97.11943;0.5167;sun;On;On;Receiver;Off;-88.08282;-51.84772;0.0022944445;None;NO
61720;97.16092;0.517;sun;On;On;Receiver;Off;-88.35479;-52.45298;0.0022944445;None;NO
61730;97.202415;0.5173;sun;On;On;Receiver;Off;-88.63325;-53.057796;0.0022944445;None;NO
61740;97.243904;0.5176;sun;On;On;Receiver;Off;-88.91852;-53.66214;0.0022944445;None;NO
61750;97.2854;0.5179;sun;On;On;Receiver;Off;-89.210945;-54.265995;0.0022944445;None;NO
61760;97.3269;0.5182;sun;On;On;Receiver;Off;-89.51091;-54.869328;0.0022944445;None;NO
61770;97.368385;0.5185;sun;On;On;Receiver;Off;-89.818794;-55.472115;0.0022944445;None;NO
61780;97.40988;0.5188;sun;On;On;Receiver;Off;-90.13504;-56.074326;0.0022944445;None;NO
61790;97.45138;0.5191;sun;On;On;Receiver;Off;-90.46009;-56.675926;0.0022944445;None;NO
61800;97.49287;0.5194;sun;On;On;Receiver;Off;-90.79443;-57.27689;0.0022944445;None;NO
61810;97.53436;0.5197;sun;On;On;Receiver;Off;-91.13859;-57.87717;0.0022944445;None;NO
61820;97.57585;0.52;sun;On;On;Receiver;Off;-91.49312;-58.476738;0.0022944445;None;NO
61830;97.61735;0.5203;sun;On;On;Receiver;Off;-91.85863;-59.075542;0.0022944445;None;NO
61840;97.658844;0.5206;sun;On;On;Receiver;Off;-92.23575;-59.673546;0.0022944445;None;NO
61850;97.70033;0.5209;sun;On;On;Receiver;Off;-92.6252;-60.27069;0.0022944445;None;NO
61860;97.74183;0.5212;sun;On;On;Receiver;Off;-93.02771;-60.866932;0.0022944445;None;NO
61870;97.783325;0.5215;sun;On;On;Receiver;Off;-93.4441;-61.46221;0.0022944445;None;NO
61880;97.824814;0.5218;sun;On;On;Receiver;Off;-93.875244;-62.05646;0.0022944445;None;NO
61890;97.86631;0.5221;sun;On;On;Receiver;Off;-94.32209;-62.649616;0.0022944445;None;NO
61900;97.9078;0.5224;sun;On;On;Receiver;Off;-94.78566;-63.241608;0.0022944445;None;NO
61910;97.949295;0.5227;sun;On;On;Receiver;Off;-95.26708;-63.83235;0.0022944445;None;NO
61920;97.99079;0.523;sun;On;On;Receiver;Off;-95.76756;-64.42177;0.0022944445;None;NO
61930;98.03228;0.5233;sun;On;On;Receiver;Off;-96.288414;-65.00975;0.0022944445;None;NO
61940;98.07378;0.5236;sun;On;On;Receiver;Off;-96.83108;-65.5962;0.0022944445;None;NO
61950;98.11527;0.5239;sun;On;On;Receiver;Off;-97.397125;-66.18101;0.0022944445;None;NO
61960;98.15676;0.5242;sun;On;On;Receiver;Off;-97.988266;-66.76405;0.0022944445;None;NO
61970;98.19826;0.5245;sun;On;On;Receiver;Off;-98.60638;-67.345184;0.0022944445;None;NO
61980;98.239746;0.5248;sun;On;On;Receiver;Off;-99.25351;-67.92426;0.0022944445;None;NO
61990;98.28124;0.5251;sun;On;On;Receiver;Off;-99.93193;-68.501114;0.0022944445;None;NO
62000;98.32274;0.5254;sun;On;On;Receiver;Off;-100.64412;-69.075554;0.0022944445;None;NO
62010;98.36423;0.5257;sun;On;On;Receiver;Off;-101.3928;-69.64739;0.0022944445;None;NO
62020;98.40572;0.526;sun;On;On;Receiver;Off;-102.18099;-70.216385;0.0022944445;None;NO
62030;98.44722;0.5263;sun;On;On;Receiver;Off;-103.01201;-70.78229;0.0022944445;None;NO
62040;98.48871;0.5266;sun;On;On;Receiver;Off;-103.88952;-71.34481;0.0022944445;None;NO
62050;98.530205;0.5269;sun;On;On;Receiver;Off;-104.81759;-71.90365;0.0022944445;None;NO
62060;98.57169;0.5272;sun;On;On;Receiver;Off;-105.80071;-72.45845;0.0022944445;None;NO
62070;98.61319;0.5275;sun;On;On;Receiver;Off;-106.84386;-73.00881;0.0022944445;None;NO
62080;98.654686;0.5278;sun;On;On;Receiver;Off;-107.95255;-73.55429;0.0022944445;None;NO
62090;98.696175;0.5281;sun;On;On;Receiver;Off;-109.1329;-74.09438;0.0022944445;None;NO
62100;98.73767;0.5284;sun;On;On;Receiver;Off;-110.39166;-74.62852;0.0022944445;None;NO
62110;98.77917;0.5287;sun;On;On;Receiver;Off;-111.73634;-75.15606;0.0022944445;None;NO
62120;98.820656;0.529;sun;On;On;Receiver;Off;-113.1752;-75.67627;0.0022944445;None;NO
62130;98.86215;0.5293;sun;On;On;Receiver;Off;-114.71735;-76.18833;0.0022944445;None;NO
62140;98.90364;0.5296;sun;On;On;Receiver;Off;-116.37276;-76.69129;0.0022944445;None;NO
62150;98.94514;0.5299;sun;On;On;Receiver;Off;-118.15232;-77.18409;0.0022944445;None;NO
62160;98.98663;0.5302;sun;On;On;Receiver;Off;-120.067795;-77.6655;0.0022944445;None;NO
62170;99.02812;0.5305;sun;On;On;Receiver;Off;-122.13176;-78.13413;0.0022944445;None;NO
62180;99.06962;0.5308;sun;On;On;Receiver;Off;-124.35744;-78.58842;0.0022944445;None;NO
62190;99.111115;0.5311;sun;On;On;Receiver;Off;-126.75847;-79.02657;0.0022944445;None;NO
62200;99.1526;0.5314;sun;On;On;Receiver;Off;-129.34843;-79.446594;0.0022944445;None;NO
62210;99.1941;0.5317;sun;On;On;Receiver;Off;-132.14029;-79.84622;0.0022944445;None;NO
62220;99.23559;0.532;sun;On;On;Receiver;Off;-135.14548;-80.22296;0.0022944445;None;NO
62230;99.277084;0.5323;sun;On;On;Receiver;Off;-138.37283;-80.57406;0.0022944445;None;NO
62240;99.31858;0.5326;sun;On;On;Receiver;Off;-141.82718;-80.89655;0.0022944445;None;NO
62250;99.36007;0.5329;sun;On;On;Receiver;Off;-145.50772;-81.1873;0.0022944445;None;NO
62260;99.401566;0.5332;sun;On;On;Receiver;Off;-149.40642;-81.44307;0.0022944445;None;NO
62270;99.44306;0.5335;sun;On;On;Receiver;Off;-153.50652;-81.66064;0.0022944445;None;NO
62280;99.48455;0.5338;sun;On;On;Receiver;Off;-157.78156;-81.83695;0.0022944445;None;NO
62290;99.52605;0.5341;sun;On;On;Receiver;Off;-162.19536;-81.96929;0.0022944445;None;NO
62300;99.567535;0.5344;sun;On;On;Receiver;Off;-166.703;-82.05546;0.0022944445;None;NO
62310;99.60903;0.5347;sun;On;On;Receiver;Off;-171.25327;-82.09394;0.0022944445;None;NO
62320;99.65053;0.535;sun;On;On;Receiver;Off;-175.79185;-82.084045;0.0022944445;None;NO
62330;99.69202;0.5353;sun;On;On;Receiver;Off;179.73468;-82.025955;0.0022944445;None;NO
62340;99.73351;0.5356;sun;On;On;Receiver;Off;175.37521;-81.92071;0.0022944445;None;NO
62350;99.77501;0.5359;sun;On;On;Receiver;Off;171.17113;-81.7701;0.0022944445;None;NO
62360;99.8165;0.5362;sun;On;On;Receiver;Off;167.15451;-81.57659;0.0022944445;None;NO
62370;99.857994;0.5365;sun;On;On;Receiver;Off;163.34763;-81.34304;0.0022944445;None;NO
62380;99.89948;0.5368;sun;On;On;Receiver;Off;159.7633;-81.072586;0.0022944445;None;NO
62390;99.94098;0.5371;sun;On;On;Receiver;Off;156.40633;-80.768486;0.0022944445;None;NO
62400;99.982475;0.5374;sun;On;On;Receiver;Off;153.27486;-80.43394;0.0022944445;None;NO
62410;99.988075;0.5377;sun;On;On;Receiver;Off;150.36218;-80.07202;0.0022944445;None;NO
62420;99.988075;0.538;sun;On;On;Receiver;Off;147.6582;-79.685616;0.0022944445;None;NO
62430;99.988075;0.5383;sun;On;On;Receiver;Off;145.1507;-79.27737;0.0022944445;None;NO
62440;99.988075;0.5386;sun;On;On;Receiver;Off;142.82634;-78.849686;0.0022944445;None;NO
62450;99.988075;0.5389;sun;On;On;Receiver;Off;140.6715;-78.40471;0.0022944445;None;NO
62460;99.988075;0.5392;sun;On;On;Receiver;Off;138.67262;-77.94436;0.0022944445;None;NO
62470;99.988075;0.5395;sun;On;On;Receiver;Off;136.81679;-77.47033;0.0022944445;None;NO
62480;99.988075;0.5398;sun;On;On;Receiver;Off;135.09172;-76.98411;0.0022944445;None;NO
62490;99.988075;0.5401;sun;On;On;Receiver;Off;133.48604;-76.48702;0.0022944445;None;NO
62500;99.988075;0.5404;sun;On;On;Receiver;Off;131.98924;-75.980225;0.0022944445;None;NO
62510;99.988075;0.5407;sun;On;On;Receiver;Off;130.59174;-75.46473;0.0022944445;None;NO
62520;99.988075;0.541;sun;On;On;Receiver;Off;129.28477;-74.94143;0.0022944445;None;NO
62530;99.988075;0.5413;sun;On;On;Receiver;Off;128.06042;-74.41111;0.0022944445;None;NO
62540;99.988075;0.5416;sun;On;On;Receiver;Off;126.911514;-73.874466;0.0022944445;None;NO
62550;99.988075;0.5419;sun;On;On;Receiver;Off;125.831566;-73.332115;0.0022944445;None;NO
62560;99.988075;0.5422;sun;On;On;Receiver;Off;124.814735;-72.784584;0.0022944445;None;NO
62570;99.988075;0.5425;sun;On;On;Receiver;Off;123.85574;-72.23236;0.0022944445;None;NO
62580;99.988075;0.5428;sun;On;On;Receiver;Off;122.94982;-71.675865;0.0022944445;None;NO
62590;99.988075;0.5431;sun;On;On;Receiver;Off;122.092674;-71.11548;0.0022944445;None;NO
62600;99.988075;0.5434;sun;On;On;Receiver;Off;121.2804;-70.55154;0.0022944445;None;NO
62610;99.988075;0.5437;sun;On;On;Receiver;Off;120.5095;-69.98434;0.0022944445;None;NO
62620;99.988075;0.544;sun;On;On;Receiver;Off;119.77678;-69.414154;0.0022944445;None;NO
62630;99.988075;0.5443;sun;On;On;Receiver;Off;119.07936;-68.84123;0.0022944445;None;NO
62640;99.988075;0.5446;sun;On;On;Receiver;Off;118.414604;-68.26578;0.0022944445;None;NO
62650;99.988075;0.5449;sun;On;On;Receiver;Off;117.78015;-67.687996;0.0022944445;None;NO
62660;99.988075;0.5452;sun;On;On;Receiver;Off;117.17382;-67.10806;0.0022944445;None;NO
62670;99.988075;0.5455;sun;On;On;Receiver;Off;116.59363;-66.52613;0.0022944445;None;NO
62680;99.988075;0.5458;sun;On;On;Receiver;Off;116.03779;-65.94235;0.0022944445;None;NO
62690;99.988075;0.5461;sun;On;On;Receiver;Off;115.50464;-65.35686;0.0022944445;None;NO
62700;99.988075;0.5464;sun;On;On;Receiver;Off;114.99267;-64.76977;0.0022944445;None;NO
62710;99.988075;0.5467;sun;On;On;Receiver;Off;114.500496;-64.18119;0.0022944445;None;NO
62720;99.988075;0.547;sun;On;On;Receiver;Off;114.026855;-63.59122;0.0022944445;None;NO
62730;99.988075;0.5473;sun;On;On;Receiver;Off;113.570564;-62.999958;0.0022944445;None;NO
62740;99.988075;0.5476;sun;On;On;Receiver;Off;113.130554;-62.407482;0.0022944445;None;NO
62750;99.988075;0.5479;sun;On;On;Receiver;Off;112.70583;-61.81387;0.0022944445;None;NO
62760;99.988075;0.5482;sun;On;On;Receiver;Off;112.29549;-61.219193;0.0022944445;None;NO
62770;99.988075;0.5485;sun;On;On;Receiver;Off;111.89866;-60.623516;0.0022944445;None;NO
62780;99.988075;0.5488;sun;On;On;Receiver;Off;111.51457;-60.026897;0.0022944445;None;NO
62790;99.988075;0.5491;sun;On;On;Receiver;Off;111.142494;-59.429394;0.0022944445;None;NO
62800;99.988075;0.5494;sun;On;On;Receiver;Off;110.78176;-58.83106;0.0022944445;None;NO
62810;99.988075;0.5497;sun;On;On;Receiver;Off;110.43174;-58.231937;0.0022944445;None;NO
62820;99.988075;0.55;sun;On;On;Receiver;Off;110.09185;-57.632072;0.0022944445;None;NO
62830;99.988075;0.5503;sun;On;On;Receiver;Off;109.76154;-57.03151;0.0022944445;None;NO
62840;99.988075;0.5506;sun;On;On;Receiver;Off;109.440315;-56.43028;0.0022944445;None;NO
62850;99.988075;0.5509;sun;On;On;Receiver;Off;109.1277;-55.828426;0.0022944445;None;NO
62860;99.988075;0.5512;sun;On;On;Receiver;Off;108.82326;-55.225975;0.0022944445;None;NO
62870;99.988075;0.5515;sun;On;On;Receiver;Off;108.526566;-54.622963;0.0022944445;None;NO
62880;99.988075;0.5518;sun;On;On;Receiver;Off;108.23724;-54.019413;0.0022944445;None;NO
62890;99.988075;0.5521;sun;On;On;Receiver;Off;107.954926;-53.415356;0.0022944445;None;NO
62900;99.988075;0.5524;sun;On;On;Receiver;Off;107.67928;-52.810818;0.0022944445;None;NO
62910;99.988075;0.5527;sun;On;On;Receiver;Off;107.40999;-52.20582;0.0022944445;None;NO
62920;99.988075;0.553;sun;On;On;Receiver;Off;107.146736;-51.60038;0.0022944445;None;NO
62930;99.988075;0.5533;sun;On;On;Receiver;Off;106.88926;-50.99453;0.0022944445;None;NO
62940;99.988075;0.5536;sun;On;On;Receiver;Off;106.63728;-50.38828;0.0022944445;None;NO
62950;99.988075;0.5539;sun;On;On;Receiver;Off;106.390564;-49.78165;0.0022944445;None;NO
62960;99.988075;0.5542;sun;On;On;Receiver;Off;106.14886;-49.174664;0.0022944445;None;NO
62970;99.988075;0.5545;sun;On;On;Receiver;Off;105.91194;-48.56733;0.0022944445;None;NO
62980;99.988075;0.5548;sun;On;On;Receiver;Off;105.67962;-47.959667;0.0022944445;None;NO
62990;99.988075;0.5551;sun;On;On;Receiver;Off;105.451675;-47.35169;0.0022944445;None;NO
63000;99.988075;0.5554;sun;On;On;Receiver;Off;105.22793;-46.74341;0.0022944445;None;NO
63010;99.988075;0.5557;sun;On;On;Receiver;Off;105.0082;-46.134842;0.0022944445;None;NO
63020;99.988075;0.556;sun;On;On;Receiver;Off;104.79233;-45.525997;0.0022944445;None;NO
63030;99.988075;0.5563;sun;On;On;Receiver;Off;104.58014;-44.91689;0.0022944445;None;NO
63040;99.988075;0.5566;sun;On;On;Receiver;Off;104.37149;-44.30753;0.0022944445;None;NO
63050;99.988075;0.5569;sun;On;On;Receiver;Off;104.16624;-43.697926;0.0022944445;None;NO
63060;99.988075;0.5572;sun;On;On;Receiver;Off;103.96423;-43.08809;0.0022944445;None;NO
63070;99.988075;0.5575;sun;On;On;Receiver;Off;103.765366;-42.478027;0.0022944445;None;NO
63080;99.988075;0.5578;sun;On;On;Receiver;Off;103.569496;-41.867756;0.0022944445;None;NO
63090;99.988075;0.5581;sun;On;On;Receiver;Off;103.37651;-41.257275;0.0022944445;None;NO
63100;99.988075;0.5584;sun;On;On;Receiver;Off;103.186295;-40.6466;0.0022944445;None;NO
63110;99.988075;0.5587;sun;On;On;Receiver;Off;102.99874;-40.035732;0.0022944445;None;NO
63120;99.988075;0.559;sun;On;On;Receiver;Off;102.81374;-39.424683;0.0022944445;None;NO
63130;99.988075;0.5593;sun;On;On;Receiver;Off;102.63122;-38.813457;0.0022944445;None;NO
63140;99.988075;0.5596;sun;On;On;Receiver;Off;102.45106;-38.202065;0.0022944445;None;NO
63150;99.988075;0.5599;sun;On;On;Receiver;Off;102.27318;-37.590508;0.0022944445;None;NO
63160;99.988075;0.5602;sun;On;On;Receiver;Off;102.097496;-36.978794;0.0022944445;None;NO
63170;99.988075;0.5605;sun;On;On;Receiver;Off;101.92392;-36.366932;0.0022944445;None;NO
63180;99.988075;0.5608;sun;On;On;Receiver;Off;101.75238;-35.754925;0.0022944445;None;NO
63190;99.988075;0.5611;sun;On;On;Receiver;Off;101.5828;-35.14278;0.0022944445;None;NO
63200;99.988075;0.5614;sun;On;On;Receiver;Off;101.41511;-34.5305;0.0022944445;None;NO
63210;99.988075;0.5617;sun;On;On;Receiver;Off;101.24924;-33.91809;0.0022944445;None;NO
63220;99.988075;0.562;sun;On;On;Receiver;Off;101.085106;-33.305557;0.0022944445;None;NO
63230;99.988075;0.5623;sun;On;On;Receiver;Off;100.92267;-32.6929;0.0022944445;None;NO
63240;99.988075;0.5626;sun;On;On;Receiver;Off;100.761856;-32.080135;0.0022944445;None;NO
63250;99.988075;0.5629;sun;On;On;Receiver;Off;100.60261;-31.467255;0.0022944445;None;NO
63260;99.988075;0.5632;sun;On;On;Receiver;Off;100.44488;-30.854269;0.0022944445;None;NO
63270;99.988075;0.5635;sun;On;On;Receiver;Off;100.28859;-30.241179;0.0022944445;None;NO
63280;99.988075;0.5638;sun;On;On;Receiver;Off;100.13371;-29.627989;0.0022944445;None;NO
63290;99.988075;0.5641;sun;On;On;Receiver;Off;99.98019;-29.014704;0.0022944445;None;NO
63300;99.988075;0.5644;sun;On;On;Receiver;Off;99.82796;-28.401325;0.0022944445;None;NO
63310;99.988075;0.5647;sun;On;On;Receiver;Off;99.67699;-27.787859;0.0022944445;None;NO
63320;99.988075;0.565;sun;On;On;Receiver;Off;99.52723;-27.174307;0.0022944445;None;NO
63330;99.988075;0.5653;sun;On;On;Receiver;Off;99.37863;-26.56067;0.0022944445;None;NO
63340;99.988075;0.5656;sun;On;On;Receiver;Off;99.23116;-25.946957;0.0022944445;None;NO
63350;99.988075;0.5659;sun;On;On;Receiver;Off;99.08477;-25.333166;0.0022944445;None;NO
63360;99.988075;0.5662;sun;On;On;Receiver;Off;98.939415;-24.719301;0.0022944445;None;NO
63370;99.988075;0.5665;sun;On;On;Receiver;Off;98.79507;-24.105364;0.0022944445;None;NO
63380;99.988075;0.5668;sun;On;On;Receiver;Off;98.65168;-23.49136;0.0022944445;None;NO
63390;99.988075;0.5671;sun;On;On;Receiver;Off;98.509224;-22.87729;0.0022944445;None;NO
63400;99.988075;0.5674;sun;On;On;Receiver;Off;98.36766;-22.263157;0.0022944445;None;NO
63410;99.988075;0.5677;sun;On;On;Receiver;Off;98.22696;-21.648962;0.0022944445;None;NO
63420;99.988075;0.568;sun;On;On;Receiver;Off;98.08708;-21.03471;0.0022944445;None;NO
63430;99.988075;0.5683;sun;On;On;Receiver;Off;97.94799;-20.4204;0.0022944445;None;NO
63440;99.988075;0.5686;sun;On;On;Receiver;Off;97.80966;-19.806038;0.0022944445;None;NO
63450;99.988075;0.5689;sun;On;On;Receiver;Off;97.672066;-19.191624;0.0022944445;None;NO
63460;99.988075;0.5692;sun;On;On;Receiver;Off;97.53517;-18.577158;0.0022944445;None;NO
63470;99.988075;0.5695;sun;On;On;Receiver;Off;97.39895;-17.962646;0.0022944445;None;NO
63480;99.988075;0.5698;sun;On;On;Receiver;Off;97.26337;-17.34809;0.0022944445;None;NO
63490;99.988075;0.5701;sun;On;On;Receiver;Off;97.128395;-16.733488;0.0022944445;None;NO
63500;99.988075;0.5704;sun;On;On;Receiver;Off;96.99402;-16.118845;0.0022944445;None;NO
63510;99.988075;0.5707;sun;On;On;Receiver;Off;96.8602;-15.504162;0.0022944445;None;NO
63520;99.988075;0.571;sun;On;On;Receiver;Off;96.72691;-14.889441;0.0022944445;None;NO
63530;99.988075;0.5713;sun;On;On;Receiver;Off;96.59414;-14.274684;0.0022944445;None;NO
63540;99.988075;0.5716;sun;On;On;Receiver;Off;96.461845;-13.659892;0.0022944445;None;NO
63550;99.988075;0.5719;sun;On;On;Receiver;Off;96.33001;-13.045068;0.0022944445;None;NO
63560;99.988075;0.5722;sun;On;On;Receiver;Off;96.198616;-12.430212;0.0022944445;None;NO
63570;99.988075;0.5725;sun;On;On;Receiver;Off;96.067635;-11.815328;0.0022944445;None;NO
63580;99.988075;0.5728;sun;On;On;Receiver;Off;95.937035;-11.200415;0.0022944445;None;NO
63590;99.988075;0.5731;sun;On;On;Receiver;Off;95.80681;-10.585476;0.0022944445;None;NO
63600;99.988075;0.5734;sun;On;On;Receiver;Off;95.67692;-9.970512;0.0022944445;None;NO
63610;99.988075;0.5737;sun;On;On;Receiver;Off;95.547356;-9.355526;0.0022944445;None;NO
63620;99.988075;0.574;sun;On;On;Receiver;Off;95.41809;-8.740518;0.0022944445;None;NO
63630;99.988075;0.5743;sun;On;On;Receiver;Off;95.2891;-8.125489;0.0022944445;None;NO
63640;99.988075;0.5746;sun;On;On;Receiver;Off;95.16037;-7.5104423;0.0022944445;None;NO
63650;99.988075;0.5749;sun;On;On;Receiver;Off;95.031876;-6.8953786;0.0022944445;None;NO
63660;99.988075;0.5752;sun;On;On;Receiver;Off;94.903595;-6.280299;0.0022944445;None;NO
63670;99.988075;0.5755;sun;On;On;Receiver;Off;94.775505;-5.6652055;0.0022944445;None;NO
63680;99.988075;0.5758;sun;On;On;Receiver;Off;94.64759;-5.0500994;0.0022944445;None;NO
63690;99.988075;0.5761;sun;On;On;Receiver;Off;94.51983;-4.4349813;0.0022944445;None;NO
63700;99.988075;0.5764;sun;On;On;Receiver;Off;94.392204;-3.8198538;0.0022944445;None;NO
63710;99.988075;0.5767;sun;On;On;Receiver;Off;94.26469;-3.2047176;0.0022944445;None;NO
63720;99.988075;0.577;sun;On;On;Receiver;Off;94.13727;-2.5895743;0.0022944445;None;NO
63730;99.988075;0.5773;sun;On;On;Receiver;Off;94.00992;-1.9744252;0.0022944445;None;NO
63740;99.988075;0.5776;sun;On;On;Receiver;Off;93.88262;-1.3592716;0.0022944445;None;NO
63750;99.988075;0.5779;sun;On;On;Receiver;Off;93.75536;-0.7441152;0.0022944445;None;NO
63760;99.988075;0.5782;sun;On;On;Receiver;Off;93.62811;-0.128957;0.0022944445;None;NO
63770;99.988075;0.5785;sun;On;On;Receiver;Off;93.500854;0.48620147;0.0022944445;None;NO
63780;99.988075;0.5788;sun;On;On;Receiver;Off;93.37357;1.1013589;0.0022944445;None;NO
63790;99.988075;0.5791;sun;On;On;Receiver;Off;93.246254;1.7165138;0.0022944445;None;NO
63800;99.988075;0.5794;sun;On;On;Receiver;Off;93.11886;2.3316648;0.0022944445;None;NO
63810;99.988075;0.5797;sun;On;On;Receiver;Off;92.99139;2.9468107;0.0022944445;None;NO
63820;99.988075;0.58;sun;On;On;Receiver;Off;92.86381;3.5619502;0.0022944445;None;NO
63830;99.988075;0.5803;sun;On;On;Receiver;Off;92.7361;4.1770816;0.0022944445;None;NO
63840;99.988075;0.5806;sun;On;On;Receiver;Off;92.60825;4.7922034;0.0022944445;None;NO
63850;99.988075;0.5809;sun;On;On;Receiver;Off;92.48023;5.407315;0.0022944445;None;NO
63860;99.988075;0.5812;sun;On;On;Receiver;Off;92.352036;6.022414;0.0022944445;None;NO
63870;99.988075;0.5815;sun;On;On;Receiver;Off;92.223625;6.6375;0.0022944445;None;NO
63880;99.988075;0.5818;sun;On;On;Receiver;Off;92.09499;7.25257;0.0022944445;None;NO
63890;99.988075;0.5821;sun;On;On;Receiver;Off;91.96611;7.8676243;0.0022944445;None;NO
63900;99.988075;0.5824;sun;On;On;Receiver;Off;91.83696;8.48266;0.0022944445;None;NO
63910;99.988075;0.5827;sun;On;On;Receiver;Off;91.70751;9.097677;0.0022944445;None;NO
63920;99.988075;0.583;sun;On;On;Receiver;Off;91.57776;9.712673;0.0022944445;None;NO
63930;99.988075;0.5833;sun;On;On;Receiver;Off;91.44767;10.327646;0.0022944445;None;NO
63940;99.988075;0.5836;sun;On;On;Receiver;Off;91.31722;10.9425955;0.0022944445;None;NO
63950;99.988075;0.5839;sun;On;On;Receiver;Off;91.18639;11.55752;0.0022944445;None;NO
63960;99.988075;0.5842;sun;On;On;Receiver;Off;91.05517;12.172417;0.0022944445;None;NO
63970;99.988075;0.5845;sun;On;On;Receiver;Off;90.923515;12.787285;0.0022944445;None;NO
63980;99.988075;0.5848;sun;On;On;Receiver;Off;90.791405;13.4021225;0.0022944445;None;NO
63990;99.988075;0.5851;sun;On;On;Receiver;Off;90.65883;14.016928;0.0022944445;None;NO
64000;99.988075;0.5854;sun;On;On;Receiver;Off;90.52575;14.6317;0.0022944445;None;NO
64010;99.988075;0.5857;sun;On;On;Receiver;Off;90.39215;15.246436;0.0022944445;None;NO
64020;99.988075;0.586;sun;On;On;Receiver;Off;90.257996;15.861135;0.0022944445;None;NO
64030;99.988075;0.5863;sun;On;On;Receiver;Off;90.12327;16.475796;0.0022944445;None;NO
64040;99.988075;0.5866;sun;On;On;Receiver;Off;89.98793;17.090414;0.0022944445;None;NO
64050;99.988075;0.5869;sun;On;On;Receiver;Off;89.85197;17.70499;0.0022944445;None;NO
64060;99.988075;0.5872;sun;On;On;Receiver;Off;89.71534;18.31952;0.0022944445;None;NO
64070;99.988075;0.5875;sun;On;On;Receiver;Off;89.57803;18.934006;0.0022944445;None;NO
64080;99.988075;0.5878;sun;On;On;Receiver;Off;89.44;19.548443;0.0022944445;None;NO
64090;99.988075;0.5881;sun;On;On;Receiver;Off;89.30122;20.162827;0.0022944445;None;NO
64100;99.988075;0.5884;sun;On;On;Receiver;Off;89.16166;20.777159;0.0022944445;None;NO
64110;99.988075;0.5887;sun;On;On;Receiver;Off;89.02129;21.391436;0.0022944445;None;NO
64120;99.988075;0.589;sun;On;On;Receiver;Off;88.88007;22.005653;0.0022944445;None;NO
64130;99.988075;0.5893;sun;On;On;Receiver;Off;88.73798;22.619814;0.0022944445;None;NO
64140;99.988075;0.5896;sun;On;On;Receiver;Off;88.59497;23.23391;0.0022944445;None;NO
64150;99.988075;0.5899;sun;On;On;Receiver;Off;88.45101;23.847942;0.0022944445;None;NO
64160;99.988075;0.5902;sun;On;On;Receiver;Off;88.30607;24.461908;0.0022944445;None;NO
64170;99.988075;0.5905;sun;On;On;Receiver;Off;88.160095;25.075802;0.0022944445;None;NO
64180;99.988075;0.5908;sun;On;On;Receiver;Off;88.01306;25.689625;0.0022944445;None;NO
64190;99.988075;0.5911;sun;On;On;Receiver;Off;87.864914;26.303371;0.0022944445;None;NO
64200;99.988075;0.5914;sun;On;On;Receiver;Off;87.71563;26.917042;0.0022944445;None;NO
64210;99.988075;0.5917;sun;On;On;Receiver;Off;87.56515;27.530628;0.0022944445;None;NO
64220;99.988075;0.592;sun;On;On;Receiver;Off;87.41343;28.14413;0.0022944445;None;NO
64230;99.988075;0.5923;sun;On;On;Receiver;Off;87.26043;28.757547;0.0022944445;None;NO
64240;99.988075;0.5926;sun;On;On;Receiver;Off;87.106094;29.37087;0.0022944445;None;NO
64250;99.988075;0.5929;sun;On;On;Receiver;Off;86.95038;29.984102;0.0022944445;None;NO
64260;99.988075;0.5932;sun;On;On;Receiver;Off;86.793236;30.597233;0.0022944445;None;NO
64270;99.988075;0.5935;sun;On;On;Receiver;Off;86.6346;31.210264;0.0022944445;None;NO
64280;99.988075;0.5938;sun;On;On;Receiver;Off;86.47442;31.823189;0.0022944445;None;NO
64290;99.988075;0.5941;sun;On;On;Receiver;Off;86.31264;32.436005;0.0022944445;None;NO
64300;99.988075;0.5944;sun;On;On;Receiver;Off;86.14919;33.048706;0.0022944445;None;NO
64310;99.988075;0.5947;sun;On;On;Receiver;Off;85.984024;33.661293;0.0022944445;None;NO
64320;99.988075;0.595;sun;On;On;Receiver;Off;85.81706;34.273754;0.0022944445;None;NO
64330;99.988075;0.5953;sun;On;On;Receiver;Off;85.64825;34.88609;0.0022944445;None;NO
64340;99.988075;0.5956;sun;On;On;Receiver;Off;85.4775;35.49829;0.0022944445;None;NO
64350;99.988075;0.5959;sun;On;On;Receiver;Off;85.304756;36.110355;0.0022944445;None;NO
64360;99.988075;0.5962;sun;On;On;Receiver;Off;85.12992;36.722282;0.0022944445;None;NO
64370;99.988075;0.5965;sun;On;On;Receiver;Off;84.95293;37.334057;0.0022944445;None;NO
64380;99.988075;0.5968;sun;On;On;Receiver;Off;84.7737;37.94568;0.0022944445;None;NO
64390;99.988075;0.5971;sun;On;On;Receiver;Off;84.592125;38.55714;0.0022944445;None;NO
64400;99.988075;0.5974;sun;On;On;Receiver;Off;84.40813;39.168438;0.0022944445;None;NO
64410;99.988075;0.5977;sun;On;On;Receiver;Off;84.22161;39.77956;0.0022944445;None;NO
64420;99.988075;0.598;sun;On;On;Receiver;Off;84.03248;40.390507;0.0022944445;None;NO
64430;99.988075;0.5983;sun;On;On;Receiver;Off;83.84061;41.001263;0.0022944445;None;NO
64440;99.988075;0.5986;sun;On;On;Receiver;Off;83.645905;41.611828;0.0022944445;None;NO
64450;99.988075;0.5989;sun;On;On;Receiver;Off;83.44825;42.222187;0.0022944445;None;NO
64460;99.988075;0.5992;sun;On;On;Receiver;Off;83.24751;42.83234;0.0022944445;None;NO
64470;99.988075;0.5995;sun;On;On;Receiver;Off;83.04358;43.44227;0.0022944445;None;NO
64480;99.988075;0.5998;sun;On;On;Receiver;Off;82.8363;44.05197;0.0022944445;None;NO
64490;99.988075;0.6001;sun;On;On;Receiver;Off;82.62555;44.661438;0.0022944445;None;NO
64500;99.988075;0.6004;sun;On;On;Receiver;Off;82.41117;45.270653;0.0022944445;None;NO
64510;99.988075;0.6007;sun;On;On;Receiver;Off;82.193;45.87961;0.0022944445;None;NO
64520;99.988075;0.601;sun;On;On;Receiver;Off;81.97089;46.488293;0.0022944445;None;NO
64530;99.988075;0.6013;sun;On;On;Receiver;Off;81.744644;47.096695;0.0022944445;None;NO
64540;99.988075;0.6016;sun;On;On;Receiver;Off;81.51409;47.7048;0.0022944445;None;NO
64550;99.988075;0.6019;sun;On;On;Receiver;Off;81.27904;48.312595;0.0022944445;None;NO
64560;99.988075;0.6022;sun;On;On;Receiver;Off;81.039276;48.92007;0.0022944445;None;NO
64570;99.988075;0.6025;sun;On;On;Receiver;Off;80.794586;49.527206;0.0022944445;None;NO
64580;99.988075;0.6028;sun;On;On;Receiver;Off;80.54474;50.133987;0.0022944445;None;NO
64590;99.988075;0.6031;sun;On;On;Receiver;Off;80.2895;50.7404;0.0022944445;None;NO
64600;99.988075;0.6034;sun;On;On;Receiver;Off;80.02859;51.34642;0.0022944445;None;NO
64610;99.988075;0.6037;sun;On;On;Receiver;Off;79.76175;51.952034;0.0022944445;None;NO
64620;99.988075;0.604;sun;On;On;Receiver;Off;79.48868;52.557217;0.0022944445;None;NO
64630;99.988075;0.6043;sun;On;On;Receiver;Off;79.20907;53.161953;0.0022944445;None;NO
64640;99.988075;0.6046;sun;On;On;Receiver;Off;78.92259;53.766212;0.0022944445;None;NO
64650;99.988075;0.6049;sun;On;On;Receiver;Off;78.62889;54.36998;0.0022944445;None;NO
64660;99.988075;0.6052;sun;On;On;Receiver;Off;78.3276;54.97322;0.0022944445;None;NO
64670;99.988075;0.6055;sun;On;On;Receiver;Off;78.0183;55.57591;0.0022944445;None;NO
64680;99.988075;0.6058;sun;On;On;Receiver;Off;77.70058;56.17802;0.0022944445;None;NO
64690;99.988075;0.6061;sun;On;On;Receiver;Off;77.37396;56.779514;0.0022944445;None;NO
64700;99.988075;0.6064;sun;On;On;Receiver;Off;77.037964;57.38036;0.0022944445;None;NO
64710;99.988075;0.6067;sun;On;On;Receiver;Off;76.69206;57.980522;0.0022944445;None;NO
64720;99.988075;0.607;sun;On;On;Receiver;Off;76.335686;58.57996;0.0022944445;None;NO
64730;99.988075;0.6073;sun;On;On;Receiver;Off;75.96822;59.17863;0.0022944445;None;NO
64740;99.988075;0.6076;sun;On;On;Receiver;Off;75.58903;59.77649;0.0022944445;None;NO
64750;99.988075;0.6079;sun;On;On;Receiver;Off;75.19739;60.373486;0.0022944445;None;NO
64760;99.988075;0.6082;sun;On;On;Receiver;Off;74.79254;60.969563;0.0022944445;None;NO
64770;99.988075;0.6085;sun;On;On;Receiver;Off;74.37367;61.564667;0.0022944445;None;NO
64780;99.988075;0.6088;sun;On;On;Receiver;Off;73.939896;62.158733;0.0022944445;None;NO
64790;99.988075;0.6091;sun;On;On;Receiver;Off;73.49024;62.751698;0.0022944445;None;NO
64800;99.988075;0.6094;sun;On;On;Receiver;Off;73.023674;63.34348;0.0022944445;None;NO
64810;99.988075;0.6097;sun;On;On;Receiver;Off;72.539055;63.934;0.0022944445;None;NO
64820;99.988075;0.61;sun;On;On;Receiver;Off;72.035164;64.52317;0.0022944445;None;NO
64830;99.988075;0.6103;sun;On;On;Receiver;Off;71.510666;65.1109;0.0022944445;None;NO
64840;99.988075;0.6106;sun;On;On;Receiver;Off;70.96409;65.69708;0.0022944445;None;NO
64850;99.988075;0.6109;sun;On;On;Receiver;Off;70.393845;66.28159;0.0022944445;None;NO
64860;99.988075;0.6112;sun;On;On;Receiver;Off;69.798195;66.86431;0.0022944445;None;NO
64870;99.988075;0.6115;sun;On;On;Receiver;Off;69.17524;67.44511;0.0022944445;None;NO
64880;99.988075;0.6118;sun;On;On;Receiver;Off;68.52287;68.02381;0.0022944445;None;NO
64890;99.988075;0.6121;sun;On;On;Receiver;Off;67.83882;68.60026;0.0022944445;None;NO
64900;99.988075;0.6124;sun;On;On;Receiver;Off;67.120544;69.17427;0.0022944445;None;NO
64910;99.988075;0.6127;sun;On;On;Receiver;Off;66.36528;69.74563;0.0022944445;None;NO
64920;99.988075;0.613;sun;On;On;Receiver;Off;65.56996;70.31411;0.0022944445;None;NO
64930;99.988075;0.6133;sun;On;On;Receiver;Off;64.7312;70.87945;0.0022944445;None;NO
64940;99.988075;0.6136;sun;On;On;Receiver;Off;63.845284;71.44137;0.0022944445;None;NO
64950;99.988075;0.6139;sun;On;On;Receiver;Off;62.90806;71.999535;0.0022944445;None;NO
64960;99.988075;0.6142;sun;On;On;Receiver;Off;61.914967;72.5536;0.0022944445;None;NO
64970;99.988075;0.6145;sun;On;On;Receiver;Off;60.860935;73.10316;0.0022944445;None;NO
64980;99.988075;0.6148;sun;On;On;Receiver;Off;59.740353;73.64774;0.0022944445;None;NO
64990;99.988075;0.6151;sun;On;On;Receiver;Off;58.546997;74.18685;0.0022944445;None;NO
65000;99.988075;0.6154;sun;On;On;Receiver;Off;57.273983;74.7199;0.0022944445;None;NO
65010;99.988075;0.6157;sun;On;On;Receiver;Off;55.91369;75.24623;0.0022944445;None;NO
65020;99.988075;0.616;sun;On;On;Receiver;Off;54.457706;75.7651;0.0022944445;None;NO
65030;99.988075;0.6163;sun;On;On;Receiver;Off;52.896786;76.275665;0.0022944445;None;NO
65040;99.988075;0.6166;sun;On;On;Receiver;Off;51.220787;76.776955;0.0022944445;None;NO
65050;99.988075;0.6169;sun;On;On;Receiver;Off;49.41867;77.267876;0.0022944445;None;NO
65060;99.988075;0.6172;sun;On;On;Receiver;Off;47.47853;77.74719;0.0022944445;None;NO
65070;99.988075;0.6175;sun;On;On;Receiver;Off;45.387665;78.21347;0.0022944445;None;NO
65080;99.988075;0.6178;sun;On;On;Receiver;Off;43.132748;78.66511;0.0022944445;None;NO
65090;99.988075;0.6181;sun;On;On;Receiver;Off;40.70013;79.100296;0.0022944445;None;NO
65100;99.988075;0.6184;sun;On;On;Receiver;Off;38.07628;79.51697;0.0022944445;None;NO
65110;99.988075;0.6187;sun;On;On;Receiver;Off;35.248425;79.912834;0.0022944445;None;NO
65120;99.988075;0.619;sun;On;On;Receiver;Off;32.20549;80.285355;0.0022944445;None;NO
65130;99.988075;0.6193;sun;On;On;Receiver;Off;28.939232;80.631744;0.0022944445;None;NO
65140;99.988075;0.6196;sun;On;On;Receiver;Off;25.445679;80.949;0.0022944445;None;NO
65150;99.988075;0.6199;sun;On;On;Receiver;Off;21.726751;81.233955;0.0022944445;None;NO
65160;99.988075;0.6202;sun;On;On;Receiver;Off;17.791897;81.48337;0.0022944445;None;NO
65170;99.988075;0.6205;sun;On;On;Receiver;Off;13.659499;81.69404;0.0022944445;None;NO
65180;99.988075;0.6208;sun;On;On;Receiver;Off;9.357705;81.86295;0.0022944445;None;NO
65190;99.988075;0.6211;sun;On;On;Receiver;Off;4.9243274;81.98748;0.0022944445;None;NO
65200;99.988075;0.6214;sun;On;On;Receiver;Off;0.40554953;82.06551;0.0022944445;None;NO
65210;99.988075;0.6217;sun;On;On;Receiver;Off;-4.1465936;82.09569;0.0022944445;None;NO
65220;99.988075;0.622;sun;On;On;Receiver;Off;-8.677689;82.07745;0.0022944445;None;NO
65230;99.988075;0.6223;sun;On;On;Receiver;Off;-13.134829;82.01114;0.0022944445;None;NO
65240;99.988075;0.6226;sun;On;On;Receiver;Off;-17.470236;81.897934;0.0022944445;None;NO
65250;99.988075;0.6229;sun;On;On;Receiver;Off;-21.644033;81.73975;0.0022944445;None;NO
65260;99.988075;0.6232;sun;On;On;Receiver;Off;-25.625822;81.53912;0.0022944445;None;NO
65270;99.988075;0.6235;sun;On;On;Receiver;Off;-29.395042;81.29899;0.0022944445;None;NO
65280;99.988075;0.6238;sun;On;On;Receiver;Off;-32.94032;81.02251;0.0022944445;None;NO
65290;99.988075;0.6241;sun;On;On;Receiver;Off;-36.258163;80.71293;0.0022944445;None;NO
65300;99.988075;0.6244;sun;On;On;Receiver;Off;-39.35135;80.37345;0.0022944445;None;NO
65310;99.988075;0.6247;sun;On;On;Receiver;Off;-42.227276;80.00711;0.0022944445;None;NO
65320;99.988075;0.625;sun;On;On;Receiver;Off;-44.896496;79.61677;0.0022944445;None;NO
65330;99.988075;0.6253;sun;On;On;Receiver;Off;-47.371475;79.20501;0.0022944445;None;NO
65340;99.988075;0.6256;sun;On;On;Receiver;Off;-49.665646;78.77419;0.0022944445;None;NO
65350;99.988075;0.6259;sun;On;On;Receiver;Off;-51.79267;78.32644;0.0022944445;None;NO
65360;99.988075;0.6262;sun;On;On;Receiver;Off;-53.765987;77.86362;0.0022944445;None;NO
65370;99.988075;0.6265;sun;On;On;Receiver;Off;-55.598446;77.38739;0.0022944445;None;NO
65380;99.988075;0.6268;sun;On;On;Receiver;Off;-57.30216;76.89921;0.0022944445;None;NO
65390;99.988075;0.6271;sun;On;On;Receiver;Off;-58.888355;76.400375;0.0022944445;None;NO
65400;99.988075;0.6274;sun;On;On;Receiver;Off;-60.367386;75.892006;0.0022944445;None;NO
65410;99.988075;0.6277;sun;On;On;Receiver;Off;-61.748695;75.37511;0.0022944445;None;NO
65420;99.988075;0.628;sun;On;On;Receiver;Off;-63.040882;74.85054;0.0022944445;None;NO
65430;99.988075;0.6283;sun;On;On;Receiver;Off;-64.25174;74.319084;0.0022944445;None;NO
65440;99.988075;0.6286;sun;On;On;Receiver;Off;-65.38832;73.78142;0.0022944445;None;NO
65450;99.97615;0.6289;ecl;On;On;Receiver;Off;-66.45699;73.23814;0.0022944445;None;NO
65460;99.964226;0.6292;ecl;On;On;Receiver;Off;-67.46349;72.68976;0.0022944445;None;NO
65470;99.9523;0.6295;ecl;On;On;Receiver;Off;-68.41302;72.13677;0.0022944445;None;NO
65480;99.94038;0.6298;ecl;On;On;Receiver;Off;-69.31024;71.57958;0.0022944445;None;NO
65490;99.928444;0.6301;ecl;On;On;Receiver;Off;-70.15939;71.01856;0.0022944445;None;NO
65500;99.91652;0.6304;ecl;On;On;Receiver;Off;-70.964294;70.45403;0.0022944445;None;NO
65510;99.904594;0.6307;ecl;On;On;Receiver;Off;-71.7284;69.88631;0.0022944445;None;NO
65520;99.89267;0.631;ecl;On;On;Receiver;Off;-72.45484;69.315636;0.0022944445;None;NO
65530;99.880745;0.6313;ecl;On;On;Receiver;Off;-73.14646;68.74226;0.0022944445;None;NO
65540;99.86882;0.6316;ecl;On;On;Receiver;Off;-73.805824;68.1664;0.0022944445;None;NO
65550;99.856895;0.6319;ecl;On;On;Receiver;Off;-74.43529;67.58823;0.0022944445;None;NO
65560;99.84497;0.6322;ecl;On;On;Receiver;Off;-75.03698;67.00794;0.0022944445;None;NO
65570;99.833046;0.6325;ecl;On;On;Receiver;Off;-75.61285;66.42568;0.0022944445;None;NO
65580;99.82112;0.6328;ecl;On;On;Receiver;Off;-76.164665;65.8416;0.0022944445;None;NO
65590;99.8092;0.6331;ecl;On;On;Receiver;Off;-76.69406;65.25582;0.0022944445;None;NO
65600;99.79727;0.6334;ecl;On;On;Receiver;Off;-77.20253;64.668465;0.0022944445;None;NO
65610;99.78534;0.6337;ecl;On;On;Receiver;Off;-77.691414;64.07964;0.0022944445;None;NO
65620;99.773415;0.634;ecl;On;On;Receiver;Off;-78.161995;63.489445;0.0022944445;None;NO
65630;99.76149;0.6343;ecl;On;On;Receiver;Off;-78.6154;62.897964;0.0022944445;None;NO
65640;99.749565;0.6346;ecl;On;On;Receiver;Off;-79.052704;62.305286;0.0022944445;None;NO
65650;99.73764;0.6349;ecl;On;On;Receiver;Off;-79.47489;61.711487;0.0022944445;None;NO
65660;99.725716;0.6352;ecl;On;On;Receiver;Off;-79.88285;61.116634;0.0022944445;None;NO
65670;99.71379;0.6355;ecl;On;On;Receiver;Off;-80.27743;60.52079;0.0022944445;None;NO
65680;99.701866;0.6358;ecl;On;On;Receiver;Off;-80.65939;59.924015;0.0022944445;None;NO
65690;99.68994;0.6361;ecl;On;On;Receiver;Off;-81.02947;59.326366;0.0022944445;None;NO
65700;99.67802;0.6364;ecl;On;On;Receiver;Off;-81.38831;58.72789;0.0022944445;None;NO
65710;99.66609;0.6367;ecl;On;On;Receiver;Off;-81.73655;58.12864;0.0022944445;None;NO
65720;99.65417;0.637;ecl;On;On;Receiver;Off;-82.07475;57.528652;0.0022944445;None;NO
65730;99.642235;0.6373;ecl;On;On;Receiver;Off;-82.40346;56.92797;0.0022944445;None;NO
65740;99.63031;0.6376;ecl;On;On;Receiver;Off;-82.72317;56.32663;0.0022944445;None;NO
65750;99.618385;0.6379;ecl;On;On;Receiver;Off;-83.03435;55.72467;0.0022944445;None;NO
65760;99.60646;0.6382;ecl;On;On;Receiver;Off;-83.337425;55.122124;0.0022944445;None;NO
65770;99.594536;0.6385;ecl;On;On;Receiver;Off;-83.63282;54.519012;0.0022944445;None;NO
65780;99.58261;0.6388;ecl;On;On;Receiver;Off;-83.92091;53.915375;0.0022944445;None;NO
65790;99.57069;0.6391;ecl;On;On;Receiver;Off;-84.20206;53.311234;0.0022944445;None;NO
65800;99.55876;0.6394;ecl;On;On;Receiver;Off;-84.476585;52.706615;0.0022944445;None;NO
65810;99.54684;0.6397;ecl;On;On;Receiver;Off;-84.74482;52.10154;0.0022944445;None;NO
65820;99.53491;0.64;ecl;On;On;Receiver;Off;-85.00705;51.49603;0.0022944445;None;NO
65830;99.52299;0.6403;ecl;On;On;Receiver;Off;-85.263565;50.890106;0.0022944445;None;NO
65840;99.51106;0.6406;ecl;On;On;Receiver;Off;-85.51462;50.28379;0.0022944445;None;NO
65850;99.49913;0.6409;ecl;On;On;Receiver;Off;-85.76046;49.6771;0.0022944445;None;NO
65860;99.487206;0.6412;ecl;On;On;Receiver;Off;-86.00132;49.07005;0.0022944445;None;NO
65870;99.47528;0.6415;ecl;On;On;Receiver;Off;-86.23743;48.462658;0.0022944445;None;NO
65880;99.463356;0.6418;ecl;On;On;Receiver;Off;-86.46899;47.85494;0.0022944445;None;NO
65890;99.45143;0.6421;ecl;On;On;Receiver;Off;-86.6962;47.24691;0.0022944445;None;NO
65900;99.43951;0.6424;ecl;On;On;Receiver;Off;-86.919235;46.638577;0.0022944445;None;NO
65910;99.42758;0.6427;ecl;On;On;Receiver;Off;-87.13829;46.02996;0.0022944445;None;NO
65920;99.41566;0.643;ecl;On;On;Receiver;Off;-87.353516;45.421074;0.0022944445;None;NO
65930;99.40373;0.6433;ecl;On;On;Receiver;Off;-87.56509;44.81192;0.0022944445;None;NO
65940;99.39181;0.6436;ecl;On;On;Receiver;Off;-87.77314;44.20252;0.0022944445;None;NO
65950;99.37988;0.6439;ecl;On;On;Receiver;Off;-87.97782;43.592873;0.0022944445;None;NO
65960;99.36796;0.6442;ecl;On;On;Receiver;Off;-88.179276;42.982998;0.0022944445;None;NO
65970;99.356026;0.6445;ecl;On;On;Receiver;Off;-88.37762;42.372902;0.0022944445;None;NO
65980;99.3441;0.6448;ecl;On;On;Receiver;Off;-88.57298;41.762592;0.0022944445;None;NO
65990;99.33218;0.6451;ecl;On;On;Receiver;Off;-88.76549;41.152077;0.0022944445;None;NO
66000;99.32025;0.6454;ecl;On;On;Receiver;Off;-88.95524;40.541367;0.0022944445;None;NO
66010;99.30833;0.6457;ecl;On;On;Receiver;Off;-89.14234;39.930466;0.0022944445;None;NO
66020;99.2964;0.646;ecl;On;On;Receiver;Off;-89.3269;39.319386;0.0022944445;None;NO
66030;99.28448;0.6463;ecl;On;On;Receiver;Off;-89.50901;38.70813;0.0022944445;None;NO
66040;99.27255;0.6466;ecl;On;On;Receiver;Off;-89.688774;38.09671;0.0022944445;None;NO
66050;99.26063;0.6469;ecl;On;On;Receiver;Off;-89.86627;37.485126;0.0022944445;None;NO
66060;99.2487;0.6472;ecl;On;On;Receiver;Off;-90.04158;36.873386;0.0022944445;None;NO
66070;99.23678;0.6475;ecl;On;On;Receiver;Off;-90.2148;36.2615;0.0022944445;None;NO
66080;99.22485;0.6478;ecl;On;On;Receiver;Off;-90.385994;35.649467;0.0022944445;None;NO
66090;99.21292;0.6481;ecl;On;On;Receiver;Off;-90.555244;35.0373;0.0022944445;None;NO
66100;99.201;0.6484;ecl;On;On;Receiver;Off;-90.722626;34.424995;0.0022944445;None;NO
66110;99.18907;0.6487;ecl;On;On;Receiver;Off;-90.88819;33.812565;0.0022944445;None;NO
66120;99.17715;0.649;ecl;On;On;Receiver;Off;-91.052025;33.200012;0.0022944445;None;NO
66130;99.16522;0.6493;ecl;On;On;Receiver;Off;-91.21418;32.587337;0.0022944445;None;NO
66140;99.1533;0.6496;ecl;On;On;Receiver;Off;-91.37472;31.97455;0.0022944445;None;NO
66150;99.14137;0.6499;ecl;On;On;Receiver;Off;-91.5337;31.36165;0.0022944445;None;NO
66160;99.12945;0.6502;ecl;On;On;Receiver;Off;-91.69118;30.748646;0.0022944445;None;NO
66170;99.11752;0.6505;ecl;On;On;Receiver;Off;-91.84721;30.135538;0.0022944445;None;NO
66180;99.1056;0.6508;ecl;On;On;Receiver;Off;-92.00186;29.522333;0.0022944445;None;NO
66190;99.09367;0.6511;ecl;On;On;Receiver;Off;-92.15516;28.90903;0.0022944445;None;NO
66200;99.08175;0.6514;ecl;On;On;Receiver;Off;-92.30717;28.295637;0.0022944445;None;NO
66210;99.06982;0.6517;ecl;On;On;Receiver;Off;-92.457924;27.682156;0.0022944445;None;NO
66220;99.05789;0.652;ecl;On;On;Receiver;Off;-92.60748;27.068588;0.0022944445;None;NO
66230;99.04597;0.6523;ecl;On;On;Receiver;Off;-92.75588;26.45494;0.0022944445;None;NO
66240;99.03404;0.6526;ecl;On;On;Receiver;Off;-92.90317;25.841213;0.0022944445;None;NO
66250;99.02212;0.6529;ecl;On;On;Receiver;Off;-93.04938;25.227407;0.0022944445;None;NO
66260;99.01019;0.6532;ecl;On;On;Receiver;Off;-93.19455;24.613531;0.0022944445;None;NO
66270;98.99827;0.6535;ecl;On;On;Receiver;Off;-93.33873;23.999582;0.0022944445;None;NO
66280;98.98634;0.6538;ecl;On;On;Receiver;Off;-93.48195;23.385567;0.0022944445;None;NO
66290;98.97442;0.6541;ecl;On;On;Receiver;Off;-93.62425;22.771486;0.0022944445;None;NO
66300;98.962494;0.6544;ecl;On;On;Receiver;Off;-93.76566;22.157341;0.0022944445;None;NO
66310;98.95057;0.6547;ecl;On;On;Receiver;Off;-93.90623;21.543137;0.0022944445;None;NO
66320;98.93864;0.655;ecl;On;On;Receiver;Off;-94.04597;20.928875;0.0022944445;None;NO
66330;98.92671;0.6553;ecl;On;On;Receiver;Off;-94.18492;20.314556;0.0022944445;None;NO
66340;98.91479;0.6556;ecl;On;On;Receiver;Off;-94.32312;19.700184;0.0022944445;None;NO
66350;98.90286;0.6559;ecl;On;On;Receiver;Off;-94.460594;19.08576;0.0022944445;None;NO
66360;98.89094;0.6562;ecl;On;On;Receiver;Off;-94.59737;18.471289;0.0022944445;None;NO
66370;98.87901;0.6565;ecl;On;On;Receiver;Off;-94.73348;17.856768;0.0022944445;None;NO
66380;98.86709;0.6568;ecl;On;On;Receiver;Off;-94.86896;17.242203;0.0022944445;None;NO
66390;98.85516;0.6571;ecl;On;On;Receiver;Off;-95.00382;16.627594;0.0022944445;None;NO
66400;98.84324;0.6574;ecl;On;On;Receiver;Off;-95.1381;16.012943;0.0022944445;None;NO
66410;98.831314;0.6577;ecl;On;On;Receiver;Off;-95.27183;15.398254;0.0022944445;None;NO
66420;98.81939;0.658;ecl;On;On;Receiver;Off;-95.40502;14.783527;0.0022944445;None;NO
66430;98.807465;0.6583;ecl;On;On;Receiver;Off;-95.53771;14.168764;0.0022944445;None;NO
66440;98.79553;0.6586;ecl;On;On;Receiver;Off;-95.66993;13.5539665;0.0022944445;None;NO
66450;98.78361;0.6589;ecl;On;On;Receiver;Off;-95.80168;12.9391365;0.0022944445;None;NO
66460;98.77168;0.6592;ecl;On;On;Receiver;Off;-95.93301;12.324276;0.0022944445;None;NO
66470;98.75976;0.6595;ecl;On;On;Receiver;Off;-96.06392;11.709386;0.0022944445;None;NO
66480;98.74783;0.6598;ecl;On;On;Receiver;Off;-96.19445;11.094469;0.0022944445;None;NO
66490;98.73591;0.6601;ecl;On;On;Receiver;Off;-96.32462;10.479526;0.0022944445;None;NO
66500;98.72398;0.6604;ecl;On;On;Receiver;Off;-96.45445;9.864558;0.0022944445;None;NO
66510;98.71206;0.6607;ecl;On;On;Receiver;Off;-96.58396;9.249568;0.0022944445;None;NO
66520;98.700134;0.661;ecl;On;On;Receiver;Off;-96.71318;8.634556;0.0022944445;None;NO
66530;98.68821;0.6613;ecl;On;On;Receiver;Off;-96.84212;8.019525;0.0022944445;None;NO
66540;98.676285;0.6616;ecl;On;On;Receiver;Off;-96.97081;7.4044747;0.0022944445;None;NO
66550;98.66436;0.6619;ecl;On;On;Receiver;Off;-97.099266;6.789408;0.0022944445;None;NO
66560;98.65243;0.6622;ecl;On;On;Receiver;Off;-97.227516;6.174326;0.0022944445;None;NO
66570;98.6405;0.6625;ecl;On;On;Receiver;Off;-97.35557;5.55923;0.0022944445;None;NO
66580;98.62858;0.6628;ecl;On;On;Receiver;Off;-97.48345;4.944122;0.0022944445;None;NO
66590;98.61665;0.6631;ecl;On;On;Receiver;Off;-97.61119;4.329002;0.0022944445;None;NO
66600;98.60473;0.6634;ecl;On;On;Receiver;Off;-97.7388;3.713873;0.0022944445;None;NO
66610;98.592804;0.6637;ecl;On;On;Receiver;Off;-97.866295;3.0987353;0.0022944445;None;NO
66620;98.58088;0.664;ecl;On;On;Receiver;Off;-97.993706;2.483591;0.0022944445;None;NO
66630;98.568954;0.6643;ecl;On;On;Receiver;Off;-98.12104;1.868441;0.0022944445;None;NO
66640;98.55703;0.6646;ecl;On;On;Receiver;Off;-98.24833;1.2532868;0.0022944445;None;NO
66650;98.545105;0.6649;ecl;On;On;Receiver;Off;-98.37559;0.63813;0.0022944445;None;NO
66660;98.53318;0.6652;ecl;On;On;Receiver;Off;-98.50284;0.022971675;0.0022944445;None;NO
66670;98.521255;0.6655;ecl;On;On;Receiver;Off;-98.6301;-0.5921867;0.0022944445;None;NO
66680;98.50932;0.6658;ecl;On;On;Receiver;Off;-98.757385;-1.2073437;0.0022944445;None;NO
66690;98.4974;0.6661;ecl;On;On;Receiver;Off;-98.88472;-1.8224981;0.0022944445;None;NO
66700;98.48547;0.6664;ecl;On;On;Receiver;Off;-99.01212;-2.4376485;0.0022944445;None;NO
66710;98.47355;0.6667;ecl;On;On;Receiver;Off;-99.13961;-3.0527933;0.0022944445;None;NO
66720;98.461624;0.667;ecl;On;On;Receiver;Off;-99.26721;-3.6679313;0.0022944445;None;NO
66730;98.4497;0.6673;ecl;On;On;Receiver;Off;-99.39494;-4.2830615;0.0022944445;None;NO
66740;98.437775;0.6676;ecl;On;On;Receiver;Off;-99.52282;-4.8981814;0.0022944445;None;NO
66750;98.42585;0.6679;ecl;On;On;Receiver;Off;-99.65086;-5.513291;0.0022944445;None;NO
66760;98.413925;0.6682;ecl;On;On;Receiver;Off;-99.7791;-6.128388;0.0022944445;None;NO
66770;98.402;0.6685;ecl;On;On;Receiver;Off;-99.90755;-6.7434707;0.0022944445;None;NO
66780;98.390076;0.6688;ecl;On;On;Receiver;Off;-100.036224;-7.3585386;0.0022944445;None;NO
66790;98.37815;0.6691;ecl;On;On;Receiver;Off;-100.165146;-7.97359;0.0022944445;None;NO
66800;98.36622;0.6694;ecl;On;On;Receiver;Off;-100.29435;-8.588623;0.0022944445;None;NO
66810;98.354294;0.6697;ecl;On;On;Receiver;Off;-100.42384;-9.203636;0.0022944445;None;NO
66820;98.34237;0.67;ecl;On;On;Receiver;Off;-100.55366;-9.818628;0.0022944445;None;NO
66830;98.330444;0.6703;ecl;On;On;Receiver;Off;-100.68381;-10.433598;0.0022944445;None;NO
66840;98.31852;0.6706;ecl;On;On;Receiver;Off;-100.814316;-11.048543;0.0022944445;None;NO
66850;98.306595;0.6709;ecl;On;On;Receiver;Off;-100.945206;-11.663462;0.0022944445;None;NO
66860;98.29467;0.6712;ecl;On;On;Receiver;Off;-101.07651;-12.278354;0.0022944445;None;NO
66870;98.282745;0.6715;ecl;On;On;Receiver;Off;-101.20824;-12.893217;0.0022944445;None;NO
66880;98.27082;0.6718;ecl;On;On;Receiver;Off;-101.34042;-13.508049;0.0022944445;None;NO
66890;98.258896;0.6721;ecl;On;On;Receiver;Off;-101.47309;-14.1228485;0.0022944445;None;NO
66900;98.24697;0.6724;ecl;On;On;Receiver;Off;-101.606255;-14.737615;0.0022944445;None;NO
66910;98.23505;0.6727;ecl;On;On;Receiver;Off;-101.73995;-15.3523445;0.0022944445;None;NO
66920;98.223114;0.673;ecl;On;On;Receiver;Off;-101.8742;-15.967037;0.0022944445;None;NO
66930;98.21119;0.6733;ecl;On;On;Receiver;Off;-102.00903;-16.58169;0.0022944445;None;NO
66940;98.199265;0.6736;ecl;On;On;Receiver;Off;-102.14447;-17.196302;0.0022944445;None;NO
66950;98.18734;0.6739;ecl;On;On;Receiver;Off;-102.28055;-17.810871;0.0022944445;None;NO
66960;98.175415;0.6742;ecl;On;On;Receiver;Off;-102.41729;-18.425394;0.0022944445;None;NO
66970;98.16349;0.6745;ecl;On;On;Receiver;Off;-102.554726;-19.039871;0.0022944445;None;NO
66980;98.151566;0.6748;ecl;On;On;Receiver;Off;-102.69288;-19.654297;0.0022944445;None;NO
66990;98.13964;0.6751;ecl;On;On;Receiver;Off;-102.831795;-20.268673;0.0022944445;None;NO
67000;98.127716;0.6754;ecl;On;On;Receiver;Off;-102.97149;-20.882996;0.0022944445;None;NO
67010;98.11579;0.6757;ecl;On;On;Receiver;Off;-103.112;-21.497263;0.0022944445;None;NO
67020;98.10387;0.676;ecl;On;On;Receiver;Off;-103.253365;-22.111471;0.0022944445;None;NO
67030;98.09194;0.6763;ecl;On;On;Receiver;Off;-103.395615;-22.72562;0.0022944445;None;NO
67040;98.08001;0.6766;ecl;On;On;Receiver;Off;-103.53879;-23.339706;0.0022944445;None;NO
67050;98.068085;0.6769;ecl;On;On;Receiver;Off;-103.682915;-23.953728;0.0022944445;None;NO
67060;98.05616;0.6772;ecl;On;On;Receiver;Off;-103.82803;-24.56768;0.0022944445;None;NO
67070;98.044235;0.6775;ecl;On;On;Receiver;Off;-103.97418;-25.181562;0.0022944445;None;NO
67080;98.03231;0.6778;ecl;On;On;Receiver;Off;-104.12141;-25.795372;0.0022944445;None;NO
67090;98.020386;0.6781;ecl;On;On;Receiver;Off;-104.269745;-26.409107;0.0022944445;None;NO
67100;98.00846;0.6784;ecl;On;On;Receiver;Off;-104.419235;-27.022762;0.0022944445;None;NO
67110;97.99654;0.6787;ecl;On;On;Receiver;Off;-104.56993;-27.636335;0.0022944445;None;NO
67120;97.98461;0.679;ecl;On;On;Receiver;Off;-104.72186;-28.249823;0.0022944445;None;NO
67130;97.97269;0.6793;ecl;On;On;Receiver;Off;-104.87509;-28.863222;0.0022944445;None;NO
67140;97.96076;0.6796;ecl;On;On;Receiver;Off;-105.029655;-29.476532;0.0022944445;None;NO
67150;97.94883;0.6799;ecl;On;On;Receiver;Off;-105.185616;-30.089745;0.0022944445;None;NO
67160;97.936905;0.6802;ecl;On;On;Receiver;Off;-105.34302;-30.70286;0.0022944445;None;NO
67170;97.92498;0.6805;ecl;On;On;Receiver;Off;-105.501915;-31.315872;0.0022944445;None;NO
67180;97.913055;0.6808;ecl;On;On;Receiver;Off;-105.66237;-31.92878;0.0022944445;None;NO
67190;97.90113;0.6811;ecl;On;On;Receiver;Off;-105.82443;-32.541576;0.0022944445;None;NO
67200;97.889206;0.6814;ecl;On;On;Receiver;Off;-105.98817;-33.15426;0.0022944445;None;NO
67210;97.87728;0.6817;ecl;On;On;Receiver;Off;-106.15363;-33.766823;0.0022944445;None;NO
67220;97.86536;0.682;ecl;On;On;Receiver;Off;-106.32091;-34.37926;0.0022944445;None;NO
67230;97.85343;0.6823;ecl;On;On;Receiver;Off;-106.49005;-34.991573;0.0022944445;None;NO
67240;97.84151;0.6826;ecl;On;On;Receiver;Off;-106.66114;-35.603752;0.0022944445;None;NO
67250;97.82958;0.6829;ecl;On;On;Receiver;Off;-106.83424;-36.215794;0.0022944445;None;NO
67260;97.81766;0.6832;ecl;On;On;Receiver;Off;-107.00944;-36.827694;0.0022944445;None;NO
67270;97.805725;0.6835;ecl;On;On;Receiver;Off;-107.18681;-37.439445;0.0022944445;None;NO
67280;97.7938;0.6838;ecl;On;On;Receiver;Off;-107.36645;-38.05104;0.0022944445;None;NO
67290;97.781876;0.6841;ecl;On;On;Receiver;Off;-107.54842;-38.66247;0.0022944445;None;NO
67300;97.76995;0.6844;ecl;On;On;Receiver;Off;-107.73285;-39.27374;0.0022944445;None;NO
67310;97.758026;0.6847;ecl;On;On;Receiver;Off;-107.91981;-39.884834;0.0022944445;None;NO
67320;97.7461;0.685;ecl;On;On;Receiver;Off;-108.10941;-40.495747;0.0022944445;None;NO
67330;97.73418;0.6853;ecl;On;On;Receiver;Off;-108.30176;-41.106472;0.0022944445;None;NO
67340;97.72225;0.6856;ecl;On;On;Receiver;Off;-108.49696;-41.717003;0.0022944445;None;NO
67350;97.71033;0.6859;ecl;On;On;Receiver;Off;-108.69514;-42.327328;0.0022944445;None;NO
67360;97.6984;0.6862;ecl;On;On;Receiver;Off;-108.896416;-42.93744;0.0022944445;None;NO
67370;97.68648;0.6865;ecl;On;On;Receiver;Off;-109.100914;-43.547333;0.0022944445;None;NO
67380;97.67455;0.6868;ecl;On;On;Receiver;Off;-109.30878;-44.156994;0.0022944445;None;NO
67390;97.71604;0.6871;sun;On;On;Receiver;Off;-109.52015;-44.766415;0.0022944445;None;NO
67400;97.75754;0.6874;sun;On;On;Receiver;Off;-109.73517;-45.375587;0.0022944445;None;NO
67410;97.79903;0.6877;sun;On;On;Receiver;Off;-109.954;-45.984497;0.0022944445;None;NO
67420;97.84052;0.688;sun;On;On;Receiver;Off;-110.17682;-46.593132;0.0022944445;None;NO
67430;97.88202;0.6883;sun;On;On;Receiver;Off;-110.40379;-47.201485;0.0022944445;None;NO
67440;97.92351;0.6886;sun;On;On;Receiver;Off;-110.6351;-47.80954;0.0022944445;None;NO
67450;97.965004;0.6889;sun;On;On;Receiver;Off;-110.87096;-48.417282;0.0022944445;None;NO
67460;98.0065;0.6892;sun;On;On;Receiver;Off;-111.11155;-49.024696;0.0022944445;None;NO
67470;98.04799;0.6895;sun;On;On;Receiver;Off;-111.35711;-49.631775;0.0022944445;None;NO
67480;98.089485;0.6898;sun;On;On;Receiver;Off;-111.607864;-50.23849;0.0022944445;None;NO
67490;98.130974;0.6901;sun;On;On;Receiver;Off;-111.864075;-50.844837;0.0022944445;None;NO
67500;98.17247;0.6904;sun;On;On;Receiver;Off;-112.12598;-51.45079;0.0022944445;None;NO
67510;98.21397;0.6907;sun;On;On;Receiver;Off;-112.393875;-52.05633;0.0022944445;None;NO
67520;98.255455;0.691;sun;On;On;Receiver;Off;-112.668045;-52.661438;0.0022944445;None;NO
67530;98.29695;0.6913;sun;On;On;Receiver;Off;-112.948814;-53.266094;0.0022944445;None;NO
67540;98.33845;0.6916;sun;On;On;Receiver;Off;-113.23651;-53.870274;0.0022944445;None;NO
67550;98.37994;0.6919;sun;On;On;Receiver;Off;-113.53149;-54.47395;0.0022944445;None;NO
67560;98.42143;0.6922;sun;On;On;Receiver;Off;-113.83414;-55.0771;0.0022944445;None;NO
67570;98.46292;0.6925;sun;On;On;Receiver;Off;-114.14485;-55.67969;0.0022944445;None;NO
67580;98.50442;0.6928;sun;On;On;Receiver;Off;-114.46407;-56.281696;0.0022944445;None;NO
67590;98.54591;0.6931;sun;On;On;Receiver;Off;-114.792274;-56.88308;0.0022944445;None;NO
67600;98.5874;0.6934;sun;On;On;Receiver;Off;-115.12994;-57.48381;0.0022944445;None;NO
67610;98.6289;0.6937;sun;On;On;Receiver;Off;-115.4776;-58.08385;0.0022944445;None;NO
67620;98.670395;0.694;sun;On;On;Receiver;Off;-115.835846;-58.683163;0.0022944445;None;NO
67630;98.71188;0.6943;sun;On;On;Receiver;Off;-116.20528;-59.281696;0.0022944445;None;NO
67640;98.75338;0.6946;sun;On;On;Receiver;Off;-116.58657;-59.87941;0.0022944445;None;NO
67650;98.79487;0.6949;sun;On;On;Receiver;Off;-116.98043;-60.47625;0.0022944445;None;NO
67660;98.836365;0.6952;sun;On;On;Receiver;Off;-117.38763;-61.072166;0.0022944445;None;NO
67670;98.87786;0.6955;sun;On;On;Receiver;Off;-117.809;-61.667095;0.0022944445;None;NO
67680;98.91935;0.6958;sun;On;On;Receiver;Off;-118.245445;-62.26098;0.0022944445;None;NO
67690;98.960846;0.6961;sun;On;On;Receiver;Off;-118.69794;-62.85374;0.0022944445;None;NO
67700;99.00234;0.6964;sun;On;On;Receiver;Off;-119.16753;-63.445312;0.0022944445;None;NO
67710;99.04383;0.6967;sun;On;On;Receiver;Off;-119.65537;-64.03561;0.0022944445;None;NO
67720;99.08533;0.697;sun;On;On;Receiver;Off;-120.16272;-64.624535;0.0022944445;None;NO
67730;99.126816;0.6973;sun;On;On;Receiver;Off;-120.69092;-65.212006;0.0022944445;None;NO
67740;99.16831;0.6976;sun;On;On;Receiver;Off;-121.241455;-65.797905;0.0022944445;None;NO
67750;99.20981;0.6979;sun;On;On;Receiver;Off;-121.81594;-66.38212;0.0022944445;None;NO
67760;99.2513;0.6982;sun;On;On;Receiver;Off;-122.41615;-66.964516;0.0022944445;None;NO
67770;99.29279;0.6985;sun;On;On;Receiver;Off;-123.04403;-67.54496;0.0022944445;None;NO
67780;99.33429;0.6988;sun;On;On;Receiver;Off;-123.701675;-68.12329;0.0022944445;None;NO
67790;99.37578;0.6991;sun;On;On;Receiver;Off;-124.39144;-68.69933;0.0022944445;None;NO
67800;99.417274;0.6994;sun;On;On;Receiver;Off;-125.11588;-69.2729;0.0022944445;None;NO
67810;99.45876;0.6997;sun;On;On;Receiver;Off;-125.87782;-69.84379;0.0022944445;None;NO
67820;99.50026;0.7;sun;On;On;Receiver;Off;-126.68038;-70.41174;0.0022944445;None;NO
67830;99.541756;0.7003;sun;On;On;Receiver;Off;-127.526985;-70.97652;0.0022944445;None;NO
67840;99.583244;0.7006;sun;On;On;Receiver;Off;-128.42143;-71.53781;0.0022944445;None;NO
67850;99.62474;0.7009;sun;On;On;Receiver;Off;-129.36795;-72.0953;0.0022944445;None;NO
67860;99.66624;0.7012;sun;On;On;Receiver;Off;-130.37117;-72.64861;0.0022944445;None;NO
67870;99.707726;0.7015;sun;On;On;Receiver;Off;-131.43625;-73.19735;0.0022944445;None;NO
67880;99.74922;0.7018;sun;On;On;Receiver;Off;-132.56891;-73.74103;0.0022944445;None;NO
67890;99.79071;0.7021;sun;On;On;Receiver;Off;-133.77547;-74.27914;0.0022944445;None;NO
67900;99.83221;0.7024;sun;On;On;Receiver;Off;-135.06296;-74.81108;0.0022944445;None;NO
67910;99.8737;0.7027;sun;On;On;Receiver;Off;-136.43912;-75.33618;0.0022944445;None;NO
67920;99.91519;0.703;sun;On;On;Receiver;Off;-137.91249;-75.85368;0.0022944445;None;NO
67930;99.95669;0.7033;sun;On;On;Receiver;Off;-139.4925;-76.362724;0.0022944445;None;NO
67940;99.988075;0.7036;sun;On;On;Receiver;Off;-141.1894;-76.862305;0.0022944445;None;NO
67950;99.988075;0.7039;sun;On;On;Receiver;Off;-143.01443;-77.351326;0.0022944445;None;NO
67960;99.988075;0.7042;sun;On;On;Receiver;Off;-144.97961;-77.8285;0.0022944445;None;NO
67970;99.988075;0.7045;sun;On;On;Receiver;Off;-147.09778;-78.29237;0.0022944445;None;NO
67980;99.988075;0.7048;sun;On;On;Receiver;Off;-149.38234;-78.74132;0.0022944445;None;NO
67990;99.988075;0.7051;sun;On;On;Receiver;Off;-151.84695;-79.17346;0.0022944445;None;NO
68000;99.988075;0.7054;sun;On;On;Receiver;Off;-154.50508;-79.58672;0.0022944445;None;NO
68010;99.988075;0.7057;sun;On;On;Receiver;Off;-157.36926;-79.97876;0.0022944445;None;NO
68020;99.988075;0.706;sun;On;On;Receiver;Off;-160.45018;-80.34698;0.0022944445;None;NO
68030;99.988075;0.7063;sun;On;On;Receiver;Off;-163.75546;-80.68857;0.0022944445;None;NO
68040;99.988075;0.7066;sun;On;On;Receiver;Off;-167.28816;-81.00049;0.0022944445;None;NO
68050;99.988075;0.7069;sun;On;On;Receiver;Off;-171.0452;-81.27955;0.0022944445;None;NO
68060;99.988075;0.7072;sun;On;On;Receiver;Off;-175.01567;-81.522514;0.0022944445;None;NO
68070;99.988075;0.7075;sun;On;On;Receiver;Off;-179.17953;-81.7262;0.0022944445;None;NO
68080;99.988075;0.7078;sun;On;On;Receiver;Off;176.49304;-81.88764;0.0022944445;None;NO
68090;99.988075;0.7081;sun;On;On;Receiver;Off;172.04146;-82.00429;0.0022944445;None;NO
68100;99.988075;0.7084;sun;On;On;Receiver;Off;167.5131;-82.07415;0.0022944445;None;NO
68110;99.988075;0.7087;sun;On;On;Receiver;Off;162.96071;-82.096;0.0022944445;None;NO
68120;99.988075;0.709;sun;On;On;Receiver;Off;158.43867;-82.069435;0.0022944445;None;NO
68130;99.988075;0.7093;sun;On;On;Receiver;Off;153.9993;-81.994934;0.0022944445;None;NO
68140;99.988075;0.7096;sun;On;On;Receiver;Off;149.68915;-81.87382;0.0022944445;None;NO
68150;99.988075;0.7099;sun;On;On;Receiver;Off;145.54654;-81.70813;0.0022944445;None;NO
68160;99.988075;0.7102;sun;On;On;Receiver;Off;141.60017;-81.50048;0.0022944445;None;NO
68170;99.988075;0.7105;sun;On;On;Receiver;Off;137.86896;-81.25385;0.0022944445;None;NO
68180;99.988075;0.7108;sun;On;On;Receiver;Off;134.36281;-80.971436;0.0022944445;None;NO
68190;99.988075;0.7111;sun;On;On;Receiver;Off;131.08403;-80.65649;0.0022944445;None;NO
68200;99.988075;0.7114;sun;On;On;Receiver;Off;128.0289;-80.312164;0.0022944445;None;NO
68210;99.988075;0.7117;sun;On;On;Receiver;Off;125.189415;-79.9415;0.0022944445;None;NO
68220;99.988075;0.712;sun;On;On;Receiver;Off;122.55458;-79.54728;0.0022944445;None;NO
68230;99.988075;0.7123;sun;On;On;Receiver;Off;120.111725;-79.13208;0.0022944445;None;NO
68240;99.988075;0.7126;sun;On;On;Receiver;Off;117.84733;-78.698204;0.0022944445;None;NO
68250;99.988075;0.7129;sun;On;On;Receiver;Off;115.74773;-78.24773;0.0022944445;None;NO
68260;99.988075;0.7132;sun;On;On;Receiver;Off;113.799576;-77.782486;0.0022944445;None;NO
68270;99.988075;0.7135;sun;On;On;Receiver;Off;111.99014;-77.30409;0.0022944445;None;NO
68280;99.988075;0.7138;sun;On;On;Receiver;Off;110.30745;-76.813995;0.0022944445;None;NO
68290;99.988075;0.7141;sun;On;On;Receiver;Off;108.74043;-76.31344;0.0022944445;None;NO
68300;99.988075;0.7144;sun;On;On;Receiver;Off;107.278885;-75.80353;0.0022944445;None;NO
68310;99.988075;0.7147;sun;On;On;Receiver;Off;105.91352;-75.28525;0.0022944445;None;NO
68320;99.988075;0.715;sun;On;On;Receiver;Off;104.63588;-74.759445;0.0022944445;None;NO
68330;99.988075;0.7153;sun;On;On;Receiver;Off;103.4383;-74.226875;0.0022944445;None;NO
68340;99.988075;0.7156;sun;On;On;Receiver;Off;102.31386;-73.6882;0.0022944445;None;NO
68350;99.988075;0.7159;sun;On;On;Receiver;Off;101.25629;-73.144005;0.0022944445;None;NO
68360;99.988075;0.7162;sun;On;On;Receiver;Off;100.25996;-72.5948;0.0022944445;None;NO
68370;99.988075;0.7165;sun;On;On;Receiver;Off;99.31976;-72.04106;0.0022944445;None;NO
68380;99.988075;0.7168;sun;On;On;Receiver;Off;98.431114;-71.483185;0.0022944445;None;NO
68390;99.988075;0.7171;sun;On;On;Receiver;Off;97.58985;-70.92154;0.0022944445;None;NO
68400;99.988075;0.7174;sun;On;On;Receiver;Off;96.79221;-70.356445;0.0022944445;None;NO
68410;99.988075;0.7177;sun;On;On;Receiver;Off;96.03481;-69.78819;0.0022944445;None;NO
68420;99.988075;0.718;sun;On;On;Receiver;Off;95.31457;-69.21703;0.0022944445;None;NO
68430;99.988075;0.7183;sun;On;On;Receiver;Off;94.628685;-68.64322;0.0022944445;None;NO
68440;99.988075;0.7186;sun;On;On;Receiver;Off;93.97463;-68.06694;0.0022944445;None;NO
68450;99.988075;0.7189;sun;On;On;Receiver;Off;93.3501;-67.488396;0.0022944445;None;NO
68460;99.988075;0.7192;sun;On;On;Receiver;Off;92.75299;-66.90776;0.0022944445;None;NO
68470;99.988075;0.7195;sun;On;On;Receiver;Off;92.18139;-66.32517;0.0022944445;None;NO
68480;99.988075;0.7198;sun;On;On;Receiver;Off;91.633545;-65.74079;0.0022944445;None;NO
68490;99.988075;0.7201;sun;On;On;Receiver;Off;91.10786;-65.15473;0.0022944445;None;NO
68500;99.988075;0.7204;sun;On;On;Receiver;Off;90.60286;-64.567116;0.0022944445;None;NO
68510;99.988075;0.7207;sun;On;On;Receiver;Off;90.11721;-63.97805;0.0022944445;None;NO
68520;99.988075;0.721;sun;On;On;Receiver;Off;89.64967;-63.387627;0.0022944445;None;NO
68530;99.988075;0.7213;sun;On;On;Receiver;Off;89.19911;-62.795937;0.0022944445;None;NO
68540;99.988075;0.7216;sun;On;On;Receiver;Off;88.76448;-62.20306;0.0022944445;None;NO
68550;99.988075;0.7219;sun;On;On;Receiver;Off;88.34481;-61.609074;0.0022944445;None;NO
68560;99.988075;0.7222;sun;On;On;Receiver;Off;87.93921;-61.01404;0.0022944445;None;NO
68570;99.988075;0.7225;sun;On;On;Receiver;Off;87.54686;-60.418037;0.0022944445;None;NO
68580;99.988075;0.7228;sun;On;On;Receiver;Off;87.16699;-59.821106;0.0022944445;None;NO
68590;99.988075;0.7231;sun;On;On;Receiver;Off;86.7989;-59.223312;0.0022944445;None;NO
68600;99.988075;0.7234;sun;On;On;Receiver;Off;86.441925;-58.6247;0.0022944445;None;NO
68610;99.988075;0.7237;sun;On;On;Receiver;Off;86.09545;-58.02532;0.0022944445;None;NO
68620;99.988075;0.724;sun;On;On;Receiver;Off;85.75893;-57.42521;0.0022944445;None;NO
68630;99.988075;0.7243;sun;On;On;Receiver;Off;85.4318;-56.82441;0.0022944445;None;NO
68640;99.988075;0.7246;sun;On;On;Receiver;Off;85.113594;-56.22296;0.0022944445;None;NO
68650;99.988075;0.7249;sun;On;On;Receiver;Off;84.80385;-55.6209;0.0022944445;None;NO
68660;99.988075;0.7252;sun;On;On;Receiver;Off;84.50211;-55.018253;0.0022944445;None;NO
68670;99.988075;0.7255;sun;On;On;Receiver;Off;84.20801;-54.41505;0.0022944445;None;NO
68680;99.988075;0.7258;sun;On;On;Receiver;Off;83.921135;-53.811325;0.0022944445;None;NO
68690;99.988075;0.7261;sun;On;On;Receiver;Off;83.64116;-53.2071;0.0022944445;None;NO
68700;99.988075;0.7264;sun;On;On;Receiver;Off;83.36774;-52.602398;0.0022944445;None;NO
68710;99.988075;0.7267;sun;On;On;Receiver;Off;83.100555;-51.997246;0.0022944445;None;NO
68720;99.988075;0.727;sun;On;On;Receiver;Off;82.83933;-51.391663;0.0022944445;None;NO
68730;99.988075;0.7273;sun;On;On;Receiver;Off;82.58378;-50.78567;0.0022944445;None;NO
68740;99.988075;0.7276;sun;On;On;Receiver;Off;82.33364;-50.17929;0.0022944445;None;NO
68750;99.988075;0.7279;sun;On;On;Receiver;Off;82.08867;-49.572536;0.0022944445;None;NO
68760;99.988075;0.7282;sun;On;On;Receiver;Off;81.84864;-48.965427;0.0022944445;None;NO
68770;99.988075;0.7285;sun;On;On;Receiver;Off;81.61333;-48.35798;0.0022944445;None;NO
68780;99.988075;0.7288;sun;On;On;Receiver;Off;81.38254;-47.750202;0.0022944445;None;NO
68790;99.988075;0.7291;sun;On;On;Receiver;Off;81.15606;-47.14212;0.0022944445;None;NO
68800;99.988075;0.7294;sun;On;On;Receiver;Off;80.933716;-46.53374;0.0022944445;None;NO
68810;99.988075;0.7297;sun;On;On;Receiver;Off;80.71534;-45.925076;0.0022944445;None;NO
68820;99.988075;0.73;sun;On;On;Receiver;Off;80.50075;-45.31614;0.0022944445;None;NO
68830;99.988075;0.7303;sun;On;On;Receiver;Off;80.2898;-44.706944;0.0022944445;None;NO
68840;99.988075;0.7306;sun;On;On;Receiver;Off;80.08234;-44.0975;0.0022944445;None;NO
68850;99.988075;0.7309;sun;On;On;Receiver;Off;79.87822;-43.487816;0.0022944445;None;NO
68860;99.988075;0.7312;sun;On;On;Receiver;Off;79.677315;-42.8779;0.0022944445;None;NO
68870;99.988075;0.7315;sun;On;On;Receiver;Off;79.479485;-42.267765;0.0022944445;None;NO
68880;99.988075;0.7318;sun;On;On;Receiver;Off;79.28462;-41.65742;0.0022944445;None;NO
68890;99.988075;0.7321;sun;On;On;Receiver;Off;79.092606;-41.04687;0.0022944445;None;NO
68900;99.988075;0.7324;sun;On;On;Receiver;Off;78.90332;-40.436127;0.0022944445;None;NO
68910;99.988075;0.7327;sun;On;On;Receiver;Off;78.71666;-39.825195;0.0022944445;None;NO
68920;99.988075;0.733;sun;On;On;Receiver;Off;78.532524;-39.214085;0.0022944445;None;NO
68930;99.988075;0.7333;sun;On;On;Receiver;Off;78.35082;-38.602802;0.0022944445;None;NO
68940;99.988075;0.7336;sun;On;On;Receiver;Off;78.17146;-37.991352;0.0022944445;None;NO
68950;99.988075;0.7339;sun;On;On;Receiver;Off;77.99435;-37.37974;0.0022944445;None;NO
68960;99.988075;0.7342;sun;On;On;Receiver;Off;77.8194;-36.767975;0.0022944445;None;NO
68970;99.988075;0.7345;sun;On;On;Receiver;Off;77.64654;-36.156063;0.0022944445;None;NO
68980;99.988075;0.7348;sun;On;On;Receiver;Off;77.475685;-35.54401;0.0022944445;None;NO
68990;99.988075;0.7351;sun;On;On;Receiver;Off;77.30676;-34.931816;0.0022944445;None;NO
69000;99.988075;0.7354;sun;On;On;Receiver;Off;77.1397;-34.319492;0.0022944445;None;NO
69010;99.988075;0.7357;sun;On;On;Receiver;Off;76.974434;-33.70704;0.0022944445;None;NO
69020;99.988075;0.736;sun;On;On;Receiver;Off;76.8109;-33.094463;0.0022944445;None;NO
69030;99.988075;0.7363;sun;On;On;Receiver;Off;76.649025;-32.48177;0.0022944445;None;NO
69040;99.988075;0.7366;sun;On;On;Receiver;Off;76.48876;-31.868961;0.0022944445;None;NO
69050;99.988075;0.7369;sun;On;On;Receiver;Off;76.33004;-31.256044;0.0022944445;None;NO
69060;99.988075;0.7372;sun;On;On;Receiver;Off;76.17281;-30.643023;0.0022944445;None;NO
69070;99.988075;0.7375;sun;On;On;Receiver;Off;76.01702;-30.029898;0.0022944445;None;NO
69080;99.988075;0.7378;sun;On;On;Receiver;Off;75.86261;-29.416674;0.0022944445;None;NO
69090;99.988075;0.7381;sun;On;On;Receiver;Off;75.70953;-28.803356;0.0022944445;None;NO
69100;99.988075;0.7384;sun;On;On;Receiver;Off;75.55775;-28.189947;0.0022944445;None;NO
69110;99.988075;0.7387;sun;On;On;Receiver;Off;75.407196;-27.57645;0.0022944445;None;NO
69120;99.988075;0.739;sun;On;On;Receiver;Off;75.25784;-26.96287;0.0022944445;None;NO
69130;99.988075;0.7393;sun;On;On;Receiver;Off;75.10964;-26.349207;0.0022944445;None;NO
69140;99.988075;0.7396;sun;On;On;Receiver;Off;74.96255;-25.735466;0.0022944445;None;NO
69150;99.988075;0.7399;sun;On;On;Receiver;Off;74.81651;-25.121649;0.0022944445;None;NO
69160;99.988075;0.7402;sun;On;On;Receiver;Off;74.67152;-24.50776;0.0022944445;None;NO
69170;99.988075;0.7405;sun;On;On;Receiver;Off;74.527504;-23.893799;0.0022944445;None;NO
69180;99.988075;0.7408;sun;On;On;Receiver;Off;74.38444;-23.279772;0.0022944445;None;NO
69190;99.988075;0.7411;sun;On;On;Receiver;Off;74.242294;-22.66568;0.0022944445;None;NO
69200;99.988075;0.7414;sun;On;On;Receiver;Off;74.101036;-22.051525;0.0022944445;None;NO
69210;99.988075;0.7417;sun;On;On;Receiver;Off;73.96062;-21.437311;0.0022944445;None;NO
69220;99.988075;0.742;sun;On;On;Receiver;Off;73.821014;-20.823038;0.0022944445;None;NO
69230;99.988075;0.7423;sun;On;On;Receiver;Off;73.68219;-20.20871;0.0022944445;None;NO
69240;99.988075;0.7426;sun;On;On;Receiver;Off;73.54412;-19.59433;0.0022944445;None;NO
69250;99.988075;0.7429;sun;On;On;Receiver;Off;73.40677;-18.979897;0.0022944445;None;NO
69260;99.988075;0.7432;sun;On;On;Receiver;Off;73.2701;-18.365416;0.0022944445;None;NO
69270;99.988075;0.7435;sun;On;On;Receiver;Off;73.13411;-17.750889;0.0022944445;None;NO
69280;99.988075;0.7438;sun;On;On;Receiver;Off;72.99874;-17.136314;0.0022944445;None;NO
69290;99.988075;0.7441;sun;On;On;Receiver;Off;72.863976;-16.5217;0.0022944445;None;NO
69300;99.988075;0.7444;sun;On;On;Receiver;Off;72.72979;-15.9070425;0.0022944445;None;NO
69310;99.988075;0.7447;sun;On;On;Receiver;Off;72.59616;-15.292346;0.0022944445;None;NO
69320;99.988075;0.745;sun;On;On;Receiver;Off;72.46305;-14.677612;0.0022944445;None;NO
69330;99.988075;0.7453;sun;On;On;Receiver;Off;72.330444;-14.062843;0.0022944445;None;NO
69340;99.988075;0.7456;sun;On;On;Receiver;Off;72.19832;-13.44804;0.0022944445;None;NO
69350;99.988075;0.7459;sun;On;On;Receiver;Off;72.066635;-12.833205;0.0022944445;None;NO
69360;99.988075;0.7462;sun;On;On;Receiver;Off;71.93539;-12.218339;0.0022944445;None;NO
69370;99.988075;0.7465;sun;On;On;Receiver;Off;71.804535;-11.603444;0.0022944445;None;NO
69380;99.988075;0.7468;sun;On;On;Receiver;Off;71.67407;-10.988523;0.0022944445;None;NO
69390;99.988075;0.7471;sun;On;On;Receiver;Off;71.54396;-10.373575;0.0022944445;None;NO
69400;99.988075;0.7474;sun;On;On;Receiver;Off;71.41419;-9.758603;0.0022944445;None;NO
69410;99.988075;0.7477;sun;On;On;Receiver;Off;71.28473;-9.143609;0.0022944445;None;NO
69420;99.988075;0.748;sun;On;On;Receiver;Off;71.15556;-8.528594;0.0022944445;None;NO
69430;99.988075;0.7483;sun;On;On;Receiver;Off;71.026665;-7.913559;0.0022944445;None;NO
69440;99.988075;0.7486;sun;On;On;Receiver;Off;70.89802;-7.2985063;0.0022944445;None;NO
69450;99.988075;0.7489;sun;On;On;Receiver;Off;70.7696;-6.683437;0.0022944445;None;NO
69460;99.988075;0.7492;sun;On;On;Receiver;Off;70.64139;-6.068352;0.0022944445;None;NO
69470;99.988075;0.7495;sun;On;On;Receiver;Off;70.51336;-5.453254;0.0022944445;None;NO
69480;99.988075;0.7498;sun;On;On;Receiver;Off;70.3855;-4.838144;0.0022944445;None;NO
69490;99.988075;0.7501;sun;On;On;Receiver;Off;70.25779;-4.2230225;0.0022944445;None;NO
69500;99.988075;0.7504;sun;On;On;Receiver;Off;70.1302;-3.6078918;0.0022944445;None;NO
69510;99.988075;0.7507;sun;On;On;Receiver;Off;70.00272;-2.992753;0.0022944445;None;NO
69520;99.988075;0.751;sun;On;On;Receiver;Off;69.87533;-2.3776076;0.0022944445;None;NO
69530;99.988075;0.7513;sun;On;On;Receiver;Off;69.748;-1.7624567;0.0022944445;None;NO
69540;99.988075;0.7516;sun;On;On;Receiver;Off;69.62072;-1.147302;0.0022944445;None;NO
69550;99.988075;0.7519;sun;On;On;Receiver;Off;69.49346;-0.5321448;0.0022944445;None;NO
69560;99.988075;0.7522;sun;On;On;Receiver;Off;69.36621;0.083013654;0.0022944445;None;NO
69570;99.988075;0.7525;sun;On;On;Receiver;Off;69.23895;0.6981719;0.0022944445;None;NO
69580;99.988075;0.7528;sun;On;On;Receiver;Off;69.11166;1.3133286;0.0022944445;None;NO
69590;99.988075;0.7531;sun;On;On;Receiver;Off;68.984314;1.9284824;0.0022944445;None;NO
69600;99.988075;0.7534;sun;On;On;Receiver;Off;68.856895;2.5436318;0.0022944445;None;NO
69610;99.988075;0.7537;sun;On;On;Receiver;Off;68.729385;3.1587756;0.0022944445;None;NO
69620;99.988075;0.754;sun;On;On;Receiver;Off;68.60176;3.7739124;0.0022944445;None;NO
69630;99.988075;0.7543;sun;On;On;Receiver;Off;68.474014;4.389041;0.0022944445;None;NO
69640;99.988075;0.7546;sun;On;On;Receiver;Off;68.34611;5.0041595;0.0022944445;None;NO
69650;99.988075;0.7549;sun;On;On;Receiver;Off;68.21803;5.6192665;0.0022944445;None;NO
69660;99.988075;0.7552;sun;On;On;Receiver;Off;68.08976;6.234361;0.0022944445;None;NO
69670;99.988075;0.7555;sun;On;On;Receiver;Off;67.96127;6.8494415;0.0022944445;None;NO
69680;99.988075;0.7558;sun;On;On;Receiver;Off;67.83256;7.4645066;0.0022944445;None;NO
69690;99.988075;0.7561;sun;On;On;Receiver;Off;67.70358;8.079555;0.0022944445;None;NO
69700;99.988075;0.7564;sun;On;On;Receiver;Off;67.57433;8.694585;0.0022944445;None;NO
69710;99.988075;0.7567;sun;On;On;Receiver;Off;67.444786;9.309594;0.0022944445;None;NO
69720;99.988075;0.757;sun;On;On;Receiver;Off;67.31492;9.9245825;0.0022944445;None;NO
69730;99.988075;0.7573;sun;On;On;Receiver;Off;67.18471;10.539548;0.0022944445;None;NO
69740;99.988075;0.7576;sun;On;On;Receiver;Off;67.05414;11.154489;0.0022944445;None;NO
69750;99.988075;0.7579;sun;On;On;Receiver;Off;66.92317;11.769403;0.0022944445;None;NO
69760;99.988075;0.7582;sun;On;On;Receiver;Off;66.7918;12.384291;0.0022944445;None;NO
69770;99.988075;0.7585;sun;On;On;Receiver;Off;66.659996;12.999148;0.0022944445;None;NO
69780;99.988075;0.7588;sun;On;On;Receiver;Off;66.527725;13.613975;0.0022944445;None;NO
69790;99.988075;0.7591;sun;On;On;Receiver;Off;66.39498;14.228769;0.0022944445;None;NO
69800;99.988075;0.7594;sun;On;On;Receiver;Off;66.26173;14.843529;0.0022944445;None;NO
69810;99.988075;0.7597;sun;On;On;Receiver;Off;66.12794;15.458253;0.0022944445;None;NO
69820;99.988075;0.76;sun;On;On;Receiver;Off;65.99358;16.072939;0.0022944445;None;NO
69830;99.988075;0.7603;sun;On;On;Receiver;Off;65.85865;16.687584;0.0022944445;None;NO
69840;99.988075;0.7606;sun;On;On;Receiver;Off;65.7231;17.302189;0.0022944445;None;NO
69850;99.988075;0.7609;sun;On;On;Receiver;Off;65.586914;17.91675;0.0022944445;None;NO
69860;99.988075;0.7612;sun;On;On;Receiver;Off;65.45006;18.531265;0.0022944445;None;NO
69870;99.988075;0.7615;sun;On;On;Receiver;Off;65.3125;19.145733;0.0022944445;None;NO
69880;99.988075;0.7618;sun;On;On;Receiver;Off;65.17422;19.76015;0.0022944445;None;NO
69890;99.988075;0.7621;sun;On;On;Receiver;Off;65.03517;20.37452;0.0022944445;None;NO
69900;99.988075;0.7624;sun;On;On;Receiver;Off;64.89533;20.988832;0.0022944445;None;NO
69910;99.988075;0.7627;sun;On;On;Receiver;Off;64.75468;21.603088;0.0022944445;None;NO
69920;99.988075;0.763;sun;On;On;Receiver;Off;64.61316;22.217287;0.0022944445;None;NO
69930;99.988075;0.7633;sun;On;On;Receiver;Off;64.47076;22.831425;0.0022944445;None;NO
69940;99.988075;0.7636;sun;On;On;Receiver;Off;64.32742;23.445501;0.0022944445;None;NO
69950;99.988075;0.7639;sun;On;On;Receiver;Off;64.18313;24.05951;0.0022944445;None;NO
69960;99.988075;0.7642;sun;On;On;Receiver;Off;64.037834;24.67345;0.0022944445;None;NO
69970;99.988075;0.7645;sun;On;On;Receiver;Off;63.891502;25.287321;0.0022944445;None;NO
69980;99.988075;0.7648;sun;On;On;Receiver;Off;63.744087;25.901117;0.0022944445;None;NO
69990;99.988075;0.7651;sun;On;On;Receiver;Off;63.595554;26.51484;0.0022944445;None;NO
70000;99.988075;0.7654;sun;On;On;Receiver;Off;63.44586;27.128479;0.0022944445;None;NO
70010;99.988075;0.7657;sun;On;On;Receiver;Off;63.29496;27.742039;0.0022944445;None;NO
70020;99.988075;0.766;sun;On;On;Receiver;Off;63.142803;28.35551;0.0022944445;None;NO
70030;99.988075;0.7663;sun;On;On;Receiver;Off;62.98935;28.968895;0.0022944445;None;NO
70040;99.988075;0.7666;sun;On;On;Receiver;Off;62.834545;29.582188;0.0022944445;None;NO
70050;99.988075;0.7669;sun;On;On;Receiver;Off;62.678345;30.195385;0.0022944445;None;NO
70060;99.988075;0.7672;sun;On;On;Receiver;Off;62.52069;30.808483;0.0022944445;None;NO
70070;99.988075;0.7675;sun;On;On;Receiver;Off;62.361526;31.421478;0.0022944445;None;NO
70080;99.988075;0.7678;sun;On;On;Receiver;Off;62.2008;32.034367;0.0022944445;None;NO
70090;99.988075;0.7681;sun;On;On;Receiver;Off;62.038456;32.647144;0.0022944445;None;NO
70100;99.988075;0.7684;sun;On;On;Receiver;Off;61.874428;33.259804;0.0022944445;None;NO
70110;99.988075;0.7687;sun;On;On;Receiver;Off;61.70865;33.87235;0.0022944445;None;NO
70120;99.988075;0.769;sun;On;On;Receiver;Off;61.541058;34.484764;0.0022944445;None;NO
70130;99.988075;0.7693;sun;On;On;Receiver;Off;61.371582;35.097057;0.0022944445;None;NO
70140;99.988075;0.7696;sun;On;On;Receiver;Off;61.200157;35.709213;0.0022944445;None;NO
70150;99.988075;0.7699;sun;On;On;Receiver;Off;61.0267;36.321228;0.0022944445;None;NO
70160;99.988075;0.7702;sun;On;On;Receiver;Off;60.85113;36.9331;0.0022944445;None;NO
70170;99.988075;0.7705;sun;On;On;Receiver;Off;60.673374;37.544827;0.0022944445;None;NO
70180;99.988075;0.7708;sun;On;On;Receiver;Off;60.493343;38.156395;0.0022944445;None;NO
70190;99.988075;0.7711;sun;On;On;Receiver;Off;60.31095;38.7678;0.0022944445;None;NO
70200;99.988075;0.7714;sun;On;On;Receiver;Off;60.1261;39.37904;0.0022944445;None;NO
70210;99.988075;0.7717;sun;On;On;Receiver;Off;59.93869;39.9901;0.0022944445;None;NO
70220;99.988075;0.772;sun;On;On;Receiver;Off;59.748623;40.600983;0.0022944445;None;NO
70230;99.988075;0.7723;sun;On;On;Receiver;Off;59.555794;41.211674;0.0022944445;None;NO
70240;99.988075;0.7726;sun;On;On;Receiver;Off;59.360085;41.82217;0.0022944445;None;NO
70250;99.988075;0.7729;sun;On;On;Receiver;Off;59.161385;42.432457;0.0022944445;None;NO
70260;99.988075;0.7732;sun;On;On;Receiver;Off;58.95956;43.042534;0.0022944445;None;NO
70270;99.988075;0.7735;sun;On;On;Receiver;Off;58.75449;43.652386;0.0022944445;None;NO
70280;99.988075;0.7738;sun;On;On;Receiver;Off;58.546032;44.26201;0.0022944445;None;NO
70290;99.988075;0.7741;sun;On;On;Receiver;Off;58.334045;44.871387;0.0022944445;None;NO
70300;99.988075;0.7744;sun;On;On;Receiver;Off;58.118378;45.480515;0.0022944445;None;NO
70310;99.988075;0.7747;sun;On;On;Receiver;Off;57.89887;46.08938;0.0022944445;None;NO
70320;99.988075;0.775;sun;On;On;Receiver;Off;57.67535;46.697968;0.0022944445;None;NO
70330;99.988075;0.7753;sun;On;On;Receiver;Off;57.447647;47.306267;0.0022944445;None;NO
70340;99.988075;0.7756;sun;On;On;Receiver;Off;57.215565;47.91427;0.0022944445;None;NO
70350;99.988075;0.7759;sun;On;On;Receiver;Off;56.978912;48.521957;0.0022944445;None;NO
70360;99.988075;0.7762;sun;On;On;Receiver;Off;56.73748;49.129314;0.0022944445;None;NO
70370;99.988075;0.7765;sun;On;On;Receiver;Off;56.49104;49.736332;0.0022944445;None;NO
70380;99.988075;0.7768;sun;On;On;Receiver;Off;56.23936;50.342987;0.0022944445;None;NO
70390;99.988075;0.7771;sun;On;On;Receiver;Off;55.982193;50.949265;0.0022944445;None;NO
70400;99.988075;0.7774;sun;On;On;Receiver;Off;55.719273;51.55515;0.0022944445;None;NO
70410;99.988075;0.7777;sun;On;On;Receiver;Off;55.45032;52.160614;0.0022944445;None;NO
70420;99.988075;0.778;sun;On;On;Receiver;Off;55.175034;52.765648;0.0022944445;None;NO
70430;99.988075;0.7783;sun;On;On;Receiver;Off;54.893097;53.370224;0.0022944445;None;NO
70440;99.988075;0.7786;sun;On;On;Receiver;Off;54.60417;53.974316;0.0022944445;None;NO
70450;99.988075;0.7789;sun;On;On;Receiver;Off;54.3079;54.577904;0.0022944445;None;NO
70460;99.988075;0.7792;sun;On;On;Receiver;Off;54.003895;55.180958;0.0022944445;None;NO
70470;99.988075;0.7795;sun;On;On;Receiver;Off;53.691742;55.78345;0.0022944445;None;NO
70480;99.988075;0.7798;sun;On;On;Receiver;Off;53.371006;56.385353;0.0022944445;None;NO
70490;99.988075;0.7801;sun;On;On;Receiver;Off;53.041218;56.98663;0.0022944445;None;NO
70500;99.988075;0.7804;sun;On;On;Receiver;Off;52.70187;57.587242;0.0022944445;None;NO
70510;99.988075;0.7807;sun;On;On;Receiver;Off;52.35242;58.18716;0.0022944445;None;NO
70520;99.988075;0.781;sun;On;On;Receiver;Off;51.992294;58.78634;0.0022944445;None;NO
70530;99.988075;0.7813;sun;On;On;Receiver;Off;51.62087;59.384735;0.0022944445;None;NO
70540;99.988075;0.7816;sun;On;On;Receiver;Off;51.237465;59.982304;0.0022944445;None;NO
70550;99.988075;0.7819;sun;On;On;Receiver;Off;50.841362;60.578987;0.0022944445;None;NO
70560;99.988075;0.7822;sun;On;On;Receiver;Off;50.431786;61.174736;0.0022944445;None;NO
70570;99.988075;0.7825;sun;On;On;Receiver;Off;50.00788;61.769493;0.0022944445;None;NO
70580;99.988075;0.7828;sun;On;On;Receiver;Off;49.568745;62.363186;0.0022944445;None;NO
70590;99.988075;0.7831;sun;On;On;Receiver;Off;49.113384;62.95575;0.0022944445;None;NO
70600;99.988075;0.7834;sun;On;On;Receiver;Off;48.64073;63.547108;0.0022944445;None;NO
70610;99.988075;0.7837;sun;On;On;Receiver;Off;48.14962;64.13718;0.0022944445;None;NO
70620;99.988075;0.784;sun;On;On;Receiver;Off;47.638783;64.72586;0.0022944445;None;NO
70630;99.988075;0.7843;sun;On;On;Receiver;Off;47.106842;65.313065;0.0022944445;None;NO
70640;99.988075;0.7846;sun;On;On;Receiver;Off;46.5523;65.89868;0.0022944445;None;NO
70650;99.988075;0.7849;sun;On;On;Receiver;Off;45.973507;66.4826;0.0022944445;None;NO
70660;99.988075;0.7852;sun;On;On;Receiver;Off;45.36867;67.06467;0.0022944445;None;NO
70670;99.988075;0.7855;sun;On;On;Receiver;Off;44.73583;67.64475;0.0022944445;None;NO
70680;99.988075;0.7858;sun;On;On;Receiver;Off;44.072815;68.2227;0.0022944445;None;NO
70690;99.988075;0.7861;sun;On;On;Receiver;Off;43.377266;68.79834;0.0022944445;None;NO
70700;99.988075;0.7864;sun;On;On;Receiver;Off;42.646572;69.37146;0.0022944445;None;NO
70710;99.988075;0.7867;sun;On;On;Receiver;Off;41.877865;69.94186;0.0022944445;None;NO
70720;99.988075;0.787;sun;On;On;Receiver;Off;41.067978;70.509285;0.0022944445;None;NO
70730;99.988075;0.7873;sun;On;On;Receiver;Off;40.21341;71.07348;0.0022944445;None;NO
70740;99.988075;0.7876;sun;On;On;Receiver;Off;39.3103;71.63414;0.0022944445;None;NO
70750;99.988075;0.7879;sun;On;On;Receiver;Off;38.354362;72.19094;0.0022944445;None;NO
70760;99.988075;0.7882;sun;On;On;Receiver;Off;37.34087;72.74349;0.0022944445;None;NO
70770;99.988075;0.7885;sun;On;On;Receiver;Off;36.264572;73.29139;0.0022944445;None;NO
70780;99.988075;0.7888;sun;On;On;Receiver;Off;35.119648;73.83415;0.0022944445;None;NO
70790;99.988075;0.7891;sun;On;On;Receiver;Off;33.899654;74.37124;0.0022944445;None;NO
70800;99.988075;0.7894;sun;On;On;Receiver;Off;32.597466;74.902054;0.0022944445;None;NO
70810;99.988075;0.7897;sun;On;On;Receiver;Off;31.205193;75.4259;0.0022944445;None;NO
70820;99.988075;0.79;sun;On;On;Receiver;Off;29.71414;75.94202;0.0022944445;None;NO
70830;99.988075;0.7903;sun;On;On;Receiver;Off;28.114756;76.4495;0.0022944445;None;NO
70840;99.988075;0.7906;sun;On;On;Receiver;Off;26.39659;76.94735;0.0022944445;None;NO
70850;99.988075;0.7909;sun;On;On;Receiver;Off;24.548302;77.43442;0.0022944445;None;NO
70860;99.988075;0.7912;sun;On;On;Receiver;Off;22.557693;77.90941;0.0022944445;None;NO
70870;99.988075;0.7915;sun;On;On;Receiver;Off;20.411829;78.370834;0.0022944445;None;NO
70880;99.988075;0.7918;sun;On;On;Receiver;Off;18.097227;78.817024;0.0022944445;None;NO
70890;99.988075;0.7921;sun;On;On;Receiver;Off;15.60022;79.24607;0.0022944445;None;NO
70900;99.988075;0.7924;sun;On;On;Receiver;Off;12.90745;79.655846;0.0022944445;None;NO
70910;99.988075;0.7927;sun;On;On;Receiver;Off;10.006621;80.04397;0.0022944445;None;NO
70920;99.988075;0.793;sun;On;On;Receiver;Off;6.8874807;80.407814;0.0022944445;None;NO
70930;99.988075;0.7933;sun;On;On;Receiver;Off;3.5430858;80.744514;0.0022944445;None;NO
70940;99.988075;0.7936;sun;On;On;Receiver;Off;-0.028690923;81.051;0.0022944445;None;NO
70950;99.988075;0.7939;sun;On;On;Receiver;Off;-3.823516;81.32407;0.0022944445;None;NO
70960;99.988075;0.7942;sun;On;On;Receiver;Off;-7.829;81.56049;0.0022944445;None;NO
70970;99.988075;0.7945;sun;On;On;Receiver;Off;-12.02345;81.7571;0.0022944445;None;NO
70980;99.988075;0.7948;sun;On;On;Receiver;Off;-16.375319;81.910995;0.0022944445;None;NO
70990;99.988075;0.7951;sun;On;On;Receiver;Off;-20.843699;82.01971;0.0022944445;None;NO
71000;99.988075;0.7954;sun;On;On;Receiver;Off;-25.380049;82.08136;0.0022944445;None;NO
71010;99.988075;0.7957;sun;On;On;Receiver;Off;-29.93109;82.09487;0.0022944445;None;NO
71020;99.988075;0.796;sun;On;On;Receiver;Off;-34.442486;82.05999;0.0022944445;None;NO
71030;99.988075;0.7963;sun;On;On;Receiver;Off;-38.86272;81.97734;0.0022944445;None;NO
71040;99.988075;0.7966;sun;On;On;Receiver;Off;-43.146484;81.84839;0.0022944445;None;NO
71050;99.988075;0.7969;sun;On;On;Receiver;Off;-47.25705;81.67527;0.0022944445;None;NO
71060;99.988075;0.7972;sun;On;On;Receiver;Off;-51.167427;81.46068;0.0022944445;None;NO
71070;99.988075;0.7975;sun;On;On;Receiver;Off;-54.860336;81.20766;0.0022944445;None;NO
71080;99.988075;0.7978;sun;On;On;Receiver;Off;-58.32729;80.9194;0.0022944445;None;NO
71090;99.988075;0.7981;sun;On;On;Receiver;Off;-61.56714;80.59917;0.0022944445;None;NO
71100;99.988075;0.7984;sun;On;On;Receiver;Off;-64.584435;80.2501;0.0022944445;None;NO
71110;99.988075;0.7987;sun;On;On;Receiver;Off;-67.387825;79.87518;0.0022944445;None;NO
71120;99.988075;0.799;sun;On;On;Receiver;Off;-69.98864;79.47717;0.0022944445;None;NO
71130;99.988075;0.7993;sun;On;On;Receiver;Off;-72.39977;79.0586;0.0022944445;None;NO
71140;99.988075;0.7996;sun;On;On;Receiver;Off;-74.63481;78.62172;0.0022944445;None;NO
71150;99.988075;0.7999;sun;On;On;Receiver;Off;-76.707375;78.16858;0.0022944445;None;NO
71160;99.988075;0.8002;sun;On;On;Receiver;Off;-78.63074;77.70096;0.0022944445;None;NO
71170;99.988075;0.8005;sun;On;On;Receiver;Off;-80.41751;77.22045;0.0022944445;None;NO
71180;99.988075;0.8008;sun;On;On;Receiver;Off;-82.079506;76.72846;0.0022944445;None;NO
71190;99.988075;0.8011;sun;On;On;Receiver;Off;-83.627655;76.22622;0.0022944445;None;NO
71200;99.988075;0.8014;sun;On;On;Receiver;Off;-85.07199;75.714806;0.0022944445;None;NO
71210;99.988075;0.8017;sun;On;On;Receiver;Off;-86.42166;75.195175;0.0022944445;None;NO
71220;99.988075;0.802;sun;On;On;Receiver;Off;-87.68498;74.66815;0.0022944445;None;NO
71230;99.988075;0.8023;sun;On;On;Receiver;Off;-88.86949;74.13448;0.0022944445;None;NO
71240;99.988075;0.8026;sun;On;On;Receiver;Off;-89.98198;73.59482;0.0022944445;None;NO
71250;99.988075;0.8029;sun;On;On;Receiver;Off;-91.02861;73.04973;0.0022944445;None;NO
71260;99.988075;0.8032;sun;On;On;Receiver;Off;-92.01492;72.49971;0.0022944445;None;NO
71270;99.97615;0.8035;ecl;On;On;Receiver;Off;-92.945915;71.94523;0.0022944445;None;NO
71280;99.964226;0.8038;ecl;On;On;Receiver;Off;-93.82612;71.38668;0.0022944445;None;NO
71290;99.9523;0.8041;ecl;On;On;Receiver;Off;-94.659615;70.82442;0.0022944445;None;NO
71300;99.94038;0.8044;ecl;On;On;Receiver;Off;-95.45008;70.25876;0.0022944445;None;NO
71310;99.928444;0.8047;ecl;On;On;Receiver;Off;-96.200874;69.68999;0.0022944445;None;NO
71320;99.91652;0.805;ecl;On;On;Receiver;Off;-96.91501;69.118355;0.0022944445;None;NO
71330;99.904594;0.8053;ecl;On;On;Receiver;Off;-97.59523;68.5441;0.0022944445;None;NO
71340;99.89267;0.8056;ecl;On;On;Receiver;Off;-98.24404;67.96742;0.0022944445;None;NO
71350;99.880745;0.8059;ecl;On;On;Receiver;Off;-98.8637;67.388504;0.0022944445;None;NO
71360;99.86882;0.8062;ecl;On;On;Receiver;Off;-99.45628;66.80752;0.0022944445;None;NO
71370;99.856895;0.8065;ecl;On;On;Receiver;Off;-100.023674;66.22462;0.0022944445;None;NO
71380;99.84497;0.8068;ecl;On;On;Receiver;Off;-100.56759;65.63994;0.0022944445;None;NO
71390;99.833046;0.8071;ecl;On;On;Receiver;Off;-101.089615;65.053604;0.0022944445;None;NO
71400;99.82112;0.8074;ecl;On;On;Receiver;Off;-101.59119;64.46573;0.0022944445;None;NO
71410;99.8092;0.8077;ecl;On;On;Receiver;Off;-102.07362;63.87642;0.0022944445;None;NO
71420;99.79727;0.808;ecl;On;On;Receiver;Off;-102.53816;63.285774;0.0022944445;None;NO
71430;99.78534;0.8083;ecl;On;On;Receiver;Off;-102.98591;62.69387;0.0022944445;None;NO
71440;99.773415;0.8086;ecl;On;On;Receiver;Off;-103.41789;62.1008;0.0022944445;None;NO
71450;99.76149;0.8089;ecl;On;On;Receiver;Off;-103.835075;61.50663;0.0022944445;None;NO
71460;99.749565;0.8092;ecl;On;On;Receiver;Off;-104.238335;60.911427;0.0022944445;None;NO
71470;99.73764;0.8095;ecl;On;On;Receiver;Off;-104.62849;60.315254;0.0022944445;None;NO
71480;99.725716;0.8098;ecl;On;On;Receiver;Off;-105.00627;59.718174;0.0022944445;None;NO
71490;99.71379;0.8101;ecl;On;On;Receiver;Off;-105.372406;59.120235;0.0022944445;None;NO
71500;99.701866;0.8104;ecl;On;On;Receiver;Off;-105.72753;58.52149;0.0022944445;None;NO
71510;99.68994;0.8107;ecl;On;On;Receiver;Off;-106.07224;57.921974;0.0022944445;None;NO
71520;99.67802;0.811;ecl;On;On;Receiver;Off;-106.40712;57.321747;0.0022944445;None;NO
71530;99.66609;0.8113;ecl;On;On;Receiver;Off;-106.732666;56.720833;0.0022944445;None;NO
71540;99.65417;0.8116;ecl;On;On;Receiver;Off;-107.049385;56.119278;0.0022944445;None;NO
71550;99.642235;0.8119;ecl;On;On;Receiver;Off;-107.35773;55.51711;0.0022944445;None;NO
71560;99.63031;0.8122;ecl;On;On;Receiver;Off;-107.65811;54.914364;0.0022944445;None;NO
71570;99.618385;0.8125;ecl;On;On;Receiver;Off;-107.95095;54.311073;0.0022944445;None;NO
71580;99.60646;0.8128;ecl;On;On;Receiver;Off;-108.2366;53.707256;0.0022944445;None;NO
71590;99.594536;0.8131;ecl;On;On;Receiver;Off;-108.515434;53.102947;0.0022944445;None;NO
71600;99.58261;0.8134;ecl;On;On;Receiver;Off;-108.78776;52.49817;0.0022944445;None;NO
71610;99.57069;0.8137;ecl;On;On;Receiver;Off;-109.053894;51.89294;0.0022944445;None;NO
71620;99.55876;0.814;ecl;On;On;Receiver;Off;-109.314125;51.287285;0.0022944445;None;NO
71630;99.54684;0.8143;ecl;On;On;Receiver;Off;-109.568726;50.681225;0.0022944445;None;NO
71640;99.53491;0.8146;ecl;On;On;Receiver;Off;-109.817955;50.07478;0.0022944445;None;NO
71650;99.52299;0.8149;ecl;On;On;Receiver;Off;-110.06206;49.467964;0.0022944445;None;NO
71660;99.51106;0.8152;ecl;On;On;Receiver;Off;-110.30126;48.860794;0.0022944445;None;NO
71670;99.49913;0.8155;ecl;On;On;Receiver;Off;-110.535774;48.25329;0.0022944445;None;NO
71680;99.487206;0.8158;ecl;On;On;Receiver;Off;-110.765816;47.64546;0.0022944445;None;NO
71690;99.47528;0.8161;ecl;On;On;Receiver;Off;-110.99156;47.037323;0.0022944445;None;NO
71700;99.463356;0.8164;ecl;On;On;Receiver;Off;-111.21321;46.428894;0.0022944445;None;NO
71710;99.45143;0.8167;ecl;On;On;Receiver;Off;-111.43092;45.820183;0.0022944445;None;NO
71720;99.43951;0.817;ecl;On;On;Receiver;Off;-111.644875;45.2112;0.0022944445;None;NO
71730;99.42758;0.8173;ecl;On;On;Receiver;Off;-111.85522;44.60196;0.0022944445;None;NO
71740;99.41566;0.8176;ecl;On;On;Receiver;Off;-112.06209;43.992474;0.0022944445;None;NO
71750;99.40373;0.8179;ecl;On;On;Receiver;Off;-112.26565;43.382748;0.0022944445;None;NO
71760;99.39181;0.8182;ecl;On;On;Receiver;Off;-112.46601;42.772797;0.0022944445;None;NO
71770;99.37988;0.8185;ecl;On;On;Receiver;Off;-112.66332;42.162624;0.0022944445;None;NO
71780;99.36796;0.8188;ecl;On;On;Receiver;Off;-112.85768;41.552242;0.0022944445;None;NO
71790;99.356026;0.8191;ecl;On;On;Receiver;Off;-113.049225;40.94166;0.0022944445;None;NO
71800;99.3441;0.8194;ecl;On;On;Receiver;Off;-113.23805;40.330883;0.0022944445;None;NO
71810;99.33218;0.8197;ecl;On;On;Receiver;Off;-113.42427;39.71992;0.0022944445;None;NO
71820;99.32025;0.82;ecl;On;On;Receiver;Off;-113.60797;39.10878;0.0022944445;None;NO
71830;99.30833;0.8203;ecl;On;On;Receiver;Off;-113.78927;38.497467;0.0022944445;None;NO
71840;99.2964;0.8206;ecl;On;On;Receiver;Off;-113.96824;37.88599;0.0022944445;None;NO
71850;99.28448;0.8209;ecl;On;On;Receiver;Off;-114.14497;37.274353;0.0022944445;None;NO
71860;99.27255;0.8212;ecl;On;On;Receiver;Off;-114.31956;36.66256;0.0022944445;None;NO
71870;99.26063;0.8215;ecl;On;On;Receiver;Off;-114.492065;36.050625;0.0022944445;None;NO
71880;99.2487;0.8218;ecl;On;On;Receiver;Off;-114.66258;35.438545;0.0022944445;None;NO
71890;99.23678;0.8221;ecl;On;On;Receiver;Off;-114.83118;34.82633;0.0022944445;None;NO
71900;99.22485;0.8224;ecl;On;On;Receiver;Off;-114.997925;34.21398;0.0022944445;None;NO
71910;99.21292;0.8227;ecl;On;On;Receiver;Off;-115.16289;33.601505;0.0022944445;None;NO
71920;99.201;0.823;ecl;On;On;Receiver;Off;-115.32613;32.98891;0.0022944445;None;NO
71930;99.18907;0.8233;ecl;On;On;Receiver;Off;-115.487724;32.376198;0.0022944445;None;NO
71940;99.17715;0.8236;ecl;On;On;Receiver;Off;-115.64772;31.76337;0.0022944445;None;NO
71950;99.16522;0.8239;ecl;On;On;Receiver;Off;-115.80618;31.150434;0.0022944445;None;NO
71960;99.1533;0.8242;ecl;On;On;Receiver;Off;-115.96316;30.537394;0.0022944445;None;NO
71970;99.14137;0.8245;ecl;On;On;Receiver;Off;-116.118706;29.924252;0.0022944445;None;NO
71980;99.12945;0.8248;ecl;On;On;Receiver;Off;-116.27288;29.311012;0.0022944445;None;NO
71990;99.11752;0.8251;ecl;On;On;Receiver;Off;-116.42573;28.69768;0.0022944445;None;NO
72000;99.1056;0.8254;ecl;On;On;Receiver;Off;-116.5773;28.084255;0.0022944445;None;NO
72010;99.09367;0.8257;ecl;On;On;Receiver;Off;-116.727646;27.470743;0.0022944445;None;NO
72020;99.08175;0.826;ecl;On;On;Receiver;Off;-116.87679;26.857147;0.0022944445;None;NO
72030;99.06982;0.8263;ecl;On;On;Receiver;Off;-117.0248;26.243471;0.0022944445;None;NO
72040;99.05789;0.8266;ecl;On;On;Receiver;Off;-117.171715;25.629717;0.0022944445;None;NO
72050;99.04597;0.8269;ecl;On;On;Receiver;Off;-117.317566;25.015886;0.0022944445;None;NO
72060;99.03404;0.8272;ecl;On;On;Receiver;Off;-117.462395;24.401985;0.0022944445;None;NO
72070;99.02212;0.8275;ecl;On;On;Receiver;Off;-117.60624;23.788013;0.0022944445;None;NO
72080;99.01019;0.8278;ecl;On;On;Receiver;Off;-117.74914;23.173975;0.0022944445;None;NO
72090;98.99827;0.8281;ecl;On;On;Receiver;Off;-117.89113;22.559872;0.0022944445;None;NO
72100;98.98634;0.8284;ecl;On;On;Receiver;Off;-118.03224;21.945707;0.0022944445;None;NO
72110;98.97442;0.8287;ecl;On;On;Receiver;Off;-118.172516;21.331482;0.0022944445;None;NO
72120;98.962494;0.829;ecl;On;On;Receiver;Off;-118.31199;20.7172;0.0022944445;None;NO
72130;98.95057;0.8293;ecl;On;On;Receiver;Off;-118.450676;20.102863;0.0022944445;None;NO
72140;98.93864;0.8296;ecl;On;On;Receiver;Off;-118.58862;19.488472;0.0022944445;None;NO
72150;98.92671;0.8299;ecl;On;On;Receiver;Off;-118.72585;18.874031;0.0022944445;None;NO
72160;98.91479;0.8302;ecl;On;On;Receiver;Off;-118.8624;18.259542;0.0022944445;None;NO
72170;98.90286;0.8305;ecl;On;On;Receiver;Off;-118.99828;17.645006;0.0022944445;None;NO
72180;98.89094;0.8308;ecl;On;On;Receiver;Off;-119.133545;17.030426;0.0022944445;None;NO
72190;98.87901;0.8311;ecl;On;On;Receiver;Off;-119.26821;16.415804;0.0022944445;None;NO
72200;98.86709;0.8314;ecl;On;On;Receiver;Off;-119.4023;15.80114;0.0022944445;None;NO
72210;98.85516;0.8317;ecl;On;On;Receiver;Off;-119.535835;15.186437;0.0022944445;None;NO
72220;98.84324;0.832;ecl;On;On;Receiver;Off;-119.66885;14.571697;0.0022944445;None;NO
72230;98.831314;0.8323;ecl;On;On;Receiver;Off;-119.80138;13.956922;0.0022944445;None;NO
72240;98.81939;0.8326;ecl;On;On;Receiver;Off;-119.933426;13.342113;0.0022944445;None;NO
72250;98.807465;0.8329;ecl;On;On;Receiver;Off;-120.06503;12.727272;0.0022944445;None;NO
72260;98.79553;0.8332;ecl;On;On;Receiver;Off;-120.19621;12.112401;0.0022944445;None;NO
72270;98.78361;0.8335;ecl;On;On;Receiver;Off;-120.326996;11.497501;0.0022944445;None;NO
72280;98.77168;0.8338;ecl;On;On;Receiver;Off;-120.4574;10.882575;0.0022944445;None;NO
72290;98.75976;0.8341;ecl;On;On;Receiver;Off;-120.58745;10.267624;0.0022944445;None;NO
72300;98.74783;0.8344;ecl;On;On;Receiver;Off;-120.71716;9.652648;0.0022944445;None;NO
72310;98.73591;0.8347;ecl;On;On;Receiver;Off;-120.84657;9.03765;0.0022944445;None;NO
72320;98.72398;0.835;ecl;On;On;Receiver;Off;-120.97569;8.422631;0.0022944445;None;NO
72330;98.71206;0.8353;ecl;On;On;Receiver;Off;-121.104546;7.8075933;0.0022944445;None;NO
72340;98.700134;0.8356;ecl;On;On;Receiver;Off;-121.23315;7.1925373;0.0022944445;None;NO
72350;98.68821;0.8359;ecl;On;On;Receiver;Off;-121.361534;6.5774655;0.0022944445;None;NO
72360;98.676285;0.8362;ecl;On;On;Receiver;Off;-121.48971;5.9623785;0.0022944445;None;NO
72370;98.66436;0.8365;ecl;On;On;Receiver;Off;-121.61771;5.347278;0.0022944445;None;NO
72380;98.65243;0.8368;ecl;On;On;Receiver;Off;-121.74554;4.732166;0.0022944445;None;NO
72390;98.6405;0.8371;ecl;On;On;Receiver;Off;-121.87323;4.1170425;0.0022944445;None;NO
72400;98.62858;0.8374;ecl;On;On;Receiver;Off;-122.00079;3.5019104;0.0022944445;None;NO
72410;98.61665;0.8377;ecl;On;On;Receiver;Off;-122.12826;2.8867702;0.0022944445;None;NO
72420;98.60473;0.838;ecl;On;On;Receiver;Off;-122.25564;2.2716238;0.0022944445;None;NO
72430;98.592804;0.8383;ecl;On;On;Receiver;Off;-122.38296;1.6564723;0.0022944445;None;NO
72440;98.58088;0.8386;ecl;On;On;Receiver;Off;-122.51024;1.0413171;0.0022944445;None;NO
72450;98.568954;0.8389;ecl;On;On;Receiver;Off;-122.63749;0.4261595;0.0022944445;None;NO
72460;98.55703;0.8392;ecl;On;On;Receiver;Off;-122.76474;-0.18899898;0.0022944445;None;NO
72470;98.545105;0.8395;ecl;On;On;Receiver;Off;-122.892006;-0.8041571;0.0022944445;None;NO
72480;98.53318;0.8398;ecl;On;On;Receiver;Off;-123.0193;-1.4193133;0.0022944445;None;NO
72490;98.521255;0.8401;ecl;On;On;Receiver;Off;-123.14666;-2.0344665;0.0022944445;None;NO
72500;98.50932;0.8404;ecl;On;On;Receiver;Off;-123.27409;-2.649615;0.0022944445;None;NO
72510;98.4974;0.8407;ecl;On;On;Receiver;Off;-123.40162;-3.2647579;0.0022944445;None;NO
72520;98.48547;0.841;ecl;On;On;Receiver;Off;-123.52926;-3.879893;0.0022944445;None;NO
72530;98.47355;0.8413;ecl;On;On;Receiver;Off;-123.657036;-4.49502;0.0022944445;None;NO
72540;98.461624;0.8416;ecl;On;On;Receiver;Off;-123.78497;-5.1101365;0.0022944445;None;NO
72550;98.4497;0.8419;ecl;On;On;Receiver;Off;-123.91308;-5.7252417;0.0022944445;None;NO
72560;98.437775;0.8422;ecl;On;On;Receiver;Off;-124.04139;-6.340334;0.0022944445;None;NO
72570;98.42585;0.8425;ecl;On;On;Receiver;Off;-124.16991;-6.955412;0.0022944445;None;NO
72580;98.413925;0.8428;ecl;On;On;Receiver;Off;-124.29867;-7.570474;0.0022944445;None;NO
72590;98.402;0.8431;ecl;On;On;Receiver;Off;-124.42769;-8.185519;0.0022944445;None;NO
72600;98.390076;0.8434;ecl;On;On;Receiver;Off;-124.556984;-8.800546;0.0022944445;None;NO
72610;98.37815;0.8437;ecl;On;On;Receiver;Off;-124.68659;-9.415552;0.0022944445;None;NO
72620;98.36622;0.844;ecl;On;On;Receiver;Off;-124.81651;-10.030536;0.0022944445;None;NO
72630;98.354294;0.8443;ecl;On;On;Receiver;Off;-124.946785;-10.645497;0.0022944445;None;NO
72640;98.34237;0.8446;ecl;On;On;Receiver;Off;-125.07742;-11.260434;0.0022944445;None;NO
72650;98.330444;0.8449;ecl;On;On;Receiver;Off;-125.20846;-11.875344;0.0022944445;None;NO
72660;98.31852;0.8452;ecl;On;On;Receiver;Off;-125.339905;-12.490226;0.0022944445;None;NO
72670;98.306595;0.8455;ecl;On;On;Receiver;Off;-125.47179;-13.105079;0.0022944445;None;NO
72680;98.29467;0.8458;ecl;On;On;Receiver;Off;-125.60413;-13.7199;0.0022944445;None;NO
72690;98.282745;0.8461;ecl;On;On;Receiver;Off;-125.73697;-14.334688;0.0022944445;None;NO
72700;98.27082;0.8464;ecl;On;On;Receiver;Off;-125.870316;-14.949442;0.0022944445;None;NO
72710;98.258896;0.8467;ecl;On;On;Receiver;Off;-126.004196;-15.564159;0.0022944445;None;NO
72720;98.24697;0.847;ecl;On;On;Receiver;Off;-126.13865;-16.178839;0.0022944445;None;NO
72730;98.23505;0.8473;ecl;On;On;Receiver;Off;-126.27368;-16.793478;0.0022944445;None;NO
72740;98.223114;0.8476;ecl;On;On;Receiver;Off;-126.40934;-17.408073;0.0022944445;None;NO
72750;98.21119;0.8479;ecl;On;On;Receiver;Off;-126.54564;-18.022627;0.0022944445;None;NO
72760;98.199265;0.8482;ecl;On;On;Receiver;Off;-126.68262;-18.637135;0.0022944445;None;NO
72770;98.18734;0.8485;ecl;On;On;Receiver;Off;-126.8203;-19.251595;0.0022944445;None;NO
72780;98.175415;0.8488;ecl;On;On;Receiver;Off;-126.95871;-19.866005;0.0022944445;None;NO
72790;98.16349;0.8491;ecl;On;On;Receiver;Off;-127.09789;-20.480362;0.0022944445;None;NO
72800;98.151566;0.8494;ecl;On;On;Receiver;Off;-127.23786;-21.094666;0.0022944445;None;NO
72810;98.13964;0.8497;ecl;On;On;Receiver;Off;-127.37867;-21.708914;0.0022944445;None;NO
72820;98.127716;0.85;ecl;On;On;Receiver;Off;-127.52033;-22.323101;0.0022944445;None;NO
72830;98.11579;0.8503;ecl;On;On;Receiver;Off;-127.662895;-22.93723;0.0022944445;None;NO
72840;98.10387;0.8506;ecl;On;On;Receiver;Off;-127.80639;-23.551292;0.0022944445;None;NO
72850;98.09194;0.8509;ecl;On;On;Receiver;Off;-127.95086;-24.16529;0.0022944445;None;NO
72860;98.08001;0.8512;ecl;On;On;Receiver;Off;-128.09633;-24.779219;0.0022944445;None;NO
72870;98.068085;0.8515;ecl;On;On;Receiver;Off;-128.24284;-25.393078;0.0022944445;None;NO
72880;98.05616;0.8518;ecl;On;On;Receiver;Off;-128.39044;-26.00686;0.0022944445;None;NO
72890;98.044235;0.8521;ecl;On;On;Receiver;Off;-128.53917;-26.620567;0.0022944445;None;NO
72900;98.03231;0.8524;ecl;On;On;Receiver;Off;-128.68907;-27.234196;0.0022944445;None;NO
72910;98.020386;0.8527;ecl;On;On;Receiver;Off;-128.8402;-27.84774;0.0022944445;None;NO
72920;98.00846;0.853;ecl;On;On;Receiver;Off;-128.99257;-28.461197;0.0022944445;None;NO
72930;97.99654;0.8533;ecl;On;On;Receiver;Off;-129.14626;-29.074566;0.0022944445;None;NO
72940;97.98461;0.8536;ecl;On;On;Receiver;Off;-129.30128;-29.687843;0.0022944445;None;NO
72950;97.97269;0.8539;ecl;On;On;Receiver;Off;-129.45773;-30.301022;0.0022944445;None;NO
72960;97.96076;0.8542;ecl;On;On;Receiver;Off;-129.61565;-30.914103;0.0022944445;None;NO
72970;97.94883;0.8545;ecl;On;On;Receiver;Off;-129.77507;-31.527079;0.0022944445;None;NO
72980;97.936905;0.8548;ecl;On;On;Receiver;Off;-129.93608;-32.13995;0.0022944445;None;NO
72990;97.92498;0.8551;ecl;On;On;Receiver;Off;-130.09871;-32.752705;0.0022944445;None;NO
73000;97.913055;0.8554;ecl;On;On;Receiver;Off;-130.26303;-33.36535;0.0022944445;None;NO
73010;97.90113;0.8557;ecl;On;On;Receiver;Off;-130.42912;-33.97787;0.0022944445;None;NO
73020;97.889206;0.856;ecl;On;On;Receiver;Off;-130.59703;-34.590267;0.0022944445;None;NO
73030;97.87728;0.8563;ecl;On;On;Receiver;Off;-130.76683;-35.202534;0.0022944445;None;NO
73040;97.86536;0.8566;ecl;On;On;Receiver;Off;-130.93861;-35.814667;0.0022944445;None;NO
73050;97.85343;0.8569;ecl;On;On;Receiver;Off;-131.11243;-36.42666;0.0022944445;None;NO
73060;97.84151;0.8572;ecl;On;On;Receiver;Off;-131.28836;-37.038506;0.0022944445;None;NO
73070;97.82958;0.8575;ecl;On;On;Receiver;Off;-131.4665;-37.650204;0.0022944445;None;NO
73080;97.81766;0.8578;ecl;On;On;Receiver;Off;-131.64693;-38.261745;0.0022944445;None;NO
73090;97.805725;0.8581;ecl;On;On;Receiver;Off;-131.82974;-38.873123;0.0022944445;None;NO
73100;97.7938;0.8584;ecl;On;On;Receiver;Off;-132.01503;-39.48433;0.0022944445;None;NO
73110;97.781876;0.8587;ecl;On;On;Receiver;Off;-132.2029;-40.095364;0.0022944445;None;NO
73120;97.76995;0.859;ecl;On;On;Receiver;Off;-132.39342;-40.70621;0.0022944445;None;NO
73130;97.758026;0.8593;ecl;On;On;Receiver;Off;-132.58675;-41.31687;0.0022944445;None;NO
73140;97.7461;0.8596;ecl;On;On;Receiver;Off;-132.78296;-41.92733;0.0022944445;None;NO
73150;97.73418;0.8599;ecl;On;On;Receiver;Off;-132.9822;-42.537582;0.0022944445;None;NO
73160;97.72225;0.8602;ecl;On;On;Receiver;Off;-133.18456;-43.14762;0.0022944445;None;NO
73170;97.71033;0.8605;ecl;On;On;Receiver;Off;-133.3902;-43.757435;0.0022944445;None;NO
73180;97.6984;0.8608;ecl;On;On;Receiver;Off;-133.59926;-44.367016;0.0022944445;None;NO
73190;97.68648;0.8611;ecl;On;On;Receiver;Off;-133.81187;-44.976353;0.0022944445;None;NO
73200;97.67455;0.8614;ecl;On;On;Receiver;Off;-134.02818;-45.585434;0.0022944445;None;NO
73210;97.71604;0.8617;sun;On;On;Receiver;Off;-134.24838;-46.194252;0.0022944445;None;NO
73220;97.75754;0.862;sun;On;On;Receiver;Off;-134.4726;-46.80279;0.0022944445;None;NO
73230;97.79903;0.8623;sun;On;On;Receiver;Off;-134.70105;-47.41104;0.0022944445;None;NO
73240;97.84052;0.8626;sun;On;On;Receiver;Off;-134.9339;-48.01899;0.0022944445;None;NO
73250;97.88202;0.8629;sun;On;On;Receiver;Off;-135.17136;-48.62662;0.0022944445;None;NO
73260;97.92351;0.8632;sun;On;On;Receiver;Off;-135.41365;-49.23392;0.0022944445;None;NO
73270;97.965004;0.8635;sun;On;On;Receiver;Off;-135.66096;-49.840878;0.0022944445;None;NO
73280;98.0065;0.8638;sun;On;On;Receiver;Off;-135.91357;-50.447468;0.0022944445;None;NO
73290;98.04799;0.8641;sun;On;On;Receiver;Off;-136.1717;-51.05368;0.0022944445;None;NO
73300;98.089485;0.8644;sun;On;On;Receiver;Off;-136.43565;-51.659492;0.0022944445;None;NO
73310;98.130974;0.8647;sun;On;On;Receiver;Off;-136.70567;-52.26489;0.0022944445;None;NO
73320;98.17247;0.865;sun;On;On;Receiver;Off;-136.98209;-52.869843;0.0022944445;None;NO
73330;98.21397;0.8653;sun;On;On;Receiver;Off;-137.2652;-53.47434;0.0022944445;None;NO
73340;98.255455;0.8656;sun;On;On;Receiver;Off;-137.55536;-54.078346;0.0022944445;None;NO
73350;98.29695;0.8659;sun;On;On;Receiver;Off;-137.85294;-54.681843;0.0022944445;None;NO
73360;98.33845;0.8662;sun;On;On;Receiver;Off;-138.15833;-55.2848;0.0022944445;None;NO
73370;98.37994;0.8665;sun;On;On;Receiver;Off;-138.47192;-55.887196;0.0022944445;None;NO
73380;98.42143;0.8668;sun;On;On;Receiver;Off;-138.79417;-56.48899;0.0022944445;None;NO
73390;98.46292;0.8671;sun;On;On;Receiver;Off;-139.12558;-57.090157;0.0022944445;None;NO
73400;98.50442;0.8674;sun;On;On;Receiver;Off;-139.46663;-57.690655;0.0022944445;None;NO
73410;98.54591;0.8677;sun;On;On;Receiver;Off;-139.81787;-58.290447;0.0022944445;None;NO
73420;98.5874;0.868;sun;On;On;Receiver;Off;-140.1799;-58.889492;0.0022944445;None;NO
73430;98.6289;0.8683;sun;On;On;Receiver;Off;-140.55334;-59.48775;0.0022944445;None;NO
73440;98.670395;0.8686;sun;On;On;Receiver;Off;-140.93887;-60.085167;0.0022944445;None;NO
73450;98.71188;0.8689;sun;On;On;Receiver;Off;-141.33725;-60.681698;0.0022944445;None;NO
73460;98.75338;0.8692;sun;On;On;Receiver;Off;-141.74924;-61.27728;0.0022944445;None;NO
73470;98.79487;0.8695;sun;On;On;Receiver;Off;-142.17569;-61.871857;0.0022944445;None;NO
73480;98.836365;0.8698;sun;On;On;Receiver;Off;-142.61755;-62.465363;0.0022944445;None;NO
73490;98.87786;0.8701;sun;On;On;Receiver;Off;-143.0758;-63.057724;0.0022944445;None;NO
73500;98.91935;0.8704;sun;On;On;Receiver;Off;-143.55156;-63.648865;0.0022944445;None;NO
73510;98.960846;0.8707;sun;On;On;Receiver;Off;-144.04597;-64.2387;0.0022944445;None;NO
73520;99.00234;0.871;sun;On;On;Receiver;Off;-144.56035;-64.82714;0.0022944445;None;NO
73530;99.04383;0.8713;sun;On;On;Receiver;Off;-145.09607;-65.41408;0.0022944445;None;NO
73540;99.08533;0.8716;sun;On;On;Receiver;Off;-145.65466;-65.99941;0.0022944445;None;NO
73550;99.126816;0.8719;sun;On;On;Receiver;Off;-146.23782;-66.583015;0.0022944445;None;NO
73560;99.16831;0.8722;sun;On;On;Receiver;Off;-146.84734;-67.16476;0.0022944445;None;NO
73570;99.20981;0.8725;sun;On;On;Receiver;Off;-147.48521;-67.74449;0.0022944445;None;NO
73580;99.2513;0.8728;sun;On;On;Receiver;Off;-148.15366;-68.32205;0.0022944445;None;NO
73590;99.29279;0.8731;sun;On;On;Receiver;Off;-148.85507;-68.89726;0.0022944445;None;NO
73600;99.33429;0.8734;sun;On;On;Receiver;Off;-149.5921;-69.46993;0.0022944445;None;NO
73610;99.37578;0.8737;sun;On;On;Receiver;Off;-150.36766;-70.03983;0.0022944445;None;NO
73620;99.417274;0.874;sun;On;On;Receiver;Off;-151.185;-70.60673;0.0022944445;None;NO
73630;99.45876;0.8743;sun;On;On;Receiver;Off;-152.04764;-71.170334;0.0022944445;None;NO
73640;99.50026;0.8746;sun;On;On;Receiver;Off;-152.95953;-71.730354;0.0022944445;None;NO
73650;99.541756;0.8749;sun;On;On;Receiver;Off;-153.92503;-72.28645;0.0022944445;None;NO
73660;99.583244;0.8752;sun;On;On;Receiver;Off;-154.94896;-72.838234;0.0022944445;None;NO
73670;99.62474;0.8755;sun;On;On;Receiver;Off;-156.03665;-73.385284;0.0022944445;None;NO
73680;99.66624;0.8758;sun;On;On;Receiver;Off;-157.19403;-73.92711;0.0022944445;None;NO
73690;99.707726;0.8761;sun;On;On;Receiver;Off;-158.42766;-74.463165;0.0022944445;None;NO
73700;99.74922;0.8764;sun;On;On;Receiver;Off;-159.74478;-74.99283;0.0022944445;None;NO
73710;99.79071;0.8767;sun;On;On;Receiver;Off;-161.15343;-75.5154;0.0022944445;None;NO
73720;99.83221;0.877;sun;On;On;Receiver;Off;-162.66245;-76.03009;0.0022944445;None;NO
73730;99.8737;0.8773;sun;On;On;Receiver;Off;-164.28152;-76.53599;0.0022944445;None;NO
73740;99.91519;0.8776;sun;On;On;Receiver;Off;-166.02127;-77.03207;0.0022944445;None;NO
73750;99.95669;0.8779;sun;On;On;Receiver;Off;-167.89319;-77.51715;0.0022944445;None;NO
73760;99.988075;0.8782;sun;On;On;Receiver;Off;-169.9096;-77.98992;0.0022944445;None;NO
73770;99.988075;0.8785;sun;On;On;Receiver;Off;-172.08357;-78.448845;0.0022944445;None;NO
73780;99.988075;0.8788;sun;On;On;Receiver;Off;-174.42862;-78.89222;0.0022944445;None;NO
73790;99.988075;0.8791;sun;On;On;Receiver;Off;-176.95842;-79.31811;0.0022944445;None;NO
73800;99.988075;0.8794;sun;On;On;Receiver;Off;-179.6862;-79.72433;0.0022944445;None;NO
73810;99.988075;0.8797;sun;On;On;Receiver;Off;177.376;-80.10847;0.0022944445;None;NO
73820;99.988075;0.88;sun;On;On;Receiver;Off;174.21844;-80.46784;0.0022944445;None;NO
73830;99.988075;0.8803;sun;On;On;Receiver;Off;170.83487;-80.79956;0.0022944445;None;NO
73840;99.988075;0.8806;sun;On;On;Receiver;Off;167.22415;-81.10052;0.0022944445;None;NO
73850;99.988075;0.8809;sun;On;On;Receiver;Off;163.39189;-81.367516;0.0022944445;None;NO
73860;99.988075;0.8812;sun;On;On;Receiver;Off;159.35204;-81.59729;0.0022944445;None;NO
73870;99.988075;0.8815;sun;On;On;Receiver;Off;155.12794;-81.786736;0.0022944445;None;NO
73880;99.988075;0.8818;sun;On;On;Receiver;Off;150.75284;-81.93301;0.0022944445;None;NO
73890;99.988075;0.8821;sun;On;On;Receiver;Off;146.26912;-82.03372;0.0022944445;None;NO
73900;99.988075;0.8824;sun;On;On;Receiver;Off;141.72635;-82.08714;0.0022944445;None;NO
73910;99.988075;0.8827;sun;On;On;Receiver;Off;137.1783;-82.09231;0.0022944445;None;NO
73920;99.988075;0.883;sun;On;On;Receiver;Off;132.67908;-82.049126;0.0022944445;None;NO
73930;99.988075;0.8833;sun;On;On;Receiver;Off;128.27933;-81.958374;0.0022944445;None;NO
73940;99.988075;0.8836;sun;On;On;Receiver;Off;124.023056;-81.82164;0.0022944445;None;NO
73950;99.988075;0.8839;sun;On;On;Receiver;Off;119.94533;-81.641174;0.0022944445;None;NO
73960;99.988075;0.8842;sun;On;On;Receiver;Off;116.07145;-81.41974;0.0022944445;None;NO
73970;99.988075;0.8845;sun;On;On;Receiver;Off;112.41709;-81.160416;0.0022944445;None;NO
73980;99.988075;0.8848;sun;On;On;Receiver;Off;108.989365;-80.866425;0.0022944445;None;NO
73990;99.988075;0.8851;sun;On;On;Receiver;Off;105.788315;-80.541;0.0022944445;None;NO
74000;99.988075;0.8854;sun;On;On;Receiver;Off;102.80858;-80.18727;0.0022944445;None;NO
74010;99.988075;0.8857;sun;On;On;Receiver;Off;100.04096;-79.80818;0.0022944445;None;NO
74020;99.988075;0.886;sun;On;On;Receiver;Off;97.47377;-79.406456;0.0022944445;None;NO
74030;99.988075;0.8863;sun;On;On;Receiver;Off;95.09395;-78.98457;0.0022944445;None;NO
74040;99.988075;0.8866;sun;On;On;Receiver;Off;92.88787;-78.544754;0.0022944445;None;NO
74050;99.988075;0.8869;sun;On;On;Receiver;Off;90.84194;-78.089;0.0022944445;None;NO
74060;99.988075;0.8872;sun;On;On;Receiver;Off;88.94299;-77.61905;0.0022944445;None;NO
74070;99.988075;0.8875;sun;On;On;Receiver;Off;87.178535;-77.13647;0.0022944445;None;NO
74080;99.988075;0.8878;sun;On;On;Receiver;Off;85.53691;-76.64263;0.0022944445;None;NO
74090;99.988075;0.8881;sun;On;On;Receiver;Off;84.00734;-76.13874;0.0022944445;None;NO
74100;99.988075;0.8884;sun;On;On;Receiver;Off;82.57994;-75.62584;0.0022944445;None;NO
74110;99.988075;0.8887;sun;On;On;Receiver;Off;81.24572;-75.10488;0.0022944445;None;NO
74120;99.988075;0.889;sun;On;On;Receiver;Off;79.99649;-74.57667;0.0022944445;None;NO
74130;99.988075;0.8893;sun;On;On;Receiver;Off;78.82486;-74.041916;0.0022944445;None;NO
74140;99.988075;0.8896;sun;On;On;Receiver;Off;77.72414;-73.501274;0.0022944445;None;NO
74150;99.988075;0.8899;sun;On;On;Receiver;Off;76.68828;-72.9553;0.0022944445;None;NO
74160;99.988075;0.8902;sun;On;On;Receiver;Off;75.71184;-72.40449;0.0022944445;None;NO
74170;99.988075;0.8905;sun;On;On;Receiver;Off;74.7899;-71.84928;0.0022944445;None;NO
74180;99.988075;0.8908;sun;On;On;Receiver;Off;73.91803;-71.29006;0.0022944445;None;NO
74190;99.988075;0.8911;sun;On;On;Receiver;Off;73.0922;-70.727196;0.0022944445;None;NO
74200;99.988075;0.8914;sun;On;On;Receiver;Off;72.3088;-70.16098;0.0022944445;None;NO
74210;99.988075;0.8917;sun;On;On;Receiver;Off;71.56453;-69.5917;0.0022944445;None;NO
74220;99.988075;0.892;sun;On;On;Receiver;Off;70.85643;-69.0196;0.0022944445;None;NO
74230;99.988075;0.8923;sun;On;On;Receiver;Off;70.181786;-68.44491;0.0022944445;None;NO
74240;99.988075;0.8926;sun;On;On;Receiver;Off;69.538155;-67.867836;0.0022944445;None;NO
74250;99.988075;0.8929;sun;On;On;Receiver;Off;68.9233;-67.28855;0.0022944445;None;NO
74260;99.988075;0.8932;sun;On;On;Receiver;Off;68.33519;-66.70722;0.0022944445;None;NO
74270;99.988075;0.8935;sun;On;On;Receiver;Off;67.77196;-66.12401;0.0022944445;None;NO
74280;99.988075;0.8938;sun;On;On;Receiver;Off;67.231926;-65.53903;0.0022944445;None;NO
74290;99.988075;0.8941;sun;On;On;Receiver;Off;66.713524;-64.95242;0.0022944445;None;NO
74300;99.988075;0.8944;sun;On;On;Receiver;Off;66.21534;-64.364296;0.0022944445;None;NO
74310;99.988075;0.8947;sun;On;On;Receiver;Off;65.73607;-63.77475;0.0022944445;None;NO
74320;99.988075;0.895;sun;On;On;Receiver;Off;65.274506;-63.18388;0.0022944445;None;NO
74330;99.988075;0.8953;sun;On;On;Receiver;Off;64.829544;-62.591774;0.0022944445;None;NO
74340;99.988075;0.8956;sun;On;On;Receiver;Off;64.40018;-61.998505;0.0022944445;None;NO
74350;99.988075;0.8959;sun;On;On;Receiver;Off;63.98545;-61.404152;0.0022944445;None;NO
74360;99.988075;0.8962;sun;On;On;Receiver;Off;63.584507;-60.80878;0.0022944445;None;NO
74370;99.988075;0.8965;sun;On;On;Receiver;Off;63.19654;-60.21245;0.0022944445;None;NO
74380;99.988075;0.8968;sun;On;On;Receiver;Off;62.82081;-59.615215;0.0022944445;None;NO
74390;99.988075;0.8971;sun;On;On;Receiver;Off;62.456615;-59.01713;0.0022944445;None;NO
74400;99.988075;0.8974;sun;On;On;Receiver;Off;62.10333;-58.41825;0.0022944445;None;NO
74410;99.988075;0.8977;sun;On;On;Receiver;Off;61.760345;-57.81861;0.0022944445;None;NO
74420;99.988075;0.898;sun;On;On;Receiver;Off;61.427116;-57.21826;0.0022944445;None;NO
74430;99.988075;0.8983;sun;On;On;Receiver;Off;61.103123;-56.617237;0.0022944445;None;NO
74440;99.988075;0.8986;sun;On;On;Receiver;Off;60.78788;-56.01557;0.0022944445;None;NO
74450;99.988075;0.8989;sun;On;On;Receiver;Off;60.480938;-55.413303;0.0022944445;None;NO
74460;99.988075;0.8992;sun;On;On;Receiver;Off;60.18188;-54.810463;0.0022944445;None;NO
74470;99.988075;0.8995;sun;On;On;Receiver;Off;59.89031;-54.207077;0.0022944445;None;NO
74480;99.988075;0.8998;sun;On;On;Receiver;Off;59.60585;-53.603176;0.0022944445;None;NO
74490;99.988075;0.9001;sun;On;On;Receiver;Off;59.328167;-52.998783;0.0022944445;None;NO
74500;99.988075;0.9004;sun;On;On;Receiver;Off;59.05693;-52.393925;0.0022944445;None;NO
74510;99.988075;0.9007;sun;On;On;Receiver;Off;58.791836;-51.788624;0.0022944445;None;NO
74520;99.988075;0.901;sun;On;On;Receiver;Off;58.532593;-51.182896;0.0022944445;None;NO
74530;99.988075;0.9013;sun;On;On;Receiver;Off;58.278934;-50.57677;0.0022944445;None;NO
74540;99.988075;0.9016;sun;On;On;Receiver;Off;58.030605;-49.970257;0.0022944445;None;NO
74550;99.988075;0.9019;sun;On;On;Receiver;Off;57.78736;-49.363377;0.0022944445;None;NO
74560;99.988075;0.9022;sun;On;On;Receiver;Off;57.548985;-48.75615;0.0022944445;None;NO
74570;99.988075;0.9025;sun;On;On;Receiver;Off;57.31525;-48.148586;0.0022944445;None;NO
74580;99.988075;0.9028;sun;On;On;Receiver;Off;57.085968;-47.540707;0.0022944445;None;NO
74590;99.988075;0.9031;sun;On;On;Receiver;Off;56.860935;-46.932518;0.0022944445;None;NO
74600;99.988075;0.9034;sun;On;On;Receiver;Off;56.63998;-46.32404;0.0022944445;None;NO
74610;99.988075;0.9037;sun;On;On;Receiver;Off;56.422924;-45.71528;0.0022944445;None;NO
74620;99.988075;0.904;sun;On;On;Receiver;Off;56.209606;-45.106255;0.0022944445;None;NO
74630;99.988075;0.9043;sun;On;On;Receiver;Off;55.999874;-44.49697;0.0022944445;None;NO
74640;99.988075;0.9046;sun;On;On;Receiver;Off;55.79358;-43.88744;0.0022944445;None;NO
74650;99.988075;0.9049;sun;On;On;Receiver;Off;55.590584;-43.277676;0.0022944445;None;NO
74660;99.988075;0.9052;sun;On;On;Receiver;Off;55.39075;-42.667686;0.0022944445;None;NO
74670;99.988075;0.9055;sun;On;On;Receiver;Off;55.193962;-42.057476;0.0022944445;None;NO
74680;99.988075;0.9058;sun;On;On;Receiver;Off;55.00009;-41.44706;0.0022944445;None;NO
74690;99.988075;0.9061;sun;On;On;Receiver;Off;54.809025;-40.836445;0.0022944445;None;NO
74700;99.988075;0.9064;sun;On;On;Receiver;Off;54.620655;-40.225636;0.0022944445;None;NO
74710;99.988075;0.9067;sun;On;On;Receiver;Off;54.43488;-39.61464;0.0022944445;None;NO
74720;99.988075;0.907;sun;On;On;Receiver;Off;54.251595;-39.00347;0.0022944445;None;NO
74730;99.988075;0.9073;sun;On;On;Receiver;Off;54.07071;-38.392128;0.0022944445;None;NO
74740;99.988075;0.9076;sun;On;On;Receiver;Off;53.89213;-37.78062;0.0022944445;None;NO
74750;99.988075;0.9079;sun;On;On;Receiver;Off;53.715775;-37.168957;0.0022944445;None;NO
74760;99.988075;0.9082;sun;On;On;Receiver;Off;53.541553;-36.55714;0.0022944445;None;NO
74770;99.988075;0.9085;sun;On;On;Receiver;Off;53.36939;-35.94518;0.0022944445;None;NO
74780;99.988075;0.9088;sun;On;On;Receiver;Off;53.199207;-35.333076;0.0022944445;None;NO
74790;99.988075;0.9091;sun;On;On;Receiver;Off;53.030937;-34.720837;0.0022944445;None;NO
74800;99.988075;0.9094;sun;On;On;Receiver;Off;52.864502;-34.108467;0.0022944445;None;NO
74810;99.988075;0.9097;sun;On;On;Receiver;Off;52.69984;-33.49597;0.0022944445;None;NO
74820;99.988075;0.91;sun;On;On;Receiver;Off;52.536884;-32.883354;0.0022944445;None;NO
74830;99.988075;0.9103;sun;On;On;Receiver;Off;52.375572;-32.270622;0.0022944445;None;NO
74840;99.988075;0.9106;sun;On;On;Receiver;Off;52.215843;-31.657776;0.0022944445;None;NO
74850;99.988075;0.9109;sun;On;On;Receiver;Off;52.057644;-31.04482;0.0022944445;None;NO
74860;99.988075;0.9112;sun;On;On;Receiver;Off;51.900917;-30.431763;0.0022944445;None;NO
74870;99.988075;0.9115;sun;On;On;Receiver;Off;51.745605;-29.818604;0.0022944445;None;NO
74880;99.988075;0.9118;sun;On;On;Receiver;Off;51.591663;-29.205349;0.0022944445;None;NO
74890;99.988075;0.9121;sun;On;On;Receiver;Off;51.439037;-28.592;0.0022944445;None;NO
74900;99.988075;0.9124;sun;On;On;Receiver;Off;51.287685;-27.97856;0.0022944445;None;NO
74910;99.988075;0.9127;sun;On;On;Receiver;Off;51.13755;-27.365034;0.0022944445;None;NO
74920;99.988075;0.913;sun;On;On;Receiver;Off;50.988598;-26.751423;0.0022944445;None;NO
74930;99.988075;0.9133;sun;On;On;Receiver;Off;50.84078;-26.137733;0.0022944445;None;NO
74940;99.988075;0.9136;sun;On;On;Receiver;Off;50.694057;-25.523966;0.0022944445;None;NO
74950;99.988075;0.9139;sun;On;On;Receiver;Off;50.548386;-24.910124;0.0022944445;None;NO
74960;99.988075;0.9142;sun;On;On;Receiver;Off;50.40373;-24.29621;0.0022944445;None;NO
74970;99.988075;0.9145;sun;On;On;Receiver;Off;50.260048;-23.682226;0.0022944445;None;NO
74980;99.988075;0.9148;sun;On;On;Receiver;Off;50.11731;-23.068176;0.0022944445;None;NO
74990;99.988075;0.9151;sun;On;On;Receiver;Off;49.97547;-22.454062;0.0022944445;None;NO
75000;99.988075;0.9154;sun;On;On;Receiver;Off;49.834503;-21.839886;0.0022944445;None;NO
75010;99.988075;0.9157;sun;On;On;Receiver;Off;49.69437;-21.22565;0.0022944445;None;NO
75020;99.988075;0.916;sun;On;On;Receiver;Off;49.55504;-20.61136;0.0022944445;None;NO
75030;99.988075;0.9163;sun;On;On;Receiver;Off;49.41648;-19.997013;0.0022944445;None;NO
75040;99.988075;0.9166;sun;On;On;Receiver;Off;49.27866;-19.382614;0.0022944445;None;NO
75050;99.988075;0.9169;sun;On;On;Receiver;Off;49.141552;-18.768166;0.0022944445;None;NO
75060;99.988075;0.9172;sun;On;On;Receiver;Off;49.00512;-18.153667;0.0022944445;None;NO
75070;99.988075;0.9175;sun;On;On;Receiver;Off;48.86934;-17.539124;0.0022944445;None;NO
75080;99.988075;0.9178;sun;On;On;Receiver;Off;48.734184;-16.924536;0.0022944445;None;NO
75090;99.988075;0.9181;sun;On;On;Receiver;Off;48.599625;-16.309906;0.0022944445;None;NO
75100;99.988075;0.9184;sun;On;On;Receiver;Off;48.465633;-15.695235;0.0022944445;None;NO
75110;99.988075;0.9187;sun;On;On;Receiver;Off;48.332184;-15.080526;0.0022944445;None;NO
75120;99.988075;0.919;sun;On;On;Receiver;Off;48.199253;-14.46578;0.0022944445;None;NO
75130;99.988075;0.9193;sun;On;On;Receiver;Off;48.066814;-13.850999;0.0022944445;None;NO
75140;99.988075;0.9196;sun;On;On;Receiver;Off;47.93484;-13.236184;0.0022944445;None;NO
75150;99.988075;0.9199;sun;On;On;Receiver;Off;47.803314;-12.621339;0.0022944445;None;NO
75160;99.988075;0.9202;sun;On;On;Receiver;Off;47.672203;-12.006462;0.0022944445;None;NO
75170;99.988075;0.9205;sun;On;On;Receiver;Off;47.54149;-11.391559;0.0022944445;None;NO
75180;99.988075;0.9208;sun;On;On;Receiver;Off;47.411148;-10.776628;0.0022944445;None;NO
75190;99.988075;0.9211;sun;On;On;Receiver;Off;47.28116;-10.161672;0.0022944445;None;NO
75200;99.988075;0.9214;sun;On;On;Receiver;Off;47.151493;-9.546692;0.0022944445;None;NO
75210;99.988075;0.9217;sun;On;On;Receiver;Off;47.022137;-8.93169;0.0022944445;None;NO
75220;99.988075;0.922;sun;On;On;Receiver;Off;46.893066;-8.316668;0.0022944445;None;NO
75230;99.988075;0.9223;sun;On;On;Receiver;Off;46.76426;-7.701627;0.0022944445;None;NO
75240;99.988075;0.9226;sun;On;On;Receiver;Off;46.635693;-7.0865684;0.0022944445;None;NO
75250;99.988075;0.9229;sun;On;On;Receiver;Off;46.507347;-6.4714932;0.0022944445;None;NO
75260;99.988075;0.9232;sun;On;On;Receiver;Off;46.3792;-5.856404;0.0022944445;None;NO
75270;99.988075;0.9235;sun;On;On;Receiver;Off;46.251236;-5.2413015;0.0022944445;None;NO
75280;99.988075;0.9238;sun;On;On;Receiver;Off;46.12343;-4.6261873;0.0022944445;None;NO
75290;99.988075;0.9241;sun;On;On;Receiver;Off;45.99576;-4.0110626;0.0022944445;None;NO
75300;99.988075;0.9244;sun;On;On;Receiver;Off;45.868214;-3.3959289;0.0022944445;None;NO
75310;99.988075;0.9247;sun;On;On;Receiver;Off;45.740765;-2.7807875;0.0022944445;None;NO
75320;99.988075;0.925;sun;On;On;Receiver;Off;45.613396;-2.16564;0.0022944445;None;NO
75330;99.988075;0.9253;sun;On;On;Receiver;Off;45.486084;-1.5504878;0.0022944445;None;NO
75340;99.988075;0.9256;sun;On;On;Receiver;Off;45.358814;-0.935332;0.0022944445;None;NO
75350;99.988075;0.9259;sun;On;On;Receiver;Off;45.231564;-0.32017422;0.0022944445;None;NO
75360;99.988075;0.9262;sun;On;On;Receiver;Off;45.104313;0.29498428;0.0022944445;None;NO
75370;99.988075;0.9265;sun;On;On;Receiver;Off;44.977043;0.9101422;0.0022944445;None;NO
75380;99.988075;0.9268;sun;On;On;Receiver;Off;44.84973;1.525298;0.0022944445;None;NO
75390;99.988075;0.9271;sun;On;On;Receiver;Off;44.722366;2.1404505;0.0022944445;None;NO
75400;99.988075;0.9274;sun;On;On;Receiver;Off;44.594917;2.755598;0.0022944445;None;NO
75410;99.988075;0.9277;sun;On;On;Receiver;Off;44.467373;3.3707397;0.0022944445;None;NO
75420;99.988075;0.928;sun;On;On;Receiver;Off;44.33971;3.9858737;0.0022944445;None;NO
75430;99.988075;0.9283;sun;On;On;Receiver;Off;44.211906;4.600999;0.0022944445;None;NO
75440;99.988075;0.9286;sun;On;On;Receiver;Off;44.083942;5.2161136;0.0022944445;None;NO
75450;99.988075;0.9289;sun;On;On;Receiver;Off;43.955803;5.831217;0.0022944445;None;NO
75460;99.988075;0.9292;sun;On;On;Receiver;Off;43.82746;6.4463067;0.0022944445;None;NO
75470;99.988075;0.9295;sun;On;On;Receiver;Off;43.6989;7.061382;0.0022944445;None;NO
75480;99.988075;0.9298;sun;On;On;Receiver;Off;43.570095;7.676441;0.0022944445;None;NO
75490;99.988075;0.9301;sun;On;On;Receiver;Off;43.44103;8.291483;0.0022944445;None;NO
75500;99.988075;0.9304;sun;On;On;Receiver;Off;43.31168;8.906507;0.0022944445;None;NO
75510;99.988075;0.9307;sun;On;On;Receiver;Off;43.182026;9.521508;0.0022944445;None;NO
75520;99.988075;0.931;sun;On;On;Receiver;Off;43.05204;10.136489;0.0022944445;None;NO
75530;99.988075;0.9313;sun;On;On;Receiver;Off;42.921707;10.751446;0.0022944445;None;NO
75540;99.988075;0.9316;sun;On;On;Receiver;Off;42.791004;11.366378;0.0022944445;None;NO
75550;99.988075;0.9319;sun;On;On;Receiver;Off;42.6599;11.981283;0.0022944445;None;NO
75560;99.988075;0.9322;sun;On;On;Receiver;Off;42.52838;12.596161;0.0022944445;None;NO
75570;99.988075;0.9325;sun;On;On;Receiver;Off;42.39642;13.211008;0.0022944445;None;NO
75580;99.988075;0.9328;sun;On;On;Receiver;Off;42.26399;13.825824;0.0022944445;None;NO
75590;99.988075;0.9331;sun;On;On;Receiver;Off;42.13107;14.440606;0.0022944445;None;NO
75600;99.988075;0.9334;sun;On;On;Receiver;Off;41.99763;15.055354;0.0022944445;None;NO
75610;99.988075;0.9337;sun;On;On;Receiver;Off;41.86365;15.670065;0.0022944445;None;NO
75620;99.988075;0.934;sun;On;On;Receiver;Off;41.729107;16.284737;0.0022944445;None;NO
75630;99.988075;0.9343;sun;On;On;Receiver;Off;41.593964;16.899368;0.0022944445;None;NO
75640;99.988075;0.9346;sun;On;On;Receiver;Off;41.4582;17.513958;0.0022944445;None;NO
75650;99.988075;0.9349;sun;On;On;Receiver;Off;41.32178;18.128504;0.0022944445;None;NO
75660;99.988075;0.9352;sun;On;On;Receiver;Off;41.184685;18.743004;0.0022944445;None;NO
75670;99.988075;0.9355;sun;On;On;Receiver;Off;41.046883;19.357454;0.0022944445;None;NO
75680;99.988075;0.9358;sun;On;On;Receiver;Off;40.90834;19.971855;0.0022944445;None;NO
75690;99.988075;0.9361;sun;On;On;Receiver;Off;40.769024;20.586205;0.0022944445;None;NO
75700;99.988075;0.9364;sun;On;On;Receiver;Off;40.62891;21.200499;0.0022944445;None;NO
75710;99.988075;0.9367;sun;On;On;Receiver;Off;40.48796;21.814735;0.0022944445;None;NO
75720;99.988075;0.937;sun;On;On;Receiver;Off;40.34614;22.428913;0.0022944445;None;NO
75730;99.988075;0.9373;sun;On;On;Receiver;Off;40.203423;23.04303;0.0022944445;None;NO
75740;99.988075;0.9376;sun;On;On;Receiver;Off;40.05976;23.657084;0.0022944445;None;NO
75750;99.988075;0.9379;sun;On;On;Receiver;Off;39.915127;24.271069;0.0022944445;None;NO
75760;99.988075;0.9382;sun;On;On;Receiver;Off;39.769478;24.884985;0.0022944445;None;NO
75770;99.988075;0.9385;sun;On;On;Receiver;Off;39.62278;25.49883;0.0022944445;None;NO
75780;99.988075;0.9388;sun;On;On;Receiver;Off;39.474983;26.112602;0.0022944445;None;NO
75790;99.988075;0.9391;sun;On;On;Receiver;Off;39.326057;26.726295;0.0022944445;None;NO
75800;99.988075;0.9394;sun;On;On;Receiver;Off;39.17595;27.339909;0.0022944445;None;NO
75810;99.988075;0.9397;sun;On;On;Receiver;Off;39.02462;27.953438;0.0022944445;None;NO
75820;99.988075;0.94;sun;On;On;Receiver;Off;38.872025;28.566881;0.0022944445;None;NO
75830;99.988075;0.9403;sun;On;On;Receiver;Off;38.718113;29.180235;0.0022944445;None;NO
75840;99.988075;0.9406;sun;On;On;Receiver;Off;38.56283;29.793493;0.0022944445;None;NO
75850;99.988075;0.9409;sun;On;On;Receiver;Off;38.406136;30.406656;0.0022944445;None;NO
75860;99.988075;0.9412;sun;On;On;Receiver;Off;38.247967;31.01972;0.0022944445;None;NO
75870;99.988075;0.9415;sun;On;On;Receiver;Off;38.088272;31.632677;0.0022944445;None;NO
75880;99.988075;0.9418;sun;On;On;Receiver;Off;37.927;32.24553;0.0022944445;None;NO
75890;99.988075;0.9421;sun;On;On;Receiver;Off;37.764076;32.858265;0.0022944445;None;NO
75900;99.988075;0.9424;sun;On;On;Receiver;Off;37.599453;33.470886;0.0022944445;None;NO
75910;99.988075;0.9427;sun;On;On;Receiver;Off;37.433056;34.08339;0.0022944445;None;NO
75920;99.988075;0.943;sun;On;On;Receiver;Off;37.264824;34.695763;0.0022944445;None;NO
75930;99.988075;0.9433;sun;On;On;Receiver;Off;37.094685;35.308006;0.0022944445;None;NO
75940;99.988075;0.9436;sun;On;On;Receiver;Off;36.922565;35.920116;0.0022944445;None;NO
75950;99.988075;0.9439;sun;On;On;Receiver;Off;36.74839;36.532085;0.0022944445;None;NO
75960;99.988075;0.9442;sun;On;On;Receiver;Off;36.572083;37.143906;0.0022944445;None;NO
75970;99.988075;0.9445;sun;On;On;Receiver;Off;36.39355;37.755577;0.0022944445;None;NO
75980;99.988075;0.9448;sun;On;On;Receiver;Off;36.212715;38.367092;0.0022944445;None;NO
75990;99.988075;0.9451;sun;On;On;Receiver;Off;36.029484;38.97844;0.0022944445;None;NO
76000;99.988075;0.9454;sun;On;On;Receiver;Off;35.84376;39.58962;0.0022944445;None;NO
76010;99.988075;0.9457;sun;On;On;Receiver;Off;35.655453;40.20062;0.0022944445;None;NO
76020;99.988075;0.946;sun;On;On;Receiver;Off;35.464447;40.811436;0.0022944445;None;NO
76030;99.988075;0.9463;sun;On;On;Receiver;Off;35.270638;41.42206;0.0022944445;None;NO
76040;99.988075;0.9466;sun;On;On;Receiver;Off;35.07391;42.032486;0.0022944445;None;NO
76050;99.988075;0.9469;sun;On;On;Receiver;Off;34.874146;42.6427;0.0022944445;None;NO
76060;99.988075;0.9472;sun;On;On;Receiver;Off;34.67122;43.2527;0.0022944445;None;NO
76070;99.988075;0.9475;sun;On;On;Receiver;Off;34.465;43.862476;0.0022944445;None;NO
76080;99.988075;0.9478;sun;On;On;Receiver;Off;34.25534;44.472015;0.0022944445;None;NO
76090;99.988075;0.9481;sun;On;On;Receiver;Off;34.042103;45.08131;0.0022944445;None;NO
76100;99.988075;0.9484;sun;On;On;Receiver;Off;33.82513;45.690346;0.0022944445;None;NO
76110;99.988075;0.9487;sun;On;On;Receiver;Off;33.60426;46.299118;0.0022944445;None;NO
76120;99.988075;0.949;sun;On;On;Receiver;Off;33.37932;46.907608;0.0022944445;None;NO
76130;99.988075;0.9493;sun;On;On;Receiver;Off;33.150127;47.51581;0.0022944445;None;NO
76140;99.988075;0.9496;sun;On;On;Receiver;Off;32.916496;48.123703;0.0022944445;None;NO
76150;99.988075;0.9499;sun;On;On;Receiver;Off;32.67822;48.731277;0.0022944445;None;NO
76160;99.988075;0.9502;sun;On;On;Receiver;Off;32.435085;49.33852;0.0022944445;None;NO
76170;99.988075;0.9505;sun;On;On;Receiver;Off;32.186867;49.94541;0.0022944445;None;NO
76180;99.988075;0.9508;sun;On;On;Receiver;Off;31.933329;50.55194;0.0022944445;None;NO
76190;99.988075;0.9511;sun;On;On;Receiver;Off;31.67421;51.158085;0.0022944445;None;NO
76200;99.988075;0.9514;sun;On;On;Receiver;Off;31.409243;51.76383;0.0022944445;None;NO
76210;99.988075;0.9517;sun;On;On;Receiver;Off;31.138142;52.36915;0.0022944445;None;NO
76220;99.988075;0.952;sun;On;On;Receiver;Off;30.860601;52.974026;0.0022944445;None;NO
76230;99.988075;0.9523;sun;On;On;Receiver;Off;30.576296;53.578438;0.0022944445;None;NO
76240;99.988075;0.9526;sun;On;On;Receiver;Off;30.284882;54.182358;0.0022944445;None;NO
76250;99.988075;0.9529;sun;On;On;Receiver;Off;29.985989;54.785767;0.0022944445;None;NO
76260;99.988075;0.9532;sun;On;On;Receiver;Off;29.679222;55.38863;0.0022944445;None;NO
76270;99.988075;0.9535;sun;On;On;Receiver;Off;29.364164;55.99092;0.0022944445;None;NO
76280;99.988075;0.9538;sun;On;On;Receiver;Off;29.040363;56.59261;0.0022944445;None;NO
76290;99.988075;0.9541;sun;On;On;Receiver;Off;28.707338;57.193665;0.0022944445;None;NO
76300;99.988075;0.9544;sun;On;On;Receiver;Off;28.364574;57.794044;0.0022944445;None;NO
76310;99.988075;0.9547;sun;On;On;Receiver;Off;28.011515;58.39371;0.0022944445;None;NO
76320;99.988075;0.955;sun;On;On;Receiver;Off;27.647568;58.992626;0.0022944445;None;NO
76330;99.988075;0.9553;sun;On;On;Receiver;Off;27.27209;59.59074;0.0022944445;None;NO
76340;99.988075;0.9556;sun;On;On;Receiver;Off;26.884398;60.188007;0.0022944445;None;NO
76350;99.988075;0.9559;sun;On;On;Receiver;Off;26.483744;60.784378;0.0022944445;None;NO
76360;99.988075;0.9562;sun;On;On;Receiver;Off;26.069326;61.37979;0.0022944445;None;NO
76370;99.988075;0.9565;sun;On;On;Receiver;Off;25.640282;61.97419;0.0022944445;None;NO
76380;99.988075;0.9568;sun;On;On;Receiver;Off;25.195671;62.5675;0.0022944445;None;NO
76390;99.988075;0.9571;sun;On;On;Receiver;Off;24.734476;63.15966;0.0022944445;None;NO
76400;99.988075;0.9574;sun;On;On;Receiver;Off;24.255598;63.75058;0.0022944445;None;NO
76410;99.988075;0.9577;sun;On;On;Receiver;Off;23.757837;64.34018;0.0022944445;None;NO
76420;99.988075;0.958;sun;On;On;Receiver;Off;23.239891;64.92837;0.0022944445;None;NO
76430;99.988075;0.9583;sun;On;On;Receiver;Off;22.70034;65.515045;0.0022944445;None;NO
76440;99.988075;0.9586;sun;On;On;Receiver;Off;22.137632;66.10009;0.0022944445;None;NO
76450;99.988075;0.9589;sun;On;On;Receiver;Off;21.55008;66.68338;0.0022944445;None;NO
76460;99.988075;0.9592;sun;On;On;Receiver;Off;20.935823;67.264786;0.0022944445;None;NO
76470;99.988075;0.9595;sun;On;On;Receiver;Off;20.292837;67.844154;0.0022944445;None;NO
76480;99.988075;0.9598;sun;On;On;Receiver;Off;19.618893;68.421326;0.0022944445;None;NO
76490;99.988075;0.9601;sun;On;On;Receiver;Off;18.911541;68.99612;0.0022944445;None;NO
76500;99.988075;0.9604;sun;On;On;Receiver;Off;18.168089;69.56832;0.0022944445;None;NO
76510;99.988075;0.9607;sun;On;On;Receiver;Off;17.385565;70.137726;0.0022944445;None;NO
76520;99.988075;0.961;sun;On;On;Receiver;Off;16.560692;70.70407;0.0022944445;None;NO
76530;99.988075;0.9613;sun;On;On;Receiver;Off;15.689855;71.26708;0.0022944445;None;NO
76540;99.988075;0.9616;sun;On;On;Receiver;Off;14.769047;71.826454;0.0022944445;None;NO
76550;99.988075;0.9619;sun;On;On;Receiver;Off;13.7938385;72.381836;0.0022944445;None;NO
76560;99.988075;0.9622;sun;On;On;Receiver;Off;12.759323;72.93284;0.0022944445;None;NO
76570;99.988075;0.9625;sun;On;On;Receiver;Off;11.660064;73.47902;0.0022944445;None;NO
76580;99.988075;0.9628;sun;On;On;Receiver;Off;10.490035;74.01989;0.0022944445;None;NO
76590;99.988075;0.9631;sun;On;On;Receiver;Off;9.242562;74.55489;0.0022944445;None;NO
76600;99.988075;0.9634;sun;On;On;Receiver;Off;7.910262;75.08339;0.0022944445;None;NO
76610;99.988075;0.9637;sun;On;On;Receiver;Off;6.484976;75.60466;0.0022944445;None;NO
76620;99.988075;0.964;sun;On;On;Receiver;Off;4.957718;76.117905;0.0022944445;None;NO
76630;99.988075;0.9643;sun;On;On;Receiver;Off;3.3186285;76.622185;0.0022944445;None;NO
76640;99.988075;0.9646;sun;On;On;Receiver;Off;1.5569508;77.11646;0.0022944445;None;NO
76650;99.988075;0.9649;sun;On;On;Receiver;Off;-0.33895966;77.599525;0.0022944445;None;NO
76660;99.988075;0.9652;sun;On;On;Receiver;Off;-2.3815718;78.070015;0.0022944445;None;NO
76670;99.988075;0.9655;sun;On;On;Receiver;Off;-4.5840397;78.5264;0.0022944445;None;NO
76680;99.988075;0.9658;sun;On;On;Receiver;Off;-6.9599533;78.9669;0.0022944445;None;NO
76690;99.988075;0.9661;sun;On;On;Receiver;Off;-9.522944;79.389565;0.0022944445;None;NO
76700;99.988075;0.9664;sun;On;On;Receiver;Off;-12.2860985;79.79216;0.0022944445;None;NO
76710;99.988075;0.9667;sun;On;On;Receiver;Off;-15.261133;80.172226;0.0022944445;None;NO
76720;99.988075;0.967;sun;On;On;Receiver;Off;-18.457317;80.52705;0.0022944445;None;NO
76730;99.988075;0.9673;sun;On;On;Receiver;Off;-21.880116;80.85369;0.0022944445;None;NO
76740;99.988075;0.9676;sun;On;On;Receiver;Off;-25.529615;81.14903;0.0022944445;None;NO
76750;99.988075;0.9679;sun;On;On;Receiver;Off;-29.398878;81.40984;0.0022944445;None;NO
76760;99.988075;0.9682;sun;On;On;Receiver;Off;-33.472424;81.63289;0.0022944445;None;NO
76770;99.988075;0.9685;sun;On;On;Receiver;Off;-37.725174;81.815094;0.0022944445;None;NO
76780;99.988075;0.9688;sun;On;On;Receiver;Off;-42.122242;81.95367;0.0022944445;None;NO
76790;99.988075;0.9691;sun;On;On;Receiver;Off;-46.619835;82.04633;0.0022944445;None;NO
76800;99.988075;0.9694;sun;On;On;Receiver;Off;-51.1674;82.091484;0.0022944445;None;NO
76810;99.988075;0.9697;sun;On;On;Receiver;Off;-55.71085;82.0883;0.0022944445;None;NO
76820;99.988075;0.97;sun;On;On;Receiver;Off;-60.196404;82.03685;0.0022944445;None;NO
76830;99.988075;0.9703;sun;On;On;Receiver;Off;-64.57433;81.93804;0.0022944445;None;NO
76840;99.988075;0.9706;sun;On;On;Receiver;Off;-68.80208;81.793594;0.0022944445;None;NO
76850;99.988075;0.9709;sun;On;On;Receiver;Off;-72.846214;81.605865;0.0022944445;None;NO
76860;99.988075;0.9712;sun;On;On;Receiver;Off;-76.683136;81.37767;0.0022944445;None;NO
76870;99.988075;0.9715;sun;On;On;Receiver;Off;-80.29874;81.112144;0.0022944445;None;NO
76880;99.988075;0.9718;sun;On;On;Receiver;Off;-83.68724;80.81251;0.0022944445;None;NO
76890;99.988075;0.9721;sun;On;On;Receiver;Off;-86.84965;80.48199;0.0022944445;None;NO
76900;99.988075;0.9724;sun;On;On;Receiver;Off;-89.7921;80.12369;0.0022944445;None;NO
76910;99.988075;0.9727;sun;On;On;Receiver;Off;-92.52431;79.74051;0.0022944445;None;NO
76920;99.988075;0.973;sun;On;On;Receiver;Off;-95.05826;79.335144;0.0022944445;None;NO
76930;99.988075;0.9733;sun;On;On;Receiver;Off;-97.407166;78.91002;0.0022944445;None;NO
76940;99.988075;0.9736;sun;On;On;Receiver;Off;-99.58469;78.46732;0.0022944445;None;NO
76950;99.988075;0.9739;sun;On;On;Receiver;Off;-101.60437;78.008995;0.0022944445;None;NO
76960;99.988075;0.9742;sun;On;On;Receiver;Off;-103.47929;77.536766;0.0022944445;None;NO
76970;99.988075;0.9745;sun;On;On;Receiver;Off;-105.22177;77.052155;0.0022944445;None;NO
76980;99.988075;0.9748;sun;On;On;Receiver;Off;-106.843346;76.5565;0.0022944445;None;NO
76990;99.988075;0.9751;sun;On;On;Receiver;Off;-108.35464;76.05099;0.0022944445;None;NO
77000;99.988075;0.9754;sun;On;On;Receiver;Off;-109.76536;75.53664;0.0022944445;None;NO
77010;99.988075;0.9757;sun;On;On;Receiver;Off;-111.08438;75.014366;0.0022944445;None;NO
77020;99.988075;0.976;sun;On;On;Receiver;Off;-112.31973;74.48498;0.0022944445;None;NO
77030;99.988075;0.9763;sun;On;On;Receiver;Off;-113.47869;73.94917;0.0022944445;None;NO
77040;99.988075;0.9766;sun;On;On;Receiver;Off;-114.567825;73.40758;0.0022944445;None;NO
77050;99.988075;0.9769;sun;On;On;Receiver;Off;-115.59307;72.86073;0.0022944445;None;NO
77060;99.988075;0.9772;sun;On;On;Receiver;Off;-116.559784;72.309135;0.0022944445;None;NO
77070;99.988075;0.9775;sun;On;On;Receiver;Off;-117.472786;71.753204;0.0022944445;None;NO
77080;99.988075;0.9778;sun;On;On;Receiver;Off;-118.33646;71.19334;0.0022944445;None;NO
77090;99.97615;0.9781;ecl;On;On;Receiver;Off;-119.154724;70.62987;0.0022944445;None;NO
77100;99.964226;0.9784;ecl;On;On;Receiver;Off;-119.93116;70.06311;0.0022944445;None;NO
77110;99.9523;0.9787;ecl;On;On;Receiver;Off;-120.66899;69.493324;0.0022944445;None;NO
77120;99.94038;0.979;ecl;On;On;Receiver;Off;-121.37115;68.92077;0.0022944445;None;NO
77130;99.928444;0.9793;ecl;On;On;Receiver;Off;-122.040276;68.34565;0.0022944445;None;NO
77140;99.91652;0.9796;ecl;On;On;Receiver;Off;-122.678795;67.76818;0.0022944445;None;NO
77150;99.904594;0.9799;ecl;On;On;Receiver;Off;-123.2889;67.18854;0.0022944445;None;NO
77160;99.89267;0.9802;ecl;On;On;Receiver;Off;-123.872604;66.60687;0.0022944445;None;NO
77170;99.880745;0.9805;ecl;On;On;Receiver;Off;-124.43172;66.023346;0.0022944445;None;NO
77180;99.86882;0.9808;ecl;On;On;Receiver;Off;-124.96792;65.43808;0.0022944445;None;NO
77190;99.856895;0.9811;ecl;On;On;Receiver;Off;-125.482735;64.851204;0.0022944445;None;NO
77200;99.84497;0.9814;ecl;On;On;Receiver;Off;-125.97757;64.262825;0.0022944445;None;NO
77210;99.833046;0.9817;ecl;On;On;Receiver;Off;-126.45371;63.673042;0.0022944445;None;NO
77220;99.82112;0.982;ecl;On;On;Receiver;Off;-126.91234;63.081955;0.0022944445;None;NO
77230;99.8092;0.9823;ecl;On;On;Receiver;Off;-127.35454;62.48964;0.0022944445;None;NO
77240;99.79727;0.9826;ecl;On;On;Receiver;Off;-127.78133;61.89618;0.0022944445;None;NO
77250;99.78534;0.9829;ecl;On;On;Receiver;Off;-128.19362;61.301647;0.0022944445;None;NO
77260;99.773415;0.9832;ecl;On;On;Receiver;Off;-128.59227;60.706104;0.0022944445;None;NO
77270;99.76149;0.9835;ecl;On;On;Receiver;Off;-128.97807;60.109615;0.0022944445;None;NO
77280;99.749565;0.9838;ecl;On;On;Receiver;Off;-129.35178;59.51223;0.0022944445;None;NO
77290;99.73764;0.9841;ecl;On;On;Receiver;Off;-129.71404;58.91401;0.0022944445;None;NO
77300;99.725716;0.9844;ecl;On;On;Receiver;Off;-130.0655;58.31499;0.0022944445;None;NO
77310;99.71379;0.9847;ecl;On;On;Receiver;Off;-130.40677;57.71523;0.0022944445;None;NO
77320;99.701866;0.985;ecl;On;On;Receiver;Off;-130.73837;57.114758;0.0022944445;None;NO
77330;99.68994;0.9853;ecl;On;On;Receiver;Off;-131.06082;56.513622;0.0022944445;None;NO
77340;99.67802;0.9856;ecl;On;On;Receiver;Off;-131.3746;55.91185;0.0022944445;None;NO
77350;99.66609;0.9859;ecl;On;On;Receiver;Off;-131.68016;55.309483;0.0022944445;None;NO
77360;99.65417;0.9862;ecl;On;On;Receiver;Off;-131.9779;54.706543;0.0022944445;None;NO
77370;99.642235;0.9865;ecl;On;On;Receiver;Off;-132.26822;54.10307;0.0022944445;None;NO
77380;99.63031;0.9868;ecl;On;On;Receiver;Off;-132.55148;53.49908;0.0022944445;None;NO
77390;99.618385;0.9871;ecl;On;On;Receiver;Off;-132.82803;52.894604;0.0022944445;None;NO
77400;99.60646;0.9874;ecl;On;On;Receiver;Off;-133.09819;52.28967;0.0022944445;None;NO
77410;99.594536;0.9877;ecl;On;On;Receiver;Off;-133.36226;51.68429;0.0022944445;None;NO
77420;99.58261;0.988;ecl;On;On;Receiver;Off;-133.62053;51.078495;0.0022944445;None;NO
77430;99.57069;0.9883;ecl;On;On;Receiver;Off;-133.87325;50.4723;0.0022944445;None;NO
77440;99.55876;0.9886;ecl;On;On;Receiver;Off;-134.12068;49.865723;0.0022944445;None;NO
77450;99.54684;0.9889;ecl;On;On;Receiver;Off;-134.36307;49.258785;0.0022944445;None;NO
77460;99.53491;0.9892;ecl;On;On;Receiver;Off;-134.60063;48.651497;0.0022944445;None;NO
77470;99.52299;0.9895;ecl;On;On;Receiver;Off;-134.83359;48.043877;0.0022944445;None;NO
77480;99.51106;0.9898;ecl;On;On;Receiver;Off;-135.06213;47.435944;0.0022944445;None;NO
77490;99.49913;0.9901;ecl;On;On;Receiver;Off;-135.28644;46.827705;0.0022944445;None;NO
77500;99.487206;0.9904;ecl;On;On;Receiver;Off;-135.50671;46.219177;0.0022944445;None;NO
77510;99.47528;0.9907;ecl;On;On;Receiver;Off;-135.72311;45.61037;0.0022944445;None;NO
77520;99.463356;0.991;ecl;On;On;Receiver;Off;-135.9358;45.001297;0.0022944445;None;NO
77530;99.45143;0.9913;ecl;On;On;Receiver;Off;-136.14493;44.39197;0.0022944445;None;NO
77540;99.43951;0.9916;ecl;On;On;Receiver;Off;-136.35065;43.782402;0.0022944445;None;NO
77550;99.42758;0.9919;ecl;On;On;Receiver;Off;-136.5531;43.172596;0.0022944445;None;NO
77560;99.41566;0.9922;ecl;On;On;Receiver;Off;-136.7524;42.56257;0.0022944445;None;NO
77570;99.40373;0.9925;ecl;On;On;Receiver;Off;-136.94867;41.952324;0.0022944445;None;NO
77580;99.39181;0.9928;ecl;On;On;Receiver;Off;-137.14204;41.34187;0.0022944445;None;NO
77590;99.37988;0.9931;ecl;On;On;Receiver;Off;-137.33264;40.73122;0.0022944445;None;NO
77600;99.36796;0.9934;ecl;On;On;Receiver;Off;-137.52055;40.12038;0.0022944445;None;NO
77610;99.356026;0.9937;ecl;On;On;Receiver;Off;-137.7059;39.509354;0.0022944445;None;NO
77620;99.3441;0.994;ecl;On;On;Receiver;Off;-137.88876;38.898155;0.0022944445;None;NO
77630;99.33218;0.9943;ecl;On;On;Receiver;Off;-138.06924;38.28678;0.0022944445;None;NO
77640;99.32025;0.9946;ecl;On;On;Receiver;Off;-138.24744;37.67525;0.0022944445;None;NO
77650;99.30833;0.9949;ecl;On;On;Receiver;Off;-138.42342;37.063557;0.0022944445;None;NO
77660;99.2964;0.9952;ecl;On;On;Receiver;Off;-138.59727;36.451717;0.0022944445;None;NO
77670;99.28448;0.9955;ecl;On;On;Receiver;Off;-138.76909;35.83973;0.0022944445;None;NO
77680;99.27255;0.9958;ecl;On;On;Receiver;Off;-138.93895;35.227604;0.0022944445;None;NO
77690;99.26063;0.9961;ecl;On;On;Receiver;Off;-139.10689;34.61534;0.0022944445;None;NO
77700;99.2487;0.9964;ecl;On;On;Receiver;Off;-139.27301;34.00295;0.0022944445;None;NO
77710;99.23678;0.9967;ecl;On;On;Receiver;Off;-139.43738;33.39043;0.0022944445;None;NO
77720;99.22485;0.997;ecl;On;On;Receiver;Off;-139.60005;32.777794;0.0022944445;None;NO
77730;99.21292;0.9973;ecl;On;On;Receiver;Off;-139.76108;32.165043;0.0022944445;None;NO
77740;99.201;0.9976;ecl;On;On;Receiver;Off;-139.92055;31.552177;0.0022944445;None;NO
77750;99.18907;0.9979;ecl;On;On;Receiver;Off;-140.07849;30.939205;0.0022944445;None;NO
77760;99.17715;0.9982;ecl;On;On;Receiver;Off;-140.23497;30.32613;0.0022944445;None;NO
77770;99.16522;0.9985;ecl;On;On;Receiver;Off;-140.39005;29.712954;0.0022944445;None;NO
77780;99.1533;0.9988;ecl;On;On;Receiver;Off;-140.54375;29.099682;0.0022944445;None;NO
77790;99.14137;0.9991;ecl;On;On;Receiver;Off;-140.69615;28.486317;0.0022944445;None;NO
77800;99.12945;0.9994;ecl;On;On;Receiver;Off;-140.84729;27.872862;0.0022944445;None;NO
77810;99.11752;0.9997;ecl;On;On;Receiver;Off;-140.99722;27.259321;0.0022944445;None;NO
77820;99.1056;1;ecl;On;On;Receiver;Off;-141.14598;26.645697;0.0022944445;None;NO
77830;99.09367;1.0003;ecl;On;On;Receiver;Off;-141.2936;26.031994;0.0022944445;None;NO
77840;99.08175;1.0006;ecl;On;On;Receiver;Off;-141.44014;25.418213;0.0022944445;None;NO
77850;99.06982;1.0009;ecl;On;On;Receiver;Off;-141.58563;24.804358;0.0022944445;None;NO
77860;99.05789;1.0012;ecl;On;On;Receiver;Off;-141.73012;24.190432;0.0022944445;None;NO
77870;99.04597;1.0015;ecl;On;On;Receiver;Off;-141.87364;23.576437;0.0022944445;None;NO
77880;99.03404;1.0018;ecl;On;On;Receiver;Off;-142.01622;22.962376;0.0022944445;None;NO
77890;99.02212;1.0021;ecl;On;On;Receiver;Off;-142.1579;22.34825;0.0022944445;None;NO
77900;99.01019;1.0024;ecl;On;On;Receiver;Off;-142.29872;21.734064;0.0022944445;None;NO
77910;98.99827;1.0027;ecl;On;On;Receiver;Off;-142.43872;21.11982;0.0022944445;None;NO
77920;98.98634;1.003;ecl;On;On;Receiver;Off;-142.57791;20.505518;0.0022944445;None;NO
77930;98.97442;1.0033;ecl;On;On;Receiver;Off;-142.71634;19.891163;0.0022944445;None;NO
77940;98.962494;1.0036;ecl;On;On;Receiver;Off;-142.85403;19.276754;0.0022944445;None;NO
77950;98.95057;1.0039;ecl;On;On;Receiver;Off;-142.99103;18.662298;0.0022944445;None;NO
77960;98.93864;1.0042;ecl;On;On;Receiver;Off;-143.12735;18.047792;0.0022944445;None;NO
77970;98.92671;1.0045;ecl;On;On;Receiver;Off;-143.26302;17.43324;0.0022944445;None;NO
77980;98.91479;1.0048;ecl;On;On;Receiver;Off;-143.39807;16.818645;0.0022944445;None;NO
77990;98.90286;1.0051;ecl;On;On;Receiver;Off;-143.53253;16.204008;0.0022944445;None;NO
78000;98.89094;1.0054;ecl;On;On;Receiver;Off;-143.66643;15.589331;0.0022944445;None;NO
78010;98.87901;1.0057;ecl;On;On;Receiver;Off;-143.79977;14.974614;0.0022944445;None;NO
78020;98.86709;1.006;ecl;On;On;Receiver;Off;-143.93262;14.359862;0.0022944445;None;NO
78030;98.85516;1.0063;ecl;On;On;Receiver;Off;-144.06499;13.745075;0.0022944445;None;NO
78040;98.84324;1.0066;ecl;On;On;Receiver;Off;-144.19687;13.130256;0.0022944445;None;NO
78050;98.831314;1.0069;ecl;On;On;Receiver;Off;-144.32834;12.515404;0.0022944445;None;NO
78060;98.81939;1.0072;ecl;On;On;Receiver;Off;-144.45937;11.900523;0.0022944445;None;NO
78070;98.807465;1.0075;ecl;On;On;Receiver;Off;-144.59003;11.285614;0.0022944445;None;NO
78080;98.79553;1.0078;ecl;On;On;Receiver;Off;-144.72029;10.670679;0.0022944445;None;NO
78090;98.78361;1.0081;ecl;On;On;Receiver;Off;-144.85023;10.055718;0.0022944445;None;NO
78100;98.77168;1.0084;ecl;On;On;Receiver;Off;-144.97984;9.440735;0.0022944445;None;NO
78110;98.75976;1.0087;ecl;On;On;Receiver;Off;-145.10915;8.825729;0.0022944445;None;NO
78120;98.74783;1.009;ecl;On;On;Receiver;Off;-145.23817;8.210704;0.0022944445;None;NO
78130;98.73591;1.0093;ecl;On;On;Receiver;Off;-145.36693;7.5956597;0.0022944445;None;NO
78140;98.72398;1.0096;ecl;On;On;Receiver;Off;-145.49547;6.9805984;0.0022944445;None;NO
78150;98.71206;1.0099;ecl;On;On;Receiver;Off;-145.62378;6.365521;0.0022944445;None;NO
78160;98.700134;1.0102;ecl;On;On;Receiver;Off;-145.75189;5.750429;0.0022944445;None;NO
78170;98.68821;1.0105;ecl;On;On;Receiver;Off;-145.87982;5.1353245;0.0022944445;None;NO
78180;98.676285;1.0108;ecl;On;On;Receiver;Off;-146.0076;4.5202084;0.0022944445;None;NO
78190;98.66436;1.0111;ecl;On;On;Receiver;Off;-146.13525;3.905082;0.0022944445;None;NO
78200;98.65243;1.0114;ecl;On;On;Receiver;Off;-146.26277;3.2899468;0.0022944445;None;NO
78210;98.6405;1.0117;ecl;On;On;Receiver;Off;-146.39021;2.6748044;0.0022944445;None;NO
78220;98.62858;1.012;ecl;On;On;Receiver;Off;-146.51756;2.0596561;0.0022944445;None;NO
78230;98.61665;1.0123;ecl;On;On;Receiver;Off;-146.64487;1.4445031;0.0022944445;None;NO
78240;98.60473;1.0126;ecl;On;On;Receiver;Off;-146.77214;0.82934695;0.0022944445;None;NO
78250;98.592804;1.0129;ecl;On;On;Receiver;Off;-146.89938;0.21418892;0.0022944445;None;NO
78260;98.58088;1.0132;ecl;On;On;Receiver;Off;-147.02664;-0.4009696;0.0022944445;None;NO
78270;98.568954;1.0135;ecl;On;On;Receiver;Off;-147.15392;-1.0161272;0.0022944445;None;NO
78280;98.55703;1.0138;ecl;On;On;Receiver;Off;-147.28123;-1.6312826;0.0022944445;None;NO
78290;98.545105;1.0141;ecl;On;On;Receiver;Off;-147.40862;-2.2464342;0.0022944445;None;NO
78300;98.53318;1.0144;ecl;On;On;Receiver;Off;-147.53607;-2.861581;0.0022944445;None;NO
78310;98.521255;1.0147;ecl;On;On;Receiver;Off;-147.66364;-3.4767213;0.0022944445;None;NO
78320;98.50932;1.015;ecl;On;On;Receiver;Off;-147.79132;-4.091854;0.0022944445;None;NO
78330;98.4974;1.0153;ecl;On;On;Receiver;Off;-147.91916;-4.7069774;0.0022944445;None;NO
78340;98.48547;1.0156;ecl;On;On;Receiver;Off;-148.04715;-5.32209;0.0022944445;None;NO
78350;98.47355;1.0159;ecl;On;On;Receiver;Off;-148.17532;-5.937191;0.0022944445;None;NO
78360;98.461624;1.0162;ecl;On;On;Receiver;Off;-148.3037;-6.5522785;0.0022944445;None;NO
78370;98.4497;1.0165;ecl;On;On;Receiver;Off;-148.4323;-7.1673512;0.0022944445;None;NO
78380;98.437775;1.0168;ecl;On;On;Receiver;Off;-148.56114;-7.7824078;0.0022944445;None;NO
78390;98.42585;1.0171;ecl;On;On;Receiver;Off;-148.69026;-8.397447;0.0022944445;None;NO
78400;98.413925;1.0174;ecl;On;On;Receiver;Off;-148.81966;-9.012466;0.0022944445;None;NO
78410;98.402;1.0177;ecl;On;On;Receiver;Off;-148.94937;-9.627465;0.0022944445;None;NO
78420;98.390076;1.018;ecl;On;On;Receiver;Off;-149.0794;-10.242441;0.0022944445;None;NO
78430;98.37815;1.0183;ecl;On;On;Receiver;Off;-149.20981;-10.857394;0.0022944445;None;NO
78440;98.36622;1.0186;ecl;On;On;Receiver;Off;-149.34058;-11.4723215;0.0022944445;None;NO
78450;98.354294;1.0189;ecl;On;On;Receiver;Off;-149.47176;-12.087222;0.0022944445;None;NO
78460;98.34237;1.0192;ecl;On;On;Receiver;Off;-149.60335;-12.702095;0.0022944445;None;NO
78470;98.330444;1.0195;ecl;On;On;Receiver;Off;-149.73538;-13.3169365;0.0022944445;None;NO
78480;98.31852;1.0198;ecl;On;On;Receiver;Off;-149.8679;-13.9317465;0.0022944445;None;NO
78490;98.306595;1.0201;ecl;On;On;Receiver;Off;-150.00092;-14.546523;0.0022944445;None;NO
78500;98.29467;1.0204;ecl;On;On;Receiver;Off;-150.13443;-15.161264;0.0022944445;None;NO
78510;98.282745;1.0207;ecl;On;On;Receiver;Off;-150.26851;-15.775969;0.0022944445;None;NO
78520;98.27082;1.021;ecl;On;On;Receiver;Off;-150.40317;-16.390635;0.0022944445;None;NO
78530;98.258896;1.0213;ecl;On;On;Receiver;Off;-150.5384;-17.005259;0.0022944445;None;NO
78540;98.24697;1.0216;ecl;On;On;Receiver;Off;-150.67429;-17.61984;0.0022944445;None;NO
78550;98.23505;1.0219;ecl;On;On;Receiver;Off;-150.81082;-18.234379;0.0022944445;None;NO
78560;98.223114;1.0222;ecl;On;On;Receiver;Off;-150.94803;-18.848871;0.0022944445;None;NO
78570;98.21119;1.0225;ecl;On;On;Receiver;Off;-151.08595;-19.463314;0.0022944445;None;NO
78580;98.199265;1.0228;ecl;On;On;Receiver;Off;-151.22464;-20.077705;0.0022944445;None;NO
78590;98.18734;1.0231;ecl;On;On;Receiver;Off;-151.36407;-20.692045;0.0022944445;None;NO
78600;98.175415;1.0234;ecl;On;On;Receiver;Off;-151.50433;-21.30633;0.0022944445;None;NO
78610;98.16349;1.0237;ecl;On;On;Receiver;Off;-151.64543;-21.920557;0.0022944445;None;NO
78620;98.151566;1.024;ecl;On;On;Receiver;Off;-151.7874;-22.534723;0.0022944445;None;NO
78630;98.13964;1.0243;ecl;On;On;Receiver;Off;-151.93028;-23.148829;0.0022944445;None;NO
78640;98.127716;1.0246;ecl;On;On;Receiver;Off;-152.07411;-23.76287;0.0022944445;None;NO
78650;98.11579;1.0249;ecl;On;On;Receiver;Off;-152.21892;-24.376844;0.0022944445;None;NO
78660;98.10387;1.0252;ecl;On;On;Receiver;Off;-152.36475;-24.99075;0.0022944445;None;NO
78670;98.09194;1.0255;ecl;On;On;Receiver;Off;-152.51163;-25.604582;0.0022944445;None;NO
78680;98.08001;1.0258;ecl;On;On;Receiver;Off;-152.65962;-26.21834;0.0022944445;None;NO
78690;98.068085;1.0261;ecl;On;On;Receiver;Off;-152.80875;-26.83202;0.0022944445;None;NO
78700;98.05616;1.0264;ecl;On;On;Receiver;Off;-152.95906;-27.44562;0.0022944445;None;NO
78710;98.044235;1.0267;ecl;On;On;Receiver;Off;-153.1106;-28.059134;0.0022944445;None;NO
78720;98.03231;1.027;ecl;On;On;Receiver;Off;-153.26343;-28.672562;0.0022944445;None;NO
78730;98.020386;1.0273;ecl;On;On;Receiver;Off;-153.41757;-29.285898;0.0022944445;None;NO
78740;98.00846;1.0276;ecl;On;On;Receiver;Off;-153.57309;-29.899143;0.0022944445;None;NO
78750;97.99654;1.0279;ecl;On;On;Receiver;Off;-153.73004;-30.51229;0.0022944445;None;NO
78760;97.98461;1.0282;ecl;On;On;Receiver;Off;-153.88846;-31.125334;0.0022944445;None;NO
78770;97.97269;1.0285;ecl;On;On;Receiver;Off;-154.04842;-31.738274;0.0022944445;None;NO
78780;97.96076;1.0288;ecl;On;On;Receiver;Off;-154.20998;-32.351105;0.0022944445;None;NO
78790;97.94883;1.0291;ecl;On;On;Receiver;Off;-154.37318;-32.96382;0.0022944445;None;NO
78800;97.936905;1.0294;ecl;On;On;Receiver;Off;-154.53812;-33.576424;0.0022944445;None;NO
78810;97.92498;1.0297;ecl;On;On;Receiver;Off;-154.70482;-34.188904;0.0022944445;None;NO
78820;97.913055;1.03;ecl;On;On;Receiver;Off;-154.87338;-34.801254;0.0022944445;None;NO
78830;97.90113;1.0303;ecl;On;On;Receiver;Off;-155.04385;-35.41348;0.0022944445;None;NO
78840;97.889206;1.0306;ecl;On;On;Receiver;Off;-155.21632;-36.025562;0.0022944445;None;NO
78850;97.87728;1.0309;ecl;On;On;Receiver;Off;-155.39085;-36.637505;0.0022944445;None;NO
78860;97.86536;1.0312;ecl;On;On;Receiver;Off;-155.56755;-37.249302;0.0022944445;None;NO
78870;97.85343;1.0315;ecl;On;On;Receiver;Off;-155.74646;-37.860947;0.0022944445;None;NO
78880;97.84151;1.0318;ecl;On;On;Receiver;Off;-155.9277;-38.47243;0.0022944445;None;NO
78890;97.82958;1.0321;ecl;On;On;Receiver;Off;-156.11136;-39.08375;0.0022944445;None;NO
78900;97.81766;1.0324;ecl;On;On;Receiver;Off;-156.29752;-39.6949;0.0022944445;None;NO
78910;97.805725;1.0327;ecl;On;On;Receiver;Off;-156.48628;-40.30587;0.0022944445;None;NO
78920;97.7938;1.033;ecl;On;On;Receiver;Off;-156.67776;-40.916653;0.0022944445;None;NO
78930;97.781876;1.0333;ecl;On;On;Receiver;Off;-156.87207;-41.527245;0.0022944445;None;NO
78940;97.76995;1.0336;ecl;On;On;Receiver;Off;-157.0693;-42.137634;0.0022944445;None;NO
78950;97.758026;1.0339;ecl;On;On;Receiver;Off;-157.2696;-42.747814;0.0022944445;None;NO
78960;97.7461;1.0342;ecl;On;On;Receiver;Off;-157.4731;-43.357777;0.0022944445;None;NO
78970;97.73418;1.0345;ecl;On;On;Receiver;Off;-157.6799;-43.96751;0.0022944445;None;NO
78980;97.72225;1.0348;ecl;On;On;Receiver;Off;-157.89017;-44.577007;0.0022944445;None;NO
78990;97.71033;1.0351;ecl;On;On;Receiver;Off;-158.10403;-45.186256;0.0022944445;None;NO
79000;97.6984;1.0354;ecl;On;On;Receiver;Off;-158.32167;-45.79525;0.0022944445;None;NO
79010;97.68648;1.0357;ecl;On;On;Receiver;Off;-158.54323;-46.403973;0.0022944445;None;NO
79020;97.67455;1.036;ecl;On;On;Receiver;Off;-158.76889;-47.012417;0.0022944445;None;NO
79030;97.71604;1.0363;sun;On;On;Receiver;Off;-158.99883;-47.620564;0.0022944445;None;NO
79040;97.75754;1.0366;sun;On;On;Receiver;Off;-159.23325;-48.228405;0.0022944445;None;NO
79050;97.79903;1.0369;sun;On;On;Receiver;Off;-159.47234;-48.835922;0.0022944445;None;NO
79060;97.84052;1.0372;sun;On;On;Receiver;Off;-159.71634;-49.443108;0.0022944445;None;NO
79070;97.88202;1.0375;sun;On;On;Receiver;Off;-159.96545;-50.04994;0.0022944445;None;NO
79080;97.92351;1.0378;sun;On;On;Receiver;Off;-160.21994;-50.6564;0.0022944445;None;NO
79090;97.965004;1.0381;sun;On;On;Receiver;Off;-160.48004;-51.262478;0.0022944445;None;NO
79100;98.0065;1.0384;sun;On;On;Receiver;Off;-160.74605;-51.86815;0.0022944445;None;NO
79110;98.04799;1.0387;sun;On;On;Receiver;Off;-161.01823;-52.473392;0.0022944445;None;NO
79120;98.089485;1.039;sun;On;On;Receiver;Off;-161.29692;-53.078194;0.0022944445;None;NO
79130;98.130974;1.0393;sun;On;On;Receiver;Off;-161.58243;-53.68252;0.0022944445;None;NO
79140;98.17247;1.0396;sun;On;On;Receiver;Off;-161.87509;-54.286358;0.0022944445;None;NO
79150;98.21397;1.0399;sun;On;On;Receiver;Off;-162.17532;-54.88967;0.0022944445;None;NO
79160;98.255455;1.0402;sun;On;On;Receiver;Off;-162.48347;-55.49244;0.0022944445;None;NO
79170;98.29695;1.0405;sun;On;On;Receiver;Off;-162.80002;-56.09463;0.0022944445;None;NO
79180;98.33845;1.0408;sun;On;On;Receiver;Off;-163.12537;-56.696213;0.0022944445;None;NO
79190;98.37994;1.0411;sun;On;On;Receiver;Off;-163.46004;-57.297153;0.0022944445;None;NO
79200;98.42143;1.0414;sun;On;On;Receiver;Off;-163.80453;-57.89741;0.0022944445;None;NO
79210;98.46292;1.0417;sun;On;On;Receiver;Off;-164.15942;-58.496952;0.0022944445;None;NO
79220;98.50442;1.042;sun;On;On;Receiver;Off;-164.52531;-59.095734;0.0022944445;None;NO
79230;98.54591;1.0423;sun;On;On;Receiver;Off;-164.90283;-59.693707;0.0022944445;None;NO
79240;98.5874;1.0426;sun;On;On;Receiver;Off;-165.29271;-60.290825;0.0022944445;None;NO
79250;98.6289;1.0429;sun;On;On;Receiver;Off;-165.69568;-60.88703;0.0022944445;None;NO
79260;98.670395;1.0432;sun;On;On;Receiver;Off;-166.11255;-61.482277;0.0022944445;None;NO
79270;98.71188;1.0435;sun;On;On;Receiver;Off;-166.5442;-62.07649;0.0022944445;None;NO
79280;98.75338;1.0438;sun;On;On;Receiver;Off;-166.99161;-62.66961;0.0022944445;None;NO
79290;98.79487;1.0441;sun;On;On;Receiver;Off;-167.45576;-63.26156;0.0022944445;None;NO
79300;98.836365;1.0444;sun;On;On;Receiver;Off;-167.9378;-63.85226;0.0022944445;None;NO
79310;98.87786;1.0447;sun;On;On;Receiver;Off;-168.43895;-64.44163;0.0022944445;None;NO
79320;98.91935;1.045;sun;On;On;Receiver;Off;-168.96051;-65.02956;0.0022944445;None;NO
79330;98.960846;1.0453;sun;On;On;Receiver;Off;-169.50394;-65.61596;0.0022944445;None;NO
79340;99.00234;1.0456;sun;On;On;Receiver;Off;-170.0708;-66.20071;0.0022944445;None;NO
79350;99.04383;1.0459;sun;On;On;Receiver;Off;-170.66281;-66.78368;0.0022944445;None;NO
79360;99.08533;1.0462;sun;On;On;Receiver;Off;-171.28188;-67.36475;0.0022944445;None;NO
79370;99.126816;1.0465;sun;On;On;Receiver;Off;-171.93002;-67.943756;0.0022944445;None;NO
79380;99.16831;1.0468;sun;On;On;Receiver;Off;-172.60954;-68.52053;0.0022944445;None;NO
79390;99.20981;1.0471;sun;On;On;Receiver;Off;-173.32292;-69.094894;0.0022944445;None;NO
79400;99.2513;1.0474;sun;On;On;Receiver;Off;-174.07289;-69.66663;0.0022944445;None;NO
79410;99.29279;1.0477;sun;On;On;Receiver;Off;-174.86246;-70.23553;0.0022944445;None;NO
79420;99.33429;1.048;sun;On;On;Receiver;Off;-175.69499;-70.801315;0.0022944445;None;NO
79430;99.37578;1.0483;sun;On;On;Receiver;Off;-176.57414;-71.36372;0.0022944445;None;NO
79440;99.417274;1.0486;sun;On;On;Receiver;Off;-177.50398;-71.92244;0.0022944445;None;NO
79450;99.45876;1.0489;sun;On;On;Receiver;Off;-178.48904;-72.47709;0.0022944445;None;NO
79460;99.50026;1.0492;sun;On;On;Receiver;Off;-179.53432;-73.0273;0.0022944445;None;NO
79470;99.541756;1.0495;sun;On;On;Receiver;Off;179.35468;-73.5726;0.0022944445;None;NO
79480;99.583244;1.0498;sun;On;On;Receiver;Off;178.1718;-74.1125;0.0022944445;None;NO
79490;99.62474;1.0501;sun;On;On;Receiver;Off;176.91026;-74.64643;0.0022944445;None;NO
79500;99.66624;1.0504;sun;On;On;Receiver;Off;175.56255;-75.17374;0.0022944445;None;NO
79510;99.707726;1.0507;sun;On;On;Receiver;Off;174.12036;-75.69369;0.0022944445;None;NO
79520;99.74922;1.051;sun;On;On;Receiver;Off;172.57455;-76.20545;0.0022944445;None;NO
79530;99.79071;1.0513;sun;On;On;Receiver;Off;170.91515;-76.70809;0.0022944445;None;NO
79540;99.83221;1.0516;sun;On;On;Receiver;Off;169.1312;-77.20052;0.0022944445;None;NO
79550;99.8737;1.0519;sun;On;On;Receiver;Off;167.2109;-77.681526;0.0022944445;None;NO
79560;99.91519;1.0522;sun;On;On;Receiver;Off;165.14171;-78.149704;0.0022944445;None;NO
79570;99.95669;1.0525;sun;On;On;Receiver;Off;162.91034;-78.60347;0.0022944445;None;NO
79580;99.988075;1.0528;sun;On;On;Receiver;Off;160.50316;-79.04105;0.0022944445;None;NO
79590;99.988075;1.0531;sun;On;On;Receiver;Off;157.90659;-79.46042;0.0022944445;None;NO
79600;99.988075;1.0534;sun;On;On;Receiver;Off;155.10771;-79.85932;0.0022944445;None;NO
79610;99.988075;1.0537;sun;On;On;Receiver;Off;152.09515;-80.23524;0.0022944445;None;NO
79620;99.988075;1.054;sun;On;On;Receiver;Off;148.86018;-80.58542;0.0022944445;None;NO
79630;99.988075;1.0543;sun;On;On;Receiver;Off;145.39816;-80.9069;0.0022944445;None;NO
79640;99.988075;1.0546;sun;On;On;Receiver;Off;141.71008;-81.19652;0.0022944445;None;NO
79650;99.988075;1.0549;sun;On;On;Receiver;Off;137.80426;-81.45105;0.0022944445;None;NO
79660;99.988075;1.0552;sun;On;On;Receiver;Off;133.69778;-81.667274;0.0022944445;None;NO
79670;99.988075;1.0555;sun;On;On;Receiver;Off;129.4174;-81.84215;0.0022944445;None;NO
79680;99.988075;1.0558;sun;On;On;Receiver;Off;124.99967;-81.97296;0.0022944445;None;NO
79690;99.988075;1.0561;sun;On;On;Receiver;Off;120.48972;-82.05753;0.0022944445;None;NO
79700;99.988075;1.0564;sun;On;On;Receiver;Off;115.938965;-82.09439;0.0022944445;None;NO
79710;99.988075;1.0567;sun;On;On;Receiver;Off;111.401726;-82.08286;0.0022944445;None;NO
79720;99.988075;1.057;sun;On;On;Receiver;Off;106.931335;-82.02316;0.0022944445;None;NO
79730;99.988075;1.0573;sun;On;On;Receiver;Off;102.576485;-81.91635;0.0022944445;None;NO
79740;99.988075;1.0576;sun;On;On;Receiver;Off;98.37826;-81.76426;0.0022944445;None;NO
79750;99.988075;1.0579;sun;On;On;Receiver;Off;94.368416;-81.56935;0.0022944445;None;NO
79760;99.988075;1.0582;sun;On;On;Receiver;Off;90.56887;-81.334496;0.0022944445;None;NO
79770;99.988075;1.0585;sun;On;On;Receiver;Off;86.992195;-81.06286;0.0022944445;None;NO
79780;99.988075;1.0588;sun;On;On;Receiver;Off;83.642876;-80.757675;0.0022944445;None;NO
79790;99.988075;1.0591;sun;On;On;Receiver;Off;80.51892;-80.42216;0.0022944445;None;NO
79800;99.988075;1.0594;sun;On;On;Receiver;Off;77.613464;-80.059364;0.0022944445;None;NO
79810;99.988075;1.0597;sun;On;On;Receiver;Off;74.91632;-79.67218;0.0022944445;None;NO
79820;99.988075;1.06;sun;On;On;Receiver;Off;72.415215;-79.263245;0.0022944445;None;NO
79830;99.988075;1.0603;sun;On;On;Receiver;Off;70.09681;-78.834946;0.0022944445;None;NO
79840;99.988075;1.0606;sun;On;On;Receiver;Off;67.94743;-78.38942;0.0022944445;None;NO
79850;99.988075;1.0609;sun;On;On;Receiver;Off;65.953606;-77.92858;0.0022944445;None;NO
79860;99.988075;1.0612;sun;On;On;Receiver;Off;64.10237;-77.45412;0.0022944445;None;NO
79870;99.988075;1.0615;sun;On;On;Receiver;Off;62.381508;-76.967514;0.0022944445;None;NO
79880;99.988075;1.0618;sun;On;On;Receiver;Off;60.779667;-76.47008;0.0022944445;None;NO
79890;99.988075;1.0621;sun;On;On;Receiver;Off;59.286373;-75.962975;0.0022944445;None;NO
79900;99.988075;1.0624;sun;On;On;Receiver;Off;57.892056;-75.4472;0.0022944445;None;NO
79910;99.988075;1.0627;sun;On;On;Receiver;Off;56.588005;-74.923645;0.0022944445;None;NO
79920;99.988075;1.063;sun;On;On;Receiver;Off;55.366314;-74.393105;0.0022944445;None;NO
79930;99.988075;1.0633;sun;On;On;Receiver;Off;54.219833;-73.85626;0.0022944445;None;NO
79940;99.988075;1.0636;sun;On;On;Receiver;Off;53.142113;-73.31372;0.0022944445;None;NO
79950;99.988075;1.0639;sun;On;On;Receiver;Off;52.127316;-72.76603;0.0022944445;None;NO
79960;99.988075;1.0642;sun;On;On;Receiver;Off;51.17019;-72.21365;0.0022944445;None;NO
79970;99.988075;1.0645;sun;On;On;Receiver;Off;50.26598;-71.65702;0.0022944445;None;NO
79980;99.988075;1.0648;sun;On;On;Receiver;Off;49.410404;-71.096504;0.0022944445;None;NO
79990;99.988075;1.0651;sun;On;On;Receiver;Off;48.599586;-70.53245;0.0022944445;None;NO
80000;99.988075;1.0654;sun;On;On;Receiver;Off;47.830025;-69.96515;0.0022944445;None;NO
80010;99.988075;1.0657;sun;On;On;Receiver;Off;47.09854;-69.39487;0.0022944445;None;NO
80020;99.988075;1.066;sun;On;On;Receiver;Off;46.40226;-68.82185;0.0022944445;None;NO
80030;99.988075;1.0663;sun;On;On;Receiver;Off;45.738567;-68.24632;0.0022944445;None;NO
80040;99.988075;1.0666;sun;On;On;Receiver;Off;45.105095;-67.668465;0.0022944445;None;NO
80050;99.988075;1.0669;sun;On;On;Receiver;Off;44.499676;-67.08846;0.0022944445;None;NO
80060;99.988075;1.0672;sun;On;On;Receiver;Off;43.920338;-66.50647;0.0022944445;None;NO
80070;99.988075;1.0675;sun;On;On;Receiver;Off;43.365288;-65.92263;0.0022944445;None;NO
80080;99.988075;1.0678;sun;On;On;Receiver;Off;42.832874;-65.33708;0.0022944445;None;NO
80090;99.988075;1.0681;sun;On;On;Receiver;Off;42.321598;-64.74993;0.0022944445;None;NO
80100;99.988075;1.0684;sun;On;On;Receiver;Off;41.83007;-64.16131;0.0022944445;None;NO
80110;99.988075;1.0687;sun;On;On;Receiver;Off;41.35703;-63.571293;0.0022944445;None;NO
80120;99.988075;1.069;sun;On;On;Receiver;Off;40.901306;-62.97999;0.0022944445;None;NO
80130;99.988075;1.0693;sun;On;On;Receiver;Off;40.46183;-62.387474;0.0022944445;None;NO
80140;99.988075;1.0696;sun;On;On;Receiver;Off;40.03761;-61.793823;0.0022944445;None;NO
80150;99.988075;1.0699;sun;On;On;Receiver;Off;39.627728;-61.199112;0.0022944445;None;NO
80160;99.988075;1.0702;sun;On;On;Receiver;Off;39.231342;-60.6034;0.0022944445;None;NO
80170;99.988075;1.0705;sun;On;On;Receiver;Off;38.84767;-60.006752;0.0022944445;None;NO
80180;99.988075;1.0708;sun;On;On;Receiver;Off;38.475994;-59.40922;0.0022944445;None;NO
80190;99.988075;1.0711;sun;On;On;Receiver;Off;38.11563;-58.81086;0.0022944445;None;NO
80200;99.988075;1.0714;sun;On;On;Receiver;Off;37.765957;-58.21171;0.0022944445;None;NO
80210;99.988075;1.0717;sun;On;On;Receiver;Off;37.4264;-57.611824;0.0022944445;None;NO
80220;99.988075;1.072;sun;On;On;Receiver;Off;37.096405;-57.011234;0.0022944445;None;NO
80230;99.988075;1.0723;sun;On;On;Receiver;Off;36.77548;-56.409985;0.0022944445;None;NO
80240;99.988075;1.0726;sun;On;On;Receiver;Off;36.463146;-55.80811;0.0022944445;None;NO
80250;99.988075;1.0729;sun;On;On;Receiver;Off;36.15897;-55.205643;0.0022944445;None;NO
80260;99.988075;1.0732;sun;On;On;Receiver;Off;35.862534;-54.602608;0.0022944445;None;NO
80270;99.988075;1.0735;sun;On;On;Receiver;Off;35.573452;-53.999043;0.0022944445;None;NO
80280;99.988075;1.0738;sun;On;On;Receiver;Off;35.29137;-53.39497;0.0022944445;None;NO
80290;99.988075;1.0741;sun;On;On;Receiver;Off;35.01594;-52.790413;0.0022944445;None;NO
80300;99.988075;1.0744;sun;On;On;Receiver;Off;34.746853;-52.1854;0.0022944445;None;NO
80310;99.988075;1.0747;sun;On;On;Receiver;Off;34.483807;-51.57995;0.0022944445;None;NO
80320;99.988075;1.075;sun;On;On;Receiver;Off;34.226517;-50.974083;0.0022944445;None;NO
80330;99.988075;1.0753;sun;On;On;Receiver;Off;33.974724;-50.36782;0.0022944445;None;NO
80340;99.988075;1.0756;sun;On;On;Receiver;Off;33.728172;-49.76118;0.0022944445;None;NO
80350;99.988075;1.0759;sun;On;On;Receiver;Off;33.486633;-49.15418;0.0022944445;None;NO
80360;99.988075;1.0762;sun;On;On;Receiver;Off;33.249878;-48.546833;0.0022944445;None;NO
80370;99.988075;1.0765;sun;On;On;Receiver;Off;33.0177;-47.93916;0.0022944445;None;NO
80380;99.988075;1.0768;sun;On;On;Receiver;Off;32.789906;-47.33117;0.0022944445;None;NO
80390;99.988075;1.0771;sun;On;On;Receiver;Off;32.566296;-46.72288;0.0022944445;None;NO
80400;99.988075;1.0774;sun;On;On;Receiver;Off;32.346703;-46.114304;0.0022944445;None;NO
80410;99.988075;1.0777;sun;On;On;Receiver;Off;32.130955;-45.50545;0.0022944445;None;NO
80420;99.988075;1.078;sun;On;On;Receiver;Off;31.918888;-44.896336;0.0022944445;None;NO
80430;99.988075;1.0783;sun;On;On;Receiver;Off;31.710358;-44.28697;0.0022944445;None;NO
80440;99.988075;1.0786;sun;On;On;Receiver;Off;31.505215;-43.677357;0.0022944445;None;NO
80450;99.988075;1.0789;sun;On;On;Receiver;Off;31.303324;-43.067513;0.0022944445;None;NO
80460;99.988075;1.0792;sun;On;On;Receiver;Off;31.104555;-42.457443;0.0022944445;None;NO
80470;99.988075;1.0795;sun;On;On;Receiver;Off;30.908783;-41.847164;0.0022944445;None;NO
80480;99.988075;1.0798;sun;On;On;Receiver;Off;30.71589;-41.236675;0.0022944445;None;NO
80490;99.988075;1.0801;sun;On;On;Receiver;Off;30.525766;-40.62599;0.0022944445;None;NO
80500;99.988075;1.0804;sun;On;On;Receiver;Off;30.338303;-40.015118;0.0022944445;None;NO
80510;99.988075;1.0807;sun;On;On;Receiver;Off;30.153397;-39.404064;0.0022944445;None;NO
80520;99.988075;1.081;sun;On;On;Receiver;Off;29.97095;-38.79283;0.0022944445;None;NO
80530;99.988075;1.0813;sun;On;On;Receiver;Off;29.790869;-38.181435;0.0022944445;None;NO
80540;99.988075;1.0816;sun;On;On;Receiver;Off;29.613064;-37.569874;0.0022944445;None;NO
80550;99.988075;1.0819;sun;On;On;Receiver;Off;29.437452;-36.958157;0.0022944445;None;NO
80560;99.988075;1.0822;sun;On;On;Receiver;Off;29.263948;-36.346287;0.0022944445;None;NO
80570;99.988075;1.0825;sun;On;On;Receiver;Off;29.092478;-35.734276;0.0022944445;None;NO
80580;99.988075;1.0828;sun;On;On;Receiver;Off;28.922962;-35.122124;0.0022944445;None;NO
80590;99.988075;1.0831;sun;On;On;Receiver;Off;28.755331;-34.509842;0.0022944445;None;NO
80600;99.988075;1.0834;sun;On;On;Receiver;Off;28.589516;-33.897427;0.0022944445;None;NO
80610;99.988075;1.0837;sun;On;On;Receiver;Off;28.425447;-33.28489;0.0022944445;None;NO
80620;99.988075;1.084;sun;On;On;Receiver;Off;28.263065;-32.672234;0.0022944445;None;NO
80630;99.988075;1.0843;sun;On;On;Receiver;Off;28.102306;-32.05946;0.0022944445;None;NO
80640;99.988075;1.0846;sun;On;On;Receiver;Off;27.943111;-31.446577;0.0022944445;None;NO
80650;99.988075;1.0849;sun;On;On;Receiver;Off;27.785425;-30.833586;0.0022944445;None;NO
80660;99.988075;1.0852;sun;On;On;Receiver;Off;27.62919;-30.220493;0.0022944445;None;NO
80670;99.988075;1.0855;sun;On;On;Receiver;Off;27.474358;-29.6073;0.0022944445;None;NO
80680;99.988075;1.0858;sun;On;On;Receiver;Off;27.320875;-28.99401;0.0022944445;None;NO
80690;99.988075;1.0861;sun;On;On;Receiver;Off;27.168694;-28.38063;0.0022944445;None;NO
80700;99.988075;1.0864;sun;On;On;Receiver;Off;27.017763;-27.76716;0.0022944445;None;NO
80710;99.988075;1.0867;sun;On;On;Receiver;Off;26.868044;-27.153606;0.0022944445;None;NO
80720;99.988075;1.087;sun;On;On;Receiver;Off;26.719486;-26.539968;0.0022944445;None;NO
80730;99.988075;1.0873;sun;On;On;Receiver;Off;26.57205;-25.92625;0.0022944445;None;NO
80740;99.988075;1.0876;sun;On;On;Receiver;Off;26.425694;-25.312456;0.0022944445;None;NO
80750;99.988075;1.0879;sun;On;On;Receiver;Off;26.280376;-24.69859;0.0022944445;None;NO
80760;99.988075;1.0882;sun;On;On;Receiver;Off;26.13606;-24.084652;0.0022944445;None;NO
80770;99.988075;1.0885;sun;On;On;Receiver;Off;25.992708;-23.470644;0.0022944445;None;NO
80780;99.988075;1.0888;sun;On;On;Receiver;Off;25.850283;-22.856573;0.0022944445;None;NO
80790;99.988075;1.0891;sun;On;On;Receiver;Off;25.708748;-22.242437;0.0022944445;None;NO
80800;99.988075;1.0894;sun;On;On;Receiver;Off;25.568071;-21.62824;0.0022944445;None;NO
80810;99.988075;1.0897;sun;On;On;Receiver;Off;25.428219;-21.013987;0.0022944445;None;NO
80820;99.988075;1.09;sun;On;On;Receiver;Off;25.289158;-20.399675;0.0022944445;None;NO
80830;99.988075;1.0903;sun;On;On;Receiver;Off;25.150858;-19.78531;0.0022944445;None;NO
80840;99.988075;1.0906;sun;On;On;Receiver;Off;25.013285;-19.170895;0.0022944445;None;NO
80850;99.988075;1.0909;sun;On;On;Receiver;Off;24.876413;-18.556427;0.0022944445;None;NO
80860;99.988075;1.0912;sun;On;On;Receiver;Off;24.74021;-17.941914;0.0022944445;None;NO
80870;99.988075;1.0915;sun;On;On;Receiver;Off;24.604649;-17.327354;0.0022944445;None;NO
80880;99.988075;1.0918;sun;On;On;Receiver;Off;24.469702;-16.712753;0.0022944445;None;NO
80890;99.988075;1.0921;sun;On;On;Receiver;Off;24.33534;-16.098108;0.0022944445;None;NO
80900;99.988075;1.0924;sun;On;On;Receiver;Off;24.201538;-15.483424;0.0022944445;None;NO
80910;99.988075;1.0927;sun;On;On;Receiver;Off;24.068272;-14.868702;0.0022944445;None;NO
80920;99.988075;1.093;sun;On;On;Receiver;Off;23.935513;-14.253943;0.0022944445;None;NO
80930;99.988075;1.0933;sun;On;On;Receiver;Off;23.803236;-13.639151;0.0022944445;None;NO
80940;99.988075;1.0936;sun;On;On;Receiver;Off;23.67142;-13.024325;0.0022944445;None;NO
80950;99.988075;1.0939;sun;On;On;Receiver;Off;23.540037;-12.409469;0.0022944445;None;NO
80960;99.988075;1.0942;sun;On;On;Receiver;Off;23.409067;-11.794582;0.0022944445;None;NO
80970;99.988075;1.0945;sun;On;On;Receiver;Off;23.278484;-11.179669;0.0022944445;None;NO
80980;99.988075;1.0948;sun;On;On;Receiver;Off;23.148266;-10.56473;0.0022944445;None;NO
80990;99.988075;1.0951;sun;On;On;Receiver;Off;23.01839;-9.949765;0.0022944445;None;NO
81000;99.988075;1.0954;sun;On;On;Receiver;Off;22.888836;-9.334778;0.0022944445;None;NO
81010;99.988075;1.0957;sun;On;On;Receiver;Off;22.75958;-8.719769;0.0022944445;None;NO
81020;99.988075;1.096;sun;On;On;Receiver;Off;22.630602;-8.10474;0.0022944445;None;NO
81030;99.988075;1.0963;sun;On;On;Receiver;Off;22.501879;-7.4896927;0.0022944445;None;NO
81040;99.988075;1.0966;sun;On;On;Receiver;Off;22.37339;-6.874628;0.0022944445;None;NO
81050;99.988075;1.0969;sun;On;On;Receiver;Off;22.245115;-6.259548;0.0022944445;None;NO
81060;99.988075;1.0972;sun;On;On;Receiver;Off;22.117035;-5.644454;0.0022944445;None;NO
81070;99.988075;1.0975;sun;On;On;Receiver;Off;21.989126;-5.0293474;0.0022944445;None;NO
81080;99.988075;1.0978;sun;On;On;Receiver;Off;21.86137;-4.4142294;0.0022944445;None;NO
81090;99.988075;1.0981;sun;On;On;Receiver;Off;21.733747;-3.7991014;0.0022944445;None;NO
81100;99.988075;1.0984;sun;On;On;Receiver;Off;21.606236;-3.1839647;0.0022944445;None;NO
81110;99.988075;1.0987;sun;On;On;Receiver;Off;21.478815;-2.5688212;0.0022944445;None;NO
81120;99.988075;1.099;sun;On;On;Receiver;Off;21.351469;-1.953672;0.0022944445;None;NO
81130;99.988075;1.0993;sun;On;On;Receiver;Off;21.224174;-1.3385184;0.0022944445;None;NO
81140;99.988075;1.0996;sun;On;On;Receiver;Off;21.096912;-0.7233618;0.0022944445;None;NO
81150;99.988075;1.0999;sun;On;On;Receiver;Off;20.969666;-0.10820359;0.0022944445;None;NO
81160;99.988075;1.1002;sun;On;On;Receiver;Off;20.84241;0.50695485;0.0022944445;None;NO
81170;99.988075;1.1005;sun;On;On;Receiver;Off;20.715128;1.1221122;0.0022944445;None;NO
81180;99.988075;1.1008;sun;On;On;Receiver;Off;20.587801;1.737267;0.0022944445;None;NO
81190;99.988075;1.1011;sun;On;On;Receiver;Off;20.46041;2.352418;0.0022944445;None;NO
81200;99.988075;1.1014;sun;On;On;Receiver;Off;20.33293;2.9675636;0.0022944445;None;NO
81210;99.988075;1.1017;sun;On;On;Receiver;Off;20.205345;3.5827029;0.0022944445;None;NO
81220;99.988075;1.102;sun;On;On;Receiver;Off;20.077635;4.197834;0.0022944445;None;NO
81230;99.988075;1.1023;sun;On;On;Receiver;Off;19.94978;4.8129554;0.0022944445;None;NO
81240;99.988075;1.1026;sun;On;On;Receiver;Off;19.821758;5.4280667;0.0022944445;None;NO
81250;99.988075;1.1029;sun;On;On;Receiver;Off;19.69355;6.043165;0.0022944445;None;NO
81260;99.988075;1.1032;sun;On;On;Receiver;Off;19.565136;6.6582503;0.0022944445;None;NO
81270;99.988075;1.1035;sun;On;On;Receiver;Off;19.436493;7.27332;0.0022944445;None;NO
81280;99.988075;1.1038;sun;On;On;Receiver;Off;19.307602;7.888374;0.0022944445;None;NO
81290;99.988075;1.1041;sun;On;On;Receiver;Off;19.17844;8.503409;0.0022944445;None;NO
81300;99.988075;1.1044;sun;On;On;Receiver;Off;19.048988;9.118425;0.0022944445;None;NO
81310;99.988075;1.1047;sun;On;On;Receiver;Off;18.919222;9.73342;0.0022944445;None;NO
81320;99.988075;1.105;sun;On;On;Receiver;Off;18.78912;10.348393;0.0022944445;None;NO
81330;99.988075;1.1053;sun;On;On;Receiver;Off;18.65866;10.963342;0.0022944445;None;NO
81340;99.988075;1.1056;sun;On;On;Receiver;Off;18.527822;11.578264;0.0022944445;None;NO
81350;99.988075;1.1059;sun;On;On;Receiver;Off;18.39658;12.19316;0.0022944445;None;NO
81360;99.988075;1.1062;sun;On;On;Receiver;Off;18.26491;12.808027;0.0022944445;None;NO
81370;99.988075;1.1065;sun;On;On;Receiver;Off;18.13279;13.422864;0.0022944445;None;NO
81380;99.988075;1.1068;sun;On;On;Receiver;Off;18.000195;14.037668;0.0022944445;None;NO
81390;99.988075;1.1071;sun;On;On;Receiver;Off;17.867098;14.652439;0.0022944445;None;NO
81400;99.988075;1.1074;sun;On;On;Receiver;Off;17.733477;15.267175;0.0022944445;None;NO
81410;99.988075;1.1077;sun;On;On;Receiver;Off;17.599304;15.881872;0.0022944445;None;NO
81420;99.988075;1.108;sun;On;On;Receiver;Off;17.464556;16.49653;0.0022944445;None;NO
81430;99.988075;1.1083;sun;On;On;Receiver;Off;17.3292;17.111149;0.0022944445;None;NO
81440;99.988075;1.1086;sun;On;On;Receiver;Off;17.193214;17.725723;0.0022944445;None;NO
81450;99.988075;1.1089;sun;On;On;Receiver;Off;17.056568;18.340254;0.0022944445;None;NO
81460;99.988075;1.1092;sun;On;On;Receiver;Off;16.919231;18.954737;0.0022944445;None;NO
81470;99.988075;1.1095;sun;On;On;Receiver;Off;16.781178;19.56917;0.0022944445;None;NO
81480;99.988075;1.1098;sun;On;On;Receiver;Off;16.642372;20.183554;0.0022944445;None;NO
81490;99.988075;1.1101;sun;On;On;Receiver;Off;16.502787;20.797884;0.0022944445;None;NO
81500;99.988075;1.1104;sun;On;On;Receiver;Off;16.362387;21.412157;0.0022944445;None;NO
81510;99.988075;1.1107;sun;On;On;Receiver;Off;16.221142;22.026375;0.0022944445;None;NO
81520;99.988075;1.111;sun;On;On;Receiver;Off;16.079018;22.640532;0.0022944445;None;NO
81530;99.988075;1.1113;sun;On;On;Receiver;Off;15.935977;23.254627;0.0022944445;None;NO
81540;99.988075;1.1116;sun;On;On;Receiver;Off;15.7919855;23.868656;0.0022944445;None;NO
81550;99.988075;1.1119;sun;On;On;Receiver;Off;15.647006;24.48262;0.0022944445;None;NO
81560;99.988075;1.1122;sun;On;On;Receiver;Off;15.500999;25.096512;0.0022944445;None;NO
81570;99.988075;1.1125;sun;On;On;Receiver;Off;15.353927;25.710333;0.0022944445;None;NO
81580;99.988075;1.1128;sun;On;On;Receiver;Off;15.205747;26.324076;0.0022944445;None;NO
81590;99.988075;1.1131;sun;On;On;Receiver;Off;15.056417;26.937742;0.0022944445;None;NO
81600;99.988075;1.1134;sun;On;On;Receiver;Off;14.905895;27.551327;0.0022944445;None;NO
81610;99.988075;1.1137;sun;On;On;Receiver;Off;14.754134;28.164827;0.0022944445;None;NO
81620;99.988075;1.114;sun;On;On;Receiver;Off;14.6010895;28.77824;0.0022944445;None;NO
81630;99.988075;1.1143;sun;On;On;Receiver;Off;14.446711;29.391562;0.0022944445;None;NO
81640;99.988075;1.1146;sun;On;On;Receiver;Off;14.290949;30.004787;0.0022944445;None;NO
81650;99.988075;1.1149;sun;On;On;Receiver;Off;14.133751;30.617916;0.0022944445;None;NO
81660;99.988075;1.1152;sun;On;On;Receiver;Off;13.975064;31.230944;0.0022944445;None;NO
81670;99.988075;1.1155;sun;On;On;Receiver;Off;13.814832;31.843866;0.0022944445;None;NO
81680;99.988075;1.1158;sun;On;On;Receiver;Off;13.652996;32.456676;0.0022944445;None;NO
81690;99.988075;1.1161;sun;On;On;Receiver;Off;13.489495;33.069374;0.0022944445;None;NO
81700;99.988075;1.1164;sun;On;On;Receiver;Off;13.324267;33.681957;0.0022944445;None;NO
81710;99.988075;1.1167;sun;On;On;Receiver;Off;13.157248;34.294415;0.0022944445;None;NO
81720;99.988075;1.117;sun;On;On;Receiver;Off;12.988367;34.906746;0.0022944445;None;NO
81730;99.988075;1.1173;sun;On;On;Receiver;Off;12.8175535;35.518944;0.0022944445;None;NO
81740;99.988075;1.1176;sun;On;On;Receiver;Off;12.644735;36.131004;0.0022944445;None;NO
81750;99.988075;1.1179;sun;On;On;Receiver;Off;12.469832;36.742924;0.0022944445;None;NO
81760;99.988075;1.1182;sun;On;On;Receiver;Off;12.292767;37.354694;0.0022944445;None;NO
81770;99.988075;1.1185;sun;On;On;Receiver;Off;12.113453;37.96631;0.0022944445;None;NO
81780;99.988075;1.1188;sun;On;On;Receiver;Off;11.931803;38.577766;0.0022944445;None;NO
81790;99.988075;1.1191;sun;On;On;Receiver;Off;11.747725;39.189056;0.0022944445;None;NO
81800;99.988075;1.1194;sun;On;On;Receiver;Off;11.561121;39.800175;0.0022944445;None;NO
81810;99.988075;1.1197;sun;On;On;Receiver;Off;11.371893;40.411114;0.0022944445;None;NO
81820;99.988075;1.12;sun;On;On;Receiver;Off;11.179934;41.021866;0.0022944445;None;NO
81830;99.988075;1.1203;sun;On;On;Receiver;Off;10.985133;41.632423;0.0022944445;None;NO
81840;99.988075;1.1206;sun;On;On;Receiver;Off;10.787374;42.242775;0.0022944445;None;NO
81850;99.988075;1.1209;sun;On;On;Receiver;Off;10.586535;42.85292;0.0022944445;None;NO
81860;99.988075;1.1212;sun;On;On;Receiver;Off;10.382488;43.462845;0.0022944445;None;NO
81870;99.988075;1.1215;sun;On;On;Receiver;Off;10.175099;44.072536;0.0022944445;None;NO
81880;99.988075;1.1218;sun;On;On;Receiver;Off;9.964226;44.68199;0.0022944445;None;NO
81890;99.988075;1.1221;sun;On;On;Receiver;Off;9.749719;45.2912;0.0022944445;None;NO
81900;99.988075;1.1224;sun;On;On;Receiver;Off;9.531421;45.900146;0.0022944445;None;NO
81910;99.988075;1.1227;sun;On;On;Receiver;Off;9.309168;46.508823;0.0022944445;None;NO
81920;99.988075;1.123;sun;On;On;Receiver;Off;9.082784;47.117214;0.0022944445;None;NO
81930;99.988075;1.1233;sun;On;On;Receiver;Off;8.852084;47.72531;0.0022944445;None;NO
81940;99.988075;1.1236;sun;On;On;Receiver;Off;8.616875;48.333096;0.0022944445;None;NO
81950;99.988075;1.1239;sun;On;On;Receiver;Off;8.376949;48.94056;0.0022944445;None;NO
81960;99.988075;1.1242;sun;On;On;Receiver;Off;8.132091;49.547684;0.0022944445;None;NO
81970;99.988075;1.1245;sun;On;On;Receiver;Off;7.8820662;50.154453;0.0022944445;None;NO
81980;99.988075;1.1248;sun;On;On;Receiver;Off;7.6266327;50.76085;0.0022944445;None;NO
81990;99.988075;1.1251;sun;On;On;Receiver;Off;7.3655305;51.366856;0.0022944445;None;NO
82000;99.988075;1.1254;sun;On;On;Receiver;Off;7.0984836;51.972458;0.0022944445;None;NO
82010;99.988075;1.1257;sun;On;On;Receiver;Off;6.8251987;52.577625;0.0022944445;None;NO
82020;99.988075;1.126;sun;On;On;Receiver;Off;6.545365;53.182346;0.0022944445;None;NO
82030;99.988075;1.1263;sun;On;On;Receiver;Off;6.2586503;53.78659;0.0022944445;None;NO
82040;99.988075;1.1266;sun;On;On;Receiver;Off;5.9647017;54.39034;0.0022944445;None;NO
82050;99.988075;1.1269;sun;On;On;Receiver;Off;5.6631413;54.99356;0.0022944445;None;NO
82060;99.988075;1.1272;sun;On;On;Receiver;Off;5.353567;55.596233;0.0022944445;None;NO
82070;99.988075;1.1275;sun;On;On;Receiver;Off;5.0355487;56.198322;0.0022944445;None;NO
82080;99.988075;1.1278;sun;On;On;Receiver;Off;4.708626;56.799793;0.0022944445;None;NO
82090;99.988075;1.1281;sun;On;On;Receiver;Off;4.372305;57.40062;0.0022944445;None;NO
82100;99.988075;1.1284;sun;On;On;Receiver;Off;4.0260577;58.00076;0.0022944445;None;NO
82110;99.988075;1.1287;sun;On;On;Receiver;Off;3.6693163;58.60017;0.0022944445;None;NO
82120;99.988075;1.129;sun;On;On;Receiver;Off;3.3014708;59.198814;0.0022944445;None;NO
82130;99.988075;1.1293;sun;On;On;Receiver;Off;2.921865;59.796646;0.0022944445;None;NO
82140;99.988075;1.1296;sun;On;On;Receiver;Off;2.529792;60.39361;0.0022944445;None;NO
82150;99.988075;1.1299;sun;On;On;Receiver;Off;2.124489;60.98966;0.0022944445;None;NO
82160;99.988075;1.1302;sun;On;On;Receiver;Off;1.7051333;61.58473;0.0022944445;None;NO
82170;99.988075;1.1305;sun;On;On;Receiver;Off;1.2708341;62.178757;0.0022944445;None;NO
82180;99.988075;1.1308;sun;On;On;Receiver;Off;0.8206279;62.771683;0.0022944445;None;NO
82190;99.988075;1.1311;sun;On;On;Receiver;Off;0.3534698;63.363422;0.0022944445;None;NO
82200;99.988075;1.1314;sun;On;On;Receiver;Off;-0.13177446;63.9539;0.0022944445;None;NO
82210;99.988075;1.1317;sun;On;On;Receiver;Off;-0.63633776;64.54302;0.0022944445;None;NO
82220;99.988075;1.132;sun;On;On;Receiver;Off;-1.1615622;65.1307;0.0022944445;None;NO
82230;99.988075;1.1323;sun;On;On;Receiver;Off;-1.7089108;65.71683;0.0022944445;None;NO
82240;99.988075;1.1326;sun;On;On;Receiver;Off;-2.279981;66.30128;0.0022944445;None;NO
82250;99.988075;1.1329;sun;On;On;Receiver;Off;-2.8765182;66.88394;0.0022944445;None;NO
82260;99.988075;1.1332;sun;On;On;Receiver;Off;-3.5004349;67.46466;0.0022944445;None;NO
82270;99.988075;1.1335;sun;On;On;Receiver;Off;-4.153826;68.0433;0.0022944445;None;NO
82280;99.988075;1.1338;sun;On;On;Receiver;Off;-4.8389935;68.61967;0.0022944445;None;NO
82290;99.988075;1.1341;sun;On;On;Receiver;Off;-5.5584674;69.19359;0.0022944445;None;NO
82300;99.988075;1.1344;sun;On;On;Receiver;Off;-6.3150334;69.764854;0.0022944445;None;NO
82310;99.988075;1.1347;sun;On;On;Receiver;Off;-7.111763;70.33324;0.0022944445;None;NO
82320;99.988075;1.135;sun;On;On;Receiver;Off;-7.9520464;70.89847;0.0022944445;None;NO
82330;99.988075;1.1353;sun;On;On;Receiver;Off;-8.83963;71.46026;0.0022944445;None;NO
82340;99.988075;1.1356;sun;On;On;Receiver;Off;-9.77866;72.018295;0.0022944445;None;NO
82350;99.988075;1.1359;sun;On;On;Receiver;Off;-10.773725;72.57222;0.0022944445;None;NO
82360;99.988075;1.1362;sun;On;On;Receiver;Off;-11.829906;73.12161;0.0022944445;None;NO
82370;99.988075;1.1365;sun;On;On;Receiver;Off;-12.95284;73.66602;0.0022944445;None;NO
82380;99.988075;1.1368;sun;On;On;Receiver;Off;-14.148766;74.20493;0.0022944445;None;NO
82390;99.988075;1.1371;sun;On;On;Receiver;Off;-15.424596;74.73777;0.0022944445;None;NO
82400;99.988075;1.1374;sun;On;On;Receiver;Off;-16.787975;75.26386;0.0022944445;None;NO
82410;99.988075;1.1377;sun;On;On;Receiver;Off;-18.247341;75.78246;0.0022944445;None;NO
82420;99.988075;1.138;sun;On;On;Receiver;Off;-19.811975;76.29273;0.0022944445;None;NO
82430;99.988075;1.1383;sun;On;On;Receiver;Off;-21.492046;76.79369;0.0022944445;None;NO
82440;99.988075;1.1386;sun;On;On;Receiver;Off;-23.298618;77.28425;0.0022944445;None;NO
82450;99.988075;1.1389;sun;On;On;Receiver;Off;-25.243633;77.76314;0.0022944445;None;NO
82460;99.988075;1.1392;sun;On;On;Receiver;Off;-27.339813;78.22896;0.0022944445;None;NO
82470;99.988075;1.1395;sun;On;On;Receiver;Off;-29.6005;78.68007;0.0022944445;None;NO
82480;99.988075;1.1398;sun;On;On;Receiver;Off;-32.039352;79.11466;0.0022944445;None;NO
82490;99.988075;1.1401;sun;On;On;Receiver;Off;-34.669888;79.53068;0.0022944445;None;NO
82500;99.988075;1.1404;sun;On;On;Receiver;Off;-37.504826;79.9258;0.0022944445;None;NO
82510;99.988075;1.1407;sun;On;On;Receiver;Off;-40.55518;80.297485;0.0022944445;None;NO
82520;99.988075;1.141;sun;On;On;Receiver;Off;-43.82907;80.642944;0.0022944445;None;NO
82530;99.988075;1.1413;sun;On;On;Receiver;Off;-47.330296;80.95916;0.0022944445;None;NO
82540;99.988075;1.1416;sun;On;On;Receiver;Off;-51.05671;81.242966;0.0022944445;None;NO
82550;99.988075;1.1419;sun;On;On;Receiver;Off;-54.99858;81.49113;0.0022944445;None;NO
82560;99.988075;1.1422;sun;On;On;Receiver;Off;-59.137207;81.70043;0.0022944445;None;NO
82570;99.988075;1.1425;sun;On;On;Receiver;Off;-63.44411;81.8679;0.0022944445;None;NO
82580;99.988075;1.1428;sun;On;On;Receiver;Off;-67.881165;81.990875;0.0022944445;None;NO
82590;99.988075;1.1431;sun;On;On;Receiver;Off;-72.40194;82.06732;0.0022944445;None;NO
82600;99.988075;1.1434;sun;On;On;Receiver;Off;-76.95426;82.09586;0.0022944445;None;NO
82610;99.988075;1.1437;sun;On;On;Receiver;Off;-81.4837;82.076;0.0022944445;None;NO
82620;99.988075;1.144;sun;On;On;Receiver;Off;-85.93748;82.00808;0.0022944445;None;NO
82630;99.988075;1.1443;sun;On;On;Receiver;Off;-90.26803;81.89331;0.0022944445;None;NO
82640;99.988075;1.1446;sun;On;On;Receiver;Off;-94.43579;81.73366;0.0022944445;None;NO
82650;99.988075;1.1449;sun;On;On;Receiver;Off;-98.41069;81.53165;0.0022944445;None;NO
82660;99.988075;1.1452;sun;On;On;Receiver;Off;-102.17249;81.29023;0.0022944445;None;NO
82670;99.988075;1.1455;sun;On;On;Receiver;Off;-105.71011;81.01258;0.0022944445;None;NO
82680;99.988075;1.1458;sun;On;On;Receiver;Off;-109.0203;80.70194;0.0022944445;None;NO
82690;99.988075;1.1461;sun;On;On;Receiver;Off;-112.10602;80.36151;0.0022944445;None;NO
82700;99.988075;1.1464;sun;On;On;Receiver;Off;-114.974785;79.99432;0.0022944445;None;NO
82710;99.988075;1.1467;sun;On;On;Receiver;Off;-117.63724;79.60321;0.0022944445;None;NO
82720;99.988075;1.147;sun;On;On;Receiver;Off;-120.105896;79.19077;0.0022944445;None;NO
82730;99.988075;1.1473;sun;On;On;Receiver;Off;-122.3942;78.75935;0.0022944445;None;NO
82740;99.988075;1.1476;sun;On;On;Receiver;Off;-124.51583;78.311066;0.0022944445;None;NO
82750;99.988075;1.1479;sun;On;On;Receiver;Off;-126.484184;77.84776;0.0022944445;None;NO
82760;99.988075;1.1482;sun;On;On;Receiver;Off;-128.31212;77.37111;0.0022944445;None;NO
82770;99.988075;1.1485;sun;On;On;Receiver;Off;-130.01167;76.882545;0.0022944445;None;NO
82780;99.988075;1.1488;sun;On;On;Receiver;Off;-131.5941;76.38337;0.0022944445;None;NO
82790;99.988075;1.1491;sun;On;On;Receiver;Off;-133.06969;75.8747;0.0022944445;None;NO
82800;99.988075;1.1494;sun;On;On;Receiver;Off;-134.44785;75.35753;0.0022944445;None;NO
82810;99.988075;1.1497;sun;On;On;Receiver;Off;-135.73717;74.83272;0.0022944445;None;NO
82820;99.988075;1.15;sun;On;On;Receiver;Off;-136.94542;74.30105;0.0022944445;None;NO
82830;99.988075;1.1503;sun;On;On;Receiver;Off;-138.0796;73.763176;0.0022944445;None;NO
82840;99.988075;1.1506;sun;On;On;Receiver;Off;-139.14609;73.21971;0.0022944445;None;NO
82850;99.988075;1.1509;sun;On;On;Receiver;Off;-140.15059;72.67118;0.0022944445;None;NO
82860;99.988075;1.1512;sun;On;On;Receiver;Off;-141.09827;72.11804;0.0022944445;None;NO
82870;99.988075;1.1515;sun;On;On;Receiver;Off;-141.9938;71.560715;0.0022944445;None;NO
82880;99.988075;1.1518;sun;On;On;Receiver;Off;-142.8414;70.99957;0.0022944445;None;NO
82890;99.988075;1.1521;sun;On;On;Receiver;Off;-143.64488;70.43494;0.0022944445;None;NO
82900;99.988075;1.1524;sun;On;On;Receiver;Off;-144.40765;69.8671;0.0022944445;None;NO
82910;99.97615;1.1527;ecl;On;On;Receiver;Off;-145.13289;69.29633;0.0022944445;None;NO
82920;99.964226;1.153;ecl;On;On;Receiver;Off;-145.82336;68.72287;0.0022944445;None;NO
82930;99.9523;1.1533;ecl;On;On;Receiver;Off;-146.48169;68.14693;0.0022944445;None;NO
82940;99.94038;1.1536;ecl;On;On;Receiver;Off;-147.11018;67.56869;0.0022944445;None;NO
82950;99.928444;1.1539;ecl;On;On;Receiver;Off;-147.71097;66.98833;0.0022944445;None;NO
82960;99.91652;1.1542;ecl;On;On;Receiver;Off;-148.286;66.406006;0.0022944445;None;NO
82970;99.904594;1.1545;ecl;On;On;Receiver;Off;-148.83704;65.82186;0.0022944445;None;NO
82980;99.89267;1.1548;ecl;On;On;Receiver;Off;-149.3657;65.23603;0.0022944445;None;NO
82990;99.880745;1.1551;ecl;On;On;Receiver;Off;-149.87349;64.64862;0.0022944445;None;NO
83000;99.86882;1.1554;ecl;On;On;Receiver;Off;-150.36174;64.05975;0.0022944445;None;NO
83010;99.856895;1.1557;ecl;On;On;Receiver;Off;-150.83171;63.46951;0.0022944445;None;NO
83020;99.84497;1.156;ecl;On;On;Receiver;Off;-151.28456;62.877987;0.0022944445;None;NO
83030;99.833046;1.1563;ecl;On;On;Receiver;Off;-151.72134;62.28527;0.0022944445;None;NO
83040;99.82112;1.1566;ecl;On;On;Receiver;Off;-152.14304;61.691437;0.0022944445;None;NO
83050;99.8092;1.1569;ecl;On;On;Receiver;Off;-152.55054;61.096546;0.0022944445;None;NO
83060;99.79727;1.1572;ecl;On;On;Receiver;Off;-152.94467;60.50067;0.0022944445;None;NO
83070;99.78534;1.1575;ecl;On;On;Receiver;Off;-153.32622;59.903866;0.0022944445;None;NO
83080;99.773415;1.1578;ecl;On;On;Receiver;Off;-153.6959;59.306187;0.0022944445;None;NO
83090;99.76149;1.1581;ecl;On;On;Receiver;Off;-154.05438;58.707687;0.0022944445;None;NO
83100;99.749565;1.1584;ecl;On;On;Receiver;Off;-154.40228;58.10841;0.0022944445;None;NO
83110;99.73764;1.1587;ecl;On;On;Receiver;Off;-154.74014;57.508396;0.0022944445;None;NO
83120;99.725716;1.159;ecl;On;On;Receiver;Off;-155.06854;56.907692;0.0022944445;None;NO
83130;99.71379;1.1593;ecl;On;On;Receiver;Off;-155.38795;56.30633;0.0022944445;None;NO
83140;99.701866;1.1596;ecl;On;On;Receiver;Off;-155.69885;55.704353;0.0022944445;None;NO
83150;99.68994;1.1599;ecl;On;On;Receiver;Off;-156.00168;55.101784;0.0022944445;None;NO
83160;99.67802;1.1602;ecl;On;On;Receiver;Off;-156.29681;54.498657;0.0022944445;None;NO
83170;99.66609;1.1605;ecl;On;On;Receiver;Off;-156.58466;53.895004;0.0022944445;None;NO
83180;99.65417;1.1608;ecl;On;On;Receiver;Off;-156.86557;53.290844;0.0022944445;None;NO
83190;99.642235;1.1611;ecl;On;On;Receiver;Off;-157.1399;52.686207;0.0022944445;None;NO
83200;99.63031;1.1614;ecl;On;On;Receiver;Off;-157.40791;52.081116;0.0022944445;None;NO
83210;99.618385;1.1617;ecl;On;On;Receiver;Off;-157.66995;51.475594;0.0022944445;None;NO
83220;99.60646;1.162;ecl;On;On;Receiver;Off;-157.92627;50.86966;0.0022944445;None;NO
83230;99.594536;1.1623;ecl;On;On;Receiver;Off;-158.17715;50.26333;0.0022944445;None;NO
83240;99.58261;1.1626;ecl;On;On;Receiver;Off;-158.42282;49.656624;0.0022944445;None;NO
83250;99.57069;1.1629;ecl;On;On;Receiver;Off;-158.66351;49.049564;0.0022944445;None;NO
83260;99.55876;1.1632;ecl;On;On;Receiver;Off;-158.89948;48.44216;0.0022944445;None;NO
83270;99.54684;1.1635;ecl;On;On;Receiver;Off;-159.13087;47.83443;0.0022944445;None;NO
83280;99.53491;1.1638;ecl;On;On;Receiver;Off;-159.35794;47.22639;0.0022944445;None;NO
83290;99.52299;1.1641;ecl;On;On;Receiver;Off;-159.58084;46.61805;0.0022944445;None;NO
83300;99.51106;1.1644;ecl;On;On;Receiver;Off;-159.79976;46.009426;0.0022944445;None;NO
83310;99.49913;1.1647;ecl;On;On;Receiver;Off;-160.01486;45.400528;0.0022944445;None;NO
83320;99.487206;1.165;ecl;On;On;Receiver;Off;-160.22632;44.791367;0.0022944445;None;NO
83330;99.47528;1.1653;ecl;On;On;Receiver;Off;-160.43425;44.181953;0.0022944445;None;NO
83340;99.463356;1.1656;ecl;On;On;Receiver;Off;-160.63882;43.5723;0.0022944445;None;NO
83350;99.45143;1.1659;ecl;On;On;Receiver;Off;-160.84016;42.962418;0.0022944445;None;NO
83360;99.43951;1.1662;ecl;On;On;Receiver;Off;-161.0384;42.352314;0.0022944445;None;NO
83370;99.42758;1.1665;ecl;On;On;Receiver;Off;-161.23367;41.741997;0.0022944445;None;NO
83380;99.41566;1.1668;ecl;On;On;Receiver;Off;-161.42609;41.131477;0.0022944445;None;NO
83390;99.40373;1.1671;ecl;On;On;Receiver;Off;-161.61574;40.52076;0.0022944445;None;NO
83400;99.39181;1.1674;ecl;On;On;Receiver;Off;-161.80276;39.909855;0.0022944445;None;NO
83410;99.37988;1.1677;ecl;On;On;Receiver;Off;-161.98724;39.298767;0.0022944445;None;NO
83420;99.36796;1.168;ecl;On;On;Receiver;Off;-162.16927;38.687508;0.0022944445;None;NO
83430;99.356026;1.1683;ecl;On;On;Receiver;Off;-162.34895;38.07608;0.0022944445;None;NO
83440;99.3441;1.1686;ecl;On;On;Receiver;Off;-162.52637;37.46449;0.0022944445;None;NO
83450;99.33218;1.1689;ecl;On;On;Receiver;Off;-162.70161;36.85275;0.0022944445;None;NO
83460;99.32025;1.1692;ecl;On;On;Receiver;Off;-162.87476;36.240856;0.0022944445;None;NO
83470;99.30833;1.1695;ecl;On;On;Receiver;Off;-163.0459;35.62882;0.0022944445;None;NO
83480;99.2964;1.1698;ecl;On;On;Receiver;Off;-163.21507;35.016644;0.0022944445;None;NO
83490;99.28448;1.1701;ecl;On;On;Receiver;Off;-163.38239;34.40434;0.0022944445;None;NO
83500;99.27255;1.1704;ecl;On;On;Receiver;Off;-163.5479;33.7919;0.0022944445;None;NO
83510;99.26063;1.1707;ecl;On;On;Receiver;Off;-163.71167;33.179344;0.0022944445;None;NO
83520;99.2487;1.171;ecl;On;On;Receiver;Off;-163.87378;32.566666;0.0022944445;None;NO
83530;99.23678;1.1713;ecl;On;On;Receiver;Off;-164.03426;31.953875;0.0022944445;None;NO
83540;99.22485;1.1716;ecl;On;On;Receiver;Off;-164.19319;31.340973;0.0022944445;None;NO
83550;99.21292;1.1719;ecl;On;On;Receiver;Off;-164.35062;30.727964;0.0022944445;None;NO
83560;99.201;1.1722;ecl;On;On;Receiver;Off;-164.5066;30.114853;0.0022944445;None;NO
83570;99.18907;1.1725;ecl;On;On;Receiver;Off;-164.66121;29.501644;0.0022944445;None;NO
83580;99.17715;1.1728;ecl;On;On;Receiver;Off;-164.81447;28.888338;0.0022944445;None;NO
83590;99.16522;1.1731;ecl;On;On;Receiver;Off;-164.96643;28.274942;0.0022944445;None;NO
83600;99.1533;1.1734;ecl;On;On;Receiver;Off;-165.11714;27.661457;0.0022944445;None;NO
83610;99.14137;1.1737;ecl;On;On;Receiver;Off;-165.26666;27.047888;0.0022944445;None;NO
83620;99.12945;1.174;ecl;On;On;Receiver;Off;-165.41502;26.434237;0.0022944445;None;NO
83630;99.11752;1.1743;ecl;On;On;Receiver;Off;-165.56227;25.820505;0.0022944445;None;NO
83640;99.1056;1.1746;ecl;On;On;Receiver;Off;-165.70844;25.2067;0.0022944445;None;NO
83650;99.09367;1.1749;ecl;On;On;Receiver;Off;-165.85358;24.59282;0.0022944445;None;NO
83660;99.08175;1.1752;ecl;On;On;Receiver;Off;-165.99773;23.978868;0.0022944445;None;NO
83670;99.06982;1.1755;ecl;On;On;Receiver;Off;-166.14091;23.364851;0.0022944445;None;NO
83680;99.05789;1.1758;ecl;On;On;Receiver;Off;-166.28319;22.750769;0.0022944445;None;NO
83690;99.04597;1.1761;ecl;On;On;Receiver;Off;-166.42458;22.136621;0.0022944445;None;NO
83700;99.03404;1.1764;ecl;On;On;Receiver;Off;-166.56511;21.522415;0.0022944445;None;NO
83710;99.02212;1.1767;ecl;On;On;Receiver;Off;-166.70482;20.90815;0.0022944445;None;NO
83720;99.01019;1.177;ecl;On;On;Receiver;Off;-166.84375;20.29383;0.0022944445;None;NO
83730;98.99827;1.1773;ecl;On;On;Receiver;Off;-166.98192;19.679457;0.0022944445;None;NO
83740;98.98634;1.1776;ecl;On;On;Receiver;Off;-167.11937;19.065031;0.0022944445;None;NO
83750;98.97442;1.1779;ecl;On;On;Receiver;Off;-167.25612;18.450558;0.0022944445;None;NO
83760;98.962494;1.1782;ecl;On;On;Receiver;Off;-167.39221;17.836035;0.0022944445;None;NO
83770;98.95057;1.1785;ecl;On;On;Receiver;Off;-167.52766;17.221468;0.0022944445;None;NO
83780;98.93864;1.1788;ecl;On;On;Receiver;Off;-167.66252;16.60686;0.0022944445;None;NO
83790;98.92671;1.1791;ecl;On;On;Receiver;Off;-167.79678;15.992208;0.0022944445;None;NO
83800;98.91479;1.1794;ecl;On;On;Receiver;Off;-167.93048;15.377517;0.0022944445;None;NO
83810;98.90286;1.1797;ecl;On;On;Receiver;Off;-168.06366;14.762788;0.0022944445;None;NO
83820;98.89094;1.18;ecl;On;On;Receiver;Off;-168.19633;14.148024;0.0022944445;None;NO
83830;98.87901;1.1803;ecl;On;On;Receiver;Off;-168.32854;13.533225;0.0022944445;None;NO
83840;98.86709;1.1806;ecl;On;On;Receiver;Off;-168.46027;12.918394;0.0022944445;None;NO
83850;98.85516;1.1809;ecl;On;On;Receiver;Off;-168.59158;12.303533;0.0022944445;None;NO
83860;98.84324;1.1812;ecl;On;On;Receiver;Off;-168.72249;11.688642;0.0022944445;None;NO
83870;98.831314;1.1815;ecl;On;On;Receiver;Off;-168.853;11.073723;0.0022944445;None;NO
83880;98.81939;1.1818;ecl;On;On;Receiver;Off;-168.98315;10.458779;0.0022944445;None;NO
83890;98.807465;1.1821;ecl;On;On;Receiver;Off;-169.11298;9.843811;0.0022944445;None;NO
83900;98.79553;1.1824;ecl;On;On;Receiver;Off;-169.24248;9.22882;0.0022944445;None;NO
83910;98.78361;1.1827;ecl;On;On;Receiver;Off;-169.37169;8.613807;0.0022944445;None;NO
83920;98.77168;1.183;ecl;On;On;Receiver;Off;-169.50063;7.998775;0.0022944445;None;NO
83930;98.75976;1.1833;ecl;On;On;Receiver;Off;-169.6293;7.3837247;0.0022944445;None;NO
83940;98.74783;1.1836;ecl;On;On;Receiver;Off;-169.75775;6.768657;0.0022944445;None;NO
83950;98.73591;1.1839;ecl;On;On;Receiver;Off;-169.88599;6.153575;0.0022944445;None;NO
83960;98.72398;1.1842;ecl;On;On;Receiver;Off;-170.01404;5.5384784;0.0022944445;None;NO
83970;98.71206;1.1845;ecl;On;On;Receiver;Off;-170.14192;4.92337;0.0022944445;None;NO
83980;98.700134;1.1848;ecl;On;On;Receiver;Off;-170.26965;4.30825;0.0022944445;None;NO
83990;98.68821;1.1851;ecl;On;On;Receiver;Off;-170.39726;3.6931202;0.0022944445;None;NO
84000;98.676285;1.1854;ecl;On;On;Receiver;Off;-170.52475;3.0779827;0.0022944445;None;NO
84010;98.66436;1.1857;ecl;On;On;Receiver;Off;-170.65216;2.462838;0.0022944445;None;NO
84020;98.65243;1.186;ecl;On;On;Receiver;Off;-170.7795;1.8476878;0.0022944445;None;NO
84030;98.6405;1.1863;ecl;On;On;Receiver;Off;-170.90678;1.2325336;0.0022944445;None;NO
84040;98.62858;1.1866;ecl;On;On;Receiver;Off;-171.03404;0.6173766;0.0022944445;None;NO
84050;98.61665;1.1869;ecl;On;On;Receiver;Off;-171.16129;0.0022182614;0.0022944445;None;NO
84060;98.60473;1.1872;ecl;On;On;Receiver;Off;-171.28854;-0.6129401;0.0022944445;None;NO
84070;98.592804;1.1875;ecl;On;On;Receiver;Off;-171.41583;-1.2280971;0.0022944445;None;NO
84080;98.58088;1.1878;ecl;On;On;Receiver;Off;-171.54317;-1.8432513;0.0022944445;None;NO
84090;98.568954;1.1881;ecl;On;On;Receiver;Off;-171.67058;-2.4584014;0.0022944445;None;NO
84100;98.55703;1.1884;ecl;On;On;Receiver;Off;-171.79807;-3.0735462;0.0022944445;None;NO
84110;98.545105;1.1887;ecl;On;On;Receiver;Off;-171.92567;-3.688684;0.0022944445;None;NO
84120;98.53318;1.189;ecl;On;On;Receiver;Off;-172.0534;-4.3038135;0.0022944445;None;NO
84130;98.521255;1.1893;ecl;On;On;Receiver;Off;-172.18129;-4.9189334;0.0022944445;None;NO
84140;98.50932;1.1896;ecl;On;On;Receiver;Off;-172.30934;-5.5340424;0.0022944445;None;NO
84150;98.4974;1.1899;ecl;On;On;Receiver;Off;-172.43759;-6.149139;0.0022944445;None;NO
84160;98.48547;1.1902;ecl;On;On;Receiver;Off;-172.56604;-6.7642217;0.0022944445;None;NO
84170;98.47355;1.1905;ecl;On;On;Receiver;Off;-172.69472;-7.3792887;0.0022944445;None;NO
84180;98.461624;1.1908;ecl;On;On;Receiver;Off;-172.82365;-7.9943395;0.0022944445;None;NO
84190;98.4497;1.1911;ecl;On;On;Receiver;Off;-172.95287;-8.609371;0.0022944445;None;NO
84200;98.437775;1.1914;ecl;On;On;Receiver;Off;-173.08237;-9.224384;0.0022944445;None;NO
84210;98.42585;1.1917;ecl;On;On;Receiver;Off;-173.21219;-9.8393755;0.0022944445;None;NO
84220;98.413925;1.192;ecl;On;On;Receiver;Off;-173.34236;-10.454344;0.0022944445;None;NO
84230;98.402;1.1923;ecl;On;On;Receiver;Off;-173.47289;-11.069288;0.0022944445;None;NO
84240;98.390076;1.1926;ecl;On;On;Receiver;Off;-173.60379;-11.684207;0.0022944445;None;NO
84250;98.37815;1.1929;ecl;On;On;Receiver;Off;-173.7351;-12.299098;0.0022944445;None;NO
84260;98.36622;1.1932;ecl;On;On;Receiver;Off;-173.86685;-12.9139595;0.0022944445;None;NO
84270;98.354294;1.1935;ecl;On;On;Receiver;Off;-173.99905;-13.52879;0.0022944445;None;NO
84280;98.34237;1.1938;ecl;On;On;Receiver;Off;-174.13173;-14.14359;0.0022944445;None;NO
84290;98.330444;1.1941;ecl;On;On;Receiver;Off;-174.26491;-14.758354;0.0022944445;None;NO
84300;98.31852;1.1944;ecl;On;On;Receiver;Off;-174.39862;-15.373083;0.0022944445;None;NO
84310;98.306595;1.1947;ecl;On;On;Receiver;Off;-174.5329;-15.987774;0.0022944445;None;NO
84320;98.29467;1.195;ecl;On;On;Receiver;Off;-174.66774;-16.602427;0.0022944445;None;NO
84330;98.282745;1.1953;ecl;On;On;Receiver;Off;-174.8032;-17.217037;0.0022944445;None;NO
84340;98.27082;1.1956;ecl;On;On;Receiver;Off;-174.9393;-17.831604;0.0022944445;None;NO
84350;98.258896;1.1959;ecl;On;On;Receiver;Off;-175.07607;-18.446125;0.0022944445;None;NO
84360;98.24697;1.1962;ecl;On;On;Receiver;Off;-175.21353;-19.0606;0.0022944445;None;NO
84370;98.23505;1.1965;ecl;On;On;Receiver;Off;-175.35172;-19.675026;0.0022944445;None;NO
84380;98.223114;1.1968;ecl;On;On;Receiver;Off;-175.49065;-20.2894;0.0022944445;None;NO
84390;98.21119;1.1971;ecl;On;On;Receiver;Off;-175.63037;-20.90372;0.0022944445;None;NO
84400;98.199265;1.1974;ecl;On;On;Receiver;Off;-175.77092;-21.517984;0.0022944445;None;NO
84410;98.18734;1.1977;ecl;On;On;Receiver;Off;-175.91231;-22.132193;0.0022944445;None;NO
84420;98.175415;1.198;ecl;On;On;Receiver;Off;-176.05458;-22.746338;0.0022944445;None;NO
84430;98.16349;1.1983;ecl;On;On;Receiver;Off;-176.19778;-23.360422;0.0022944445;None;NO
84440;98.151566;1.1986;ecl;On;On;Receiver;Off;-176.34195;-23.974442;0.0022944445;None;NO
84450;98.13964;1.1989;ecl;On;On;Receiver;Off;-176.4871;-24.588392;0.0022944445;None;NO
84460;98.127716;1.1992;ecl;On;On;Receiver;Off;-176.63329;-25.202272;0.0022944445;None;NO
84470;98.11579;1.1995;ecl;On;On;Receiver;Off;-176.78055;-25.81608;0.0022944445;None;NO
84480;98.10387;1.1998;ecl;On;On;Receiver;Off;-176.92892;-26.42981;0.0022944445;None;NO
84490;98.09194;1.2001;ecl;On;On;Receiver;Off;-177.07846;-27.043463;0.0022944445;None;NO
84500;98.08001;1.2004;ecl;On;On;Receiver;Off;-177.22919;-27.657032;0.0022944445;None;NO
84510;98.068085;1.2007;ecl;On;On;Receiver;Off;-177.38116;-28.270517;0.0022944445;None;NO
84520;98.05616;1.201;ecl;On;On;Receiver;Off;-177.53444;-28.883915;0.0022944445;None;NO
84530;98.044235;1.2013;ecl;On;On;Receiver;Off;-177.68906;-29.497221;0.0022944445;None;NO
84540;98.03231;1.2016;ecl;On;On;Receiver;Off;-177.84506;-30.110432;0.0022944445;None;NO
84550;98.020386;1.2019;ecl;On;On;Receiver;Off;-178.0025;-30.723543;0.0022944445;None;NO
84560;98.00846;1.2022;ecl;On;On;Receiver;Off;-178.16145;-31.336552;0.0022944445;None;NO
84570;97.99654;1.2025;ecl;On;On;Receiver;Off;-178.32196;-31.949455;0.0022944445;None;NO
84580;97.98461;1.2028;ecl;On;On;Receiver;Off;-178.48409;-32.56225;0.0022944445;None;NO
84590;97.97269;1.2031;ecl;On;On;Receiver;Off;-178.64787;-33.174927;0.0022944445;None;NO
84600;97.96076;1.2034;ecl;On;On;Receiver;Off;-178.8134;-33.787483;0.0022944445;None;NO
84610;97.94883;1.2037;ecl;On;On;Receiver;Off;-178.98074;-34.39992;0.0022944445;None;NO
84620;97.936905;1.204;ecl;On;On;Receiver;Off;-179.14995;-35.01223;0.0022944445;None;NO
84630;97.92498;1.2043;ecl;On;On;Receiver;Off;-179.3211;-35.624405;0.0022944445;None;NO
84640;97.913055;1.2046;ecl;On;On;Receiver;Off;-179.49428;-36.236443;0.0022944445;None;NO
84650;97.90113;1.2049;ecl;On;On;Receiver;Off;-179.66954;-36.848335;0.0022944445;None;NO
84660;97.889206;1.2052;ecl;On;On;Receiver;Off;-179.84698;-37.46008;0.0022944445;None;NO
84670;97.87728;1.2055;ecl;On;On;Receiver;Off;179.9733;-38.07167;0.0022944445;None;NO
84680;97.86536;1.2058;ecl;On;On;Receiver;Off;179.79124;-38.683098;0.0022944445;None;NO
84690;97.85343;1.2061;ecl;On;On;Receiver;Off;179.60674;-39.29436;0.0022944445;None;NO
84700;97.84151;1.2064;ecl;On;On;Receiver;Off;179.41968;-39.90545;0.0022944445;None;NO
84710;97.82958;1.2067;ecl;On;On;Receiver;Off;179.23;-40.516354;0.0022944445;None;NO
84720;97.81766;1.207;ecl;On;On;Receiver;Off;179.03755;-41.12707;0.0022944445;None;NO
84730;97.805725;1.2073;ecl;On;On;Receiver;Off;178.84225;-41.737595;0.0022944445;None;NO
84740;97.7938;1.2076;ecl;On;On;Receiver;Off;178.64397;-42.34791;0.0022944445;None;NO
84750;97.781876;1.2079;ecl;On;On;Receiver;Off;178.44258;-42.95802;0.0022944445;None;NO
84760;97.76995;1.2082;ecl;On;On;Receiver;Off;178.23798;-43.567905;0.0022944445;None;NO
84770;97.758026;1.2085;ecl;On;On;Receiver;Off;178.03;-44.17756;0.0022944445;None;NO
84780;97.7461;1.2088;ecl;On;On;Receiver;Off;177.81851;-44.786972;0.0022944445;None;NO
84790;97.73418;1.2091;ecl;On;On;Receiver;Off;177.60336;-45.396133;0.0022944445;None;NO
84800;97.72225;1.2094;ecl;On;On;Receiver;Off;177.38438;-46.005035;0.0022944445;None;NO
84810;97.71033;1.2097;ecl;On;On;Receiver;Off;177.16144;-46.613663;0.0022944445;None;NO
84820;97.6984;1.21;ecl;On;On;Receiver;Off;176.93433;-47.222004;0.0022944445;None;NO
84830;97.68648;1.2103;ecl;On;On;Receiver;Off;176.70287;-47.830048;0.0022944445;None;NO
84840;97.67455;1.2106;ecl;On;On;Receiver;Off;176.46686;-48.43778;0.0022944445;None;NO
84850;97.71604;1.2109;sun;On;On;Receiver;Off;176.22609;-49.045185;0.0022944445;None;NO
84860;97.75754;1.2112;sun;On;On;Receiver;Off;175.98036;-49.65225;0.0022944445;None;NO
84870;97.79903;1.2115;sun;On;On;Receiver;Off;175.72943;-50.258953;0.0022944445;None;NO
84880;97.84052;1.2118;sun;On;On;Receiver;Off;175.47304;-50.865288;0.0022944445;None;NO
84890;97.88202;1.2121;sun;On;On;Receiver;Off;175.21092;-51.471226;0.0022944445;None;NO
84900;97.92351;1.2124;sun;On;On;Receiver;Off;174.94283;-52.07675;0.0022944445;None;NO
84910;97.965004;1.2127;sun;On;On;Receiver;Off;174.66844;-52.681847;0.0022944445;None;NO
84920;98.0065;1.213;sun;On;On;Receiver;Off;174.38744;-53.286484;0.0022944445;None;NO
84930;98.04799;1.2133;sun;On;On;Receiver;Off;174.0995;-53.890648;0.0022944445;None;NO
84940;98.089485;1.2136;sun;On;On;Receiver;Off;173.80428;-54.494305;0.0022944445;None;NO
84950;98.130974;1.2139;sun;On;On;Receiver;Off;173.50136;-55.097435;0.0022944445;None;NO
84960;98.17247;1.2142;sun;On;On;Receiver;Off;173.19037;-55.70001;0.0022944445;None;NO
84970;98.21397;1.2145;sun;On;On;Receiver;Off;172.87085;-56.301994;0.0022944445;None;NO
84980;98.255455;1.2148;sun;On;On;Receiver;Off;172.54234;-56.90336;0.0022944445;None;NO
84990;98.29695;1.2151;sun;On;On;Receiver;Off;172.20435;-57.504066;0.0022944445;None;NO
85000;98.33845;1.2154;sun;On;On;Receiver;Off;171.85634;-58.104084;0.0022944445;None;NO
85010;98.37994;1.2157;sun;On;On;Receiver;Off;171.49773;-58.703365;0.0022944445;None;NO
85020;98.42143;1.216;sun;On;On;Receiver;Off;171.1279;-59.301876;0.0022944445;None;NO
85030;98.46292;1.2163;sun;On;On;Receiver;Off;170.7462;-59.89956;0.0022944445;None;NO
85040;98.50442;1.2166;sun;On;On;Receiver;Off;170.3519;-60.49637;0.0022944445;None;NO
85050;98.54591;1.2169;sun;On;On;Receiver;Off;169.94424;-61.09225;0.0022944445;None;NO
85060;98.5874;1.2172;sun;On;On;Receiver;Off;169.52237;-61.68715;0.0022944445;None;NO
85070;98.6289;1.2175;sun;On;On;Receiver;Off;169.0854;-62.280994;0.0022944445;None;NO
85080;98.670395;1.2178;sun;On;On;Receiver;Off;168.63235;-62.87372;0.0022944445;None;NO
85090;98.71188;1.2181;sun;On;On;Receiver;Off;168.16217;-63.46525;0.0022944445;None;NO
85100;98.75338;1.2184;sun;On;On;Receiver;Off;167.67368;-64.0555;0.0022944445;None;NO
85110;98.79487;1.2187;sun;On;On;Receiver;Off;167.16566;-64.64438;0.0022944445;None;NO
85120;98.836365;1.219;sun;On;On;Receiver;Off;166.63673;-65.2318;0.0022944445;None;NO
85130;98.87786;1.2193;sun;On;On;Receiver;Off;166.08542;-65.81764;0.0022944445;None;NO
85140;98.91935;1.2196;sun;On;On;Receiver;Off;165.51009;-66.4018;0.0022944445;None;NO
85150;98.960846;1.2199;sun;On;On;Receiver;Off;164.90897;-66.98413;0.0022944445;None;NO
85160;99.00234;1.2202;sun;On;On;Receiver;Off;164.28014;-67.56451;0.0022944445;None;NO
85170;99.04383;1.2205;sun;On;On;Receiver;Off;163.62143;-68.14276;0.0022944445;None;NO
85180;99.08533;1.2208;sun;On;On;Receiver;Off;162.93054;-68.71873;0.0022944445;None;NO
85190;99.126816;1.2211;sun;On;On;Receiver;Off;162.20488;-69.292206;0.0022944445;None;NO
85200;99.16831;1.2214;sun;On;On;Receiver;Off;161.44162;-69.86299;0.0022944445;None;NO
85210;99.20981;1.2217;sun;On;On;Receiver;Off;160.63765;-70.43085;0.0022944445;None;NO
85220;99.2513;1.222;sun;On;On;Receiver;Off;159.78949;-70.99551;0.0022944445;None;NO
85230;99.29279;1.2223;sun;On;On;Receiver;Off;158.89336;-71.55668;0.0022944445;None;NO
85240;99.33429;1.2226;sun;On;On;Receiver;Off;157.945;-72.11404;0.0022944445;None;NO
85250;99.37578;1.2229;sun;On;On;Receiver;Off;156.93979;-72.667206;0.0022944445;None;NO
85260;99.417274;1.2232;sun;On;On;Receiver;Off;155.87253;-73.215775;0.0022944445;None;NO
85270;99.45876;1.2235;sun;On;On;Receiver;Off;154.73747;-73.75928;0.0022944445;None;NO
85280;99.50026;1.2238;sun;On;On;Receiver;Off;153.52829;-74.29719;0.0022944445;None;NO
85290;99.541756;1.2241;sun;On;On;Receiver;Off;152.23795;-74.82891;0.0022944445;None;NO
85300;99.583244;1.2244;sun;On;On;Receiver;Off;150.85866;-75.35377;0.0022944445;None;NO
85310;99.62474;1.2247;sun;On;On;Receiver;Off;149.38184;-75.871;0.0022944445;None;NO
85320;99.66624;1.225;sun;On;On;Receiver;Off;147.79807;-76.37974;0.0022944445;None;NO
85330;99.707726;1.2253;sun;On;On;Receiver;Off;146.09702;-76.87898;0.0022944445;None;NO
85340;99.74922;1.2256;sun;On;On;Receiver;Off;144.26747;-77.36762;0.0022944445;None;NO
85350;99.79071;1.2259;sun;On;On;Receiver;Off;142.29733;-77.84437;0.0022944445;None;NO
85360;99.83221;1.2262;sun;On;On;Receiver;Off;140.17378;-78.30777;0.0022944445;None;NO
85370;99.8737;1.2265;sun;On;On;Receiver;Off;137.88338;-78.75618;0.0022944445;None;NO
85380;99.91519;1.2268;sun;On;On;Receiver;Off;135.41245;-79.18772;0.0022944445;None;NO
85390;99.95669;1.2271;sun;On;On;Receiver;Off;132.74757;-79.6003;0.0022944445;None;NO
85400;99.988075;1.2274;sun;On;On;Receiver;Off;129.87624;-79.991585;0.0022944445;None;NO
85410;99.988075;1.2277;sun;On;On;Receiver;Off;126.78785;-80.358955;0.0022944445;None;NO
85420;99.988075;1.228;sun;On;On;Receiver;Off;123.474915;-80.69959;0.0022944445;None;NO
85430;99.988075;1.2283;sun;On;On;Receiver;Off;119.93455;-81.01045;0.0022944445;None;NO
85440;99.988075;1.2286;sun;On;On;Receiver;Off;116.17008;-81.28835;0.0022944445;None;NO
85450;99.988075;1.2289;sun;On;On;Receiver;Off;112.19271;-81.530045;0.0022944445;None;NO
85460;99.988075;1.2292;sun;On;On;Receiver;Off;108.02279;-81.73235;0.0022944445;None;NO
85470;99.988075;1.2295;sun;On;On;Receiver;Off;103.69049;-81.89232;0.0022944445;None;NO
85480;99.988075;1.2298;sun;On;On;Receiver;Off;99.235504;-82.007416;0.0022944445;None;NO
85490;99.988075;1.2301;sun;On;On;Receiver;Off;94.70546;-82.075676;0.0022944445;None;NO
85500;99.988075;1.2304;sun;On;On;Receiver;Off;90.15319;-82.095894;0.0022944445;None;NO
85510;99.988075;1.2307;sun;On;On;Receiver;Off;85.633125;-82.067696;0.0022944445;None;NO
85520;99.988075;1.231;sun;On;On;Receiver;Off;81.19739;-81.9916;0.0022944445;None;NO
85530;99.988075;1.2313;sun;On;On;Receiver;Off;76.89231;-81.86894;0.0022944445;None;NO
85540;99.988075;1.2316;sun;On;On;Receiver;Off;72.75591;-81.7018;0.0022944445;None;NO
85550;99.988075;1.2319;sun;On;On;Receiver;Off;68.81655;-81.492775;0.0022944445;None;NO
85560;99.988075;1.2322;sun;On;On;Receiver;Off;65.09282;-81.24489;0.0022944445;None;NO
85570;99.988075;1.2325;sun;On;On;Receiver;Off;61.594345;-80.96133;0.0022944445;None;NO
85580;99.988075;1.2328;sun;On;On;Receiver;Off;58.32319;-80.64533;0.0022944445;None;NO
85590;99.988075;1.2331;sun;On;On;Receiver;Off;55.275497;-80.30007;0.0022944445;None;NO
85600;99.988075;1.2334;sun;On;On;Receiver;Off;52.4431;-79.928566;0.0022944445;None;NO
85610;99.988075;1.2337;sun;On;On;Receiver;Off;49.81496;-79.5336;0.0022944445;None;NO
85620;99.988075;1.234;sun;On;On;Receiver;Off;47.378345;-79.11774;0.0022944445;None;NO
85630;99.988075;1.2343;sun;On;On;Receiver;Off;45.119728;-78.683266;0.0022944445;None;NO
85640;99.988075;1.2346;sun;On;On;Receiver;Off;43.025455;-78.23226;0.0022944445;None;NO
85650;99.988075;1.2349;sun;On;On;Receiver;Off;41.08219;-77.76655;0.0022944445;None;NO
85660;99.988075;1.2352;sun;On;On;Receiver;Off;39.277218;-77.28774;0.0022944445;None;NO
85670;99.988075;1.2355;sun;On;On;Receiver;Off;37.598606;-76.79727;0.0022944445;None;NO
85680;99.988075;1.2358;sun;On;On;Receiver;Off;36.035305;-76.29638;0.0022944445;None;NO
85690;99.988075;1.2361;sun;On;On;Receiver;Off;34.577152;-75.78618;0.0022944445;None;NO
85700;99.988075;1.2364;sun;On;On;Receiver;Off;33.21488;-75.26763;0.0022944445;None;NO
85710;99.988075;1.2367;sun;On;On;Receiver;Off;31.94006;-74.741585;0.0022944445;None;NO
85720;99.988075;1.237;sun;On;On;Receiver;Off;30.745056;-74.2088;0.0022944445;None;NO
85730;99.988075;1.2373;sun;On;On;Receiver;Off;29.622967;-73.66993;0.0022944445;None;NO
85740;99.988075;1.2376;sun;On;On;Receiver;Off;28.567556;-73.12556;0.0022944445;None;NO
85750;99.988075;1.2379;sun;On;On;Receiver;Off;27.573198;-72.576195;0.0022944445;None;NO
85760;99.988075;1.2382;sun;On;On;Receiver;Off;26.634817;-72.02231;0.0022944445;None;NO
85770;99.988075;1.2385;sun;On;On;Receiver;Off;25.74783;-71.4643;0.0022944445;None;NO
85780;99.988075;1.2388;sun;On;On;Receiver;Off;24.908094;-70.90253;0.0022944445;None;NO
85790;99.988075;1.2391;sun;On;On;Receiver;Off;24.11187;-70.337326;0.0022944445;None;NO
85800;99.988075;1.2394;sun;On;On;Receiver;Off;23.35577;-69.76897;0.0022944445;None;NO
85810;99.988075;1.2397;sun;On;On;Receiver;Off;22.636726;-69.197716;0.0022944445;None;NO
85820;99.988075;1.24;sun;On;On;Receiver;Off;21.951958;-68.62382;0.0022944445;None;NO
85830;99.988075;1.2403;sun;On;On;Receiver;Off;21.298937;-68.04746;0.0022944445;None;NO
85840;99.988075;1.2406;sun;On;On;Receiver;Off;20.675364;-67.46884;0.0022944445;None;NO
85850;99.988075;1.2409;sun;On;On;Receiver;Off;20.079145;-66.88814;0.0022944445;None;NO
85860;99.988075;1.2412;sun;On;On;Receiver;Off;19.508371;-66.30549;0.0022944445;None;NO
85870;99.988075;1.2415;sun;On;On;Receiver;Off;18.9613;-65.72105;0.0022944445;None;NO
85880;99.988075;1.2418;sun;On;On;Receiver;Off;18.436335;-65.13493;0.0022944445;None;NO
85890;99.988075;1.2421;sun;On;On;Receiver;Off;17.932013;-64.54727;0.0022944445;None;NO
85900;99.988075;1.2424;sun;On;On;Receiver;Off;17.446993;-63.958153;0.0022944445;None;NO
85910;99.988075;1.2427;sun;On;On;Receiver;Off;16.980047;-63.367683;0.0022944445;None;NO
85920;99.988075;1.243;sun;On;On;Receiver;Off;16.530039;-62.77595;0.0022944445;None;NO
85930;99.988075;1.2433;sun;On;On;Receiver;Off;16.095926;-62.183037;0.0022944445;None;NO
85940;99.988075;1.2436;sun;On;On;Receiver;Off;15.676745;-61.589016;0.0022944445;None;NO
85950;99.988075;1.2439;sun;On;On;Receiver;Off;15.271607;-60.993954;0.0022944445;None;NO
85960;99.988075;1.2442;sun;On;On;Receiver;Off;14.879689;-60.39791;0.0022944445;None;NO
85970;99.988075;1.2445;sun;On;On;Receiver;Off;14.50023;-59.800953;0.0022944445;None;NO
85980;99.988075;1.2448;sun;On;On;Receiver;Off;14.132523;-59.20313;0.0022944445;None;NO
85990;99.988075;1.2451;sun;On;On;Receiver;Off;13.775911;-58.604492;0.0022944445;None;NO
86000;99.988075;1.2454;sun;On;On;Receiver;Off;13.429788;-58.005085;0.0022944445;None;NO
86010;99.988075;1.2457;sun;On;On;Receiver;Off;13.093584;-57.40495;0.0022944445;None;NO
86020;99.988075;1.246;sun;On;On;Receiver;Off;12.766771;-56.80413;0.0022944445;None;NO
86030;99.988075;1.2463;sun;On;On;Receiver;Off;12.448857;-56.20266;0.0022944445;None;NO
86040;99.988075;1.2466;sun;On;On;Receiver;Off;12.139383;-55.60058;0.0022944445;None;NO
86050;99.988075;1.2469;sun;On;On;Receiver;Off;11.837917;-54.99791;0.0022944445;None;NO
86060;99.988075;1.2472;sun;On;On;Receiver;Off;11.544058;-54.39469;0.0022944445;None;NO
86070;99.988075;1.2475;sun;On;On;Receiver;Off;11.257429;-53.790947;0.0022944445;None;NO
86080;99.988075;1.2478;sun;On;On;Receiver;Off;10.977676;-53.186707;0.0022944445;None;NO
86090;99.988075;1.2481;sun;On;On;Receiver;Off;10.704469;-52.58199;0.0022944445;None;NO
86100;99.988075;1.2484;sun;On;On;Receiver;Off;10.437495;-51.97682;0.0022944445;None;NO
86110;99.988075;1.2487;sun;On;On;Receiver;Off;10.176463;-51.371227;0.0022944445;None;NO
86120;99.988075;1.249;sun;On;On;Receiver;Off;9.921097;-50.76522;0.0022944445;None;NO
86130;99.988075;1.2493;sun;On;On;Receiver;Off;9.671136;-50.158825;0.0022944445;None;NO
86140;99.988075;1.2496;sun;On;On;Receiver;Off;9.426338;-49.55206;0.0022944445;None;NO
86150;99.988075;1.2499;sun;On;On;Receiver;Off;9.186471;-48.94494;0.0022944445;None;NO
86160;99.988075;1.2502;sun;On;On;Receiver;Off;8.951318;-48.33748;0.0022944445;None;NO
86170;99.988075;1.2505;sun;On;On;Receiver;Off;8.720672;-47.729694;0.0022944445;None;NO
86180;99.988075;1.2508;sun;On;On;Receiver;Off;8.494338;-47.1216;0.0022944445;None;NO
86190;99.988075;1.2511;sun;On;On;Receiver;Off;8.272134;-46.51321;0.0022944445;None;NO
86200;99.988075;1.2514;sun;On;On;Receiver;Off;8.053883;-45.904537;0.0022944445;None;NO
86210;99.988075;1.2517;sun;On;On;Receiver;Off;7.839421;-45.295593;0.0022944445;None;NO
86220;99.988075;1.252;sun;On;On;Receiver;Off;7.62859;-44.686386;0.0022944445;None;NO
86230;99.988075;1.2523;sun;On;On;Receiver;Off;7.421242;-44.076935;0.0022944445;None;NO
86240;99.988075;1.2526;sun;On;On;Receiver;Off;7.217235;-43.46724;0.0022944445;None;NO
86250;99.988075;1.2529;sun;On;On;Receiver;Off;7.016434;-42.85732;0.0022944445;None;NO
86260;99.988075;1.2532;sun;On;On;Receiver;Off;6.8187118;-42.247177;0.0022944445;None;NO
86270;99.988075;1.2535;sun;On;On;Receiver;Off;6.623946;-41.636826;0.0022944445;None;NO
86280;99.988075;1.2538;sun;On;On;Receiver;Off;6.4320207;-41.026268;0.0022944445;None;NO
86290;99.988075;1.2541;sun;On;On;Receiver;Off;6.2428246;-40.41552;0.0022944445;None;NO
86300;99.988075;1.2544;sun;On;On;Receiver;Off;6.056253;-39.804585;0.0022944445;None;NO
86310;99.988075;1.2547;sun;On;On;Receiver;Off;5.8722043;-39.193466;0.0022944445;None;NO
86320;99.988075;1.255;sun;On;On;Receiver;Off;5.6905828;-38.582176;0.0022944445;None;NO
86330;99.988075;1.2553;sun;On;On;Receiver;Off;5.5112967;-37.970722;0.0022944445;None;NO
86340;99.988075;1.2556;sun;On;On;Receiver;Off;5.334257;-37.359104;0.0022944445;None;NO
86350;99.988075;1.2559;sun;On;On;Receiver;Off;5.159381;-36.747334;0.0022944445;None;NO
86360;99.988075;1.2562;sun;On;On;Receiver;Off;4.9865866;-36.135418;0.0022944445;None;NO
86370;99.988075;1.2565;sun;On;On;Receiver;Off;4.8157973;-35.523357;0.0022944445;None;NO
86380;99.988075;1.2568;sun;On;On;Receiver;Off;4.6469393;-34.91116;0.0022944445;None;NO
86390;99.988075;1.2571;sun;On;On;Receiver;Off;4.4799414;-34.298832;0.0022944445;None;NO
86400;99.988075;1.2574;sun;On;On;Receiver;Off;4.314735;-33.686375;0.0022944445;None;NO
86410;99.988075;1.2577;sun;On;On;Receiver;Off;4.151255;-33.073795;0.0022944445;None;NO
86420;99.988075;1.258;sun;On;On;Receiver;Off;3.989439;-32.461098;0.0022944445;None;NO
86430;99.988075;1.2583;sun;On;On;Receiver;Off;3.8292255;-31.848286;0.0022944445;None;NO
86440;99.988075;1.2586;sun;On;On;Receiver;Off;3.670557;-31.235365;0.0022944445;None;NO
86450;99.988075;1.2589;sun;On;On;Receiver;Off;3.5133772;-30.62234;0.0022944445;None;NO
86460;99.988075;1.2592;sun;On;On;Receiver;Off;3.3576322;-30.00921;0.0022944445;None;NO
86470;99.988075;1.2595;sun;On;On;Receiver;Off;3.20327;-29.395985;0.0022944445;None;NO
86480;99.988075;1.2598;sun;On;On;Receiver;Off;3.0502405;-28.782663;0.0022944445;None;NO
86490;99.988075;1.2601;sun;On;On;Receiver;Off;2.8984954;-28.169252;0.0022944445;None;NO
86500;99.988075;1.2604;sun;On;On;Receiver;Off;2.747988;-27.555752;0.0022944445;None;NO
86510;99.988075;1.2607;sun;On;On;Receiver;Off;2.5986729;-26.942167;0.0022944445;None;NO
86520;99.988075;1.261;sun;On;On;Receiver;Off;2.4505064;-26.328503;0.0022944445;None;NO
86530;99.988075;1.2613;sun;On;On;Receiver;Off;2.3034468;-25.714758;0.0022944445;None;NO
86540;99.988075;1.2616;sun;On;On;Receiver;Off;2.157453;-25.100939;0.0022944445;None;NO
86550;99.988075;1.2619;sun;On;On;Receiver;Off;2.0124853;-24.487047;0.0022944445;None;NO
86560;99.988075;1.2622;sun;On;On;Receiver;Off;1.8685056;-23.873085;0.0022944445;None;NO
86570;99.988075;1.2625;sun;On;On;Receiver;Off;1.7254766;-23.259056;0.0022944445;None;NO
86580;99.988075;1.2628;sun;On;On;Receiver;Off;1.5833623;-22.64496;0.0022944445;None;NO
86590;99.988075;1.2631;sun;On;On;Receiver;Off;1.4421278;-22.030804;0.0022944445;None;NO
86600;99.988075;1.2634;sun;On;On;Receiver;Off;1.301739;-21.416588;0.0022944445;None;NO
86610;99.988075;1.2637;sun;On;On;Receiver;Off;1.1621629;-20.802313;0.0022944445;None;NO
86620;99.988075;1.264;sun;On;On;Receiver;Off;1.0233672;-20.187984;0.0022944445;None;NO
86630;99.988075;1.2643;sun;On;On;Receiver;Off;0.88532084;-19.5736;0.0022944445;None;NO
86640;99.988075;1.2646;sun;On;On;Receiver;Off;0.7479932;-18.959167;0.0022944445;None;NO
86650;99.988075;1.2649;sun;On;On;Receiver;Off;0.6113546;-18.344685;0.0022944445;None;NO
86660;99.988075;1.2652;sun;On;On;Receiver;Off;0.47537607;-17.730156;0.0022944445;None;NO
86670;99.988075;1.2655;sun;On;On;Receiver;Off;0.3400294;-17.115582;0.0022944445;None;NO
86680;99.988075;1.2658;sun;On;On;Receiver;Off;0.20528692;-16.500963;0.0022944445;None;NO
86690;99.988075;1.2661;sun;On;On;Receiver;Off;0.071121655;-15.886305;0.0022944445;None;NO
86700;99.988075;1.2664;sun;On;On;Receiver;Off;-0.062492784;-15.271607;0.0022944445;None;NO
86710;99.988075;1.2667;sun;On;On;Receiver;Off;-0.19558224;-14.656873;0.0022944445;None;NO
86720;99.988075;1.267;sun;On;On;Receiver;Off;-0.32817203;-14.042103;0.0022944445;None;NO
86730;99.988075;1.2673;sun;On;On;Receiver;Off;-0.46028692;-13.427299;0.0022944445;None;NO
86740;99.988075;1.2676;sun;On;On;Receiver;Off;-0.5919513;-12.812462;0.0022944445;None;NO
86750;99.988075;1.2679;sun;On;On;Receiver;Off;-0.723189;-12.197595;0.0022944445;None;NO
86760;99.988075;1.2682;sun;On;On;Receiver;Off;-0.8540236;-11.5827;0.0022944445;None;NO
86770;99.988075;1.2685;sun;On;On;Receiver;Off;-0.984478;-10.967776;0.0022944445;None;NO
86780;99.988075;1.2688;sun;On;On;Receiver;Off;-1.1145751;-10.352828;0.0022944445;None;NO
86790;99.988075;1.2691;sun;On;On;Receiver;Off;-1.2443372;-9.737856;0.0022944445;None;NO
86800;99.988075;1.2694;sun;On;On;Receiver;Off;-1.3737863;-9.122861;0.0022944445;None;NO
86810;99.988075;1.2697;sun;On;On;Receiver;Off;-1.5029442;-8.507845;0.0022944445;None;NO
86820;99.988075;1.27;sun;On;On;Receiver;Off;-1.6318325;-7.8928094;0.0022944445;None;NO
86830;99.988075;1.2703;sun;On;On;Receiver;Off;-1.7604722;-7.277756;0.0022944445;None;NO
86840;99.988075;1.2706;sun;On;On;Receiver;Off;-1.8888844;-6.6626863;0.0022944445;None;NO
86850;99.988075;1.2709;sun;On;On;Receiver;Off;-2.0170898;-6.047601;0.0022944445;None;NO
86860;99.988075;1.2712;sun;On;On;Receiver;Off;-2.1451092;-5.4325027;0.0022944445;None;NO
86870;99.988075;1.2715;sun;On;On;Receiver;Off;-2.2729628;-4.817392;0.0022944445;None;NO
86880;99.988075;1.2718;sun;On;On;Receiver;Off;-2.400671;-4.20227;0.0022944445;None;NO
86890;99.988075;1.2721;sun;On;On;Receiver;Off;-2.528254;-3.5871391;0.0022944445;None;NO
86900;99.988075;1.2724;sun;On;On;Receiver;Off;-2.6557314;-2.9720001;0.0022944445;None;NO
86910;99.988075;1.2727;sun;On;On;Receiver;Off;-2.7831237;-2.3568544;0.0022944445;None;NO
86920;99.988075;1.273;sun;On;On;Receiver;Off;-2.9104502;-1.7417035;0.0022944445;None;NO
86930;99.988075;1.2733;sun;On;On;Receiver;Off;-3.037731;-1.1265486;0.0022944445;None;NO
86940;99.988075;1.2736;sun;On;On;Receiver;Off;-3.1649857;-0.5113914;0.0022944445;None;NO
86950;99.988075;1.2739;sun;On;On;Receiver;Off;-3.2922342;0.10376707;0.0022944445;None;NO
86960;99.988075;1.2742;sun;On;On;Receiver;Off;-3.4194958;0.7189253;0.0022944445;None;NO
86970;99.988075;1.2745;sun;On;On;Receiver;Off;-3.5467908;1.3340819;0.0022944445;None;NO
86980;99.988075;1.2748;sun;On;On;Receiver;Off;-3.6741385;1.9492356;0.0022944445;None;NO
86990;99.988075;1.2751;sun;On;On;Receiver;Off;-3.8015587;2.564385;0.0022944445;None;NO
87000;99.988075;1.2754;sun;On;On;Receiver;Off;-3.9290717;3.1795285;0.0022944445;None;NO
87010;99.988075;1.2757;sun;On;On;Receiver;Off;-4.056697;3.7946649;0.0022944445;None;NO
87020;99.988075;1.276;sun;On;On;Receiver;Off;-4.1844544;4.409793;0.0022944445;None;NO
87030;99.988075;1.2763;sun;On;On;Receiver;Off;-4.312365;5.024911;0.0022944445;None;NO
87040;99.988075;1.2766;sun;On;On;Receiver;Off;-4.4404483;5.640018;0.0022944445;None;NO
87050;99.988075;1.2769;sun;On;On;Receiver;Off;-4.568725;6.255112;0.0022944445;None;NO
87060;99.988075;1.2772;sun;On;On;Receiver;Off;-4.697216;6.870192;0.0022944445;None;NO
87070;99.988075;1.2775;sun;On;On;Receiver;Off;-4.825942;7.4852567;0.0022944445;None;NO
87080;99.988075;1.2778;sun;On;On;Receiver;Off;-4.954924;8.100305;0.0022944445;None;NO
87090;99.988075;1.2781;sun;On;On;Receiver;Off;-5.0841837;8.715333;0.0022944445;None;NO
87100;99.988075;1.2784;sun;On;On;Receiver;Off;-5.213742;9.330342;0.0022944445;None;NO
87110;99.988075;1.2787;sun;On;On;Receiver;Off;-5.343621;9.94533;0.0022944445;None;NO
87120;99.988075;1.279;sun;On;On;Receiver;Off;-5.4738426;10.560294;0.0022944445;None;NO
87130;99.988075;1.2793;sun;On;On;Receiver;Off;-5.60443;11.175234;0.0022944445;None;NO
87140;99.988075;1.2796;sun;On;On;Receiver;Off;-5.735406;11.790148;0.0022944445;None;NO
87150;99.988075;1.2799;sun;On;On;Receiver;Off;-5.866793;12.405034;0.0022944445;None;NO
87160;99.988075;1.2802;sun;On;On;Receiver;Off;-5.9986153;13.019891;0.0022944445;None;NO
87170;99.988075;1.2805;sun;On;On;Receiver;Off;-6.1308966;13.634717;0.0022944445;None;NO
87180;99.988075;1.2808;sun;On;On;Receiver;Off;-6.263662;14.24951;0.0022944445;None;NO
87190;99.988075;1.2811;sun;On;On;Receiver;Off;-6.3969355;14.864268;0.0022944445;None;NO
87200;99.988075;1.2814;sun;On;On;Receiver;Off;-6.5307436;15.478991;0.0022944445;None;NO
87210;99.988075;1.2817;sun;On;On;Receiver;Off;-6.6651115;16.093676;0.0022944445;None;NO
87220;99.988075;1.282;sun;On;On;Receiver;Off;-6.8000665;16.70832;0.0022944445;None;NO
87230;99.988075;1.2823;sun;On;On;Receiver;Off;-6.935635;17.322924;0.0022944445;None;NO
87240;99.988075;1.2826;sun;On;On;Receiver;Off;-7.071846;17.937483;0.0022944445;None;NO
87250;99.988075;1.2829;sun;On;On;Receiver;Off;-7.208727;18.551996;0.0022944445;None;NO
87260;99.988075;1.2832;sun;On;On;Receiver;Off;-7.3463073;19.166462;0.0022944445;None;NO
87270;99.988075;1.2835;sun;On;On;Receiver;Off;-7.4846177;19.78088;0.0022944445;None;NO
87280;99.988075;1.2838;sun;On;On;Receiver;Off;-7.623688;20.395245;0.0022944445;None;NO
87290;99.988075;1.2841;sun;On;On;Receiver;Off;-7.7635503;21.009556;0.0022944445;None;NO
87300;99.988075;1.2844;sun;On;On;Receiver;Off;-7.904237;21.623812;0.0022944445;None;NO
