time(s);battery;memory;orbit;obc;eps;communication;EDC;Longitude;Latitude;total_drop;active_PCDs;onGS
10;99.99639;0;;;;;;-0.12725814;0.6151583;6.9444446E-4;None;NO
20;99.988075;3.0E-4;sun;On;On;Receiver;Off;-0.25454602;1.2303153;0.0022944445;None;NO
30;99.988075;6.0E-4;sun;On;On;Receiver;Off;-0.3818834;1.8454696;0.0022944445;None;NO
40;99.988075;9.0E-4;sun;On;On;Receiver;Off;-0.5092901;2.4606197;0.0022944445;None;NO
50;99.988075;0.0012;sun;On;On;Receiver;Off;-0.6367859;3.0757644;0.0022944445;None;NO
60;99.988075;0.0015;sun;On;On;Receiver;Off;-0.76439077;3.6909022;0.0022944445;None;NO
70;99.988075;0.0018;sun;On;On;Receiver;Off;-0.8921248;4.3060317;0.0022944445;None;NO
80;99.988075;0.0021;sun;On;On;Receiver;Off;-1.020008;4.9211516;0.0022944445;None;NO
90;99.988075;0.0024;sun;On;On;Receiver;Off;-1.1480608;5.5362606;0.0022944445;None;NO
100;99.988075;0.0027;sun;On;On;Receiver;Off;-1.2763036;6.1513567;0.0022944445;None;NO
110;99.988075;0.003;sun;On;On;Receiver;Off;-1.404757;6.7664394;0.0022944445;None;NO
120;99.988075;0.0033;sun;On;On;Receiver;Off;-1.5334418;7.3815064;0.0022944445;None;NO
130;99.988075;0.0036;sun;On;On;Receiver;Off;-1.6623791;7.996557;0.0022944445;None;NO
140;99.988075;0.0039;sun;On;On;Receiver;Off;-1.7915901;8.611589;0.0022944445;None;NO
150;99.988075;0.0042;sun;On;On;Receiver;Off;-1.9210964;9.226602;0.0022944445;None;NO
160;99.988075;0.0045;sun;On;On;Receiver;Off;-2.0509198;9.841593;0.0022944445;None;NO
170;99.988075;0.0048;sun;On;On;Receiver;Off;-2.1810822;10.456561;0.0022944445;None;NO
180;99.988075;0.0051;sun;On;On;Receiver;Off;-2.3116064;11.071506;0.0022944445;None;NO
190;99.988075;0.0054;sun;On;On;Receiver;Off;-2.4425151;11.686424;0.0022944445;None;NO
200;99.988075;0.0057;sun;On;On;Receiver;Off;-2.5738313;12.301315;0.0022944445;None;NO
210;99.988075;0.006;sun;On;On;Receiver;Off;-2.7055783;12.916177;0.0022944445;None;NO
220;99.988075;0.0063;sun;On;On;Receiver;Off;-2.8377807;13.531008;0.0022944445;None;NO
230;99.988075;0.0066;sun;On;On;Receiver;Off;-2.9704626;14.145806;0.0022944445;None;NO
240;99.988075;0.0069;sun;On;On;Receiver;Off;-3.1036487;14.7605715;0.0022944445;None;NO
250;99.988075;0.0072;sun;On;On;Receiver;Off;-3.2373648;15.375299;0.0022944445;None;NO
260;99.988075;0.0075;sun;On;On;Receiver;Off;-3.3716364;15.989991;0.0022944445;None;NO
270;99.988075;0.0078;sun;On;On;Receiver;Off;-3.5064905;16.604643;0.0022944445;None;NO
280;99.988075;0.0081;sun;On;On;Receiver;Off;-3.6419537;17.219252;0.0022944445;None;NO
290;99.988075;0.0084;sun;On;On;Receiver;Off;-3.7780542;17.83382;0.0022944445;None;NO
300;99.988075;0.0087;sun;On;On;Receiver;Off;-3.9148202;18.448341;0.0022944445;None;NO
310;99.988075;0.009;sun;On;On;Receiver;Off;-4.0522804;19.062817;0.0022944445;None;NO
320;99.988075;0.0093;sun;On;On;Receiver;Off;-4.1904655;19.67724;0.0022944445;None;NO
330;99.988075;0.0096;sun;On;On;Receiver;Off;-4.3294053;20.291615;0.0022944445;None;NO
340;99.988075;0.0099;sun;On;On;Receiver;Off;-4.469132;20.905935;0.0022944445;None;NO
350;99.988075;0.0102;sun;On;On;Receiver;Off;-4.6096773;21.5202;0.0022944445;None;NO
360;99.988075;0.0105;sun;On;On;Receiver;Off;-4.7510743;22.134407;0.0022944445;None;NO
370;99.988075;0.0108;sun;On;On;Receiver;Off;-4.8933578;22.748552;0.0022944445;None;NO
380;99.988075;0.0111;sun;On;On;Receiver;Off;-5.036563;23.362637;0.0022944445;None;NO
390;99.988075;0.0114;sun;On;On;Receiver;Off;-5.1807256;23.976656;0.0022944445;None;NO
400;99.988075;0.0117;sun;On;On;Receiver;Off;-5.325883;24.590605;0.0022944445;None;NO
410;99.988075;0.012;sun;On;On;Receiver;Off;-5.472074;25.204485;0.0022944445;None;NO
420;99.988075;0.0123;sun;On;On;Receiver;Off;-5.6193385;25.818293;0.0022944445;None;NO
430;99.988075;0.0126;sun;On;On;Receiver;Off;-5.767718;26.432024;0.0022944445;None;NO
440;99.988075;0.0129;sun;On;On;Receiver;Off;-5.9172535;27.045675;0.0022944445;None;NO
450;99.988075;0.0132;sun;On;On;Receiver;Off;-6.0679903;27.659245;0.0022944445;None;NO
460;99.988075;0.0135;sun;On;On;Receiver;Off;-6.219973;28.27273;0.0022944445;None;NO
470;99.988075;0.0138;sun;On;On;Receiver;Off;-6.3732495;28.886127;0.0022944445;None;NO
480;99.988075;0.0141;sun;On;On;Receiver;Off;-6.527868;29.499432;0.0022944445;None;NO
490;99.988075;0.0144;sun;On;On;Receiver;Off;-6.6838784;30.112642;0.0022944445;None;NO
500;99.988075;0.0147;sun;On;On;Receiver;Off;-6.841334;30.725754;0.0022944445;None;NO
510;99.988075;0.015;sun;On;On;Receiver;Off;-7.0002885;31.338762;0.0022944445;None;NO
520;99.988075;0.0153;sun;On;On;Receiver;Off;-7.1607985;31.951664;0.0022944445;None;NO
530;99.988075;0.0156;sun;On;On;Receiver;Off;-7.322923;32.564457;0.0022944445;None;NO
540;99.988075;0.0159;sun;On;On;Receiver;Off;-7.4867225;33.177135;0.0022944445;None;NO
550;99.988075;0.0162;sun;On;On;Receiver;Off;-7.652261;33.789692;0.0022944445;None;NO
560;99.988075;0.0165;sun;On;On;Receiver;Off;-7.819603;34.40213;0.0022944445;None;NO
570;99.988075;0.0168;sun;On;On;Receiver;Off;-7.9888186;35.01444;0.0022944445;None;NO
580;99.988075;0.0171;sun;On;On;Receiver;Off;-8.159979;35.62661;0.0022944445;None;NO
590;99.988075;0.0174;sun;On;On;Receiver;Off;-8.3331585;36.238647;0.0022944445;None;NO
600;99.988075;0.0177;sun;On;On;Receiver;Off;-8.508435;36.85054;0.0022944445;None;NO
610;99.988075;0.018;sun;On;On;Receiver;Off;-8.68589;37.462284;0.0022944445;None;NO
620;99.988075;0.0183;sun;On;On;Receiver;Off;-8.865609;38.073875;0.0022944445;None;NO
630;99.988075;0.0186;sun;On;On;Receiver;Off;-9.04768;38.685303;0.0022944445;None;NO
640;99.988075;0.0189;sun;On;On;Receiver;Off;-9.232195;39.296562;0.0022944445;None;NO
650;99.988075;0.0192;sun;On;On;Receiver;Off;-9.419252;39.90765;0.0022944445;None;NO
660;99.988075;0.0195;sun;On;On;Receiver;Off;-9.608953;40.518555;0.0022944445;None;NO
670;99.988075;0.0198;sun;On;On;Receiver;Off;-9.801404;41.129272;0.0022944445;None;NO
680;99.988075;0.0201;sun;On;On;Receiver;Off;-9.9967165;41.739796;0.0022944445;None;NO
690;99.988075;0.0204;sun;On;On;Receiver;Off;-10.195008;42.350113;0.0022944445;None;NO
700;99.988075;0.0207;sun;On;On;Receiver;Off;-10.396401;42.96022;0.0022944445;None;NO
710;99.988075;0.021;sun;On;On;Receiver;Off;-10.601027;43.570103;0.0022944445;None;NO
720;99.988075;0.0213;sun;On;On;Receiver;Off;-10.809018;44.179756;0.0022944445;None;NO
730;99.988075;0.0216;sun;On;On;Receiver;Off;-11.020519;44.78917;0.0022944445;None;NO
740;99.988075;0.0219;sun;On;On;Receiver;Off;-11.235682;45.39833;0.0022944445;None;NO
750;99.988075;0.0222;sun;On;On;Receiver;Off;-11.454663;46.00723;0.0022944445;None;NO
760;99.988075;0.0225;sun;On;On;Receiver;Off;-11.67763;46.615856;0.0022944445;None;NO
770;99.988075;0.0228;sun;On;On;Receiver;Off;-11.904759;47.224197;0.0022944445;None;NO
780;99.988075;0.0231;sun;On;On;Receiver;Off;-12.136238;47.83224;0.0022944445;None;NO
790;99.988075;0.0234;sun;On;On;Receiver;Off;-12.372262;48.43997;0.0022944445;None;NO
800;99.988075;0.0237;sun;On;On;Receiver;Off;-12.613039;49.047375;0.0022944445;None;NO
810;99.988075;0.024;sun;On;On;Receiver;Off;-12.858789;49.654438;0.0022944445;None;NO
820;99.988075;0.0243;sun;On;On;Receiver;Off;-13.109746;50.261143;0.0022944445;None;NO
830;99.988075;0.0246;sun;On;On;Receiver;Off;-13.366158;50.867474;0.0022944445;None;NO
840;99.988075;0.0249;sun;On;On;Receiver;Off;-13.628285;51.473408;0.0022944445;None;NO
850;99.988075;0.0252;sun;On;On;Receiver;Off;-13.896408;52.078934;0.0022944445;None;NO
860;99.988075;0.0255;sun;On;On;Receiver;Off;-14.170821;52.68403;0.0022944445;None;NO
870;99.988075;0.0258;sun;On;On;Receiver;Off;-14.45184;53.288666;0.0022944445;None;NO
880;99.988075;0.0261;sun;On;On;Receiver;Off;-14.739801;53.892826;0.0022944445;None;NO
890;99.988075;0.0264;sun;On;On;Receiver;Off;-15.035061;54.496483;0.0022944445;None;NO
900;99.988075;0.0267;sun;On;On;Receiver;Off;-15.338001;55.09961;0.0022944445;None;NO
910;99.988075;0.027;sun;On;On;Receiver;Off;-15.649029;55.70218;0.0022944445;None;NO
920;99.988075;0.0273;sun;On;On;Receiver;Off;-15.968579;56.304165;0.0022944445;None;NO
930;99.988075;0.0276;sun;On;On;Receiver;Off;-16.297117;56.905525;0.0022944445;None;NO
940;99.988075;0.0279;sun;On;On;Receiver;Off;-16.635145;57.506233;0.0022944445;None;NO
950;99.988075;0.0282;sun;On;On;Receiver;Off;-16.983196;58.106247;0.0022944445;None;NO
960;99.988075;0.0285;sun;On;On;Receiver;Off;-17.341845;58.70553;0.0022944445;None;NO
970;99.988075;0.0288;sun;On;On;Receiver;Off;-17.71171;59.30403;0.0022944445;None;NO
980;99.988075;0.0291;sun;On;On;Receiver;Off;-18.093456;59.90171;0.0022944445;None;NO
990;99.988075;0.0294;sun;On;On;Receiver;Off;-18.4878;60.49852;0.0022944445;None;NO
1000;99.988075;0.0297;sun;On;On;Receiver;Off;-18.895514;61.0944;0.0022944445;None;NO
1010;99.988075;0.03;sun;On;On;Receiver;Off;-19.31743;61.689293;0.0022944445;None;NO
1020;99.988075;0.0303;sun;On;On;Receiver;Off;-19.754456;62.283134;0.0022944445;None;NO
1030;99.988075;0.0306;sun;On;On;Receiver;Off;-20.207565;62.875854;0.0022944445;None;NO
1040;99.988075;0.0309;sun;On;On;Receiver;Off;-20.67782;63.467377;0.0022944445;None;NO
1050;99.988075;0.0312;sun;On;On;Receiver;Off;-21.16637;64.057625;0.0022944445;None;NO
1060;99.988075;0.0315;sun;On;On;Receiver;Off;-21.674467;64.6465;0.0022944445;None;NO
1070;99.988075;0.0318;sun;On;On;Receiver;Off;-22.203474;65.23392;0.0022944445;None;NO
1080;99.988075;0.0321;sun;On;On;Receiver;Off;-22.754875;65.819756;0.0022944445;None;NO
1090;99.988075;0.0324;sun;On;On;Receiver;Off;-23.330294;66.4039;0.0022944445;None;NO
1100;99.988075;0.0327;sun;On;On;Receiver;Off;-23.931503;66.98623;0.0022944445;None;NO
1110;99.988075;0.033;sun;On;On;Receiver;Off;-24.560446;67.5666;0.0022944445;None;NO
1120;99.988075;0.0333;sun;On;On;Receiver;Off;-25.219254;68.144844;0.0022944445;None;NO
1130;99.988075;0.0336;sun;On;On;Receiver;Off;-25.910265;68.7208;0.0022944445;None;NO
1140;99.988075;0.0339;sun;On;On;Receiver;Off;-26.636055;69.29427;0.0022944445;None;NO
1150;99.988075;0.0342;sun;On;On;Receiver;Off;-27.399454;69.86505;0.0022944445;None;NO
1160;99.988075;0.0345;sun;On;On;Receiver;Off;-28.203588;70.43289;0.0022944445;None;NO
1170;99.988075;0.0348;sun;On;On;Receiver;Off;-29.05191;70.99754;0.0022944445;None;NO
1180;99.988075;0.0351;sun;On;On;Receiver;Off;-29.94823;71.5587;0.0022944445;None;NO
1190;99.988075;0.0354;sun;On;On;Receiver;Off;-30.89677;72.116035;0.0022944445;None;NO
1200;99.988075;0.0357;sun;On;On;Receiver;Off;-31.902203;72.66919;0.0022944445;None;NO
1210;99.988075;0.036;sun;On;On;Receiver;Off;-32.9697;73.21774;0.0022944445;None;NO
1220;99.988075;0.0363;sun;On;On;Receiver;Off;-34.105003;73.76123;0.0022944445;None;NO
1230;99.988075;0.0366;sun;On;On;Receiver;Off;-35.31446;74.29912;0.0022944445;None;NO
1240;99.988075;0.0369;sun;On;On;Receiver;Off;-36.605118;74.83082;0.0022944445;None;NO
1250;99.988075;0.0372;sun;On;On;Receiver;Off;-37.984745;75.355644;0.0022944445;None;NO
1260;99.988075;0.0375;sun;On;On;Receiver;Off;-39.46193;75.87285;0.0022944445;None;NO
1270;99.988075;0.0378;sun;On;On;Receiver;Off;-41.046104;76.38155;0.0022944445;None;NO
1280;99.988075;0.0381;sun;On;On;Receiver;Off;-42.7476;76.88077;0.0022944445;None;NO
1290;99.988075;0.0384;sun;On;On;Receiver;Off;-44.577633;77.36936;0.0022944445;None;NO
1300;99.988075;0.0387;sun;On;On;Receiver;Off;-46.548294;77.84607;0.0022944445;None;NO
1310;99.988075;0.039;sun;On;On;Receiver;Off;-48.672432;78.30942;0.0022944445;None;NO
1320;99.988075;0.0393;sun;On;On;Receiver;Off;-50.963463;78.75777;0.0022944445;None;NO
1330;99.988075;0.0396;sun;On;On;Receiver;Off;-53.435062;79.18925;0.0022944445;None;NO
1340;99.988075;0.0399;sun;On;On;Receiver;Off;-56.100666;79.60176;0.0022944445;None;NO
1350;99.988075;0.0402;sun;On;On;Receiver;Off;-58.972763;79.99295;0.0022944445;None;NO
1360;99.988075;0.0405;sun;On;On;Receiver;Off;-62.06195;80.36024;0.0022944445;None;NO
1370;99.988075;0.0408;sun;On;On;Receiver;Off;-65.3757;80.70077;0.0022944445;None;NO
1380;99.988075;0.0411;sun;On;On;Receiver;Off;-68.916885;81.01152;0.0022944445;None;NO
1390;99.988075;0.0414;sun;On;On;Receiver;Off;-72.682144;81.28929;0.0022944445;None;NO
1400;99.988075;0.0417;sun;On;On;Receiver;Off;-76.66025;81.530846;0.0022944445;None;NO
1410;99.988075;0.042;sun;On;On;Receiver;Off;-80.83082;81.733;0.0022944445;None;NO
1420;99.988075;0.0423;sun;On;On;Receiver;Off;-85.16364;81.892815;0.0022944445;None;NO
1430;99.97615;0.0426;ecl;On;On;Receiver;Off;-89.61899;82.007744;0.0022944445;None;NO
1440;99.964226;0.0429;ecl;On;On;Receiver;Off;-94.14921;82.075836;0.0022944445;None;NO
1450;99.9523;0.0432;ecl;On;On;Receiver;Off;-98.701454;82.09588;0.0022944445;None;NO
1460;99.94038;0.0435;ecl;On;On;Receiver;Off;-103.221306;82.067505;0.0022944445;None;NO
1470;99.928444;0.0438;ecl;On;On;Receiver;Off;-107.656654;81.99124;0.0022944445;None;NO
1480;99.91652;0.0441;ecl;On;On;Receiver;Off;-111.96118;81.868416;0.0022944445;None;NO
1490;99.904594;0.0444;ecl;On;On;Receiver;Off;-116.09692;81.70112;0.0022944445;None;NO
1500;99.89267;0.0447;ecl;On;On;Receiver;Off;-120.03553;81.49195;0.0022944445;None;NO
1510;99.880745;0.045;ecl;On;On;Receiver;Off;-123.75846;81.24393;0.0022944445;None;NO
1520;99.86882;0.0453;ecl;On;On;Receiver;Off;-127.25611;80.96024;0.0022944445;None;NO
1530;99.856895;0.0456;ecl;On;On;Receiver;Off;-130.52646;80.644135;0.0022944445;None;NO
1540;99.84497;0.0459;ecl;On;On;Receiver;Off;-133.57335;80.29878;0.0022944445;None;NO
1550;99.833046;0.0462;ecl;On;On;Receiver;Off;-136.405;79.927185;0.0022944445;None;NO
1560;99.82112;0.0465;ecl;On;On;Receiver;Off;-139.03242;79.532135;0.0022944445;None;NO
1570;99.8092;0.0468;ecl;On;On;Receiver;Off;-141.46837;79.116196;0.0022944445;None;NO
1580;99.79727;0.0471;ecl;On;On;Receiver;Off;-143.72636;78.68167;0.0022944445;None;NO
1590;99.78534;0.0474;ecl;On;On;Receiver;Off;-145.82007;78.230606;0.0022944445;None;NO
1600;99.773415;0.0477;ecl;On;On;Receiver;Off;-147.76282;77.76485;0.0022944445;None;NO
1610;99.76149;0.048;ecl;On;On;Receiver;Off;-149.5673;77.285995;0.0022944445;None;NO
1620;99.749565;0.0483;ecl;On;On;Receiver;Off;-151.24548;76.79548;0.0022944445;None;NO
1630;99.73764;0.0486;ecl;On;On;Receiver;Off;-152.8084;76.294556;0.0022944445;None;NO
1640;99.725716;0.0489;ecl;On;On;Receiver;Off;-154.26619;75.784325;0.0022944445;None;NO
1650;99.71379;0.0492;ecl;On;On;Receiver;Off;-155.62813;75.26575;0.0022944445;None;NO
1660;99.701866;0.0495;ecl;On;On;Receiver;Off;-156.90265;74.73968;0.0022944445;None;NO
1670;99.68994;0.0498;ecl;On;On;Receiver;Off;-158.09737;74.20687;0.0022944445;None;NO
1680;99.67802;0.0501;ecl;On;On;Receiver;Off;-159.21921;73.66798;0.0022944445;None;NO
1690;99.66609;0.0504;ecl;On;On;Receiver;Off;-160.2744;73.12358;0.0022944445;None;NO
1700;99.65417;0.0507;ecl;On;On;Receiver;Off;-161.26854;72.5742;0.0022944445;None;NO
1710;99.642235;0.051;ecl;On;On;Receiver;Off;-162.20673;72.0203;0.0022944445;None;NO
1720;99.63031;0.0513;ecl;On;On;Receiver;Off;-163.09354;71.46228;0.0022944445;None;NO
1730;99.618385;0.0516;ecl;On;On;Receiver;Off;-163.9331;70.9005;0.0022944445;None;NO
1740;99.60646;0.0519;ecl;On;On;Receiver;Off;-164.72919;70.33528;0.0022944445;None;NO
1750;99.594536;0.0522;ecl;On;On;Receiver;Off;-165.48514;69.766914;0.0022944445;None;NO
1760;99.58261;0.0525;ecl;On;On;Receiver;Off;-166.20406;69.195656;0.0022944445;None;NO
1770;99.57069;0.0528;ecl;On;On;Receiver;Off;-166.8887;68.62174;0.0022944445;None;NO
1780;99.55876;0.0531;ecl;On;On;Receiver;Off;-167.54163;68.04538;0.0022944445;None;NO
1790;99.54684;0.0534;ecl;On;On;Receiver;Off;-168.16508;67.46675;0.0022944445;None;NO
1800;99.53491;0.0537;ecl;On;On;Receiver;Off;-168.76122;66.88604;0.0022944445;None;NO
1810;99.52299;0.054;ecl;On;On;Receiver;Off;-169.3319;66.30338;0.0022944445;None;NO
1820;99.51106;0.0543;ecl;On;On;Receiver;Off;-169.87889;65.71893;0.0022944445;None;NO
1830;99.49913;0.0546;ecl;On;On;Receiver;Off;-170.40378;65.13282;0.0022944445;None;NO
1840;99.487206;0.0549;ecl;On;On;Receiver;Off;-170.90802;64.54514;0.0022944445;None;NO
1850;99.47528;0.0552;ecl;On;On;Receiver;Off;-171.39297;63.956024;0.0022944445;None;NO
1860;99.463356;0.0555;ecl;On;On;Receiver;Off;-171.85986;63.365555;0.0022944445;None;NO
1870;99.45143;0.0558;ecl;On;On;Receiver;Off;-172.30981;62.77382;0.0022944445;None;NO
1880;99.43951;0.0561;ecl;On;On;Receiver;Off;-172.74387;62.180897;0.0022944445;None;NO
1890;99.42758;0.0564;ecl;On;On;Receiver;Off;-173.163;61.586872;0.0022944445;None;NO
1900;99.41566;0.0567;ecl;On;On;Receiver;Off;-173.56808;60.991806;0.0022944445;None;NO
1910;99.40373;0.057;ecl;On;On;Receiver;Off;-173.95996;60.39576;0.0022944445;None;NO
1920;99.39181;0.0573;ecl;On;On;Receiver;Off;-174.33937;59.798798;0.0022944445;None;NO
1930;99.37988;0.0576;ecl;On;On;Receiver;Off;-174.70705;59.200974;0.0022944445;None;NO
1940;99.36796;0.0579;ecl;On;On;Receiver;Off;-175.06361;58.60233;0.0022944445;None;NO
1950;99.356026;0.0582;ecl;On;On;Receiver;Off;-175.4097;58.002922;0.0022944445;None;NO
1960;99.3441;0.0585;ecl;On;On;Receiver;Off;-175.74586;57.402786;0.0022944445;None;NO
1970;99.33218;0.0588;ecl;On;On;Receiver;Off;-176.07265;56.801964;0.0022944445;None;NO
1980;99.32025;0.0591;ecl;On;On;Receiver;Off;-176.39053;56.200493;0.0022944445;None;NO
1990;99.30833;0.0594;ecl;On;On;Receiver;Off;-176.69998;55.598404;0.0022944445;None;NO
2000;99.2964;0.0597;ecl;On;On;Receiver;Off;-177.00142;54.995735;0.0022944445;None;NO
2010;99.28448;0.06;ecl;On;On;Receiver;Off;-177.29524;54.392517;0.0022944445;None;NO
2020;99.27255;0.0603;ecl;On;On;Receiver;Off;-177.58185;53.78877;0.0022944445;None;NO
2030;99.26063;0.0606;ecl;On;On;Receiver;Off;-177.86157;53.184525;0.0022944445;None;NO
2040;99.2487;0.0609;ecl;On;On;Receiver;Off;-178.13477;52.579807;0.0022944445;None;NO
2050;99.23678;0.0612;ecl;On;On;Receiver;Off;-178.40172;51.97464;0.0022944445;None;NO
2060;99.22485;0.0615;ecl;On;On;Receiver;Off;-178.66272;51.36904;0.0022944445;None;NO
2070;99.21292;0.0618;ecl;On;On;Receiver;Off;-178.91808;50.763035;0.0022944445;None;NO
2080;99.201;0.0621;ecl;On;On;Receiver;Off;-179.16801;50.15664;0.0022944445;None;NO
2090;99.18907;0.0624;ecl;On;On;Receiver;Off;-179.4128;49.54987;0.0022944445;None;NO
2100;99.17715;0.0627;ecl;On;On;Receiver;Off;-179.65265;48.94275;0.0022944445;None;NO
2110;99.16522;0.063;ecl;On;On;Receiver;Off;-179.88777;48.33529;0.0022944445;None;NO
2120;99.1533;0.0633;ecl;On;On;Receiver;Off;179.88159;47.7275;0.0022944445;None;NO
2130;99.14137;0.0636;ecl;On;On;Receiver;Off;179.65527;47.119408;0.0022944445;None;NO
2140;99.12945;0.0639;ecl;On;On;Receiver;Off;179.43309;46.511017;0.0022944445;None;NO
2150;99.11752;0.0642;ecl;On;On;Receiver;Off;179.21484;45.90234;0.0022944445;None;NO
2160;99.1056;0.0645;ecl;On;On;Receiver;Off;179.0004;45.293396;0.0022944445;None;NO
2170;99.09367;0.0648;ecl;On;On;Receiver;Off;178.78958;44.68419;0.0022944445;None;NO
2180;99.08175;0.0651;ecl;On;On;Receiver;Off;178.58224;44.074738;0.0022944445;None;NO
2190;99.06982;0.0654;ecl;On;On;Receiver;Off;178.37825;43.465042;0.0022944445;None;NO
2200;99.05789;0.0657;ecl;On;On;Receiver;Off;178.17746;42.855118;0.0022944445;None;NO
2210;99.04597;0.066;ecl;On;On;Receiver;Off;177.97975;42.244976;0.0022944445;None;NO
2220;99.03404;0.0663;ecl;On;On;Receiver;Off;177.78499;41.634624;0.0022944445;None;NO
2230;99.02212;0.0666;ecl;On;On;Receiver;Off;177.59308;41.024067;0.0022944445;None;NO
2240;99.01019;0.0669;ecl;On;On;Receiver;Off;177.40388;40.41332;0.0022944445;None;NO
2250;98.99827;0.0672;ecl;On;On;Receiver;Off;177.21733;39.80238;0.0022944445;None;NO
2260;98.98634;0.0675;ecl;On;On;Receiver;Off;177.0333;39.19126;0.0022944445;None;NO
2270;98.97442;0.0678;ecl;On;On;Receiver;Off;176.85167;38.57997;0.0022944445;None;NO
2280;98.962494;0.0681;ecl;On;On;Receiver;Off;176.6724;37.968513;0.0022944445;None;NO
2290;98.95057;0.0684;ecl;On;On;Receiver;Off;176.49536;37.3569;0.0022944445;None;NO
2300;98.93864;0.0687;ecl;On;On;Receiver;Off;176.3205;36.74513;0.0022944445;None;NO
2310;98.92671;0.069;ecl;On;On;Receiver;Off;176.1477;36.13321;0.0022944445;None;NO
2320;98.91479;0.0693;ecl;On;On;Receiver;Off;175.97693;35.52115;0.0022944445;None;NO
2330;98.90286;0.0696;ecl;On;On;Receiver;Off;175.80807;34.90895;0.0022944445;None;NO
2340;98.89094;0.0699;ecl;On;On;Receiver;Off;175.64108;34.296623;0.0022944445;None;NO
2350;98.87901;0.0702;ecl;On;On;Receiver;Off;175.47589;33.684166;0.0022944445;None;NO
2360;98.86709;0.0705;ecl;On;On;Receiver;Off;175.31241;33.071587;0.0022944445;None;NO
2370;98.85516;0.0708;ecl;On;On;Receiver;Off;175.1506;32.45889;0.0022944445;None;NO
2380;98.84324;0.0711;ecl;On;On;Receiver;Off;174.99039;31.846075;0.0022944445;None;NO
2390;98.831314;0.0714;ecl;On;On;Receiver;Off;174.83173;31.233154;0.0022944445;None;NO
2400;98.81939;0.0717;ecl;On;On;Receiver;Off;174.67456;30.620129;0.0022944445;None;NO
2410;98.807465;0.072;ecl;On;On;Receiver;Off;174.51881;30.007;0.0022944445;None;NO
2420;98.79553;0.0723;ecl;On;On;Receiver;Off;174.36446;29.393772;0.0022944445;None;NO
2430;98.78361;0.0726;ecl;On;On;Receiver;Off;174.21144;28.78045;0.0022944445;None;NO
2440;98.77168;0.0729;ecl;On;On;Receiver;Off;174.0597;28.16704;0.0022944445;None;NO
2450;98.75976;0.0732;ecl;On;On;Receiver;Off;173.9092;27.55354;0.0022944445;None;NO
2460;98.74783;0.0735;ecl;On;On;Receiver;Off;173.75987;26.939955;0.0022944445;None;NO
2470;98.73591;0.0738;ecl;On;On;Receiver;Off;173.61172;26.32629;0.0022944445;None;NO
2480;98.72398;0.0741;ecl;On;On;Receiver;Off;173.46466;25.712545;0.0022944445;None;NO
2490;98.71206;0.0744;ecl;On;On;Receiver;Off;173.31866;25.098726;0.0022944445;None;NO
2500;98.700134;0.0747;ecl;On;On;Receiver;Off;173.1737;24.484833;0.0022944445;None;NO
2510;98.68821;0.075;ecl;On;On;Receiver;Off;173.02972;23.87087;0.0022944445;None;NO
2520;98.676285;0.0753;ecl;On;On;Receiver;Off;172.8867;23.256842;0.0022944445;None;NO
2530;98.66436;0.0756;ecl;On;On;Receiver;Off;172.7446;22.642746;0.0022944445;None;NO
2540;98.65243;0.0759;ecl;On;On;Receiver;Off;172.60336;22.02859;0.0022944445;None;NO
2550;98.6405;0.0762;ecl;On;On;Receiver;Off;172.46298;21.414373;0.0022944445;None;NO
2560;98.62858;0.0765;ecl;On;On;Receiver;Off;172.32341;20.800098;0.0022944445;None;NO
2570;98.61665;0.0768;ecl;On;On;Receiver;Off;172.18462;20.185768;0.0022944445;None;NO
2580;98.60473;0.0771;ecl;On;On;Receiver;Off;172.04657;19.571386;0.0022944445;None;NO
2590;98.592804;0.0774;ecl;On;On;Receiver;Off;171.90924;18.956951;0.0022944445;None;NO
2600;98.58088;0.0777;ecl;On;On;Receiver;Off;171.77261;18.342468;0.0022944445;None;NO
2610;98.568954;0.078;ecl;On;On;Receiver;Off;171.63663;17.72794;0.0022944445;None;NO
2620;98.55703;0.0783;ecl;On;On;Receiver;Off;171.50128;17.113365;0.0022944445;None;NO
2630;98.545105;0.0786;ecl;On;On;Receiver;Off;171.36655;16.498747;0.0022944445;None;NO
2640;98.53318;0.0789;ecl;On;On;Receiver;Off;171.23238;15.8840885;0.0022944445;None;NO
2650;98.521255;0.0792;ecl;On;On;Receiver;Off;171.09877;15.269391;0.0022944445;None;NO
2660;98.50932;0.0795;ecl;On;On;Receiver;Off;170.96568;14.654656;0.0022944445;None;NO
2670;98.4974;0.0798;ecl;On;On;Receiver;Off;170.8331;14.0398855;0.0022944445;None;NO
2680;98.48547;0.0801;ecl;On;On;Receiver;Off;170.70097;13.425081;0.0022944445;None;NO
2690;98.47355;0.0804;ecl;On;On;Receiver;Off;170.56932;12.810245;0.0022944445;None;NO
2700;98.461624;0.0807;ecl;On;On;Receiver;Off;170.43808;12.195377;0.0022944445;None;NO
2710;98.4497;0.081;ecl;On;On;Receiver;Off;170.30725;11.5804825;0.0022944445;None;NO
2720;98.437775;0.0813;ecl;On;On;Receiver;Off;170.17679;10.965559;0.0022944445;None;NO
2730;98.42585;0.0816;ecl;On;On;Receiver;Off;170.0467;10.350611;0.0022944445;None;NO
2740;98.413925;0.0819;ecl;On;On;Receiver;Off;169.91695;9.735638;0.0022944445;None;NO
2750;98.402;0.0822;ecl;On;On;Receiver;Off;169.78749;9.120643;0.0022944445;None;NO
2760;98.390076;0.0825;ecl;On;On;Receiver;Off;169.65834;8.505627;0.0022944445;None;NO
2770;98.37815;0.0828;ecl;On;On;Receiver;Off;169.52945;7.8905916;0.0022944445;None;NO
2780;98.36622;0.0831;ecl;On;On;Receiver;Off;169.4008;7.275538;0.0022944445;None;NO
2790;98.354294;0.0834;ecl;On;On;Receiver;Off;169.2724;6.660468;0.0022944445;None;NO
2800;98.34237;0.0837;ecl;On;On;Receiver;Off;169.1442;6.0453835;0.0022944445;None;NO
2810;98.330444;0.084;ecl;On;On;Receiver;Off;169.01617;5.4302845;0.0022944445;None;NO
2820;98.31852;0.0843;ecl;On;On;Receiver;Off;168.88832;4.8151736;0.0022944445;None;NO
2830;98.306595;0.0846;ecl;On;On;Receiver;Off;168.7606;4.2000523;0.0022944445;None;NO
2840;98.29467;0.0849;ecl;On;On;Receiver;Off;168.63303;3.584921;0.0022944445;None;NO
2850;98.282745;0.0852;ecl;On;On;Receiver;Off;168.50555;2.9697819;0.0022944445;None;NO
2860;98.27082;0.0855;ecl;On;On;Receiver;Off;168.37816;2.3546362;0.0022944445;None;NO
2870;98.258896;0.0858;ecl;On;On;Receiver;Off;168.25084;1.7394853;0.0022944445;None;NO
2880;98.24697;0.0861;ecl;On;On;Receiver;Off;168.12355;1.1243304;0.0022944445;None;NO
2890;98.23505;0.0864;ecl;On;On;Receiver;Off;167.99629;0.5091731;0.0022944445;None;NO
2900;98.223114;0.0867;ecl;On;On;Receiver;Off;167.86905;-0.10598533;0.0022944445;None;NO
2910;98.21119;0.087;ecl;On;On;Receiver;Off;167.74179;-0.72114354;0.0022944445;None;NO
2920;98.199265;0.0873;ecl;On;On;Receiver;Off;167.61449;-1.3363001;0.0022944445;None;NO
2930;98.18734;0.0876;ecl;On;On;Receiver;Off;167.48715;-1.9514538;0.0022944445;None;NO
2940;98.175415;0.0879;ecl;On;On;Receiver;Off;167.35973;-2.5666032;0.0022944445;None;NO
2950;98.16349;0.0882;ecl;On;On;Receiver;Off;167.23221;-3.1817467;0.0022944445;None;NO
2960;98.151566;0.0885;ecl;On;On;Receiver;Off;167.10458;-3.796883;0.0022944445;None;NO
2970;98.13964;0.0888;ecl;On;On;Receiver;Off;166.97682;-4.412011;0.0022944445;None;NO
2980;98.127716;0.0891;ecl;On;On;Receiver;Off;166.84892;-5.027129;0.0022944445;None;NO
2990;98.11579;0.0894;ecl;On;On;Receiver;Off;166.72083;-5.642236;0.0022944445;None;NO
3000;98.10387;0.0897;ecl;On;On;Receiver;Off;166.59256;-6.25733;0.0022944445;None;NO
3010;98.09194;0.09;ecl;On;On;Receiver;Off;166.46407;-6.8724103;0.0022944445;None;NO
3020;98.08001;0.0903;ecl;On;On;Receiver;Off;166.33534;-7.4874744;0.0022944445;None;NO
3030;98.068085;0.0906;ecl;On;On;Receiver;Off;166.20636;-8.102522;0.0022944445;None;NO
3040;98.05616;0.0909;ecl;On;On;Receiver;Off;166.07709;-8.717551;0.0022944445;None;NO
3050;98.044235;0.0912;ecl;On;On;Receiver;Off;165.94754;-9.33256;0.0022944445;None;NO
3060;98.03231;0.0915;ecl;On;On;Receiver;Off;165.81766;-9.947547;0.0022944445;None;NO
3070;98.020386;0.0918;ecl;On;On;Receiver;Off;165.68742;-10.562511;0.0022944445;None;NO
3080;98.00846;0.0921;ecl;On;On;Receiver;Off;165.55684;-11.177451;0.0022944445;None;NO
3090;97.99654;0.0924;ecl;On;On;Receiver;Off;165.42586;-11.792365;0.0022944445;None;NO
3100;97.98461;0.0927;ecl;On;On;Receiver;Off;165.29448;-12.407251;0.0022944445;None;NO
3110;97.97269;0.093;ecl;On;On;Receiver;Off;165.16266;-13.022108;0.0022944445;None;NO
3120;97.96076;0.0933;ecl;On;On;Receiver;Off;165.03036;-13.636933;0.0022944445;None;NO
3130;97.94883;0.0936;ecl;On;On;Receiver;Off;164.8976;-14.251726;0.0022944445;None;NO
3140;97.936905;0.0939;ecl;On;On;Receiver;Off;164.76433;-14.866485;0.0022944445;None;NO
3150;97.92498;0.0942;ecl;On;On;Receiver;Off;164.63052;-15.481207;0.0022944445;None;NO
3160;97.913055;0.0945;ecl;On;On;Receiver;Off;164.49614;-16.095892;0.0022944445;None;NO
3170;97.90113;0.0948;ecl;On;On;Receiver;Off;164.36119;-16.710537;0.0022944445;None;NO
3180;97.889206;0.0951;ecl;On;On;Receiver;Off;164.22562;-17.325138;0.0022944445;None;NO
3190;97.87728;0.0954;ecl;On;On;Receiver;Off;164.0894;-17.9397;0.0022944445;None;NO
3200;97.86536;0.0957;ecl;On;On;Receiver;Off;163.95251;-18.554213;0.0022944445;None;NO
3210;97.85343;0.096;ecl;On;On;Receiver;Off;163.81494;-19.168678;0.0022944445;None;NO
3220;97.84151;0.0963;ecl;On;On;Receiver;Off;163.67662;-19.783094;0.0022944445;None;NO
3230;97.82958;0.0966;ecl;On;On;Receiver;Off;163.53755;-20.397459;0.0022944445;None;NO
3240;97.81766;0.0969;ecl;On;On;Receiver;Off;163.39769;-21.01177;0.0022944445;None;NO
3250;97.805725;0.0972;ecl;On;On;Receiver;Off;163.257;-21.626026;0.0022944445;None;NO
3260;97.7938;0.0975;ecl;On;On;Receiver;Off;163.11545;-22.240223;0.0022944445;None;NO
3270;97.781876;0.0978;ecl;On;On;Receiver;Off;162.973;-22.854359;0.0022944445;None;NO
3280;97.76995;0.0981;ecl;On;On;Receiver;Off;162.82964;-23.46843;0.0022944445;None;NO
3290;97.758026;0.0984;ecl;On;On;Receiver;Off;162.68532;-24.082438;0.0022944445;None;NO
3300;97.7461;0.0987;ecl;On;On;Receiver;Off;162.53998;-24.696375;0.0022944445;None;NO
3310;97.73418;0.099;ecl;On;On;Receiver;Off;162.3936;-25.310244;0.0022944445;None;NO
3320;97.72225;0.0993;ecl;On;On;Receiver;Off;162.24615;-25.924038;0.0022944445;None;NO
3330;97.71033;0.0996;ecl;On;On;Receiver;Off;162.09758;-26.537754;0.0022944445;None;NO
3340;97.6984;0.0999;ecl;On;On;Receiver;Off;161.94783;-27.151392;0.0022944445;None;NO
3350;97.68648;0.1002;ecl;On;On;Receiver;Off;161.79689;-27.764948;0.0022944445;None;NO
3360;97.67455;0.1005;ecl;On;On;Receiver;Off;161.64468;-28.378418;0.0022944445;None;NO
3370;97.71604;0.1008;sun;On;On;Receiver;Off;161.49118;-28.9918;0.0022944445;None;NO
3380;97.75754;0.1011;sun;On;On;Receiver;Off;161.33633;-29.60509;0.0022944445;None;NO
3390;97.79903;0.1014;sun;On;On;Receiver;Off;161.18007;-30.21828;0.0022944445;None;NO
3400;97.84052;0.1017;sun;On;On;Receiver;Off;161.02237;-30.831375;0.0022944445;None;NO
3410;97.88202;0.102;sun;On;On;Receiver;Off;160.86314;-31.444366;0.0022944445;None;NO
3420;97.92351;0.1023;sun;On;On;Receiver;Off;160.70236;-32.05725;0.0022944445;None;NO
3430;97.965004;0.1026;sun;On;On;Receiver;Off;160.53995;-32.670025;0.0022944445;None;NO
3440;98.0065;0.1029;sun;On;On;Receiver;Off;160.37585;-33.28268;0.0022944445;None;NO
3450;98.04799;0.1032;sun;On;On;Receiver;Off;160.21;-33.895218;0.0022944445;None;NO
3460;98.089485;0.1035;sun;On;On;Receiver;Off;160.04236;-34.507633;0.0022944445;None;NO
3470;98.130974;0.1038;sun;On;On;Receiver;Off;159.8728;-35.11992;0.0022944445;None;NO
3480;98.17247;0.1041;sun;On;On;Receiver;Off;159.70131;-35.732067;0.0022944445;None;NO
3490;98.21397;0.1044;sun;On;On;Receiver;Off;159.52777;-36.34408;0.0022944445;None;NO
3500;98.255455;0.1047;sun;On;On;Receiver;Off;159.35213;-36.955948;0.0022944445;None;NO
3510;98.29695;0.105;sun;On;On;Receiver;Off;159.17429;-37.567665;0.0022944445;None;NO
3520;98.33845;0.1053;sun;On;On;Receiver;Off;158.99417;-38.17923;0.0022944445;None;NO
3530;98.37994;0.1056;sun;On;On;Receiver;Off;158.81168;-38.79063;0.0022944445;None;NO
3540;98.42143;0.1059;sun;On;On;Receiver;Off;158.62674;-39.40186;0.0022944445;None;NO
3550;98.46292;0.1062;sun;On;On;Receiver;Off;158.43922;-40.012917;0.0022944445;None;NO
3560;98.50442;0.1065;sun;On;On;Receiver;Off;158.24907;-40.62379;0.0022944445;None;NO
3570;98.54591;0.1068;sun;On;On;Receiver;Off;158.05612;-41.234474;0.0022944445;None;NO
3580;98.5874;0.1071;sun;On;On;Receiver;Off;157.8603;-41.844963;0.0022944445;None;NO
3590;98.6289;0.1074;sun;On;On;Receiver;Off;157.6615;-42.455242;0.0022944445;None;NO
3600;98.670395;0.1077;sun;On;On;Receiver;Off;157.45955;-43.06531;0.0022944445;None;NO
3610;98.71188;0.108;sun;On;On;Receiver;Off;157.25436;-43.675156;0.0022944445;None;NO
3620;98.75338;0.1083;sun;On;On;Receiver;Off;157.04578;-44.284767;0.0022944445;None;NO
3630;98.79487;0.1086;sun;On;On;Receiver;Off;156.83365;-44.89414;0.0022944445;None;NO
3640;98.836365;0.1089;sun;On;On;Receiver;Off;156.61784;-45.503258;0.0022944445;None;NO
3650;98.87786;0.1092;sun;On;On;Receiver;Off;156.39818;-46.11211;0.0022944445;None;NO
3660;98.91935;0.1095;sun;On;On;Receiver;Off;156.17451;-46.720688;0.0022944445;None;NO
3670;98.960846;0.1098;sun;On;On;Receiver;Off;155.94666;-47.32898;0.0022944445;None;NO
3680;99.00234;0.1101;sun;On;On;Receiver;Off;155.7144;-47.936966;0.0022944445;None;NO
3690;99.04383;0.1104;sun;On;On;Receiver;Off;155.47757;-48.544643;0.0022944445;None;NO
3700;99.08533;0.1107;sun;On;On;Receiver;Off;155.23596;-49.15199;0.0022944445;None;NO
3710;99.126816;0.111;sun;On;On;Receiver;Off;154.98932;-49.75899;0.0022944445;None;NO
3720;99.16831;0.1113;sun;On;On;Receiver;Off;154.73744;-50.365635;0.0022944445;None;NO
3730;99.20981;0.1116;sun;On;On;Receiver;Off;154.48007;-50.971897;0.0022944445;None;NO
3740;99.2513;0.1119;sun;On;On;Receiver;Off;154.21693;-51.577766;0.0022944445;None;NO
3750;99.29279;0.1122;sun;On;On;Receiver;Off;153.94774;-52.183216;0.0022944445;None;NO
3760;99.33429;0.1125;sun;On;On;Receiver;Off;153.67221;-52.78823;0.0022944445;None;NO
3770;99.37578;0.1128;sun;On;On;Receiver;Off;153.39003;-53.39279;0.0022944445;None;NO
3780;99.417274;0.1131;sun;On;On;Receiver;Off;153.10083;-53.996864;0.0022944445;None;NO
3790;99.45876;0.1134;sun;On;On;Receiver;Off;152.80428;-54.600433;0.0022944445;None;NO
3800;99.50026;0.1137;sun;On;On;Receiver;Off;152.49997;-55.20347;0.0022944445;None;NO
3810;99.541756;0.114;sun;On;On;Receiver;Off;152.18752;-55.80594;0.0022944445;None;NO
3820;99.583244;0.1143;sun;On;On;Receiver;Off;151.86644;-56.407818;0.0022944445;None;NO
3830;99.62474;0.1146;sun;On;On;Receiver;Off;151.53632;-57.009068;0.0022944445;None;NO
3840;99.66624;0.1149;sun;On;On;Receiver;Off;151.1966;-57.609657;0.0022944445;None;NO
3850;99.707726;0.1152;sun;On;On;Receiver;Off;150.84676;-58.20955;0.0022944445;None;NO
3860;99.74922;0.1155;sun;On;On;Receiver;Off;150.48622;-58.8087;0.0022944445;None;NO
3870;99.79071;0.1158;sun;On;On;Receiver;Off;150.11436;-59.407066;0.0022944445;None;NO
3880;99.83221;0.1161;sun;On;On;Receiver;Off;149.7305;-60.0046;0.0022944445;None;NO
3890;99.8737;0.1164;sun;On;On;Receiver;Off;149.33391;-60.60125;0.0022944445;None;NO
3900;99.91519;0.1167;sun;On;On;Receiver;Off;148.92381;-61.196964;0.0022944445;None;NO
3910;99.95669;0.117;sun;On;On;Receiver;Off;148.49936;-61.79168;0.0022944445;None;NO
3920;99.988075;0.1173;sun;On;On;Receiver;Off;148.05963;-62.385334;0.0022944445;None;NO
3930;99.988075;0.1176;sun;On;On;Receiver;Off;147.60364;-62.977856;0.0022944445;None;NO
3940;99.988075;0.1179;sun;On;On;Receiver;Off;147.13033;-63.569164;0.0022944445;None;NO
3950;99.988075;0.1182;sun;On;On;Receiver;Off;146.63849;-64.15918;0.0022944445;None;NO
3960;99.988075;0.1185;sun;On;On;Receiver;Off;146.12689;-64.74782;0.0022944445;None;NO
3970;99.988075;0.1188;sun;On;On;Receiver;Off;145.59415;-65.33496;0.0022944445;None;NO
3980;99.988075;0.1191;sun;On;On;Receiver;Off;145.03873;-65.92052;0.0022944445;None;NO
3990;99.988075;0.1194;sun;On;On;Receiver;Off;144.45898;-66.504364;0.0022944445;None;NO
4000;99.988075;0.1197;sun;On;On;Receiver;Off;143.85315;-67.086365;0.0022944445;None;NO
4010;99.988075;0.12;sun;On;On;Receiver;Off;143.21921;-67.666374;0.0022944445;None;NO
4020;99.988075;0.1203;sun;On;On;Receiver;Off;142.55504;-68.24424;0.0022944445;None;NO
4030;99.988075;0.1206;sun;On;On;Receiver;Off;141.85822;-68.819786;0.0022944445;None;NO
4040;99.988075;0.1209;sun;On;On;Receiver;Off;141.12616;-69.39281;0.0022944445;None;NO
4050;99.988075;0.1212;sun;On;On;Receiver;Off;140.35597;-69.9631;0.0022944445;None;NO
4060;99.988075;0.1215;sun;On;On;Receiver;Off;139.54448;-70.53041;0.0022944445;None;NO
4070;99.988075;0.1218;sun;On;On;Receiver;Off;138.68817;-71.09448;0.0022944445;None;NO
4080;99.988075;0.1221;sun;On;On;Receiver;Off;137.78317;-71.65501;0.0022944445;None;NO
4090;99.988075;0.1224;sun;On;On;Receiver;Off;136.82518;-72.211655;0.0022944445;None;NO
4100;99.988075;0.1227;sun;On;On;Receiver;Off;135.80943;-72.764046;0.0022944445;None;NO
4110;99.988075;0.123;sun;On;On;Receiver;Off;134.73068;-73.31175;0.0022944445;None;NO
4120;99.988075;0.1233;sun;On;On;Receiver;Off;133.58307;-73.85432;0.0022944445;None;NO
4130;99.988075;0.1236;sun;On;On;Receiver;Off;132.36014;-74.39118;0.0022944445;None;NO
4140;99.988075;0.1239;sun;On;On;Receiver;Off;131.05473;-74.921745;0.0022944445;None;NO
4150;99.988075;0.1242;sun;On;On;Receiver;Off;129.65894;-75.44532;0.0022944445;None;NO
4160;99.988075;0.1245;sun;On;On;Receiver;Off;128.16402;-75.96113;0.0022944445;None;NO
4170;99.988075;0.1248;sun;On;On;Receiver;Off;126.56039;-76.46827;0.0022944445;None;NO
4180;99.988075;0.1251;sun;On;On;Receiver;Off;124.83757;-76.96574;0.0022944445;None;NO
4190;99.988075;0.1254;sun;On;On;Receiver;Off;122.98419;-77.452385;0.0022944445;None;NO
4200;99.988075;0.1257;sun;On;On;Receiver;Off;120.98802;-77.926895;0.0022944445;None;NO
4210;99.988075;0.126;sun;On;On;Receiver;Off;118.836105;-78.38779;0.0022944445;None;NO
4220;99.988075;0.1263;sun;On;On;Receiver;Off;116.51494;-78.83337;0.0022944445;None;NO
4230;99.988075;0.1266;sun;On;On;Receiver;Off;114.01086;-79.261734;0.0022944445;None;NO
4240;99.988075;0.1269;sun;On;On;Receiver;Off;111.310524;-79.670746;0.0022944445;None;NO
4250;99.988075;0.1272;sun;On;On;Receiver;Off;108.40171;-80.058014;0.0022944445;None;NO
4260;99.988075;0.1275;sun;On;On;Receiver;Off;105.27426;-80.42089;0.0022944445;None;NO
4270;99.988075;0.1278;sun;On;On;Receiver;Off;101.92138;-80.75652;0.0022944445;None;NO
4280;99.988075;0.1281;sun;On;On;Receiver;Off;98.34115;-81.06182;0.0022944445;None;NO
4290;99.988075;0.1284;sun;On;On;Receiver;Off;94.53818;-81.33358;0.0022944445;None;NO
4300;99.988075;0.1287;sun;On;On;Receiver;Off;90.525185;-81.56857;0.0022944445;None;NO
4310;99.988075;0.129;sun;On;On;Receiver;Off;86.324234;-81.76363;0.0022944445;None;NO
4320;99.988075;0.1293;sun;On;On;Receiver;Off;81.967224;-81.91588;0.0022944445;None;NO
4330;99.988075;0.1296;sun;On;On;Receiver;Off;77.49539;-82.02286;0.0022944445;None;NO
4340;99.988075;0.1299;sun;On;On;Receiver;Off;72.95752;-82.08274;0.0022944445;None;NO
4350;99.988075;0.1302;sun;On;On;Receiver;Off;68.40699;-82.09444;0.0022944445;None;NO
4360;99.988075;0.1305;sun;On;On;Receiver;Off;63.898098;-82.057755;0.0022944445;None;NO
4370;99.988075;0.1308;sun;On;On;Receiver;Off;59.482193;-81.97335;0.0022944445;None;NO
4380;99.988075;0.1311;sun;On;On;Receiver;Off;55.204296;-81.8427;0.0022944445;None;NO
4390;99.988075;0.1314;sun;On;On;Receiver;Off;51.10078;-81.667984;0.0022944445;None;NO
4400;99.988075;0.1317;sun;On;On;Receiver;Off;47.198273;-81.451904;0.0022944445;None;NO
4410;99.988075;0.132;sun;On;On;Receiver;Off;43.5137;-81.1975;0.0022944445;None;NO
4420;99.988075;0.1323;sun;On;On;Receiver;Off;40.05525;-80.908005;0.0022944445;None;NO
4430;99.988075;0.1326;sun;On;On;Receiver;Off;36.823822;-80.58663;0.0022944445;None;NO
4440;99.988075;0.1329;sun;On;On;Receiver;Off;33.81469;-80.23655;0.0022944445;None;NO
4450;99.988075;0.1332;sun;On;On;Receiver;Off;31.019081;-79.86072;0.0022944445;None;NO
4460;99.988075;0.1335;sun;On;On;Receiver;Off;28.425587;-79.4619;0.0022944445;None;NO
4470;99.988075;0.1338;sun;On;On;Receiver;Off;26.021273;-79.0426;0.0022944445;None;NO
4480;99.988075;0.1341;sun;On;On;Receiver;Off;23.792547;-78.60508;0.0022944445;None;NO
4490;99.988075;0.1344;sun;On;On;Receiver;Off;21.725788;-78.15137;0.0022944445;None;NO
4500;99.988075;0.1347;sun;On;On;Receiver;Off;19.807747;-77.683235;0.0022944445;None;NO
4510;99.988075;0.135;sun;On;On;Receiver;Off;18.02584;-77.20228;0.0022944445;None;NO
4520;99.988075;0.1353;sun;On;On;Receiver;Off;16.368288;-76.709885;0.0022944445;None;NO
4530;99.988075;0.1356;sun;On;On;Receiver;Off;14.824193;-76.20728;0.0022944445;None;NO
4540;99.988075;0.1359;sun;On;On;Receiver;Off;13.3835535;-75.69555;0.0022944445;None;NO
4550;99.988075;0.1362;sun;On;On;Receiver;Off;12.037251;-75.17562;0.0022944445;None;NO
4560;99.988075;0.1365;sun;On;On;Receiver;Off;10.777002;-74.64834;0.0022944445;None;NO
4570;99.988075;0.1368;sun;On;On;Receiver;Off;9.5953045;-74.11444;0.0022944445;None;NO
4580;99.988075;0.1371;sun;On;On;Receiver;Off;8.485376;-73.57456;0.0022944445;None;NO
4590;99.988075;0.1374;sun;On;On;Receiver;Off;7.4410963;-73.029274;0.0022944445;None;NO
4600;99.988075;0.1377;sun;On;On;Receiver;Off;6.4569383;-72.47909;0.0022944445;None;NO
4610;99.988075;0.138;sun;On;On;Receiver;Off;5.527916;-71.924446;0.0022944445;None;NO
4620;99.988075;0.1383;sun;On;On;Receiver;Off;4.6495275;-71.365746;0.0022944445;None;NO
4630;99.988075;0.1386;sun;On;On;Receiver;Off;3.817706;-70.80335;0.0022944445;None;NO
4640;99.988075;0.1389;sun;On;On;Receiver;Off;3.0287755;-70.23757;0.0022944445;None;NO
4650;99.988075;0.1392;sun;On;On;Receiver;Off;2.2794077;-69.668686;0.0022944445;None;NO
4660;99.988075;0.1395;sun;On;On;Receiver;Off;1.5665877;-69.09696;0.0022944445;None;NO
4670;99.988075;0.1398;sun;On;On;Receiver;Off;0.8875796;-68.522606;0.0022944445;None;NO
4680;99.988075;0.1401;sun;On;On;Receiver;Off;0.23989828;-67.94584;0.0022944445;None;NO
4690;99.988075;0.1404;sun;On;On;Receiver;Off;-0.37871712;-67.366844;0.0022944445;None;NO
4700;99.988075;0.1407;sun;On;On;Receiver;Off;-0.97032636;-66.78579;0.0022944445;None;NO
4710;99.988075;0.141;sun;On;On;Receiver;Off;-1.5368085;-66.20281;0.0022944445;None;NO
4720;99.988075;0.1413;sun;On;On;Receiver;Off;-2.0798805;-65.61807;0.0022944445;None;NO
4730;99.988075;0.1416;sun;On;On;Receiver;Off;-2.601113;-65.03168;0.0022944445;None;NO
4740;99.988075;0.1419;sun;On;On;Receiver;Off;-3.1019456;-64.44375;0.0022944445;None;NO
4750;99.988075;0.1422;sun;On;On;Receiver;Off;-3.583699;-63.85439;0.0022944445;None;NO
4760;99.988075;0.1425;sun;On;On;Receiver;Off;-4.0475864;-63.26369;0.0022944445;None;NO
4770;99.988075;0.1428;sun;On;On;Receiver;Off;-4.494725;-62.671745;0.0022944445;None;NO
4780;99.988075;0.1431;sun;On;On;Receiver;Off;-4.926144;-62.078632;0.0022944445;None;NO
4790;99.988075;0.1434;sun;On;On;Receiver;Off;-5.342792;-61.48442;0.0022944445;None;NO
4800;99.988075;0.1437;sun;On;On;Receiver;Off;-5.7455473;-60.88918;0.0022944445;None;NO
4810;99.988075;0.144;sun;On;On;Receiver;Off;-6.13522;-60.292976;0.0022944445;None;NO
4820;99.988075;0.1443;sun;On;On;Receiver;Off;-6.5125628;-59.69586;0.0022944445;None;NO
4830;99.988075;0.1446;sun;On;On;Receiver;Off;-6.878272;-59.09789;0.0022944445;None;NO
4840;99.988075;0.1449;sun;On;On;Receiver;Off;-7.2329955;-58.49911;0.0022944445;None;NO
4850;99.988075;0.1452;sun;On;On;Receiver;Off;-7.5773344;-57.899574;0.0022944445;None;NO
4860;99.988075;0.1455;sun;On;On;Receiver;Off;-7.9118495;-57.299316;0.0022944445;None;NO
4870;99.988075;0.1458;sun;On;On;Receiver;Off;-8.2370615;-56.69838;0.0022944445;None;NO
4880;99.988075;0.1461;sun;On;On;Receiver;Off;-8.553459;-56.0968;0.0022944445;None;NO
4890;99.988075;0.1464;sun;On;On;Receiver;Off;-8.861494;-55.494614;0.0022944445;None;NO
4900;99.988075;0.1467;sun;On;On;Receiver;Off;-9.161593;-54.891846;0.0022944445;None;NO
4910;99.988075;0.147;sun;On;On;Receiver;Off;-9.454155;-54.288532;0.0022944445;None;NO
4920;99.988075;0.1473;sun;On;On;Receiver;Off;-9.73955;-53.6847;0.0022944445;None;NO
4930;99.988075;0.1476;sun;On;On;Receiver;Off;-10.018127;-53.08037;0.0022944445;None;NO
4940;99.988075;0.1479;sun;On;On;Receiver;Off;-10.290216;-52.475574;0.0022944445;None;NO
4950;99.988075;0.1482;sun;On;On;Receiver;Off;-10.556124;-51.87033;0.0022944445;None;NO
4960;99.988075;0.1485;sun;On;On;Receiver;Off;-10.81614;-51.26466;0.0022944445;None;NO
4970;99.988075;0.1488;sun;On;On;Receiver;Off;-11.070538;-50.65859;0.0022944445;None;NO
4980;99.988075;0.1491;sun;On;On;Receiver;Off;-11.319572;-50.052124;0.0022944445;None;NO
4990;99.988075;0.1494;sun;On;On;Receiver;Off;-11.563486;-49.445293;0.0022944445;None;NO
5000;99.988075;0.1497;sun;On;On;Receiver;Off;-11.802509;-48.83811;0.0022944445;None;NO
5010;99.988075;0.15;sun;On;On;Receiver;Off;-12.036855;-48.230595;0.0022944445;None;NO
5020;99.988075;0.1503;sun;On;On;Receiver;Off;-12.266728;-47.622757;0.0022944445;None;NO
5030;99.988075;0.1506;sun;On;On;Receiver;Off;-12.492323;-47.01461;0.0022944445;None;NO
5040;99.988075;0.1509;sun;On;On;Receiver;Off;-12.7138195;-46.406166;0.0022944445;None;NO
5050;99.988075;0.1512;sun;On;On;Receiver;Off;-12.931393;-45.797447;0.0022944445;None;NO
5060;99.988075;0.1515;sun;On;On;Receiver;Off;-13.145205;-45.188454;0.0022944445;None;NO
5070;99.988075;0.1518;sun;On;On;Receiver;Off;-13.355412;-44.579205;0.0022944445;None;NO
5080;99.988075;0.1521;sun;On;On;Receiver;Off;-13.562162;-43.969707;0.0022944445;None;NO
5090;99.988075;0.1524;sun;On;On;Receiver;Off;-13.765595;-43.359974;0.0022944445;None;NO
5100;99.988075;0.1527;sun;On;On;Receiver;Off;-13.965846;-42.750015;0.0022944445;None;NO
5110;99.988075;0.153;sun;On;On;Receiver;Off;-14.163039;-42.139835;0.0022944445;None;NO
5120;99.988075;0.1533;sun;On;On;Receiver;Off;-14.357298;-41.529446;0.0022944445;None;NO
5130;99.988075;0.1536;sun;On;On;Receiver;Off;-14.548736;-40.918854;0.0022944445;None;NO
5140;99.988075;0.1539;sun;On;On;Receiver;Off;-14.737462;-40.30807;0.0022944445;None;NO
5150;99.988075;0.1542;sun;On;On;Receiver;Off;-14.923583;-39.6971;0.0022944445;None;NO
5160;99.988075;0.1545;sun;On;On;Receiver;Off;-15.107198;-39.085957;0.0022944445;None;NO
5170;99.988075;0.1548;sun;On;On;Receiver;Off;-15.288402;-38.474636;0.0022944445;None;NO
5180;99.988075;0.1551;sun;On;On;Receiver;Off;-15.467286;-37.86315;0.0022944445;None;NO
5190;99.988075;0.1554;sun;On;On;Receiver;Off;-15.643939;-37.251507;0.0022944445;None;NO
5200;99.988075;0.1557;sun;On;On;Receiver;Off;-15.818444;-36.639713;0.0022944445;None;NO
5210;99.988075;0.156;sun;On;On;Receiver;Off;-15.99088;-36.027767;0.0022944445;None;NO
5220;99.988075;0.1563;sun;On;On;Receiver;Off;-16.161324;-35.415684;0.0022944445;None;NO
5230;99.988075;0.1566;sun;On;On;Receiver;Off;-16.32985;-34.803463;0.0022944445;None;NO
5240;99.988075;0.1569;sun;On;On;Receiver;Off;-16.496529;-34.191113;0.0022944445;None;NO
5250;99.988075;0.1572;sun;On;On;Receiver;Off;-16.661427;-33.578632;0.0022944445;None;NO
5260;99.988075;0.1575;sun;On;On;Receiver;Off;-16.824608;-32.96603;0.0022944445;None;NO
5270;99.988075;0.1578;sun;On;On;Receiver;Off;-16.98614;-32.353313;0.0022944445;None;NO
5280;99.988075;0.1581;sun;On;On;Receiver;Off;-17.146076;-31.740484;0.0022944445;None;NO
5290;99.988075;0.1584;sun;On;On;Receiver;Off;-17.30448;-31.127544;0.0022944445;None;NO
5300;99.988075;0.1587;sun;On;On;Receiver;Off;-17.461403;-30.5145;0.0022944445;None;NO
5310;99.988075;0.159;sun;On;On;Receiver;Off;-17.6169;-29.901354;0.0022944445;None;NO
5320;99.988075;0.1593;sun;On;On;Receiver;Off;-17.771025;-29.28811;0.0022944445;None;NO
5330;99.988075;0.1596;sun;On;On;Receiver;Off;-17.923824;-28.674774;0.0022944445;None;NO
5340;99.988075;0.1599;sun;On;On;Receiver;Off;-18.075348;-28.061346;0.0022944445;None;NO
5350;99.988075;0.1602;sun;On;On;Receiver;Off;-18.225643;-27.447832;0.0022944445;None;NO
5360;99.988075;0.1605;sun;On;On;Receiver;Off;-18.374754;-26.834232;0.0022944445;None;NO
5370;99.988075;0.1608;sun;On;On;Receiver;Off;-18.522722;-26.220554;0.0022944445;None;NO
5380;99.988075;0.1611;sun;On;On;Receiver;Off;-18.669592;-25.606796;0.0022944445;None;NO
5390;99.988075;0.1614;sun;On;On;Receiver;Off;-18.815401;-24.992964;0.0022944445;None;NO
5400;99.988075;0.1617;sun;On;On;Receiver;Off;-18.960194;-24.379059;0.0022944445;None;NO
5410;99.988075;0.162;sun;On;On;Receiver;Off;-19.104002;-23.765085;0.0022944445;None;NO
5420;99.988075;0.1623;sun;On;On;Receiver;Off;-19.246868;-23.151043;0.0022944445;None;NO
5430;99.988075;0.1626;sun;On;On;Receiver;Off;-19.388824;-22.536938;0.0022944445;None;NO
5440;99.988075;0.1629;sun;On;On;Receiver;Off;-19.52991;-21.922771;0.0022944445;None;NO
5450;99.988075;0.1632;sun;On;On;Receiver;Off;-19.670153;-21.308544;0.0022944445;None;NO
5460;99.988075;0.1635;sun;On;On;Receiver;Off;-19.80959;-20.69426;0.0022944445;None;NO
5470;99.988075;0.1638;sun;On;On;Receiver;Off;-19.94825;-20.07992;0.0022944445;None;NO
5480;99.988075;0.1641;sun;On;On;Receiver;Off;-20.086168;-19.465528;0.0022944445;None;NO
5490;99.988075;0.1644;sun;On;On;Receiver;Off;-20.223372;-18.851086;0.0022944445;None;NO
5500;99.988075;0.1647;sun;On;On;Receiver;Off;-20.359892;-18.236595;0.0022944445;None;NO
5510;99.988075;0.165;sun;On;On;Receiver;Off;-20.495758;-17.622057;0.0022944445;None;NO
5520;99.988075;0.1653;sun;On;On;Receiver;Off;-20.630997;-17.007475;0.0022944445;None;NO
5530;99.988075;0.1656;sun;On;On;Receiver;Off;-20.765635;-16.39285;0.0022944445;None;NO
5540;99.988075;0.1659;sun;On;On;Receiver;Off;-20.899702;-15.778186;0.0022944445;None;YES
5550;99.988075;0.1662;sun;On;On;Receiver;Off;-21.033222;-15.163482;0.0022944445;None;YES
5560;99.988075;0.1665;sun;On;On;Receiver;Off;-21.166222;-14.54874;0.0022944445;None;YES
5570;99.988075;0.1668;sun;On;On;Receiver;Off;-21.298727;-13.933964;0.0022944445;None;YES
5580;99.988075;0.1671;sun;On;On;Receiver;Off;-21.43076;-13.319154;0.0022944445;None;YES
5590;99.988075;0.1674;sun;On;On;Receiver;Off;-21.562347;-12.704311;0.0022944445;None;YES
5600;99.988075;0.1677;sun;On;On;Receiver;Off;-21.693514;-12.089439;0.0022944445;None;YES
5610;99.988075;0.168;sun;On;On;Receiver;Off;-21.82428;-11.474539;0.0022944445;None;YES
5620;99.988075;0.1683;sun;On;On;Receiver;Off;-21.954668;-10.8596115;0.0022944445;PCD4;YES
5630;99.966415;0.17372;sun;On;On;Receiver;Auto;-22.084705;-10.244659;0.006461111;PCD4;YES
5640;99.966415;0.17914;sun;On;On;Receiver;Auto;-22.21441;-9.629683;0.006461111;PCD4;YES
5650;99.966415;0.18456;sun;On;On;Receiver;Auto;-22.343807;-9.014684;0.006461111;PCD4;YES
5660;99.966415;0.18998;sun;On;On;Receiver;Auto;-22.472916;-8.399664;0.006461111;PCD4;YES
5670;99.966415;0.1954;sun;On;On;Receiver;Auto;-22.601759;-7.7846255;0.006461111;PCD4;YES
5680;99.966415;0.20082;sun;On;On;Receiver;Auto;-22.730358;-7.1695695;0.006461111;PCD4;YES
5690;99.966415;0.20624;sun;On;On;Receiver;Auto;-22.858732;-6.554497;0.006461111;PCD4;YES
5700;99.966415;0.21166;sun;On;On;Receiver;Auto;-22.986902;-5.9394093;0.006461111;PCD4;YES
5710;99.966415;0.21708;sun;On;On;Receiver;Auto;-23.114891;-5.3243084;0.006461111;PCD4;YES
5720;99.966415;0.2225;sun;On;On;Receiver;Auto;-23.242718;-4.7091956;0.006461111;PCD4;YES
5730;99.966415;0.22792;sun;On;On;Receiver;Auto;-23.370403;-4.094072;0.006461111;PCD4;YES
5740;99.966415;0.23334;sun;On;On;Receiver;Auto;-23.497967;-3.4789395;0.006461111;PCD4;YES
5750;99.966415;0.23876;sun;On;On;Receiver;Auto;-23.625427;-2.863799;0.006461111;PCD4;YES
5760;99.966415;0.24418;sun;On;On;Receiver;Auto;-23.752806;-2.2486525;0.006461111;PCD4;YES
5770;99.966415;0.2496;sun;On;On;Receiver;Auto;-23.880123;-1.6335008;0.006461111;PCD4;YES
5780;99.966415;0.25502;sun;On;On;Receiver;Auto;-24.007399;-1.0183455;0.006461111;PCD4;YES
5790;99.966415;0.26044;sun;On;On;Receiver;Auto;-24.134651;-0.40318784;0.006461111;PCD4;YES
5800;99.966415;0.26586;sun;On;On;Receiver;Auto;-24.2619;0.21197066;0.006461111;PCD4;YES
5810;99.966415;0.27128;sun;On;On;Receiver;Auto;-24.389166;0.8271287;0.006461111;PCD4;YES
5820;99.966415;0.2767;sun;On;On;Receiver;Auto;-24.516468;1.4422848;0.006461111;PCD4;YES
5830;99.966415;0.28212;sun;On;On;Receiver;Auto;-24.643827;2.057438;0.006461111;PCD4;YES
5840;99.966415;0.28754;sun;On;On;Receiver;Auto;-24.771263;2.6725862;0.006461111;PCD4;YES
5850;99.966415;0.29296;sun;On;On;Receiver;Auto;-24.898794;3.2877288;0.006461111;PCD4;YES
5860;99.966415;0.29838;sun;On;On;Receiver;Auto;-25.026442;3.9028637;0.006461111;PCD4;YES
5870;99.966415;0.3038;sun;On;On;Receiver;Auto;-25.154224;4.51799;0.006461111;PCD4;YES
5880;99.966415;0.30922;sun;On;On;Receiver;Auto;-25.282164;5.1331067;0.006461111;PCD4;YES
5890;99.966415;0.31464;sun;On;On;Receiver;Auto;-25.41028;5.7482114;0.006461111;PCD4;YES
5900;99.966415;0.32006;sun;On;On;Receiver;Auto;-25.538593;6.363303;0.006461111;PCD4;YES
5910;99.966415;0.32548;sun;On;On;Receiver;Auto;-25.667124;6.97838;0.006461111;PCD4;YES
5920;99.966415;0.3309;sun;On;On;Receiver;Auto;-25.795893;7.593442;0.006461111;PCD4;YES
5930;99.966415;0.33632;sun;On;On;Receiver;Auto;-25.924921;8.208487;0.006461111;PCD4;YES
5940;99.966415;0.34174;sun;On;On;Receiver;Auto;-26.054232;8.823512;0.006461111;PCD4;YES
5950;99.966415;0.34716;sun;On;On;Receiver;Auto;-26.183846;9.438518;0.006461111;PCD4;YES
5960;99.966415;0.34746;sun;On;On;Receiver;Auto;-26.313784;10.053501;0.006461111;None;YES
5970;99.988075;0.34776;sun;On;On;Receiver;Off;-26.444067;10.668461;0.0022944445;None;NO
5980;99.988075;0.34806;sun;On;On;Receiver;Off;-26.574722;11.283397;0.0022944445;None;NO
5990;99.988075;0.34836;sun;On;On;Receiver;Off;-26.705769;11.898306;0.0022944445;None;NO
6000;99.988075;0.34866;sun;On;On;Receiver;Off;-26.83723;12.513186;0.0022944445;None;NO
6010;99.988075;0.34896;sun;On;On;Receiver;Off;-26.969131;13.128038;0.0022944445;None;NO
6020;99.988075;0.34926;sun;On;On;Receiver;Off;-27.101496;13.742858;0.0022944445;None;NO
6030;99.988075;0.34956;sun;On;On;Receiver;Off;-27.234348;14.357645;0.0022944445;None;NO
6040;99.988075;0.34986;sun;On;On;Receiver;Off;-27.367714;14.972398;0.0022944445;None;NO
6050;99.988075;0.35016;sun;On;On;Receiver;Off;-27.50162;15.587113;0.0022944445;None;NO
6060;99.988075;0.35046;sun;On;On;Receiver;Off;-27.63609;16.201792;0.0022944445;None;NO
6070;99.988075;0.35076;sun;On;On;Receiver;Off;-27.771149;16.81643;0.0022944445;None;NO
6080;99.988075;0.35106;sun;On;On;Receiver;Off;-27.90683;17.431025;0.0022944445;None;NO
6090;99.988075;0.35136;sun;On;On;Receiver;Off;-28.043156;18.045576;0.0022944445;None;NO
6100;99.988075;0.35166;sun;On;On;Receiver;Off;-28.180157;18.660082;0.0022944445;None;NO
6110;99.988075;0.35196;sun;On;On;Receiver;Off;-28.317863;19.27454;0.0022944445;None;NO
6120;99.988075;0.35226;sun;On;On;Receiver;Off;-28.456306;19.888947;0.0022944445;None;NO
6130;99.988075;0.35256;sun;On;On;Receiver;Off;-28.595512;20.503304;0.0022944445;None;NO
6140;99.988075;0.35286;sun;On;On;Receiver;Off;-28.735518;21.117605;0.0022944445;None;NO
6150;99.988075;0.35316;sun;On;On;Receiver;Off;-28.876352;21.73185;0.0022944445;None;NO
6160;99.988075;0.35346;sun;On;On;Receiver;Off;-29.018051;22.346035;0.0022944445;None;NO
6170;99.988075;0.35376;sun;On;On;Receiver;Off;-29.160648;22.960161;0.0022944445;None;NO
6180;99.988075;0.35406;sun;On;On;Receiver;Off;-29.30418;23.574223;0.0022944445;None;NO
6190;99.988075;0.35436;sun;On;On;Receiver;Off;-29.44868;24.188217;0.0022944445;None;NO
6200;99.988075;0.35466;sun;On;On;Receiver;Off;-29.59419;24.802143;0.0022944445;None;NO
6210;99.988075;0.35496;sun;On;On;Receiver;Off;-29.740746;25.415998;0.0022944445;None;NO
6220;99.988075;0.35526;sun;On;On;Receiver;Off;-29.88839;26.02978;0.0022944445;None;NO
6230;99.988075;0.35556;sun;On;On;Receiver;Off;-30.037163;26.643484;0.0022944445;None;NO
6240;99.988075;0.35586;sun;On;On;Receiver;Off;-30.187107;27.257109;0.0022944445;None;NO
6250;99.988075;0.35616;sun;On;On;Receiver;Off;-30.338268;27.87065;0.0022944445;None;NO
6260;99.988075;0.35646;sun;On;On;Receiver;Off;-30.490692;28.484104;0.0022944445;None;NO
6270;99.988075;0.35676;sun;On;On;Receiver;Off;-30.644424;29.09747;0.0022944445;None;NO
6280;99.988075;0.35706;sun;On;On;Receiver;Off;-30.799517;29.710743;0.0022944445;None;NO
6290;99.988075;0.35736;sun;On;On;Receiver;Off;-30.95602;30.32392;0.0022944445;None;NO
6300;99.988075;0.35766;sun;On;On;Receiver;Off;-31.113985;30.936995;0.0022944445;None;NO
6310;99.988075;0.35796;sun;On;On;Receiver;Off;-31.27347;31.549967;0.0022944445;None;NO
6320;99.988075;0.35826;sun;On;On;Receiver;Off;-31.43453;32.162834;0.0022944445;None;NO
6330;99.988075;0.35856;sun;On;On;Receiver;Off;-31.597223;32.775585;0.0022944445;None;NO
6340;99.988075;0.35886;sun;On;On;Receiver;Off;-31.761616;33.38822;0.0022944445;None;NO
6350;99.988075;0.35916;sun;On;On;Receiver;Off;-31.927767;34.00074;0.0022944445;None;NO
6360;99.988075;0.35946;sun;On;On;Receiver;Off;-32.09575;34.613132;0.0022944445;None;NO
6370;99.988075;0.35976;sun;On;On;Receiver;Off;-32.265625;35.225395;0.0022944445;None;NO
6380;99.988075;0.36006;sun;On;On;Receiver;Off;-32.437473;35.83752;0.0022944445;None;NO
6390;99.988075;0.36036;sun;On;On;Receiver;Off;-32.611366;36.44951;0.0022944445;None;NO
6400;99.988075;0.36066;sun;On;On;Receiver;Off;-32.787384;37.06135;0.0022944445;None;NO
6410;99.988075;0.36096;sun;On;On;Receiver;Off;-32.96561;37.673042;0.0022944445;None;NO
6420;99.988075;0.36126;sun;On;On;Receiver;Off;-33.14613;38.284576;0.0022944445;None;NO
6430;99.988075;0.36156;sun;On;On;Receiver;Off;-33.32903;38.89595;0.0022944445;None;NO
6440;99.988075;0.36186;sun;On;On;Receiver;Off;-33.514412;39.507153;0.0022944445;None;NO
6450;99.988075;0.36216;sun;On;On;Receiver;Off;-33.702366;40.118176;0.0022944445;None;NO
6460;99.988075;0.36246;sun;On;On;Receiver;Off;-33.893;40.72902;0.0022944445;None;NO
6470;99.988075;0.36276;sun;On;On;Receiver;Off;-34.086426;41.33967;0.0022944445;None;NO
6480;99.988075;0.36306;sun;On;On;Receiver;Off;-34.282753;41.950123;0.0022944445;None;NO
6490;99.988075;0.36336;sun;On;On;Receiver;Off;-34.482098;42.560368;0.0022944445;None;NO
6500;99.988075;0.36366;sun;On;On;Receiver;Off;-34.68459;43.1704;0.0022944445;None;NO
6510;99.988075;0.36396;sun;On;On;Receiver;Off;-34.890358;43.7802;0.0022944445;None;NO
6520;99.988075;0.36426;sun;On;On;Receiver;Off;-35.099545;44.389774;0.0022944445;None;NO
6530;99.988075;0.36456;sun;On;On;Receiver;Off;-35.31229;44.9991;0.0022944445;None;NO
6540;99.988075;0.36486;sun;On;On;Receiver;Off;-35.52875;45.608173;0.0022944445;None;NO
6550;99.988075;0.36516;sun;On;On;Receiver;Off;-35.749084;46.21698;0.0022944445;None;NO
6560;99.988075;0.36546;sun;On;On;Receiver;Off;-35.973465;46.825512;0.0022944445;None;NO
6570;99.988075;0.36576;sun;On;On;Receiver;Off;-36.202072;47.43375;0.0022944445;None;NO
6580;99.988075;0.36606;sun;On;On;Receiver;Off;-36.435093;48.041687;0.0022944445;None;NO
6590;99.988075;0.36636;sun;On;On;Receiver;Off;-36.672733;48.649307;0.0022944445;None;NO
6600;99.988075;0.36666;sun;On;On;Receiver;Off;-36.915195;49.256596;0.0022944445;None;NO
6610;99.988075;0.36696;sun;On;On;Receiver;Off;-37.162716;49.863537;0.0022944445;None;NO
6620;99.988075;0.36726;sun;On;On;Receiver;Off;-37.415524;50.47011;0.0022944445;None;NO
6630;99.988075;0.36756;sun;On;On;Receiver;Off;-37.673874;51.07631;0.0022944445;None;NO
6640;99.988075;0.36786;sun;On;On;Receiver;Off;-37.938034;51.68211;0.0022944445;None;NO
6650;99.988075;0.36816;sun;On;On;Receiver;Off;-38.20829;52.287487;0.0022944445;None;NO
6660;99.988075;0.36846;sun;On;On;Receiver;Off;-38.484943;52.892426;0.0022944445;None;NO
6670;99.988075;0.36876;sun;On;On;Receiver;Off;-38.768314;53.496902;0.0022944445;None;NO
6680;99.988075;0.36906;sun;On;On;Receiver;Off;-39.05875;54.10089;0.0022944445;None;NO
6690;99.988075;0.36936;sun;On;On;Receiver;Off;-39.356613;54.70437;0.0022944445;None;NO
6700;99.988075;0.36966;sun;On;On;Receiver;Off;-39.662292;55.30731;0.0022944445;None;NO
6710;99.988075;0.36996;sun;On;On;Receiver;Off;-39.976204;55.90968;0.0022944445;None;NO
6720;99.988075;0.37026;sun;On;On;Receiver;Off;-40.298798;56.51145;0.0022944445;None;NO
6730;99.988075;0.37056;sun;On;On;Receiver;Off;-40.63055;57.11259;0.0022944445;None;NO
6740;99.988075;0.37086;sun;On;On;Receiver;Off;-40.971966;57.713066;0.0022944445;None;NO
6750;99.988075;0.37116;sun;On;On;Receiver;Off;-41.323605;58.31283;0.0022944445;None;NO
6760;99.988075;0.37146;sun;On;On;Receiver;Off;-41.686047;58.91185;0.0022944445;None;NO
6770;99.988075;0.37176;sun;On;On;Receiver;Off;-42.059925;59.510075;0.0022944445;None;NO
6780;99.988075;0.37206;sun;On;On;Receiver;Off;-42.44593;60.10746;0.0022944445;None;NO
6790;99.988075;0.37236;sun;On;On;Receiver;Off;-42.84479;60.703957;0.0022944445;None;NO
6800;99.988075;0.37266;sun;On;On;Receiver;Off;-43.2573;61.299503;0.0022944445;None;NO
6810;99.988075;0.37296;sun;On;On;Receiver;Off;-43.68432;61.89404;0.0022944445;None;NO
6820;99.988075;0.37326;sun;On;On;Receiver;Off;-44.12677;62.487503;0.0022944445;None;NO
6830;99.988075;0.37356;sun;On;On;Receiver;Off;-44.585663;63.07982;0.0022944445;None;NO
6840;99.988075;0.37386;sun;On;On;Receiver;Off;-45.062088;63.670914;0.0022944445;None;NO
6850;99.988075;0.37416;sun;On;On;Receiver;Off;-45.557228;64.2607;0.0022944445;None;NO
6860;99.988075;0.37446;sun;On;On;Receiver;Off;-46.07237;64.84908;0.0022944445;None;NO
6870;99.988075;0.37476;sun;On;On;Receiver;Off;-46.608917;65.43597;0.0022944445;None;NO
6880;99.988075;0.37506;sun;On;On;Receiver;Off;-47.168404;66.02123;0.0022944445;None;NO
6890;99.988075;0.37536;sun;On;On;Receiver;Off;-47.752502;66.604774;0.0022944445;None;NO
6900;99.988075;0.37566;sun;On;On;Receiver;Off;-48.36304;67.18644;0.0022944445;None;NO
6910;99.988075;0.37596;sun;On;On;Receiver;Off;-49.00202;67.7661;0.0022944445;None;NO
6920;99.988075;0.37626;sun;On;On;Receiver;Off;-49.671654;68.343575;0.0022944445;None;NO
6930;99.988075;0.37656;sun;On;On;Receiver;Off;-50.374344;68.91869;0.0022944445;None;NO
6940;99.988075;0.37686;sun;On;On;Receiver;Off;-51.11276;69.491264;0.0022944445;None;NO
6950;99.988075;0.37716;sun;On;On;Receiver;Off;-51.889824;70.06106;0.0022944445;None;NO
6960;99.988075;0.37746;sun;On;On;Receiver;Off;-52.70878;70.62783;0.0022944445;None;NO
6970;99.988075;0.37776;sun;On;On;Receiver;Off;-53.57319;71.191315;0.0022944445;None;NO
6980;99.988075;0.37806;sun;On;On;Receiver;Off;-54.487007;71.7512;0.0022944445;None;NO
6990;99.988075;0.37836;sun;On;On;Receiver;Off;-55.454597;72.30714;0.0022944445;None;NO
7000;99.988075;0.37866;sun;On;On;Receiver;Off;-56.480804;72.85876;0.0022944445;None;NO
7010;99.988075;0.37896;sun;On;On;Receiver;Off;-57.570988;73.40562;0.0022944445;None;NO
7020;99.988075;0.37926;sun;On;On;Receiver;Off;-58.73109;73.947235;0.0022944445;None;NO
7030;99.988075;0.37956;sun;On;On;Receiver;Off;-59.9677;74.48306;0.0022944445;None;NO
7040;99.988075;0.37986;sun;On;On;Receiver;Off;-61.288094;75.012474;0.0022944445;None;NO
7050;99.988075;0.38016;sun;On;On;Receiver;Off;-62.700325;75.53477;0.0022944445;None;NO
7060;99.988075;0.38046;sun;On;On;Receiver;Off;-64.213264;76.04915;0.0022944445;None;NO
7070;99.988075;0.38076;sun;On;On;Receiver;Off;-65.836655;76.554695;0.0022944445;None;NO
7080;99.988075;0.38106;sun;On;On;Receiver;Off;-67.58113;77.050385;0.0022944445;None;NO
7090;99.988075;0.38136;sun;On;On;Receiver;Off;-69.45822;77.53504;0.0022944445;None;NO
7100;99.988075;0.38166;sun;On;On;Receiver;Off;-71.48028;78.00732;0.0022944445;None;NO
7110;99.988075;0.38196;sun;On;On;Receiver;Off;-73.660385;78.46569;0.0022944445;None;NO
7120;99.988075;0.38226;sun;On;On;Receiver;Off;-76.01209;78.908455;0.0022944445;None;NO
7130;99.988075;0.38256;sun;On;On;Receiver;Off;-78.54906;79.33365;0.0022944445;None;NO
7140;99.988075;0.38286;sun;On;On;Receiver;Off;-81.28448;79.73909;0.0022944445;None;NO
7150;99.988075;0.38316;sun;On;On;Receiver;Off;-84.23031;80.122345;0.0022944445;None;NO
7160;99.988075;0.38346;sun;On;On;Receiver;Off;-87.39623;80.48074;0.0022944445;None;NO
7170;99.988075;0.38376;sun;On;On;Receiver;Off;-90.78831;80.81137;0.0022944445;None;NO
7180;99.988075;0.38406;sun;On;On;Receiver;Off;-94.40745;81.11112;0.0022944445;None;NO
7190;99.988075;0.38436;sun;On;On;Receiver;Off;-98.24776;81.37678;0.0022944445;None;NO
7200;99.988075;0.38466;sun;On;On;Receiver;Off;-102.29498;81.60511;0.0022944445;None;NO
7210;99.988075;0.38496;sun;On;On;Receiver;Off;-106.52537;81.79299;0.0022944445;None;NO
7220;99.988075;0.38526;sun;On;On;Receiver;Off;-110.90534;81.9376;0.0022944445;None;NO
7230;99.988075;0.38556;sun;On;On;Receiver;Off;-115.3922;82.036575;0.0022944445;None;NO
7240;99.988075;0.38586;sun;On;On;Receiver;Off;-119.936134;82.0882;0.0022944445;None;NO
7250;99.97615;0.38616;ecl;On;On;Receiver;Off;-124.48333;82.09156;0.0022944445;None;NO
7260;99.964226;0.38646;ecl;On;On;Receiver;Off;-128.97972;82.046585;0.0022944445;None;NO
7270;99.9523;0.38676;ecl;On;On;Receiver;Off;-133.37485;81.95409;0.0022944445;None;NO
7280;99.94038;0.38706;ecl;On;On;Receiver;Off;-137.62503;81.815674;0.0022944445;None;NO
7290;99.928444;0.38736;ecl;On;On;Receiver;Off;-141.69553;81.63362;0.0022944445;None;NO
7300;99.91652;0.38766;ecl;On;On;Receiver;Off;-145.56143;81.41072;0.0022944445;None;NO
7310;99.904594;0.38796;ecl;On;On;Receiver;Off;-149.20741;81.15004;0.0022944445;None;NO
7320;99.89267;0.38826;ecl;On;On;Receiver;Off;-152.62663;80.85481;0.0022944445;None;NO
7330;99.880745;0.38856;ecl;On;On;Receiver;Off;-155.81929;80.52828;0.0022944445;None;NO
7340;99.86882;0.38886;ecl;On;On;Receiver;Off;-158.79092;80.17355;0.0022944445;None;NO
7350;99.856895;0.38916;ecl;On;On;Receiver;Off;-161.55084;79.79357;0.0022944445;None;NO
7360;99.84497;0.38946;ecl;On;On;Receiver;Off;-164.1108;79.39105;0.0022944445;None;NO
7370;99.833046;0.38976;ecl;On;On;Receiver;Off;-166.48387;78.96846;0.0022944445;None;NO
7380;99.82112;0.39006;ecl;On;On;Receiver;Off;-168.68373;78.528015;0.0022944445;None;NO
7390;99.8092;0.39036;ecl;On;On;Receiver;Off;-170.72394;78.07169;0.0022944445;None;NO
7400;99.79727;0.39066;ecl;On;On;Receiver;Off;-172.61765;77.60124;0.0022944445;None;NO
7410;99.78534;0.39096;ecl;On;On;Receiver;Off;-174.37732;77.118225;0.0022944445;None;NO
7420;99.773415;0.39126;ecl;On;On;Receiver;Off;-176.01457;76.62399;0.0022944445;None;NO
7430;99.76149;0.39156;ecl;On;On;Receiver;Off;-177.54015;76.11974;0.0022944445;None;NO
7440;99.749565;0.39186;ecl;On;On;Receiver;Off;-178.96391;75.60653;0.0022944445;None;NO
7450;99.73764;0.39216;ecl;On;On;Receiver;Off;179.70518;75.08528;0.0022944445;None;NO
7460;99.725716;0.39246;ecl;On;On;Receiver;Off;178.45898;74.55681;0.0022944445;None;NO
7470;99.71379;0.39276;ecl;On;On;Receiver;Off;177.29012;74.021835;0.0022944445;None;NO
7480;99.701866;0.39306;ecl;On;On;Receiver;Off;176.19191;73.48098;0.0022944445;None;NO
7490;99.68994;0.39336;ecl;On;On;Receiver;Off;175.15837;72.934814;0.0022944445;None;NO
7500;99.67802;0.39366;ecl;On;On;Receiver;Off;174.18405;72.383835;0.0022944445;None;NO
7510;99.66609;0.39396;ecl;On;On;Receiver;Off;173.26407;71.82847;0.0022944445;None;NO
7520;99.65417;0.39426;ecl;On;On;Receiver;Off;172.39398;71.26911;0.0022944445;None;NO
7530;99.642235;0.39456;ecl;On;On;Receiver;Off;171.5698;70.70611;0.0022944445;None;NO
7540;99.63031;0.39486;ecl;On;On;Receiver;Off;170.7879;70.13977;0.0022944445;None;NO
7550;99.618385;0.39516;ecl;On;On;Receiver;Off;170.04504;69.57038;0.0022944445;None;NO
7560;99.60646;0.39546;ecl;On;On;Receiver;Off;169.33824;68.998184;0.0022944445;None;NO
7570;99.594536;0.39576;ecl;On;On;Receiver;Off;168.6648;68.4234;0.0022944445;None;NO
7580;99.58261;0.39606;ecl;On;On;Receiver;Off;168.02228;67.84624;0.0022944445;None;NO
7590;99.57069;0.39636;ecl;On;On;Receiver;Off;167.40846;67.26688;0.0022944445;None;NO
7600;99.55876;0.39666;ecl;On;On;Receiver;Off;166.8213;66.68548;0.0022944445;None;NO
7610;99.54684;0.39696;ecl;On;On;Receiver;Off;166.25897;66.102196;0.0022944445;None;NO
7620;99.53491;0.39726;ecl;On;On;Receiver;Off;165.71977;65.51716;0.0022944445;None;NO
7630;99.52299;0.39756;ecl;On;On;Receiver;Off;165.20216;64.93049;0.0022944445;None;NO
7640;99.51106;0.39786;ecl;On;On;Receiver;Off;164.7047;64.34231;0.0022944445;None;NO
7650;99.49913;0.39816;ecl;On;On;Receiver;Off;164.2261;63.75271;0.0022944445;None;NO
7660;99.487206;0.39846;ecl;On;On;Receiver;Off;163.76518;63.161793;0.0022944445;None;NO
7670;99.47528;0.39876;ecl;On;On;Receiver;Off;163.32083;62.56964;0.0022944445;None;NO
7680;99.463356;0.39906;ecl;On;On;Receiver;Off;162.89201;61.97633;0.0022944445;None;NO
7690;99.45143;0.39936;ecl;On;On;Receiver;Off;162.47783;61.38194;0.0022944445;None;NO
7700;99.43951;0.39966;ecl;On;On;Receiver;Off;162.07738;60.78653;0.0022944445;None;NO
7710;99.42758;0.39996;ecl;On;On;Receiver;Off;161.68988;60.190163;0.0022944445;None;NO
7720;99.41566;0.40026;ecl;On;On;Receiver;Off;161.31459;59.592896;0.0022944445;None;NO
7730;99.40373;0.40056;ecl;On;On;Receiver;Off;160.95082;58.99478;0.0022944445;None;NO
7740;99.39181;0.40086;ecl;On;On;Receiver;Off;160.59793;58.39587;0.0022944445;None;NO
7750;99.37988;0.40116;ecl;On;On;Receiver;Off;160.25533;57.796207;0.0022944445;None;NO
7760;99.36796;0.40146;ecl;On;On;Receiver;Off;159.92244;57.19583;0.0022944445;None;NO
7770;99.356026;0.40176;ecl;On;On;Receiver;Off;159.59879;56.59478;0.0022944445;None;NO
7780;99.3441;0.40206;ecl;On;On;Receiver;Off;159.28386;55.99309;0.0022944445;None;NO
7790;99.33218;0.40236;ecl;On;On;Receiver;Off;158.97722;55.390804;0.0022944445;None;NO
7800;99.32025;0.40266;ecl;On;On;Receiver;Off;158.67845;54.78794;0.0022944445;None;NO
7810;99.30833;0.40296;ecl;On;On;Receiver;Off;158.38715;54.184536;0.0022944445;None;NO
7820;99.2964;0.40326;ecl;On;On;Receiver;Off;158.10295;53.580616;0.0022944445;None;NO
7830;99.28448;0.40356;ecl;On;On;Receiver;Off;157.82552;52.976204;0.0022944445;None;NO
7840;99.27255;0.40386;ecl;On;On;Receiver;Off;157.55452;52.37133;0.0022944445;None;NO
7850;99.26063;0.40416;ecl;On;On;Receiver;Off;157.28964;51.76601;0.0022944445;None;NO
7860;99.2487;0.40446;ecl;On;On;Receiver;Off;157.03061;51.16027;0.0022944445;None;NO
7870;99.23678;0.40476;ecl;On;On;Receiver;Off;156.77716;50.554127;0.0022944445;None;NO
7880;99.22485;0.40506;ecl;On;On;Receiver;Off;156.52902;49.9476;0.0022944445;None;NO
7890;99.21292;0.40536;ecl;On;On;Receiver;Off;156.28596;49.34071;0.0022944445;None;NO
7900;99.201;0.40566;ecl;On;On;Receiver;Off;156.04776;48.733467;0.0022944445;None;NO
7910;99.18907;0.40596;ecl;On;On;Receiver;Off;155.8142;48.125893;0.0022944445;None;NO
7920;99.17715;0.40626;ecl;On;On;Receiver;Off;155.58508;47.517998;0.0022944445;None;NO
7930;99.16522;0.40656;ecl;On;On;Receiver;Off;155.3602;46.9098;0.0022944445;None;NO
7940;99.1533;0.40686;ecl;On;On;Receiver;Off;155.13939;46.30131;0.0022944445;None;NO
7950;99.14137;0.40716;ecl;On;On;Receiver;Off;154.92249;45.692543;0.0022944445;None;NO
7960;99.12945;0.40746;ecl;On;On;Receiver;Off;154.7093;45.083504;0.0022944445;None;NO
7970;99.11752;0.40776;ecl;On;On;Receiver;Off;154.4997;44.474213;0.0022944445;None;NO
7980;99.1056;0.40806;ecl;On;On;Receiver;Off;154.29353;43.864674;0.0022944445;None;NO
7990;99.09367;0.40836;ecl;On;On;Receiver;Off;154.09065;43.2549;0.0022944445;None;NO
8000;99.08175;0.40866;ecl;On;On;Receiver;Off;153.89095;42.6449;0.0022944445;None;NO
8010;99.06982;0.40896;ecl;On;On;Receiver;Off;153.69426;42.034687;0.0022944445;None;NO
8020;99.05789;0.40926;ecl;On;On;Receiver;Off;153.5005;41.424263;0.0022944445;None;NO
8030;99.04597;0.40956;ecl;On;On;Receiver;Off;153.30954;40.813637;0.0022944445;None;NO
8040;99.03404;0.40986;ecl;On;On;Receiver;Off;153.12126;40.20282;0.0022944445;None;NO
8050;99.02212;0.41016;ecl;On;On;Receiver;Off;152.93558;39.59182;0.0022944445;None;NO
8060;99.01019;0.41046;ecl;On;On;Receiver;Off;152.7524;38.980644;0.0022944445;None;NO
8070;98.99827;0.41076;ecl;On;On;Receiver;Off;152.5716;38.369297;0.0022944445;None;NO
8080;98.98634;0.41106;ecl;On;On;Receiver;Off;152.3931;37.757782;0.0022944445;None;NO
8090;98.97442;0.41136;ecl;On;On;Receiver;Off;152.21681;37.146114;0.0022944445;None;NO
8100;98.962494;0.41166;ecl;On;On;Receiver;Off;152.04268;36.53429;0.0022944445;None;NO
8110;98.95057;0.41196;ecl;On;On;Receiver;Off;151.87059;35.922325;0.0022944445;None;NO
8120;98.93864;0.41226;ecl;On;On;Receiver;Off;151.70049;35.310215;0.0022944445;None;NO
8130;98.92671;0.41256;ecl;On;On;Receiver;Off;151.53227;34.69797;0.0022944445;None;NO
8140;98.91479;0.41286;ecl;On;On;Receiver;Off;151.3659;34.085598;0.0022944445;None;NO
8150;98.90286;0.41316;ecl;On;On;Receiver;Off;151.20131;33.473095;0.0022944445;None;NO
8160;98.89094;0.41346;ecl;On;On;Receiver;Off;151.03842;32.860474;0.0022944445;None;NO
8170;98.87901;0.41376;ecl;On;On;Receiver;Off;150.87717;32.247738;0.0022944445;None;NO
8180;98.86709;0.41406;ecl;On;On;Receiver;Off;150.7175;31.634888;0.0022944445;None;NO
8190;98.85516;0.41436;ecl;On;On;Receiver;Off;150.55936;31.02193;0.0022944445;None;NO
8200;98.84324;0.41466;ecl;On;On;Receiver;Off;150.40268;30.408869;0.0022944445;None;NO
8210;98.831314;0.41496;ecl;On;On;Receiver;Off;150.24742;29.795706;0.0022944445;None;NO
8220;98.81939;0.41526;ecl;On;On;Receiver;Off;150.09354;29.182446;0.0022944445;None;NO
8230;98.807465;0.41556;ecl;On;On;Receiver;Off;149.94095;28.569094;0.0022944445;None;NO
8240;98.79553;0.41586;ecl;On;On;Receiver;Off;149.78964;27.95565;0.0022944445;None;NO
8250;98.78361;0.41616;ecl;On;On;Receiver;Off;149.63956;27.342121;0.0022944445;None;NO
8260;98.77168;0.41646;ecl;On;On;Receiver;Off;149.49065;26.728508;0.0022944445;None;NO
8270;98.75976;0.41676;ecl;On;On;Receiver;Off;149.34286;26.114815;0.0022944445;None;NO
8280;98.74783;0.41706;ecl;On;On;Receiver;Off;149.19618;25.501045;0.0022944445;None;NO
8290;98.73591;0.41736;ecl;On;On;Receiver;Off;149.05055;24.8872;0.0022944445;None;NO
8300;98.72398;0.41766;ecl;On;On;Receiver;Off;148.90593;24.273283;0.0022944445;None;NO
8310;98.71206;0.41796;ecl;On;On;Receiver;Off;148.7623;23.659296;0.0022944445;None;NO
8320;98.700134;0.41826;ecl;On;On;Receiver;Off;148.61958;23.045244;0.0022944445;None;NO
8330;98.68821;0.41856;ecl;On;On;Receiver;Off;148.47778;22.431128;0.0022944445;None;NO
8340;98.676285;0.41886;ecl;On;On;Receiver;Off;148.33684;21.81695;0.0022944445;None;NO
8350;98.66436;0.41916;ecl;On;On;Receiver;Off;148.19675;21.202713;0.0022944445;None;NO
8360;98.65243;0.41946;ecl;On;On;Receiver;Off;148.05743;20.588419;0.0022944445;None;NO
8370;98.6405;0.41976;ecl;On;On;Receiver;Off;147.91891;19.974072;0.0022944445;None;NO
8380;98.62858;0.42006;ecl;On;On;Receiver;Off;147.78111;19.35967;0.0022944445;None;NO
8390;98.61665;0.42036;ecl;On;On;Receiver;Off;147.64403;18.74522;0.0022944445;None;NO
8400;98.60473;0.42066;ecl;On;On;Receiver;Off;147.50763;18.13072;0.0022944445;None;NO
8410;98.592804;0.42096;ecl;On;On;Receiver;Off;147.37187;17.516174;0.0022944445;None;NO
8420;98.58088;0.42126;ecl;On;On;Receiver;Off;147.23674;16.901585;0.0022944445;None;NO
8430;98.568954;0.42156;ecl;On;On;Receiver;Off;147.1022;16.286953;0.0022944445;None;NO
8440;98.55703;0.42186;ecl;On;On;Receiver;Off;146.96823;15.672281;0.0022944445;None;NO
8450;98.545105;0.42216;ecl;On;On;Receiver;Off;146.83481;15.05757;0.0022944445;None;NO
8460;98.53318;0.42246;ecl;On;On;Receiver;Off;146.70189;14.442823;0.0022944445;None;NO
8470;98.521255;0.42276;ecl;On;On;Receiver;Off;146.56947;13.828041;0.0022944445;None;NO
8480;98.50932;0.42306;ecl;On;On;Receiver;Off;146.43752;13.213225;0.0022944445;None;NO
8490;98.4974;0.42336;ecl;On;On;Receiver;Off;146.306;12.598378;0.0022944445;None;NO
8500;98.48547;0.42366;ecl;On;On;Receiver;Off;146.17491;11.9835005;0.0022944445;None;NO
8510;98.47355;0.42396;ecl;On;On;Receiver;Off;146.0442;11.368595;0.0022944445;None;NO
8520;98.461624;0.42426;ecl;On;On;Receiver;Off;145.91388;10.753664;0.0022944445;None;NO
8530;98.4497;0.42456;ecl;On;On;Receiver;Off;145.7839;10.138707;0.0022944445;None;NO
8540;98.437775;0.42486;ecl;On;On;Receiver;Off;145.65425;9.523726;0.0022944445;None;NO
8550;98.42585;0.42516;ecl;On;On;Receiver;Off;145.5249;8.908724;0.0022944445;None;NO
8560;98.413925;0.42546;ecl;On;On;Receiver;Off;145.39584;8.293701;0.0022944445;None;NO
8570;98.402;0.42576;ecl;On;On;Receiver;Off;145.26704;7.678659;0.0022944445;None;NO
8580;98.390076;0.42606;ecl;On;On;Receiver;Off;145.13849;7.0636;0.0022944445;None;NO
8590;98.37815;0.42636;ecl;On;On;Receiver;Off;145.01015;6.4485245;0.0022944445;None;NO
8600;98.36622;0.42666;ecl;On;On;Receiver;Off;144.882;5.8334346;0.0022944445;None;NO
8610;98.354294;0.42696;ecl;On;On;Receiver;Off;144.75404;5.218332;0.0022944445;None;NO
8620;98.34237;0.42726;ecl;On;On;Receiver;Off;144.62625;4.603217;0.0022944445;None;NO
8630;98.330444;0.42756;ecl;On;On;Receiver;Off;144.49858;3.988092;0.0022944445;None;NO
8640;98.31852;0.42786;ecl;On;On;Receiver;Off;144.37105;3.372958;0.0022944445;None;NO
8650;98.306595;0.42816;ecl;On;On;Receiver;Off;144.24359;2.7578163;0.0022944445;None;NO
8660;98.29467;0.42846;ecl;On;On;Receiver;Off;144.11623;2.1426687;0.0022944445;None;NO
8670;98.282745;0.42876;ecl;On;On;Receiver;Off;143.98892;1.5275162;0.0022944445;None;NO
8680;98.27082;0.42906;ecl;On;On;Receiver;Off;143.86165;0.9123604;0.0022944445;None;NO
8690;98.258896;0.42936;ecl;On;On;Receiver;Off;143.7344;0.29720256;0.0022944445;None;NO
8700;98.24697;0.42966;ecl;On;On;Receiver;Off;143.60715;-0.31795597;0.0022944445;None;NO
8710;98.23505;0.42996;ecl;On;On;Receiver;Off;143.47987;-0.93311375;0.0022944445;None;NO
8720;98.223114;0.43026;ecl;On;On;Receiver;Off;143.35257;-1.5482695;0.0022944445;None;NO
8730;98.21119;0.43056;ecl;On;On;Receiver;Off;143.2252;-2.1634219;0.0022944445;None;NO
8740;98.199265;0.43086;ecl;On;On;Receiver;Off;143.09775;-2.7785692;0.0022944445;None;NO
8750;98.18734;0.43116;ecl;On;On;Receiver;Off;142.9702;-3.3937106;0.0022944445;None;NO
8760;98.175415;0.43146;ecl;On;On;Receiver;Off;142.84253;-4.0088444;0.0022944445;None;NO
8770;98.16349;0.43176;ecl;On;On;Receiver;Off;142.71472;-4.623969;0.0022944445;None;NO
8780;98.151566;0.43206;ecl;On;On;Receiver;Off;142.58675;-5.2390833;0.0022944445;None;NO
8790;98.13964;0.43236;ecl;On;On;Receiver;Off;142.4586;-5.854186;0.0022944445;None;NO
8800;98.127716;0.43266;ecl;On;On;Receiver;Off;142.33026;-6.4692755;0.0022944445;None;NO
8810;98.11579;0.43296;ecl;On;On;Receiver;Off;142.20169;-7.08435;0.0022944445;None;NO
8820;98.10387;0.43326;ecl;On;On;Receiver;Off;142.07288;-7.699409;0.0022944445;None;NO
8830;98.09194;0.43356;ecl;On;On;Receiver;Off;141.9438;-8.31445;0.0022944445;None;NO
8840;98.08001;0.43386;ecl;On;On;Receiver;Off;141.81444;-8.929472;0.0022944445;None;NO
8850;98.068085;0.43416;ecl;On;On;Receiver;Off;141.68477;-9.544474;0.0022944445;None;NO
8860;98.05616;0.43446;ecl;On;On;Receiver;Off;141.55476;-10.159453;0.0022944445;None;NO
8870;98.044235;0.43476;ecl;On;On;Receiver;Off;141.42442;-10.77441;0.0022944445;None;NO
8880;98.03231;0.43506;ecl;On;On;Receiver;Off;141.2937;-11.389341;0.0022944445;None;NO
8890;98.020386;0.43536;ecl;On;On;Receiver;Off;141.16258;-12.004245;0.0022944445;None;NO
8900;98.00846;0.43566;ecl;On;On;Receiver;Off;141.03105;-12.619122;0.0022944445;None;NO
8910;97.99654;0.43596;ecl;On;On;Receiver;Off;140.89908;-13.233968;0.0022944445;None;NO
8920;97.98461;0.43626;ecl;On;On;Receiver;Off;140.76663;-13.848782;0.0022944445;None;NO
8930;97.97269;0.43656;ecl;On;On;Receiver;Off;140.63368;-14.463563;0.0022944445;None;NO
8940;97.96076;0.43686;ecl;On;On;Receiver;Off;140.50023;-15.078309;0.0022944445;None;NO
8950;97.94883;0.43716;ecl;On;On;Receiver;Off;140.36623;-15.693019;0.0022944445;None;NO
8960;97.936905;0.43746;ecl;On;On;Receiver;Off;140.23166;-16.30769;0.0022944445;None;NO
8970;97.92498;0.43776;ecl;On;On;Receiver;Off;140.0965;-16.92232;0.0022944445;None;NO
8980;97.913055;0.43806;ecl;On;On;Receiver;Off;139.96071;-17.53691;0.0022944445;None;NO
8990;97.90113;0.43836;ecl;On;On;Receiver;Off;139.82426;-18.151451;0.0022944445;None;NO
9000;97.889206;0.43866;ecl;On;On;Receiver;Off;139.68715;-18.76595;0.0022944445;None;NO
9010;97.87728;0.43896;ecl;On;On;Receiver;Off;139.54932;-19.3804;0.0022944445;None;NO
9020;97.86536;0.43926;ecl;On;On;Receiver;Off;139.41074;-19.994799;0.0022944445;None;NO
9030;97.85343;0.43956;ecl;On;On;Receiver;Off;139.2714;-20.609144;0.0022944445;None;NO
9040;97.84151;0.43986;ecl;On;On;Receiver;Off;139.13126;-21.223436;0.0022944445;None;NO
9050;97.82958;0.44016;ecl;On;On;Receiver;Off;138.99026;-21.837671;0.0022944445;None;NO
9060;97.81766;0.44046;ecl;On;On;Receiver;Off;138.84842;-22.451847;0.0022944445;None;NO
9070;97.805725;0.44076;ecl;On;On;Receiver;Off;138.70566;-23.065962;0.0022944445;None;NO
9080;97.7938;0.44106;ecl;On;On;Receiver;Off;138.56197;-23.680012;0.0022944445;None;NO
9090;97.781876;0.44136;ecl;On;On;Receiver;Off;138.4173;-24.293995;0.0022944445;None;NO
9100;97.76995;0.44166;ecl;On;On;Receiver;Off;138.2716;-24.90791;0.0022944445;None;NO
9110;97.758026;0.44196;ecl;On;On;Receiver;Off;138.12486;-25.521753;0.0022944445;None;NO
9120;97.7461;0.44226;ecl;On;On;Receiver;Off;137.97704;-26.13552;0.0022944445;None;NO
9130;97.73418;0.44256;ecl;On;On;Receiver;Off;137.82806;-26.74921;0.0022944445;None;NO
9140;97.72225;0.44286;ecl;On;On;Receiver;Off;137.67792;-27.362822;0.0022944445;None;NO
9150;97.71033;0.44316;ecl;On;On;Receiver;Off;137.52654;-27.976347;0.0022944445;None;NO
9160;97.6984;0.44346;ecl;On;On;Receiver;Off;137.37389;-28.589787;0.0022944445;None;NO
9170;97.68648;0.44376;ecl;On;On;Receiver;Off;137.21992;-29.203136;0.0022944445;None;NO
9180;97.67455;0.44406;ecl;On;On;Receiver;Off;137.06459;-29.816393;0.0022944445;None;NO
9190;97.71604;0.44436;sun;On;On;Receiver;Off;136.90785;-30.429552;0.0022944445;None;NO
9200;97.75754;0.44466;sun;On;On;Receiver;Off;136.74962;-31.04261;0.0022944445;None;NO
9210;97.79903;0.44496;sun;On;On;Receiver;Off;136.58987;-31.655565;0.0022944445;None;NO
9220;97.84052;0.44526;sun;On;On;Receiver;Off;136.42853;-32.26841;0.0022944445;None;NO
9230;97.88202;0.44556;sun;On;On;Receiver;Off;136.26555;-32.881145;0.0022944445;None;NO
9240;97.92351;0.44586;sun;On;On;Receiver;Off;136.10086;-33.493763;0.0022944445;None;NO
9250;97.965004;0.44616;sun;On;On;Receiver;Off;135.9344;-34.10626;0.0022944445;None;NO
9260;98.0065;0.44646;sun;On;On;Receiver;Off;135.7661;-34.718628;0.0022944445;None;NO
9270;98.04799;0.44676;sun;On;On;Receiver;Off;135.59589;-35.330868;0.0022944445;None;NO
9280;98.089485;0.44706;sun;On;On;Receiver;Off;135.42369;-35.94297;0.0022944445;None;NO
9290;98.130974;0.44736;sun;On;On;Receiver;Off;135.24944;-36.554935;0.0022944445;None;NO
9300;98.17247;0.44766;sun;On;On;Receiver;Off;135.07304;-37.16675;0.0022944445;None;NO
9310;98.21397;0.44796;sun;On;On;Receiver;Off;134.89442;-37.778416;0.0022944445;None;NO
9320;98.255455;0.44826;sun;On;On;Receiver;Off;134.7135;-38.389923;0.0022944445;None;NO
9330;98.29695;0.44856;sun;On;On;Receiver;Off;134.53018;-39.001266;0.0022944445;None;NO
9340;98.33845;0.44886;sun;On;On;Receiver;Off;134.34436;-39.61244;0.0022944445;None;NO
9350;98.37994;0.44916;sun;On;On;Receiver;Off;134.15596;-40.22343;0.0022944445;None;NO
9360;98.42143;0.44946;sun;On;On;Receiver;Off;133.96484;-40.83424;0.0022944445;None;NO
9370;98.46292;0.44976;sun;On;On;Receiver;Off;133.77094;-41.44486;0.0022944445;None;NO
9380;98.50442;0.45006;sun;On;On;Receiver;Off;133.5741;-42.055275;0.0022944445;None;NO
9390;98.54591;0.45036;sun;On;On;Receiver;Off;133.37422;-42.665485;0.0022944445;None;NO
9400;98.5874;0.45066;sun;On;On;Receiver;Off;133.17117;-43.27548;0.0022944445;None;NO
9410;98.6289;0.45096;sun;On;On;Receiver;Off;132.96483;-43.885242;0.0022944445;None;NO
9420;98.670395;0.45126;sun;On;On;Receiver;Off;132.75504;-44.494774;0.0022944445;None;NO
9430;98.71188;0.45156;sun;On;On;Receiver;Off;132.54166;-45.104057;0.0022944445;None;NO
9440;98.75338;0.45186;sun;On;On;Receiver;Off;132.32454;-45.713085;0.0022944445;None;NO
9450;98.79487;0.45216;sun;On;On;Receiver;Off;132.10353;-46.321846;0.0022944445;None;NO
9460;98.836365;0.45246;sun;On;On;Receiver;Off;131.87843;-46.930325;0.0022944445;None;NO
9470;98.87786;0.45276;sun;On;On;Receiver;Off;131.64908;-47.538513;0.0022944445;None;NO
9480;98.91935;0.45306;sun;On;On;Receiver;Off;131.41527;-48.146397;0.0022944445;None;NO
9490;98.960846;0.45336;sun;On;On;Receiver;Off;131.17682;-48.75396;0.0022944445;None;NO
9500;99.00234;0.45366;sun;On;On;Receiver;Off;130.9335;-49.36119;0.0022944445;None;NO
9510;99.04383;0.45396;sun;On;On;Receiver;Off;130.68509;-49.96807;0.0022944445;None;NO
9520;99.08533;0.45426;sun;On;On;Receiver;Off;130.43135;-50.57458;0.0022944445;None;NO
9530;99.126816;0.45456;sun;On;On;Receiver;Off;130.17201;-51.180714;0.0022944445;None;NO
9540;99.16831;0.45486;sun;On;On;Receiver;Off;129.90681;-51.786438;0.0022944445;None;NO
9550;99.20981;0.45516;sun;On;On;Receiver;Off;129.63548;-52.391743;0.0022944445;None;NO
9560;99.2513;0.45546;sun;On;On;Receiver;Off;129.3577;-52.996605;0.0022944445;None;NO
9570;99.29279;0.45576;sun;On;On;Receiver;Off;129.07314;-53.600998;0.0022944445;None;NO
9580;99.33429;0.45606;sun;On;On;Receiver;Off;128.78145;-54.2049;0.0022944445;None;NO
9590;99.37578;0.45636;sun;On;On;Receiver;Off;128.48227;-54.80829;0.0022944445;None;NO
9600;99.417274;0.45666;sun;On;On;Receiver;Off;128.1752;-55.411133;0.0022944445;None;NO
9610;99.45876;0.45696;sun;On;On;Receiver;Off;127.859825;-56.0134;0.0022944445;None;NO
9620;99.50026;0.45726;sun;On;On;Receiver;Off;127.53568;-56.615067;0.0022944445;None;NO
9630;99.541756;0.45756;sun;On;On;Receiver;Off;127.20231;-57.216095;0.0022944445;None;NO
9640;99.583244;0.45786;sun;On;On;Receiver;Off;126.85917;-57.81645;0.0022944445;None;NO
9650;99.62474;0.45816;sun;On;On;Receiver;Off;126.505714;-58.41609;0.0022944445;None;NO
9660;99.66624;0.45846;sun;On;On;Receiver;Off;126.14135;-59.014973;0.0022944445;None;NO
9670;99.707726;0.45876;sun;On;On;Receiver;Off;125.76543;-59.61306;0.0022944445;None;NO
9680;99.74922;0.45906;sun;On;On;Receiver;Off;125.377266;-60.210297;0.0022944445;None;NO
9690;99.79071;0.45936;sun;On;On;Receiver;Off;124.97611;-60.80663;0.0022944445;None;NO
9700;99.83221;0.45966;sun;On;On;Receiver;Off;124.561165;-61.402008;0.0022944445;None;NO
9710;99.8737;0.45996;sun;On;On;Receiver;Off;124.13155;-61.996365;0.0022944445;None;NO
9720;99.91519;0.46026;sun;On;On;Receiver;Off;123.68634;-62.589638;0.0022944445;None;NO
9730;99.95669;0.46056;sun;On;On;Receiver;Off;123.22451;-63.181747;0.0022944445;None;NO
9740;99.988075;0.46086;sun;On;On;Receiver;Off;122.74495;-63.77262;0.0022944445;None;NO
9750;99.988075;0.46116;sun;On;On;Receiver;Off;122.24646;-64.362175;0.0022944445;None;NO
9760;99.988075;0.46146;sun;On;On;Receiver;Off;121.72773;-64.95031;0.0022944445;None;NO
9770;99.988075;0.46176;sun;On;On;Receiver;Off;121.18734;-65.53692;0.0022944445;None;NO
9780;99.988075;0.46206;sun;On;On;Receiver;Off;120.62374;-66.1219;0.0022944445;None;NO
9790;99.988075;0.46236;sun;On;On;Receiver;Off;120.035225;-66.705124;0.0022944445;None;NO
9800;99.988075;0.46266;sun;On;On;Receiver;Off;119.41993;-67.28646;0.0022944445;None;NO
9810;99.988075;0.46296;sun;On;On;Receiver;Off;118.77583;-67.865746;0.0022944445;None;NO
9820;99.988075;0.46326;sun;On;On;Receiver;Off;118.100685;-68.44283;0.0022944445;None;NO
9830;99.988075;0.46356;sun;On;On;Receiver;Off;117.39204;-69.01753;0.0022944445;None;NO
9840;99.988075;0.46386;sun;On;On;Receiver;Off;116.64718;-69.58964;0.0022944445;None;NO
9850;99.988075;0.46416;sun;On;On;Receiver;Off;115.86314;-70.15893;0.0022944445;None;NO
9860;99.988075;0.46446;sun;On;On;Receiver;Off;115.03661;-70.72516;0.0022944445;None;NO
9870;99.988075;0.46476;sun;On;On;Receiver;Off;114.16399;-71.28804;0.0022944445;None;NO
9880;99.988075;0.46506;sun;On;On;Receiver;Off;113.24123;-71.84727;0.0022944445;None;NO
9890;99.988075;0.46536;sun;On;On;Receiver;Off;112.26389;-72.4025;0.0022944445;None;NO
9900;99.988075;0.46566;sun;On;On;Receiver;Off;111.227066;-72.95332;0.0022944445;None;NO
9910;99.988075;0.46596;sun;On;On;Receiver;Off;110.125275;-73.49932;0.0022944445;None;NO
9920;99.988075;0.46626;sun;On;On;Receiver;Off;108.95248;-74.03998;0.0022944445;None;NO
9930;99.988075;0.46656;sun;On;On;Receiver;Off;107.70197;-74.574745;0.0022944445;None;NO
9940;99.988075;0.46686;sun;On;On;Receiver;Off;106.366356;-75.10299;0.0022944445;None;NO
9950;99.988075;0.46716;sun;On;On;Receiver;Off;104.93742;-75.62398;0.0022944445;None;NO
9960;99.988075;0.46746;sun;On;On;Receiver;Off;103.40617;-76.1369;0.0022944445;None;NO
9970;99.988075;0.46776;sun;On;On;Receiver;Off;101.7627;-76.64083;0.0022944445;None;NO
9980;99.988075;0.46806;sun;On;On;Receiver;Off;99.99623;-77.13471;0.0022944445;None;NO
9990;99.988075;0.46836;sun;On;On;Receiver;Off;98.09507;-77.61733;0.0022944445;None;NO
10000;99.988075;0.46866;sun;On;On;Receiver;Off;96.04673;-78.087326;0.0022944445;None;NO
10010;99.988075;0.46896;sun;On;On;Receiver;Off;93.83803;-78.543144;0.0022944445;None;NO
10020;99.988075;0.46926;sun;On;On;Receiver;Off;91.455376;-78.98302;0.0022944445;None;NO
10030;99.988075;0.46956;sun;On;On;Receiver;Off;88.88514;-79.40497;0.0022944445;None;NO
10040;99.988075;0.46986;sun;On;On;Receiver;Off;86.11427;-79.80677;0.0022944445;None;NO
10050;99.988075;0.47016;sun;On;On;Receiver;Off;83.13113;-80.18594;0.0022944445;None;NO
10060;99.988075;0.47046;sun;On;On;Receiver;Off;79.926544;-80.53977;0.0022944445;None;NO
10070;99.988075;0.47076;sun;On;On;Receiver;Off;76.49525;-80.8653;0.0022944445;None;NO
10080;99.988075;0.47106;sun;On;On;Receiver;Off;72.837364;-81.15942;0.0022944445;None;NO
10090;99.988075;0.47136;sun;On;On;Receiver;Off;68.960144;-81.41887;0.0022944445;None;NO
10100;99.988075;0.47166;sun;On;On;Receiver;Off;64.879395;-81.64045;0.0022944445;None;NO
10110;99.988075;0.47196;sun;On;On;Receiver;Off;60.620567;-81.82107;0.0022944445;None;NO
10120;99.988075;0.47226;sun;On;On;Receiver;Off;56.218906;-81.95796;0.0022944445;None;NO
10130;99.988075;0.47256;sun;On;On;Receiver;Off;51.718506;-82.04888;0.0022944445;None;NO
10140;99.988075;0.47286;sun;On;On;Receiver;Off;47.170113;-82.09224;0.0022944445;None;NO
10150;99.988075;0.47316;sun;On;On;Receiver;Off;42.62787;-82.08725;0.0022944445;None;NO
10160;99.988075;0.47346;sun;On;On;Receiver;Off;38.14548;-82.034004;0.0022944445;None;NO
10170;99.988075;0.47376;sun;On;On;Receiver;Off;33.772446;-81.93346;0.0022944445;None;NO
10180;99.988075;0.47406;sun;On;On;Receiver;Off;29.551012;-81.787346;0.0022944445;None;NO
10190;99.988075;0.47436;sun;On;On;Receiver;Off;25.514256;-81.59805;0.0022944445;None;NO
10200;99.988075;0.47466;sun;On;On;Receiver;Off;21.6854;-81.36841;0.0022944445;None;NO
10210;99.988075;0.47496;sun;On;On;Receiver;Off;18.078222;-81.10155;0.0022944445;None;NO
10220;99.988075;0.47526;sun;On;On;Receiver;Off;14.698217;-80.8007;0.0022944445;None;NO
10230;99.988075;0.47556;sun;On;On;Receiver;Off;11.544158;-80.46909;0.0022944445;None;NO
10240;99.988075;0.47586;sun;On;On;Receiver;Off;8.609753;-80.10981;0.0022944445;None;NO
10250;99.988075;0.47616;sun;On;On;Receiver;Off;5.8851757;-79.72575;0.0022944445;None;NO
10260;99.988075;0.47646;sun;On;On;Receiver;Off;3.3583777;-79.31961;0.0022944445;None;NO
10270;99.988075;0.47676;sun;On;On;Receiver;Off;1.0161153;-78.89379;0.0022944445;None;NO
10280;99.988075;0.47706;sun;On;On;Receiver;Off;-1.1552731;-78.45048;0.0022944445;None;NO
10290;99.988075;0.47736;sun;On;On;Receiver;Off;-3.1693213;-77.9916;0.0022944445;None;NO
10300;99.988075;0.47766;sun;On;On;Receiver;Off;-5.0390697;-77.51888;0.0022944445;None;NO
10310;99.988075;0.47796;sun;On;On;Receiver;Off;-6.7768397;-77.03384;0.0022944445;None;NO
10320;99.988075;0.47826;sun;On;On;Receiver;Off;-8.394113;-76.537796;0.0022944445;None;NO
10330;99.988075;0.47856;sun;On;On;Receiver;Off;-9.901475;-76.03193;0.0022944445;None;NO
10340;99.988075;0.47886;sun;On;On;Receiver;Off;-11.308621;-75.51727;0.0022944445;None;NO
10350;99.988075;0.47916;sun;On;On;Receiver;Off;-12.624377;-74.99472;0.0022944445;None;NO
10360;99.988075;0.47946;sun;On;On;Receiver;Off;-13.85675;-74.46508;0.0022944445;None;NO
10370;99.988075;0.47976;sun;On;On;Receiver;Off;-15.012986;-73.929054;0.0022944445;None;NO
10380;99.988075;0.48006;sun;On;On;Receiver;Off;-16.099634;-73.387245;0.0022944445;None;NO
10390;99.988075;0.48036;sun;On;On;Receiver;Off;-17.1226;-72.84022;0.0022944445;None;NO
10400;99.988075;0.48066;sun;On;On;Receiver;Off;-18.087223;-72.28845;0.0022944445;None;NO
10410;99.988075;0.48096;sun;On;On;Receiver;Off;-18.998312;-71.73237;0.0022944445;None;NO
10420;99.988075;0.48126;sun;On;On;Receiver;Off;-19.860216;-71.17236;0.0022944445;None;NO
10430;99.988075;0.48156;sun;On;On;Receiver;Off;-20.676863;-70.608765;0.0022944445;None;NO
10440;99.988075;0.48186;sun;On;On;Receiver;Off;-21.451801;-70.041885;0.0022944445;None;NO
10450;99.988075;0.48216;sun;On;On;Receiver;Off;-22.18825;-69.47199;0.0022944445;None;NO
10460;99.988075;0.48246;sun;On;On;Receiver;Off;-22.889122;-68.89934;0.0022944445;None;NO
10470;99.988075;0.48276;sun;On;On;Receiver;Off;-23.557068;-68.32413;0.0022944445;None;NO
10480;99.988075;0.48306;sun;On;On;Receiver;Off;-24.194489;-67.746574;0.0022944445;None;NO
10490;99.988075;0.48336;sun;On;On;Receiver;Off;-24.803576;-67.16685;0.0022944445;None;NO
10500;99.988075;0.48366;sun;On;On;Receiver;Off;-25.386322;-66.58511;0.0022944445;None;NO
10510;99.988075;0.48396;sun;On;On;Receiver;Off;-25.944551;-66.00152;0.0022944445;None;NO
10520;99.988075;0.48426;sun;On;On;Receiver;Off;-26.479929;-65.41619;0.0022944445;None;NO
10530;99.988075;0.48456;sun;On;On;Receiver;Off;-26.993975;-64.829254;0.0022944445;None;NO
10540;99.988075;0.48486;sun;On;On;Receiver;Off;-27.48809;-64.24082;0.0022944445;None;NO
10550;99.988075;0.48516;sun;On;On;Receiver;Off;-27.963554;-63.650993;0.0022944445;None;NO
10560;99.988075;0.48546;sun;On;On;Receiver;Off;-28.42155;-63.059856;0.0022944445;None;NO
10570;99.988075;0.48576;sun;On;On;Receiver;Off;-28.86316;-62.4675;0.0022944445;None;NO
10580;99.988075;0.48606;sun;On;On;Receiver;Off;-29.289385;-61.873997;0.0022944445;None;NO
10590;99.988075;0.48636;sun;On;On;Receiver;Off;-29.70115;-61.279427;0.0022944445;None;NO
10600;99.988075;0.48666;sun;On;On;Receiver;Off;-30.09931;-60.683846;0.0022944445;None;NO
10610;99.988075;0.48696;sun;On;On;Receiver;Off;-30.484652;-60.087322;0.0022944445;None;NO
10620;99.988075;0.48726;sun;On;On;Receiver;Off;-30.85791;-59.489906;0.0022944445;None;NO
10630;99.988075;0.48756;sun;On;On;Receiver;Off;-31.219763;-58.89165;0.0022944445;None;NO
10640;99.988075;0.48786;sun;On;On;Receiver;Off;-31.570843;-58.292606;0.0022944445;None;NO
10650;99.988075;0.48816;sun;On;On;Receiver;Off;-31.911736;-57.692818;0.0022944445;None;NO
10660;99.988075;0.48846;sun;On;On;Receiver;Off;-32.24299;-57.092323;0.0022944445;None;NO
10670;99.988075;0.48876;sun;On;On;Receiver;Off;-32.56511;-56.49116;0.0022944445;None;NO
10680;99.988075;0.48906;sun;On;On;Receiver;Off;-32.878574;-55.889366;0.0022944445;None;NO
10690;99.988075;0.48936;sun;On;On;Receiver;Off;-33.18383;-55.286976;0.0022944445;None;NO
10700;99.988075;0.48966;sun;On;On;Receiver;Off;-33.48129;-54.684017;0.0022944445;None;NO
10710;99.988075;0.48996;sun;On;On;Receiver;Off;-33.77134;-54.08052;0.0022944445;None;NO
10720;99.988075;0.49026;sun;On;On;Receiver;Off;-34.054344;-53.476517;0.0022944445;None;NO
10730;99.988075;0.49056;sun;On;On;Receiver;Off;-34.33065;-52.872025;0.0022944445;None;NO
10740;99.988075;0.49086;sun;On;On;Receiver;Off;-34.60058;-52.26707;0.0022944445;None;NO
10750;99.988075;0.49116;sun;On;On;Receiver;Off;-34.86442;-51.66168;0.0022944445;None;NO
10760;99.988075;0.49146;sun;On;On;Receiver;Off;-35.12247;-51.055866;0.0022944445;None;NO
10770;99.988075;0.49176;sun;On;On;Receiver;Off;-35.374992;-50.449657;0.0022944445;None;NO
10780;99.988075;0.49206;sun;On;On;Receiver;Off;-35.62224;-49.843067;0.0022944445;None;NO
10790;99.988075;0.49236;sun;On;On;Receiver;Off;-35.86444;-49.23611;0.0022944445;None;NO
10800;99.988075;0.49266;sun;On;On;Receiver;Off;-36.10183;-48.62881;0.0022944445;None;NO
10810;99.988075;0.49296;sun;On;On;Receiver;Off;-36.33461;-48.021183;0.0022944445;None;NO
10820;99.988075;0.49326;sun;On;On;Receiver;Off;-36.56299;-47.413235;0.0022944445;None;NO
10830;99.988075;0.49356;sun;On;On;Receiver;Off;-36.78715;-46.804985;0.0022944445;None;NO
10840;99.988075;0.49386;sun;On;On;Receiver;Off;-37.007275;-46.196445;0.0022944445;None;NO
10850;99.988075;0.49416;sun;On;On;Receiver;Off;-37.223534;-45.58763;0.0022944445;None;NO
10860;99.988075;0.49446;sun;On;On;Receiver;Off;-37.43609;-44.97855;0.0022944445;None;NO
10870;99.988075;0.49476;sun;On;On;Receiver;Off;-37.64509;-44.369213;0.0022944445;None;NO
10880;99.988075;0.49506;sun;On;On;Receiver;Off;-37.85068;-43.759632;0.0022944445;None;NO
10890;99.988075;0.49536;sun;On;On;Receiver;Off;-38.053;-43.149822;0.0022944445;None;NO
10900;99.988075;0.49566;sun;On;On;Receiver;Off;-38.252186;-42.539783;0.0022944445;None;NO
10910;99.988075;0.49596;sun;On;On;Receiver;Off;-38.448353;-41.92953;0.0022944445;None;NO
10920;99.988075;0.49626;sun;On;On;Receiver;Off;-38.64163;-41.319073;0.0022944445;None;NO
10930;99.988075;0.49656;sun;On;On;Receiver;Off;-38.83212;-40.708412;0.0022944445;None;NO
10940;99.988075;0.49686;sun;On;On;Receiver;Off;-39.019936;-40.097565;0.0022944445;None;NO
10950;99.988075;0.49716;sun;On;On;Receiver;Off;-39.20518;-39.486534;0.0022944445;PCD5;NO
10960;99.966415;0.50258;sun;On;On;Receiver;Auto;-39.387955;-38.875328;0.006461111;PCD5;NO
10970;99.966415;0.51312;sun;On;On;Receiver;Auto;-39.56835;-38.26395;0.006461111;PCD2,PCD5;NO
10980;99.966415;0.52366;sun;On;On;Receiver;Auto;-39.746456;-37.65241;0.006461111;PCD2,PCD5;NO
10990;99.966415;0.5342;sun;On;On;Receiver;Auto;-39.92236;-37.040714;0.006461111;PCD2,PCD5;NO
11000;99.966415;0.54474;sun;On;On;Receiver;Auto;-40.09614;-36.428867;0.006461111;PCD2,PCD5;NO
11010;99.966415;0.55528;sun;On;On;Receiver;Auto;-40.267883;-35.81687;0.006461111;PCD2,PCD5;NO
11020;99.966415;0.56582;sun;On;On;Receiver;Auto;-40.43766;-35.204742;0.006461111;PCD2,PCD5;NO
11030;99.966415;0.57636;sun;On;On;Receiver;Auto;-40.60554;-34.592476;0.006461111;PCD2,PCD5;NO
11040;99.966415;0.5869;sun;On;On;Receiver;Auto;-40.7716;-33.98008;0.006461111;PCD2,PCD5;NO
11050;99.966415;0.59744;sun;On;On;Receiver;Auto;-40.935898;-33.367558;0.006461111;PCD2,PCD5;NO
11060;99.966415;0.60798;sun;On;On;Receiver;Auto;-41.098503;-32.754917;0.006461111;PCD2,PCD5;NO
11070;99.966415;0.61852;sun;On;On;Receiver;Auto;-41.25948;-32.14216;0.006461111;PCD2,PCD5;NO
11080;99.966415;0.63418;sun;On;On;Receiver;Auto;-41.41888;-31.52929;0.006461111;PCD1,PCD2,PCD5;YES
11090;99.966415;0.64984;sun;On;On;Receiver;Auto;-41.576767;-30.916313;0.006461111;PCD1,PCD2,PCD5;YES
11100;99.966415;0.6655;sun;On;On;Receiver;Auto;-41.733192;-30.303234;0.006461111;PCD1,PCD2,PCD5;YES
11110;99.966415;0.68116;sun;On;On;Receiver;Auto;-41.88821;-29.690054;0.006461111;PCD1,PCD2,PCD5;YES
11120;99.966415;0.69682;sun;On;On;Receiver;Auto;-42.041874;-29.076778;0.006461111;PCD1,PCD2,PCD5;YES
11130;99.966415;0.71248;sun;On;On;Receiver;Auto;-42.19423;-28.46341;0.006461111;PCD1,PCD2,PCD5;YES
11140;99.966415;0.72814;sun;On;On;Receiver;Auto;-42.345325;-27.84995;0.006461111;PCD1,PCD2,PCD5;YES
11150;99.966415;0.7438;sun;On;On;Receiver;Auto;-42.495205;-27.236408;0.006461111;PCD1,PCD2,PCD5;YES
11160;99.966415;0.75946;sun;On;On;Receiver;Auto;-42.643917;-26.622782;0.006461111;PCD1,PCD2,PCD5;YES
11170;99.966415;0.77512;sun;On;On;Receiver;Auto;-42.791504;-26.009075;0.006461111;PCD1,PCD2,PCD5;YES
11180;99.966415;0.79078;sun;On;On;Receiver;Auto;-42.938004;-25.39529;0.006461111;PCD1,PCD2,PCD5;YES
11190;99.966415;0.80644;sun;On;On;Receiver;Auto;-43.083458;-24.781433;0.006461111;PCD1,PCD2,PCD5;YES
11200;99.966415;0.8221;sun;On;On;Receiver;Auto;-43.227905;-24.167503;0.006461111;PCD1,PCD2,PCD5;YES
11210;99.966415;0.83776;sun;On;On;Receiver;Auto;-43.371387;-23.553507;0.006461111;PCD1,PCD2,PCD5;YES
11220;99.966415;0.85342;sun;On;On;Receiver;Auto;-43.513935;-22.939444;0.006461111;PCD1,PCD2,PCD5;YES
11230;99.966415;0.86908;sun;On;On;Receiver;Auto;-43.655586;-22.325315;0.006461111;PCD1,PCD2,PCD5;YES
11240;99.966415;0.88474;sun;On;On;Receiver;Auto;-43.79638;-21.711128;0.006461111;PCD1,PCD2,PCD5;YES
11250;99.966415;0.9004;sun;On;On;Receiver;Auto;-43.93634;-21.09688;0.006461111;PCD1,PCD2,PCD5;YES
11260;99.966415;0.92118;sun;On;On;Receiver;Auto;-44.075504;-20.482578;0.006461111;PCD1,PCD2,PCD4,PCD5;YES
11270;99.966415;0.94196;sun;On;On;Receiver;Auto;-44.21391;-19.86822;0.006461111;PCD1,PCD2,PCD4,PCD5;YES
11280;99.966415;0.96274;sun;On;On;Receiver;Auto;-44.351578;-19.25381;0.006461111;PCD1,PCD2,PCD4,PCD5;YES
11290;99.966415;0.98352;sun;On;On;Receiver;Auto;-44.48854;-18.63935;0.006461111;PCD1,PCD2,PCD4,PCD5;YES
11300;99.966415;1.0043;sun;On;On;Receiver;Auto;-44.624832;-18.024843;0.006461111;PCD1,PCD2,PCD4,PCD5;YES
11310;99.966415;1.02508;sun;On;On;Receiver;Auto;-44.76048;-17.41029;0.006461111;PCD1,PCD2,PCD4,PCD5;YES
11320;99.966415;1.04586;sun;On;On;Receiver;Auto;-44.895508;-16.795694;0.006461111;PCD1,PCD2,PCD4,PCD5;YES
11330;99.966415;1.06664;sun;On;On;Receiver;Auto;-45.029945;-16.181055;0.006461111;PCD1,PCD2,PCD4,PCD5;YES
11340;99.966415;1.08742;sun;On;On;Receiver;Auto;-45.163822;-15.566376;0.006461111;PCD1,PCD2,PCD4,PCD5;YES
11350;99.966415;1.1082;sun;On;On;Receiver;Auto;-45.29716;-14.951658;0.006461111;PCD1,PCD2,PCD4,PCD5;YES
11360;99.966415;1.12898;sun;On;On;Receiver;Auto;-45.429985;-14.3369055;0.006461111;PCD1,PCD2,PCD4,PCD5;YES
11370;99.966415;1.14976;sun;On;On;Receiver;Auto;-45.562325;-13.722116;0.006461111;PCD1,PCD2,PCD4,PCD5;YES
11380;99.966415;1.17054;sun;On;On;Receiver;Auto;-45.694202;-13.107296;0.006461111;PCD1,PCD2,PCD4,PCD5;YES
11390;99.966415;1.19132;sun;On;On;Receiver;Auto;-45.82564;-12.492443;0.006461111;PCD1,PCD2,PCD4,PCD5;YES
11400;99.966415;1.2121;sun;On;On;Receiver;Auto;-45.95667;-11.877562;0.006461111;PCD1,PCD2,PCD4,PCD5;YES
11410;99.966415;1.23288;sun;On;On;Receiver;Auto;-46.0873;-11.262651;0.006461111;PCD1,PCD2,PCD4,PCD5;YES
11420;99.966415;1.25366;sun;On;On;Receiver;Auto;-46.217567;-10.647715;0.006461111;PCD1,PCD2,PCD4,PCD5;YES
11430;99.966415;1.27444;sun;On;On;Receiver;Auto;-46.34749;-10.032754;0.006461111;PCD1,PCD2,PCD4,PCD5;YES
11440;99.966415;1.2901;sun;On;On;Receiver;Auto;-46.477085;-9.417769;0.006461111;PCD1,PCD4,PCD5;YES
11450;99.966415;1.30576;sun;On;On;Receiver;Auto;-46.606377;-8.802763;0.006461111;PCD1,PCD4,PCD5;YES
11460;99.966415;1.32142;sun;On;On;Receiver;Auto;-46.735394;-8.187737;0.006461111;PCD1,PCD4,PCD5;YES
11470;99.966415;1.33708;sun;On;On;Receiver;Auto;-46.86415;-7.572692;0.006461111;PCD1,PCD4,PCD5;YES
11480;99.966415;1.35274;sun;On;On;Receiver;Auto;-46.99267;-6.95763;0.006461111;PCD1,PCD4,PCD5;YES
11490;99.966415;1.37352;sun;On;On;Receiver;Auto;-47.12097;-6.342552;0.006461111;PCD1,PCD3,PCD4,PCD5;YES
11500;99.966415;1.3943;sun;On;On;Receiver;Auto;-47.249077;-5.72746;0.006461111;PCD1,PCD3,PCD4,PCD5;YES
11510;99.966415;1.41508;sun;On;On;Receiver;Auto;-47.377007;-5.1123548;0.006461111;PCD1,PCD3,PCD4,PCD5;YES
11520;99.966415;1.43074;sun;On;On;Receiver;Auto;-47.504784;-4.497238;0.006461111;PCD1,PCD3,PCD4;YES
11530;99.966415;1.4464;sun;On;On;Receiver;Auto;-47.632423;-3.8821113;0.006461111;PCD1,PCD3,PCD4;YES
11540;99.966415;1.46206;sun;On;On;Receiver;Auto;-47.75995;-3.2669759;0.006461111;PCD1,PCD3,PCD4;YES
11550;99.966415;1.47772;sun;On;On;Receiver;Auto;-47.88738;-2.6518333;0.006461111;PCD1,PCD3,PCD4;YES
11560;99.966415;1.49338;sun;On;On;Receiver;Auto;-48.014736;-2.0366848;0.006461111;PCD1,PCD3,PCD4;YES
11570;99.966415;1.50904;sun;On;On;Receiver;Auto;-48.142036;-1.4215316;0.006461111;PCD1,PCD3,PCD4;YES
11580;99.966415;1.5247;sun;On;On;Receiver;Auto;-48.2693;-0.8063753;0.006461111;PCD1,PCD3,PCD4;YES
11590;99.966415;1.54036;sun;On;On;Receiver;Auto;-48.39655;-0.19121724;0.006461111;PCD1,PCD3,PCD4;YES
11600;99.966415;1.55602;sun;On;On;Receiver;Auto;-48.5238;0.42394125;0.006461111;PCD1,PCD3,PCD4;YES
11610;99.966415;1.57168;sun;On;On;Receiver;Auto;-48.651077;1.0390989;0.006461111;PCD1,PCD3,PCD4;YES
11620;99.966415;1.58734;sun;On;On;Receiver;Auto;-48.778397;1.6542541;0.006461111;PCD1,PCD3,PCD4;YES
11630;99.966415;1.603;sun;On;On;Receiver;Auto;-48.90578;2.2694056;0.006461111;PCD1,PCD3,PCD4;YES
11640;99.966415;1.61866;sun;On;On;Receiver;Auto;-49.033245;2.884552;0.006461111;PCD1,PCD3,PCD4;YES
11650;99.966415;1.6292;sun;On;On;Receiver;Auto;-49.160816;3.4996922;0.006461111;PCD3,PCD4;YES
11660;99.966415;1.63974;sun;On;On;Receiver;Auto;-49.288506;4.1148243;0.006461111;PCD3,PCD4;YES
11670;99.966415;1.65028;sun;On;On;Receiver;Auto;-49.416344;4.7299476;0.006461111;PCD3,PCD4;YES
11680;99.966415;1.66082;sun;On;On;Receiver;Auto;-49.54434;5.34506;0.006461111;PCD3,PCD4;YES
11690;99.966415;1.67136;sun;On;On;Receiver;Auto;-49.67252;5.9601603;0.006461111;PCD3,PCD4;NO
11700;99.966415;1.6819;sun;On;On;Receiver;Auto;-49.800907;6.5752473;0.006461111;PCD3,PCD4;NO
11710;99.966415;1.69244;sun;On;On;Receiver;Auto;-49.929516;7.1903195;0.006461111;PCD3,PCD4;NO
11720;99.966415;1.70298;sun;On;On;Receiver;Auto;-50.058372;7.805375;0.006461111;PCD3,PCD4;NO
11730;99.966415;1.71352;sun;On;On;Receiver;Auto;-50.187496;8.420413;0.006461111;PCD3,PCD4;NO
11740;99.966415;1.72406;sun;On;On;Receiver;Auto;-50.31691;9.035432;0.006461111;PCD3,PCD4;NO
11750;99.966415;1.7346;sun;On;On;Receiver;Auto;-50.446632;9.65043;0.006461111;PCD3,PCD4;NO
11760;99.966415;1.74002;sun;On;On;Receiver;Auto;-50.576687;10.265406;0.006461111;PCD3;NO
11770;99.966415;1.74544;sun;On;On;Receiver;Auto;-50.707096;10.880358;0.006461111;PCD3;NO
11780;99.966415;1.75086;sun;On;On;Receiver;Auto;-50.837883;11.495284;0.006461111;PCD3;NO
11790;99.966415;1.75628;sun;On;On;Receiver;Auto;-50.96907;12.110184;0.006461111;PCD3;NO
11800;99.966415;1.7617;sun;On;On;Receiver;Auto;-51.10068;12.725055;0.006461111;PCD3;NO
11810;99.966415;1.76712;sun;On;On;Receiver;Auto;-51.23274;13.339896;0.006461111;PCD3;NO
11820;99.966415;1.77254;sun;On;On;Receiver;Auto;-51.36527;13.954704;0.006461111;PCD3;NO
11830;99.966415;1.77796;sun;On;On;Receiver;Auto;-51.498295;14.56948;0.006461111;PCD3;NO
11840;99.966415;1.78338;sun;On;On;Receiver;Auto;-51.631844;15.18422;0.006461111;PCD3;NO
11850;99.966415;1.7888;sun;On;On;Receiver;Auto;-51.76594;15.798923;0.006461111;PCD3;NO
11860;99.966415;1.79422;sun;On;On;Receiver;Auto;-51.90061;16.413588;0.006461111;PCD3;NO
11870;99.966415;1.79964;sun;On;On;Receiver;Auto;-52.03588;17.02821;0.006461111;PCD3;NO
11880;99.966415;1.80506;sun;On;On;Receiver;Auto;-52.17178;17.642792;0.006461111;PCD3;NO
11890;99.966415;1.81048;sun;On;On;Receiver;Auto;-52.30834;18.257326;0.006461111;PCD3;NO
11900;99.966415;1.8159;sun;On;On;Receiver;Auto;-52.44558;18.871817;0.006461111;PCD3;NO
11910;99.966415;1.82132;sun;On;On;Receiver;Auto;-52.583534;19.486258;0.006461111;PCD3;NO
11920;99.966415;1.82674;sun;On;On;Receiver;Auto;-52.722237;20.100647;0.006461111;PCD3;NO
11930;99.966415;1.83216;sun;On;On;Receiver;Auto;-52.861717;20.714985;0.006461111;PCD3;NO
11940;99.966415;1.83758;sun;On;On;Receiver;Auto;-53.002003;21.329268;0.006461111;PCD3;NO
11950;99.966415;1.843;sun;On;On;Receiver;Auto;-53.14313;21.943491;0.006461111;PCD3;NO
11960;99.966415;1.8433;sun;On;On;Receiver;Auto;-53.285137;22.557657;0.006461111;None;NO
11970;99.988075;1.8436;sun;On;On;Receiver;Off;-53.42805;23.17176;0.0022944445;None;NO
11980;99.988075;1.8439;sun;On;On;Receiver;Off;-53.57191;23.785799;0.0022944445;None;NO
11990;99.988075;1.8442;sun;On;On;Receiver;Off;-53.716755;24.39977;0.0022944445;None;NO
12000;99.988075;1.8445;sun;On;On;Receiver;Off;-53.86262;25.013674;0.0022944445;None;NO
12010;99.988075;1.8448;sun;On;On;Receiver;Off;-54.00955;25.627504;0.0022944445;None;NO
12020;99.988075;1.8451;sun;On;On;Receiver;Off;-54.157578;26.241259;0.0022944445;None;NO
12030;99.988075;1.8454;sun;On;On;Receiver;Off;-54.306747;26.854935;0.0022944445;None;NO
12040;99.988075;1.8457;sun;On;On;Receiver;Off;-54.457108;27.46853;0.0022944445;None;NO
12050;99.988075;1.846;sun;On;On;Receiver;Off;-54.608696;28.082043;0.0022944445;None;NO
12060;99.988075;1.8463;sun;On;On;Receiver;Off;-54.761566;28.695467;0.0022944445;None;NO
12070;99.988075;1.8466;sun;On;On;Receiver;Off;-54.91576;29.308802;0.0022944445;None;NO
12080;99.988075;1.8469;sun;On;On;Receiver;Off;-55.071335;29.92204;0.0022944445;None;NO
12090;99.988075;1.8472;sun;On;On;Receiver;Off;-55.228336;30.535183;0.0022944445;None;NO
12100;99.988075;1.8475;sun;On;On;Receiver;Off;-55.386818;31.148224;0.0022944445;None;NO
12110;99.988075;1.8478;sun;On;On;Receiver;Off;-55.546837;31.76116;0.0022944445;None;NO
12120;99.988075;1.8481;sun;On;On;Receiver;Off;-55.708454;32.37399;0.0022944445;None;NO
12130;99.988075;1.8484;sun;On;On;Receiver;Off;-55.871727;32.986702;0.0022944445;None;NO
12140;99.988075;1.8487;sun;On;On;Receiver;Off;-56.036716;33.599297;0.0022944445;None;NO
12150;99.988075;1.849;sun;On;On;Receiver;Off;-56.20349;34.211773;0.0022944445;None;NO
12160;99.988075;1.8493;sun;On;On;Receiver;Off;-56.372116;34.82412;0.0022944445;None;NO
12170;99.988075;1.8496;sun;On;On;Receiver;Off;-56.542664;35.436337;0.0022944445;None;NO
12180;99.988075;1.8499;sun;On;On;Receiver;Off;-56.71521;36.048416;0.0022944445;None;NO
12190;99.988075;1.8502;sun;On;On;Receiver;Off;-56.889824;36.660355;0.0022944445;None;NO
12200;99.988075;1.8505;sun;On;On;Receiver;Off;-57.066593;37.272144;0.0022944445;None;NO
12210;99.988075;1.8508;sun;On;On;Receiver;Off;-57.2456;37.883785;0.0022944445;None;NO
12220;99.988075;1.8511;sun;On;On;Receiver;Off;-57.42693;38.495262;0.0022944445;None;NO
12230;99.988075;1.8514;sun;On;On;Receiver;Off;-57.610676;39.106575;0.0022944445;None;NO
12240;99.988075;1.8517;sun;On;On;Receiver;Off;-57.796932;39.717716;0.0022944445;None;NO
12250;99.988075;1.852;sun;On;On;Receiver;Off;-57.985798;40.328682;0.0022944445;None;NO
12260;99.988075;1.8523;sun;On;On;Receiver;Off;-58.177383;40.939457;0.0022944445;None;NO
12270;99.988075;1.8526;sun;On;On;Receiver;Off;-58.371796;41.55004;0.0022944445;None;NO
12280;99.988075;1.8529;sun;On;On;Receiver;Off;-58.569145;42.160423;0.0022944445;None;NO
12290;99.988075;1.8532;sun;On;On;Receiver;Off;-58.76956;42.770596;0.0022944445;None;NO
12300;99.988075;1.8535;sun;On;On;Receiver;Off;-58.973167;43.38055;0.0022944445;None;NO
12310;99.988075;1.8538;sun;On;On;Receiver;Off;-59.1801;43.990276;0.0022944445;None;NO
12320;99.988075;1.8541;sun;On;On;Receiver;Off;-59.390495;44.599762;0.0022944445;None;NO
12330;99.988075;1.8544;sun;On;On;Receiver;Off;-59.6045;45.209003;0.0022944445;None;NO
12340;99.988075;1.8547;sun;On;On;Receiver;Off;-59.822277;45.817986;0.0022944445;None;NO
12350;99.988075;1.855;sun;On;On;Receiver;Off;-60.043987;46.4267;0.0022944445;None;NO
12360;99.988075;1.8553;sun;On;On;Receiver;Off;-60.269806;47.03513;0.0022944445;None;NO
12370;99.988075;1.8556;sun;On;On;Receiver;Off;-60.49991;47.64327;0.0022944445;None;NO
12380;99.988075;1.8559;sun;On;On;Receiver;Off;-60.734497;48.251095;0.0022944445;None;NO
12390;99.988075;1.8562;sun;On;On;Receiver;Off;-60.973774;48.858604;0.0022944445;None;NO
12400;99.988075;1.8565;sun;On;On;Receiver;Off;-61.217957;49.465775;0.0022944445;None;NO
12410;99.988075;1.8568;sun;On;On;Receiver;Off;-61.46727;50.07259;0.0022944445;None;NO
12420;99.988075;1.8571;sun;On;On;Receiver;Off;-61.72196;50.67904;0.0022944445;None;NO
12430;99.988075;1.8574;sun;On;On;Receiver;Off;-61.982277;51.285103;0.0022944445;None;NO
12440;99.988075;1.8577;sun;On;On;Receiver;Off;-62.24851;51.89076;0.0022944445;None;NO
12450;99.988075;1.858;sun;On;On;Receiver;Off;-62.52093;52.495987;0.0022944445;None;NO
12460;99.988075;1.8583;sun;On;On;Receiver;Off;-62.799862;53.10077;0.0022944445;None;NO
12470;99.988075;1.8586;sun;On;On;Receiver;Off;-63.08563;53.70508;0.0022944445;None;NO
12480;99.988075;1.8589;sun;On;On;Receiver;Off;-63.378582;54.308895;0.0022944445;None;NO
12490;99.988075;1.8592;sun;On;On;Receiver;Off;-63.67909;54.91219;0.0022944445;None;NO
12500;99.988075;1.8595;sun;On;On;Receiver;Off;-63.98756;55.51494;0.0022944445;None;NO
12510;99.988075;1.8598;sun;On;On;Receiver;Off;-64.30441;56.117107;0.0022944445;None;NO
12520;99.988075;1.8601;sun;On;On;Receiver;Off;-64.630104;56.718666;0.0022944445;None;NO
12530;99.988075;1.8604;sun;On;On;Receiver;Off;-64.965126;57.31958;0.0022944445;None;NO
12540;99.988075;1.8607;sun;On;On;Receiver;Off;-65.310005;57.91981;0.0022944445;None;NO
12550;99.988075;1.861;sun;On;On;Receiver;Off;-65.66529;58.519325;0.0022944445;None;NO
12560;99.988075;1.8613;sun;On;On;Receiver;Off;-66.0316;59.118076;0.0022944445;None;NO
12570;99.988075;1.8616;sun;On;On;Receiver;Off;-66.409584;59.71602;0.0022944445;None;NO
12580;99.988075;1.8619;sun;On;On;Receiver;Off;-66.79993;60.313103;0.0022944445;None;NO
12590;99.988075;1.8622;sun;On;On;Receiver;Off;-67.2034;60.90928;0.0022944445;None;NO
12600;99.988075;1.8625;sun;On;On;Receiver;Off;-67.62081;61.504482;0.0022944445;None;NO
12610;99.988075;1.8628;sun;On;On;Receiver;Off;-68.05304;62.09866;0.0022944445;None;NO
12620;99.988075;1.8631;sun;On;On;Receiver;Off;-68.50104;62.691734;0.0022944445;None;NO
12630;99.988075;1.8634;sun;On;On;Receiver;Off;-68.96584;63.28364;0.0022944445;None;NO
12640;99.988075;1.8637;sun;On;On;Receiver;Off;-69.44858;63.874294;0.0022944445;None;NO
12650;99.988075;1.864;sun;On;On;Receiver;Off;-69.950455;64.46361;0.0022944445;None;NO
12660;99.988075;1.8643;sun;On;On;Receiver;Off;-70.47281;65.05148;0.0022944445;None;NO
12670;99.988075;1.8646;sun;On;On;Receiver;Off;-71.01708;65.637825;0.0022944445;None;NO
12680;99.988075;1.8649;sun;On;On;Receiver;Off;-71.584854;66.22251;0.0022944445;None;NO
12690;99.988075;1.8652;sun;On;On;Receiver;Off;-72.17785;66.80542;0.0022944445;None;NO
12700;99.988075;1.8655;sun;On;On;Receiver;Off;-72.79795;67.38641;0.0022944445;None;NO
12710;99.988075;1.8658;sun;On;On;Receiver;Off;-73.447235;67.96534;0.0022944445;None;NO
12720;99.988075;1.8661;sun;On;On;Receiver;Off;-74.127975;68.54202;0.0022944445;None;NO
12730;99.988075;1.8664;sun;On;On;Receiver;Off;-74.84266;69.11629;0.0022944445;None;NO
12740;99.988075;1.8667;sun;On;On;Receiver;Off;-75.59405;69.68793;0.0022944445;None;NO
12750;99.988075;1.867;sun;On;On;Receiver;Off;-76.38517;70.256714;0.0022944445;None;NO
12760;99.988075;1.8673;sun;On;On;Receiver;Off;-77.21936;70.82238;0.0022944445;None;NO
12770;99.988075;1.8676;sun;On;On;Receiver;Off;-78.100334;71.38466;0.0022944445;None;NO
12780;99.988075;1.8679;sun;On;On;Receiver;Off;-79.03216;71.94322;0.0022944445;None;NO
12790;99.988075;1.8682;sun;On;On;Receiver;Off;-80.01938;72.49772;0.0022944445;None;NO
12800;99.988075;1.8685;sun;On;On;Receiver;Off;-81.06699;73.04775;0.0022944445;None;NO
12810;99.988075;1.8688;sun;On;On;Receiver;Off;-82.18057;73.592865;0.0022944445;None;NO
12820;99.988075;1.8691;sun;On;On;Receiver;Off;-83.36626;74.13255;0.0022944445;None;NO
12830;99.988075;1.8694;sun;On;On;Receiver;Off;-84.630875;74.666245;0.0022944445;None;NO
12840;99.988075;1.8697;sun;On;On;Receiver;Off;-85.98197;75.19328;0.0022944445;None;NO
12850;99.988075;1.87;sun;On;On;Receiver;Off;-87.42786;75.71295;0.0022944445;None;NO
12860;99.988075;1.8703;sun;On;On;Receiver;Off;-88.977715;76.224396;0.0022944445;None;NO
12870;99.988075;1.8706;sun;On;On;Receiver;Off;-90.64158;76.72667;0.0022944445;None;NO
12880;99.988075;1.8709;sun;On;On;Receiver;Off;-92.430405;77.2187;0.0022944445;None;NO
12890;99.988075;1.8712;sun;On;On;Receiver;Off;-94.35601;77.69925;0.0022944445;None;NO
12900;99.988075;1.8715;sun;On;On;Receiver;Off;-96.43102;78.166916;0.0022944445;None;NO
12910;99.988075;1.8718;sun;On;On;Receiver;Off;-98.66872;78.62012;0.0022944445;None;NO
12920;99.988075;1.8721;sun;On;On;Receiver;Off;-101.082726;79.05705;0.0022944445;None;NO
12930;99.988075;1.8724;sun;On;On;Receiver;Off;-103.68662;79.4757;0.0022944445;None;NO
12940;99.988075;1.8727;sun;On;On;Receiver;Off;-106.493286;79.87379;0.0022944445;None;NO
12950;99.988075;1.873;sun;On;On;Receiver;Off;-109.51402;80.248795;0.0022944445;None;NO
12960;99.988075;1.8733;sun;On;On;Receiver;Off;-112.757416;80.59796;0.0022944445;None;NO
12970;99.988075;1.8736;sun;On;On;Receiver;Off;-116.227936;80.918304;0.0022944445;None;NO
12980;99.988075;1.8739;sun;On;On;Receiver;Off;-119.92435;81.20668;0.0022944445;None;NO
12990;99.988075;1.8742;sun;On;On;Receiver;Off;-123.83803;81.45984;0.0022944445;None;NO
13000;99.988075;1.8745;sun;On;On;Receiver;Off;-127.951546;81.67457;0.0022944445;None;NO
13010;99.988075;1.8748;sun;On;On;Receiver;Off;-132.23776;81.84784;0.0022944445;None;NO
13020;99.988075;1.8751;sun;On;On;Receiver;Off;-136.65979;81.97696;0.0022944445;None;NO
13030;99.988075;1.8754;sun;On;On;Receiver;Off;-141.17223;82.05978;0.0022944445;None;NO
13040;99.988075;1.8757;sun;On;On;Receiver;Off;-145.72345;82.09483;0.0022944445;None;NO
13050;99.988075;1.876;sun;On;On;Receiver;Off;-150.25914;82.0815;0.0022944445;None;NO
13060;99.988075;1.8763;sun;On;On;Receiver;Off;-154.72606;82.02001;0.0022944445;None;NO
13070;99.97615;1.8766;ecl;On;On;Receiver;Off;-159.07574;81.91147;0.0022944445;None;NO
13080;99.964226;1.8769;ecl;On;On;Receiver;Off;-163.26744;81.75774;0.0022944445;None;NO
13090;99.9523;1.8772;ecl;On;On;Receiver;Off;-167.26976;81.56128;0.0022944445;None;NO
13100;99.94038;1.8775;ecl;On;On;Receiver;Off;-171.06116;81.325;0.0022944445;None;NO
13110;99.928444;1.8778;ecl;On;On;Receiver;Off;-174.62938;81.05205;0.0022944445;None;NO
13120;99.91652;1.8781;ecl;On;On;Receiver;Off;-177.97021;80.745674;0.0022944445;None;NO
13130;99.904594;1.8784;ecl;On;On;Receiver;Off;178.91414;80.40908;0.0022944445;None;NO
13140;99.89267;1.8787;ecl;On;On;Receiver;Off;176.01666;80.04533;0.0022944445;None;NO
13150;99.880745;1.879;ecl;On;On;Receiver;Off;173.32707;79.65729;0.0022944445;None;NO
13160;99.86882;1.8793;ecl;On;On;Receiver;Off;170.83302;79.24758;0.0022944445;None;NO
13170;99.856895;1.8796;ecl;On;On;Receiver;Off;168.52118;78.8186;0.0022944445;None;NO
13180;99.84497;1.8799;ecl;On;On;Receiver;Off;166.37785;78.372475;0.0022944445;None;NO
13190;99.833046;1.8802;ecl;On;On;Receiver;Off;164.38957;77.911095;0.0022944445;None;NO
13200;99.82112;1.8805;ecl;On;On;Receiver;Off;162.54343;77.43616;0.0022944445;None;NO
13210;99.8092;1.8808;ecl;On;On;Receiver;Off;160.82721;76.94913;0.0022944445;None;NO
13220;99.79727;1.8811;ecl;On;On;Receiver;Off;159.2296;76.45131;0.0022944445;None;NO
13230;99.78534;1.8814;ecl;On;On;Receiver;Off;157.74017;75.94386;0.0022944445;None;NO
13240;99.773415;1.8817;ecl;On;On;Receiver;Off;156.34938;75.42778;0.0022944445;None;NO
13250;99.76149;1.882;ecl;On;On;Receiver;Off;155.04854;74.90396;0.0022944445;None;NO
13260;99.749565;1.8823;ecl;On;On;Receiver;Off;153.82977;74.37317;0.0022944445;None;NO
13270;99.73764;1.8826;ecl;On;On;Receiver;Off;152.68597;73.8361;0.0022944445;None;NO
13280;99.725716;1.8829;ecl;On;On;Receiver;Off;151.6107;73.29336;0.0022944445;None;NO
13290;99.71379;1.8832;ecl;On;On;Receiver;Off;150.59816;72.74548;0.0022944445;None;NO
13300;99.701866;1.8835;ecl;On;On;Receiver;Off;149.6431;72.19294;0.0022944445;None;NO
13310;99.68994;1.8838;ecl;On;On;Receiver;Off;148.74077;71.636154;0.0022944445;None;NO
13320;99.67802;1.8841;ecl;On;On;Receiver;Off;147.88693;71.07551;0.0022944445;None;NO
13330;99.66609;1.8844;ecl;On;On;Receiver;Off;147.07771;70.51132;0.0022944445;None;NO
13340;99.65417;1.8847;ecl;On;On;Receiver;Off;146.30963;69.94391;0.0022944445;None;NO
13350;99.642235;1.885;ecl;On;On;Receiver;Off;145.57951;69.37352;0.0022944445;None;NO
13360;99.63031;1.8853;ecl;On;On;Receiver;Off;144.88449;68.80041;0.0022944445;None;NO
13370;99.618385;1.8856;ecl;On;On;Receiver;Off;144.22197;68.224785;0.0022944445;None;NO
13380;99.60646;1.8859;ecl;On;On;Receiver;Off;143.58958;67.64684;0.0022944445;None;NO
13390;99.594536;1.8862;ecl;On;On;Receiver;Off;142.98517;67.066765;0.0022944445;None;NO
13400;99.58261;1.8865;ecl;On;On;Receiver;Off;142.40677;66.484695;0.0022944445;None;NO
13410;99.57069;1.8868;ecl;On;On;Receiver;Off;141.8526;65.900795;0.0022944445;None;NO
13420;99.55876;1.8871;ecl;On;On;Receiver;Off;141.321;65.31518;0.0022944445;None;NO
13430;99.54684;1.8874;ecl;On;On;Receiver;Off;140.81049;64.72798;0.0022944445;None;NO
13440;99.53491;1.8877;ecl;On;On;Receiver;Off;140.31967;64.1393;0.0022944445;None;NO
13450;99.52299;1.888;ecl;On;On;Receiver;Off;139.84729;63.549236;0.0022944445;None;NO
13460;99.51106;1.8883;ecl;On;On;Receiver;Off;139.3922;62.957886;0.0022944445;None;NO
13470;99.49913;1.8886;ecl;On;On;Receiver;Off;138.95331;62.365326;0.0022944445;None;NO
13480;99.487206;1.8889;ecl;On;On;Receiver;Off;138.52963;61.771633;0.0022944445;None;NO
13490;99.47528;1.8892;ecl;On;On;Receiver;Off;138.12029;61.176884;0.0022944445;None;NO
13500;99.463356;1.8895;ecl;On;On;Receiver;Off;137.72438;60.58114;0.0022944445;None;NO
13510;99.45143;1.8898;ecl;On;On;Receiver;Off;137.34117;59.984455;0.0022944445;None;NO
13520;99.43951;1.8901;ecl;On;On;Receiver;Off;136.96992;59.38689;0.0022944445;None;NO
13530;99.42758;1.8904;ecl;On;On;Receiver;Off;136.60997;58.788498;0.0022944445;None;NO
13540;99.41566;1.8907;ecl;On;On;Receiver;Off;136.2607;58.189323;0.0022944445;None;NO
13550;99.40373;1.891;ecl;On;On;Receiver;Off;135.9215;57.58941;0.0022944445;None;NO
13560;99.39181;1.8913;ecl;On;On;Receiver;Off;135.59186;56.988796;0.0022944445;None;NO
13570;99.37988;1.8916;ecl;On;On;Receiver;Off;135.27126;56.38752;0.0022944445;None;NO
13580;99.36796;1.8919;ecl;On;On;Receiver;Off;134.95923;55.78562;0.0022944445;None;NO
13590;99.356026;1.8922;ecl;On;On;Receiver;Off;134.65535;55.183132;0.0022944445;None;NO
13600;99.3441;1.8925;ecl;On;On;Receiver;Off;134.35919;54.58008;0.0022944445;None;NO
13610;99.33218;1.8928;ecl;On;On;Receiver;Off;134.07039;53.976494;0.0022944445;None;NO
13620;99.32025;1.8931;ecl;On;On;Receiver;Off;133.78856;53.372402;0.0022944445;None;NO
13630;99.30833;1.8934;ecl;On;On;Receiver;Off;133.51337;52.76783;0.0022944445;None;NO
13640;99.2964;1.8937;ecl;On;On;Receiver;Off;133.2445;52.1628;0.0022944445;None;NO
13650;99.28448;1.894;ecl;On;On;Receiver;Off;132.98169;51.55733;0.0022944445;None;NO
13660;99.27255;1.8943;ecl;On;On;Receiver;Off;132.72461;50.95145;0.0022944445;None;NO
13670;99.26063;1.8946;ecl;On;On;Receiver;Off;132.473;50.345173;0.0022944445;None;NO
13680;99.2487;1.8949;ecl;On;On;Receiver;Off;132.22665;49.738518;0.0022944445;None;NO
13690;99.23678;1.8952;ecl;On;On;Receiver;Off;131.98529;49.131504;0.0022944445;None;NO
13700;99.22485;1.8955;ecl;On;On;Receiver;Off;131.74872;48.524147;0.0022944445;None;NO
13710;99.21292;1.8958;ecl;On;On;Receiver;Off;131.51671;47.916462;0.0022944445;None;NO
13720;99.201;1.8961;ecl;On;On;Receiver;Off;131.28906;47.30846;0.0022944445;None;NO
13730;99.18907;1.8964;ecl;On;On;Receiver;Off;131.06561;46.70016;0.0022944445;None;NO
13740;99.17715;1.8967;ecl;On;On;Receiver;Off;130.84616;46.09157;0.0022944445;None;NO
13750;99.16522;1.897;ecl;On;On;Receiver;Off;130.63055;45.48271;0.0022944445;None;NO
13760;99.1533;1.8973;ecl;On;On;Receiver;Off;130.41862;44.873585;0.0022944445;None;NO
13770;99.14137;1.8976;ecl;On;On;Receiver;Off;130.21022;44.264206;0.0022944445;None;NO
13780;99.12945;1.8979;ecl;On;On;Receiver;Off;130.0052;43.654587;0.0022944445;None;NO
13790;99.11752;1.8982;ecl;On;On;Receiver;Off;129.80344;43.044735;0.0022944445;None;NO
13800;99.1056;1.8985;ecl;On;On;Receiver;Off;129.60478;42.434658;0.0022944445;None;NO
13810;99.09367;1.8988;ecl;On;On;Receiver;Off;129.40912;41.82437;0.0022944445;None;NO
13820;99.08175;1.8991;ecl;On;On;Receiver;Off;129.21634;41.213875;0.0022944445;None;NO
13830;99.06982;1.8994;ecl;On;On;Receiver;Off;129.0263;40.603184;0.0022944445;None;NO
13840;99.05789;1.8997;ecl;On;On;Receiver;Off;128.83894;39.992306;0.0022944445;None;NO
13850;99.04597;1.9;ecl;On;On;Receiver;Off;128.65413;39.38124;0.0022944445;None;NO
13860;99.03404;1.9003;ecl;On;On;Receiver;Off;128.47177;38.770004;0.0022944445;None;NO
13870;99.02212;1.9006;ecl;On;On;Receiver;Off;128.29178;38.1586;0.0022944445;None;NO
13880;99.01019;1.9009;ecl;On;On;Receiver;Off;128.11406;37.54703;0.0022944445;None;NO
13890;98.99827;1.9012;ecl;On;On;Receiver;Off;127.93852;36.93531;0.0022944445;None;NO
13900;98.98634;1.9015;ecl;On;On;Receiver;Off;127.7651;36.323437;0.0022944445;None;NO
13910;98.97442;1.9018;ecl;On;On;Receiver;Off;127.593704;35.71142;0.0022944445;None;NO
13920;98.962494;1.9021;ecl;On;On;Receiver;Off;127.424255;35.099262;0.0022944445;None;NO
13930;98.95057;1.9024;ecl;On;On;Receiver;Off;127.2567;34.486973;0.0022944445;None;NO
13940;98.93864;1.9027;ecl;On;On;Receiver;Off;127.09095;33.874557;0.0022944445;None;NO
13950;98.92671;1.903;ecl;On;On;Receiver;Off;126.92694;33.262012;0.0022944445;None;NO
13960;98.91479;1.9033;ecl;On;On;Receiver;Off;126.764626;32.649353;0.0022944445;None;NO
13970;98.90286;1.9036;ecl;On;On;Receiver;Off;126.60392;32.036575;0.0022944445;None;NO
13980;98.89094;1.9039;ecl;On;On;Receiver;Off;126.444786;31.423687;0.0022944445;None;NO
13990;98.87901;1.9042;ecl;On;On;Receiver;Off;126.287155;30.810694;0.0022944445;None;NO
14000;98.86709;1.9045;ecl;On;On;Receiver;Off;126.130974;30.197596;0.0022944445;None;NO
14010;98.85516;1.9048;ecl;On;On;Receiver;Off;125.97619;29.5844;0.0022944445;None;NO
14020;98.84324;1.9051;ecl;On;On;Receiver;Off;125.82276;28.971107;0.0022944445;None;NO
14030;98.831314;1.9054;ecl;On;On;Receiver;Off;125.67062;28.357723;0.0022944445;None;NO
14040;98.81939;1.9057;ecl;On;On;Receiver;Off;125.519745;27.744251;0.0022944445;None;NO
14050;98.807465;1.906;ecl;On;On;Receiver;Off;125.37006;27.130692;0.0022944445;None;NO
14060;98.79553;1.9063;ecl;On;On;Receiver;Off;125.22155;26.517052;0.0022944445;None;NO
14070;98.78361;1.9066;ecl;On;On;Receiver;Off;125.07416;25.903332;0.0022944445;None;NO
14080;98.77168;1.9069;ecl;On;On;Receiver;Off;124.92784;25.289536;0.0022944445;None;NO
14090;98.75976;1.9072;ecl;On;On;Receiver;Off;124.78256;24.675665;0.0022944445;None;NO
14100;98.74783;1.9075;ecl;On;On;Receiver;Off;124.63828;24.061724;0.0022944445;None;NO
14110;98.73591;1.9078;ecl;On;On;Receiver;Off;124.494965;23.447714;0.0022944445;None;NO
14120;98.72398;1.9081;ecl;On;On;Receiver;Off;124.35257;22.83364;0.0022944445;None;NO
14130;98.71206;1.9084;ecl;On;On;Receiver;Off;124.21107;22.219501;0.0022944445;None;NO
14140;98.700134;1.9087;ecl;On;On;Receiver;Off;124.07043;21.605303;0.0022944445;None;NO
14150;98.68821;1.909;ecl;On;On;Receiver;Off;123.9306;20.991047;0.0022944445;None;NO
14160;98.676285;1.9093;ecl;On;On;Receiver;Off;123.79157;20.376734;0.0022944445;None;NO
14170;98.66436;1.9096;ecl;On;On;Receiver;Off;123.6533;19.762367;0.0022944445;None;NO
14180;98.65243;1.9099;ecl;On;On;Receiver;Off;123.515755;19.14795;0.0022944445;None;NO
14190;98.6405;1.9102;ecl;On;On;Receiver;Off;123.37891;18.533482;0.0022944445;None;NO
14200;98.62858;1.9105;ecl;On;On;Receiver;Off;123.24273;17.918966;0.0022944445;None;NO
14210;98.61665;1.9108;ecl;On;On;Receiver;Off;123.107185;17.304405;0.0022944445;None;NO
14220;98.60473;1.9111;ecl;On;On;Receiver;Off;122.97226;16.6898;0.0022944445;None;NO
14230;98.592804;1.9114;ecl;On;On;Receiver;Off;122.83792;16.075155;0.0022944445;None;NO
14240;98.58088;1.9117;ecl;On;On;Receiver;Off;122.70414;15.460469;0.0022944445;None;NO
14250;98.568954;1.912;ecl;On;On;Receiver;Off;122.57089;14.845746;0.0022944445;None;NO
14260;98.55703;1.9123;ecl;On;On;Receiver;Off;122.438156;14.230986;0.0022944445;None;NO
14270;98.545105;1.9126;ecl;On;On;Receiver;Off;122.30589;13.616192;0.0022944445;None;NO
14280;98.53318;1.9129;ecl;On;On;Receiver;Off;122.174095;13.001366;0.0022944445;None;NO
14290;98.521255;1.9132;ecl;On;On;Receiver;Off;122.04273;12.386508;0.0022944445;None;NO
14300;98.50932;1.9135;ecl;On;On;Receiver;Off;121.91177;11.771621;0.0022944445;None;NO
14310;98.4974;1.9138;ecl;On;On;Receiver;Off;121.781204;11.156706;0.0022944445;None;NO
14320;98.48547;1.9141;ecl;On;On;Receiver;Off;121.651;10.541765;0.0022944445;None;NO
14330;98.47355;1.9144;ecl;On;On;Receiver;Off;121.52113;9.9268;0.0022944445;None;NO
14340;98.461624;1.9147;ecl;On;On;Receiver;Off;121.391594;9.311811;0.0022944445;None;NO
14350;98.4497;1.915;ecl;On;On;Receiver;Off;121.26235;8.696802;0.0022944445;None;NO
14360;98.437775;1.9153;ecl;On;On;Receiver;Off;121.13338;8.081773;0.0022944445;None;NO
14370;98.42585;1.9156;ecl;On;On;Receiver;Off;121.00467;7.4667244;0.0022944445;None;NO
14380;98.413925;1.9159;ecl;On;On;Receiver;Off;120.87619;6.85166;0.0022944445;None;NO
14390;98.402;1.9162;ecl;On;On;Receiver;Off;120.74792;6.236579;0.0022944445;None;NO
14400;98.390076;1.9165;ecl;On;On;Receiver;Off;120.61984;5.6214848;0.0022944445;None;NO
14410;98.37815;1.9168;ecl;On;On;Receiver;Off;120.49194;5.006377;0.0022944445;None;NO
14420;98.36622;1.9171;ecl;On;On;Receiver;Off;120.36419;4.3912587;0.0022944445;None;NO
14430;98.354294;1.9174;ecl;On;On;Receiver;Off;120.23657;3.7761307;0.0022944445;None;NO
14440;98.34237;1.9177;ecl;On;On;Receiver;Off;120.10906;3.1609938;0.0022944445;None;NO
14450;98.330444;1.918;ecl;On;On;Receiver;Off;119.98165;2.54585;0.0022944445;None;NO
14460;98.31852;1.9183;ecl;On;On;Receiver;Off;119.8543;1.9307005;0.0022944445;None;NO
14470;98.306595;1.9186;ecl;On;On;Receiver;Off;119.72701;1.3155469;0.0022944445;None;NO
14480;98.29467;1.9189;ecl;On;On;Receiver;Off;119.599754;0.70039016;0.0022944445;None;NO
14490;98.282745;1.9192;ecl;On;On;Receiver;Off;119.4725;0.085231915;0.0022944445;None;NO
14500;98.27082;1.9195;ecl;On;On;Receiver;Off;119.345245;-0.52992654;0.0022944445;None;NO
14510;98.258896;1.9198;ecl;On;On;Receiver;Off;119.217964;-1.1450838;0.0022944445;None;NO
14520;98.24697;1.9201;ecl;On;On;Receiver;Off;119.09064;-1.7602384;0.0022944445;None;NO
14530;98.23505;1.9204;ecl;On;On;Receiver;Off;118.96324;-2.3753893;0.0022944445;None;NO
14540;98.223114;1.9207;ecl;On;On;Receiver;Off;118.835754;-2.9905348;0.0022944445;None;NO
14550;98.21119;1.921;ecl;On;On;Receiver;Off;118.70817;-3.6056736;0.0022944445;None;NO
14560;98.199265;1.9213;ecl;On;On;Receiver;Off;118.58045;-4.220804;0.0022944445;None;NO
14570;98.18734;1.9216;ecl;On;On;Receiver;Off;118.45259;-4.8359256;0.0022944445;None;NO
14580;98.175415;1.9219;ecl;On;On;Receiver;Off;118.32456;-5.451036;0.0022944445;None;NO
14590;98.16349;1.9222;ecl;On;On;Receiver;Off;118.19635;-6.0661345;0.0022944445;None;NO
14600;98.151566;1.9225;ecl;On;On;Receiver;Off;118.067924;-6.681219;0.0022944445;None;NO
14610;98.13964;1.9228;ecl;On;On;Receiver;Off;117.93928;-7.2962885;0.0022944445;None;NO
14620;98.127716;1.9231;ecl;On;On;Receiver;Off;117.81037;-7.911341;0.0022944445;None;NO
14630;98.11579;1.9234;ecl;On;On;Receiver;Off;117.6812;-8.526376;0.0022944445;None;NO
14640;98.10387;1.9237;ecl;On;On;Receiver;Off;117.551735;-9.141392;0.0022944445;None;NO
14650;98.09194;1.924;ecl;On;On;Receiver;Off;117.42196;-9.756386;0.0022944445;None;NO
14660;98.08001;1.9243;ecl;On;On;Receiver;Off;117.29185;-10.371357;0.0022944445;None;NO
14670;98.068085;1.9246;ecl;On;On;Receiver;Off;117.16137;-10.986305;0.0022944445;None;NO
14680;98.05616;1.9249;ecl;On;On;Receiver;Off;117.03052;-11.601227;0.0022944445;None;NO
14690;98.044235;1.9252;ecl;On;On;Receiver;Off;116.89926;-12.216122;0.0022944445;None;NO
14700;98.03231;1.9255;ecl;On;On;Receiver;Off;116.76757;-12.830988;0.0022944445;None;NO
14710;98.020386;1.9258;ecl;On;On;Receiver;Off;116.63544;-13.445824;0.0022944445;None;NO
14720;98.00846;1.9261;ecl;On;On;Receiver;Off;116.50282;-14.060626;0.0022944445;None;NO
14730;97.99654;1.9264;ecl;On;On;Receiver;Off;116.369705;-14.675396;0.0022944445;None;NO
14740;97.98461;1.9267;ecl;On;On;Receiver;Off;116.23607;-15.29013;0.0022944445;None;NO
14750;97.97269;1.927;ecl;On;On;Receiver;Off;116.101875;-15.904826;0.0022944445;None;NO
14760;97.96076;1.9273;ecl;On;On;Receiver;Off;115.9671;-16.519484;0.0022944445;None;NO
14770;97.94883;1.9276;ecl;On;On;Receiver;Off;115.831726;-17.1341;0.0022944445;None;NO
14780;97.936905;1.9279;ecl;On;On;Receiver;Off;115.69572;-17.748672;0.0022944445;None;NO
14790;97.92498;1.9282;ecl;On;On;Receiver;Off;115.559044;-18.363201;0.0022944445;None;NO
14800;97.913055;1.9285;ecl;On;On;Receiver;Off;115.42168;-18.977682;0.0022944445;None;NO
14810;97.90113;1.9288;ecl;On;On;Receiver;Off;115.2836;-19.592113;0.0022944445;None;NO
14820;97.889206;1.9291;ecl;On;On;Receiver;Off;115.14476;-20.206495;0.0022944445;None;NO
14830;97.87728;1.9294;ecl;On;On;Receiver;Off;115.00515;-20.820824;0.0022944445;None;NO
14840;97.86536;1.9297;ecl;On;On;Receiver;Off;114.864716;-21.435095;0.0022944445;None;NO
14850;97.85343;1.93;ecl;On;On;Receiver;Off;114.72344;-22.04931;0.0022944445;None;NO
14860;97.84151;1.9303;ecl;On;On;Receiver;Off;114.58128;-22.663465;0.0022944445;None;NO
14870;97.82958;1.9306;ecl;On;On;Receiver;Off;114.43821;-23.277557;0.0022944445;None;NO
14880;97.81766;1.9309;ecl;On;On;Receiver;Off;114.29418;-23.891584;0.0022944445;None;NO
14890;97.805725;1.9312;ecl;On;On;Receiver;Off;114.14916;-24.505545;0.0022944445;None;NO
14900;97.7938;1.9315;ecl;On;On;Receiver;Off;114.00311;-25.119434;0.0022944445;None;NO
14910;97.781876;1.9318;ecl;On;On;Receiver;Off;113.856;-25.733252;0.0022944445;None;NO
14920;97.76995;1.9321;ecl;On;On;Receiver;Off;113.70778;-26.346994;0.0022944445;None;NO
14930;97.758026;1.9324;ecl;On;On;Receiver;Off;113.55841;-26.960657;0.0022944445;None;NO
14940;97.7461;1.9327;ecl;On;On;Receiver;Off;113.40784;-27.574238;0.0022944445;None;NO
14950;97.73418;1.933;ecl;On;On;Receiver;Off;113.256035;-28.187735;0.0022944445;None;NO
14960;97.72225;1.9333;ecl;On;On;Receiver;Off;113.102936;-28.801144;0.0022944445;None;NO
14970;97.71033;1.9336;ecl;On;On;Receiver;Off;112.94851;-29.414463;0.0022944445;None;NO
14980;97.6984;1.9339;ecl;On;On;Receiver;Off;112.792694;-30.027685;0.0022944445;None;NO
14990;97.68648;1.9342;ecl;On;On;Receiver;Off;112.635445;-30.64081;0.0022944445;None;NO
15000;97.67455;1.9345;ecl;On;On;Receiver;Off;112.4767;-31.253834;0.0022944445;None;NO
15010;97.71604;1.9348;sun;On;On;Receiver;Off;112.31641;-31.866753;0.0022944445;None;NO
15020;97.75754;1.9351;sun;On;On;Receiver;Off;112.15451;-32.47956;0.0022944445;None;NO
15030;97.79903;1.9354;sun;On;On;Receiver;Off;111.990944;-33.092255;0.0022944445;None;NO
15040;97.84052;1.9357;sun;On;On;Receiver;Off;111.82565;-33.70483;0.0022944445;None;NO
15050;97.88202;1.936;sun;On;On;Receiver;Off;111.65856;-34.317284;0.0022944445;None;NO
15060;97.92351;1.9363;sun;On;On;Receiver;Off;111.48962;-34.929607;0.0022944445;None;NO
15070;97.965004;1.9366;sun;On;On;Receiver;Off;111.318726;-35.5418;0.0022944445;None;NO
15080;98.0065;1.9369;sun;On;On;Receiver;Off;111.14583;-36.15386;0.0022944445;None;NO
15090;98.04799;1.9372;sun;On;On;Receiver;Off;110.97085;-36.76577;0.0022944445;None;NO
15100;98.089485;1.9375;sun;On;On;Receiver;Off;110.7937;-37.377537;0.0022944445;None;NO
15110;98.130974;1.9378;sun;On;On;Receiver;Off;110.6143;-37.989147;0.0022944445;None;NO
15120;98.17247;1.9381;sun;On;On;Receiver;Off;110.43256;-38.600597;0.0022944445;None;NO
15130;98.21397;1.9384;sun;On;On;Receiver;Off;110.24839;-39.211884;0.0022944445;None;NO
15140;98.255455;1.9387;sun;On;On;Receiver;Off;110.06169;-39.822994;0.0022944445;None;NO
15150;98.29695;1.939;sun;On;On;Receiver;Off;109.87236;-40.433926;0.0022944445;None;NO
15160;98.33845;1.9393;sun;On;On;Receiver;Off;109.6803;-41.04467;0.0022944445;None;NO
15170;98.37994;1.9396;sun;On;On;Receiver;Off;109.48539;-41.65522;0.0022944445;None;NO
15180;98.42143;1.9399;sun;On;On;Receiver;Off;109.28752;-42.265564;0.0022944445;None;NO
15190;98.46292;1.9402;sun;On;On;Receiver;Off;109.08656;-42.8757;0.0022944445;None;NO
15200;98.50442;1.9405;sun;On;On;Receiver;Off;108.88239;-43.485615;0.0022944445;None;NO
15210;98.54591;1.9408;sun;On;On;Receiver;Off;108.67488;-44.095303;0.0022944445;None;NO
15220;98.5874;1.9411;sun;On;On;Receiver;Off;108.463875;-44.704746;0.0022944445;None;NO
15230;98.6289;1.9414;sun;On;On;Receiver;Off;108.24922;-45.313946;0.0022944445;None;NO
15240;98.670395;1.9417;sun;On;On;Receiver;Off;108.030785;-45.922882;0.0022944445;None;NO
15250;98.71188;1.942;sun;On;On;Receiver;Off;107.80838;-46.531548;0.0022944445;None;NO
15260;98.75338;1.9423;sun;On;On;Receiver;Off;107.58183;-47.139927;0.0022944445;None;NO
15270;98.79487;1.9426;sun;On;On;Receiver;Off;107.350975;-47.748013;0.0022944445;None;NO
15280;98.836365;1.9429;sun;On;On;Receiver;Off;107.11559;-48.355785;0.0022944445;None;NO
15290;98.87786;1.9432;sun;On;On;Receiver;Off;106.87549;-48.963238;0.0022944445;None;NO
15300;98.91935;1.9435;sun;On;On;Receiver;Off;106.63044;-49.570347;0.0022944445;None;NO
15310;98.960846;1.9438;sun;On;On;Receiver;Off;106.38022;-50.177105;0.0022944445;None;NO
15320;99.00234;1.9441;sun;On;On;Receiver;Off;106.12457;-50.783485;0.0022944445;None;NO
15330;99.04383;1.9444;sun;On;On;Receiver;Off;105.86326;-51.38948;0.0022944445;None;NO
15340;99.08533;1.9447;sun;On;On;Receiver;Off;105.595985;-51.995064;0.0022944445;None;NO
15350;99.126816;1.945;sun;On;On;Receiver;Off;105.32246;-52.600216;0.0022944445;None;NO
15360;99.16831;1.9453;sun;On;On;Receiver;Off;105.04237;-53.204918;0.0022944445;None;NO
15370;99.20981;1.9456;sun;On;On;Receiver;Off;104.755394;-53.809147;0.0022944445;None;NO
15380;99.2513;1.9459;sun;On;On;Receiver;Off;104.46117;-54.412876;0.0022944445;None;NO
15390;99.29279;1.9462;sun;On;On;Receiver;Off;104.15932;-55.01608;0.0022944445;None;NO
15400;99.33429;1.9465;sun;On;On;Receiver;Off;103.849434;-55.61873;0.0022944445;None;NO
15410;99.37578;1.9468;sun;On;On;Receiver;Off;103.53109;-56.220795;0.0022944445;None;NO
15420;99.417274;1.9471;sun;On;On;Receiver;Off;103.20383;-56.822243;0.0022944445;None;NO
15430;99.45876;1.9474;sun;On;On;Receiver;Off;102.86715;-57.423042;0.0022944445;None;NO
15440;99.50026;1.9477;sun;On;On;Receiver;Off;102.520515;-58.023155;0.0022944445;None;NO
15450;99.541756;1.948;sun;On;On;Receiver;Off;102.163376;-58.62254;0.0022944445;None;NO
15460;99.583244;1.9483;sun;On;On;Receiver;Off;101.7951;-59.221153;0.0022944445;None;NO
15470;99.62474;1.9486;sun;On;On;Receiver;Off;101.41504;-59.818954;0.0022944445;None;NO
15480;99.66624;1.9489;sun;On;On;Receiver;Off;101.02249;-60.415886;0.0022944445;None;NO
15490;99.707726;1.9492;sun;On;On;Receiver;Off;100.61668;-61.011898;0.0022944445;None;NO
15500;99.74922;1.9495;sun;On;On;Receiver;Off;100.19678;-61.60693;0.0022944445;None;NO
15510;99.79071;1.9498;sun;On;On;Receiver;Off;99.7619;-62.20092;0.0022944445;None;NO
15520;99.83221;1.9501;sun;On;On;Receiver;Off;99.31108;-62.7938;0.0022944445;None;NO
15530;99.8737;1.9504;sun;On;On;Receiver;Off;98.84327;-63.385494;0.0022944445;None;NO
15540;99.91519;1.9507;sun;On;On;Receiver;Off;98.35733;-63.97592;0.0022944445;None;NO
15550;99.95669;1.951;sun;On;On;Receiver;Off;97.85202;-64.564995;0.0022944445;None;NO
15560;99.988075;1.9513;sun;On;On;Receiver;Off;97.326;-65.15262;0.0022944445;None;NO
15570;99.988075;1.9516;sun;On;On;Receiver;Off;96.777794;-65.738686;0.0022944445;None;NO
15580;99.988075;1.9519;sun;On;On;Receiver;Off;96.2058;-66.323074;0.0022944445;None;NO
15590;99.988075;1.9522;sun;On;On;Receiver;Off;95.60828;-66.90566;0.0022944445;None;NO
15600;99.988075;1.9525;sun;On;On;Receiver;Off;94.9833;-67.486305;0.0022944445;None;NO
15610;99.988075;1.9528;sun;On;On;Receiver;Off;94.328766;-68.06486;0.0022944445;None;NO
15620;99.988075;1.9531;sun;On;On;Receiver;Off;93.642365;-68.64114;0.0022944445;None;NO
15630;99.988075;1.9534;sun;On;On;Receiver;Off;92.921555;-69.21497;0.0022944445;None;NO
15640;99.988075;1.9537;sun;On;On;Receiver;Off;92.16354;-69.78613;0.0022944445;None;NO
15650;99.988075;1.954;sun;On;On;Receiver;Off;91.36525;-70.3544;0.0022944445;None;NO
15660;99.988075;1.9543;sun;On;On;Receiver;Off;90.52327;-70.91951;0.0022944445;None;NO
15670;99.988075;1.9546;sun;On;On;Receiver;Off;89.63384;-71.48117;0.0022944445;None;NO
15680;99.988075;1.9549;sun;On;On;Receiver;Off;88.69281;-72.03906;0.0022944445;None;NO
15690;99.988075;1.9552;sun;On;On;Receiver;Off;87.69556;-72.59282;0.0022944445;None;NO
15700;99.988075;1.9555;sun;On;On;Receiver;Off;86.636986;-73.14203;0.0022944445;None;NO
15710;99.988075;1.9558;sun;On;On;Receiver;Off;85.511444;-73.68625;0.0022944445;None;NO
15720;99.988075;1.9561;sun;On;On;Receiver;Off;84.31266;-74.224945;0.0022944445;None;NO
15730;99.988075;1.9564;sun;On;On;Receiver;Off;83.03371;-74.75754;0.0022944445;None;NO
15740;99.988075;1.9567;sun;On;On;Receiver;Off;81.6669;-75.28337;0.0022944445;None;NO
15750;99.988075;1.957;sun;On;On;Receiver;Off;80.20377;-75.801674;0.0022944445;None;NO
15760;99.988075;1.9573;sun;On;On;Receiver;Off;78.63502;-76.311615;0.0022944445;None;NO
15770;99.988075;1.9576;sun;On;On;Receiver;Off;76.950424;-76.8122;0.0022944445;None;NO
15780;99.988075;1.9579;sun;On;On;Receiver;Off;75.1389;-77.302345;0.0022944445;None;NO
15790;99.988075;1.9582;sun;On;On;Receiver;Off;73.18848;-77.78078;0.0022944445;None;NO
15800;99.988075;1.9585;sun;On;On;Receiver;Off;71.086395;-78.24608;0.0022944445;None;NO
15810;99.988075;1.9588;sun;On;On;Receiver;Off;68.819305;-78.69661;0.0022944445;None;NO
15820;99.988075;1.9591;sun;On;On;Receiver;Off;66.373535;-79.13055;0.0022944445;None;NO
15830;99.988075;1.9594;sun;On;On;Receiver;Off;63.735588;-79.54582;0.0022944445;None;NO
15840;99.988075;1.9597;sun;On;On;Receiver;Off;60.892788;-79.94012;0.0022944445;None;NO
15850;99.988075;1.96;sun;On;On;Receiver;Off;57.834213;-80.310875;0.0022944445;None;NO
15860;99.988075;1.9603;sun;On;On;Receiver;Off;54.55187;-80.6553;0.0022944445;None;NO
15870;99.988075;1.9606;sun;On;On;Receiver;Off;51.042152;-80.97036;0.0022944445;None;NO
15880;99.988075;1.9609;sun;On;On;Receiver;Off;47.307465;-81.25289;0.0022944445;None;NO
15890;99.988075;1.9612;sun;On;On;Receiver;Off;43.357853;-81.49966;0.0022944445;None;NO
15900;99.988075;1.9615;sun;On;On;Receiver;Off;39.212368;-81.70746;0.0022944445;None;NO
15910;99.988075;1.9618;sun;On;On;Receiver;Off;34.89986;-81.8733;0.0022944445;None;NO
15920;99.988075;1.9621;sun;On;On;Receiver;Off;30.458803;-81.99458;0.0022944445;None;NO
15930;99.988075;1.9624;sun;On;On;Receiver;Off;25.935886;-82.06925;0.0022944445;None;NO
15940;99.988075;1.9627;sun;On;On;Receiver;Off;21.383438;-82.09599;0.0022944445;None;NO
15950;99.988075;1.963;sun;On;On;Receiver;Off;16.855894;-82.07432;0.0022944445;None;NO
15960;99.988075;1.9633;sun;On;On;Receiver;Off;12.4059105;-82.00462;0.0022944445;None;NO
15970;99.988075;1.9636;sun;On;On;Receiver;Off;8.080779;-81.888145;0.0022944445;None;NO
15980;99.988075;1.9639;sun;On;On;Receiver;Off;3.9197435;-81.72686;0.0022944445;None;NO
15990;99.988075;1.9642;sun;On;On;Receiver;Off;-0.047501307;-81.52332;0.0022944445;None;NO
16000;99.988075;1.9645;sun;On;On;Receiver;Off;-3.801078;-81.280495;0.0022944445;None;NO
16010;99.988075;1.9648;sun;On;On;Receiver;Off;-7.3302226;-81.00156;0.0022944445;None;NO
16020;99.988075;1.9651;sun;On;On;Receiver;Off;-10.631943;-80.68975;0.0022944445;None;NO
16030;99.988075;1.9654;sun;On;On;Receiver;Off;-13.709394;-80.34826;0.0022944445;None;NO
16040;99.988075;1.9657;sun;On;On;Receiver;Off;-16.57025;-79.980125;0.0022944445;None;NO
16050;99.988075;1.966;sun;On;On;Receiver;Off;-19.225237;-79.58817;0.0022944445;None;NO
16060;99.988075;1.9663;sun;On;On;Receiver;Off;-21.686916;-79.17499;0.0022944445;None;NO
16070;99.988075;1.9666;sun;On;On;Receiver;Off;-23.968754;-78.742905;0.0022944445;None;NO
16080;99.988075;1.9669;sun;On;On;Receiver;Off;-26.084417;-78.29402;0.0022944445;None;NO
16090;99.988075;1.9672;sun;On;On;Receiver;Off;-28.047302;-77.83019;0.0022944445;None;NO
16100;99.988075;1.9675;sun;On;On;Receiver;Off;-29.870224;-77.353065;0.0022944445;None;NO
16110;99.988075;1.9678;sun;On;On;Receiver;Off;-31.565222;-76.86409;0.0022944445;None;NO
16120;99.988075;1.9681;sun;On;On;Receiver;Off;-33.14347;-76.36454;0.0022944445;None;NO
16130;99.988075;1.9684;sun;On;On;Receiver;Off;-34.615253;-75.85554;0.0022944445;None;NO
16140;99.988075;1.9687;sun;On;On;Receiver;Off;-35.989952;-75.33806;0.0022944445;None;NO
16150;99.988075;1.969;sun;On;On;Receiver;Off;-37.27611;-74.81299;0.0022944445;None;NO
16160;99.988075;1.9693;sun;On;On;Receiver;Off;-38.48147;-74.28107;0.0022944445;None;NO
16170;99.988075;1.9696;sun;On;On;Receiver;Off;-39.613018;-73.74298;0.0022944445;None;NO
16180;99.988075;1.9699;sun;On;On;Receiver;Off;-40.677086;-73.19932;0.0022944445;None;NO
16190;99.988075;1.9702;sun;On;On;Receiver;Off;-41.679375;-72.650604;0.0022944445;None;NO
16200;99.988075;1.9705;sun;On;On;Receiver;Off;-42.62503;-72.097305;0.0022944445;None;NO
16210;99.988075;1.9708;sun;On;On;Receiver;Off;-43.518703;-71.539825;0.0022944445;None;NO
16220;99.988075;1.9711;sun;On;On;Receiver;Off;-44.36459;-70.978546;0.0022944445;None;NO
16230;99.988075;1.9714;sun;On;On;Receiver;Off;-45.16648;-70.41379;0.0022944445;None;NO
16240;99.988075;1.9717;sun;On;On;Receiver;Off;-45.92781;-69.84584;0.0022944445;None;NO
16250;99.988075;1.972;sun;On;On;Receiver;Off;-46.651684;-69.27497;0.0022944445;None;NO
16260;99.988075;1.9723;sun;On;On;Receiver;Off;-47.340927;-68.70141;0.0022944445;None;NO
16270;99.988075;1.9726;sun;On;On;Receiver;Off;-47.998093;-68.125374;0.0022944445;None;NO
16280;99.988075;1.9729;sun;On;On;Receiver;Off;-48.625515;-67.54705;0.0022944445;None;NO
16290;99.988075;1.9732;sun;On;On;Receiver;Off;-49.225307;-66.96661;0.0022944445;None;NO
16300;99.988075;1.9735;sun;On;On;Receiver;Off;-49.799408;-66.384224;0.0022944445;None;NO
16310;99.988075;1.9738;sun;On;On;Receiver;Off;-50.349583;-65.80002;0.0022944445;None;NO
16320;99.988075;1.9741;sun;On;On;Receiver;Off;-50.877445;-65.21412;0.0022944445;None;NO
16330;99.988075;1.9744;sun;On;On;Receiver;Off;-51.38447;-64.626656;0.0022944445;None;NO
16340;99.988075;1.9747;sun;On;On;Receiver;Off;-51.87202;-64.037735;0.0022944445;None;NO
16350;99.988075;1.975;sun;On;On;Receiver;Off;-52.34134;-63.44744;0.0022944445;None;NO
16360;99.988075;1.9753;sun;On;On;Receiver;Off;-52.793568;-62.855877;0.0022944445;None;NO
16370;99.988075;1.9756;sun;On;On;Receiver;Off;-53.229767;-62.263115;0.0022944445;None;NO
16380;99.988075;1.9759;sun;On;On;Receiver;Off;-53.65091;-61.66924;0.0022944445;None;NO
16390;99.988075;1.9762;sun;On;On;Receiver;Off;-54.057896;-61.074314;0.0022944445;None;NO
16400;99.988075;1.9765;sun;On;On;Receiver;Off;-54.45155;-60.4784;0.0022944445;None;NO
16410;99.988075;1.9768;sun;On;On;Receiver;Off;-54.83265;-59.88156;0.0022944445;None;NO
16420;99.988075;1.9771;sun;On;On;Receiver;Off;-55.201904;-59.28385;0.0022944445;None;NO
16430;99.988075;1.9774;sun;On;On;Receiver;Off;-55.559975;-58.68532;0.0022944445;None;NO
16440;99.988075;1.9777;sun;On;On;Receiver;Off;-55.90748;-58.086014;0.0022944445;None;NO
16450;99.988075;1.978;sun;On;On;Receiver;Off;-56.24499;-57.485977;0.0022944445;None;NO
16460;99.988075;1.9783;sun;On;On;Receiver;Off;-56.57304;-56.885246;0.0022944445;None;NO
16470;99.988075;1.9786;sun;On;On;Receiver;Off;-56.892128;-56.283863;0.0022944445;None;NO
16480;99.988075;1.9789;sun;On;On;Receiver;Off;-57.202717;-55.68186;0.0022944445;None;NO
16490;99.988075;1.9792;sun;On;On;Receiver;Off;-57.505238;-55.079273;0.0022944445;None;NO
16500;99.988075;1.9795;sun;On;On;Receiver;Off;-57.800102;-54.476124;0.0022944445;None;NO
16510;99.988075;1.9798;sun;On;On;Receiver;Off;-58.087685;-53.87245;0.0022944445;None;NO
16520;99.988075;1.9801;sun;On;On;Receiver;Off;-58.368347;-53.268272;0.0022944445;None;NO
16530;99.988075;1.9804;sun;On;On;Receiver;Off;-58.642418;-52.66362;0.0022944445;None;NO
16540;99.988075;1.9807;sun;On;On;Receiver;Off;-58.910217;-52.058514;0.0022944445;None;NO
16550;99.988075;1.981;sun;On;On;Receiver;Off;-59.17203;-51.452972;0.0022944445;None;NO
16560;99.988075;1.9813;sun;On;On;Receiver;Off;-59.42815;-50.847023;0.0022944445;None;NO
16570;99.988075;1.9816;sun;On;On;Receiver;Off;-59.678825;-50.24068;0.0022944445;None;NO
16580;99.988075;1.9819;sun;On;On;Receiver;Off;-59.924305;-49.63396;0.0022944445;None;NO
16590;99.988075;1.9822;sun;On;On;Receiver;Off;-60.164825;-49.026886;0.0022944445;None;NO
16600;99.988075;1.9825;sun;On;On;Receiver;Off;-60.4006;-48.41947;0.0022944445;None;NO
16610;99.988075;1.9828;sun;On;On;Receiver;Off;-60.631844;-47.81173;0.0022944445;None;NO
16620;99.988075;1.9831;sun;On;On;Receiver;Off;-60.85875;-47.20368;0.0022944445;None;NO
16630;99.988075;1.9834;sun;On;On;Receiver;Off;-61.0815;-46.59533;0.0022944445;None;NO
16640;99.988075;1.9837;sun;On;On;Receiver;Off;-61.300274;-45.98669;0.0022944445;None;NO
16650;99.988075;1.984;sun;On;On;Receiver;Off;-61.51524;-45.377785;0.0022944445;None;NO
16660;99.988075;1.9843;sun;On;On;Receiver;Off;-61.72655;-44.768612;0.0022944445;None;NO
16670;99.988075;1.9846;sun;On;On;Receiver;Off;-61.93436;-44.15919;0.0022944445;None;NO
16680;99.988075;1.9849;sun;On;On;Receiver;Off;-62.13881;-43.54953;0.0022944445;None;NO
16690;99.988075;1.9852;sun;On;On;Receiver;Off;-62.340034;-42.93964;0.0022944445;None;NO
16700;99.988075;1.9855;sun;On;On;Receiver;Off;-62.538166;-42.32953;0.0022944445;None;NO
16710;99.988075;1.9858;sun;On;On;Receiver;Off;-62.733322;-41.719204;0.0022944445;None;NO
16720;99.988075;1.9861;sun;On;On;Receiver;Off;-62.925625;-41.108673;0.0022944445;PCD2;NO
16730;99.966415;1.99152;sun;On;On;Receiver;Auto;-63.115185;-40.497948;0.006461111;PCD2;NO
16740;99.966415;1.99694;sun;On;On;Receiver;Auto;-63.302105;-39.88704;0.006461111;PCD2;NO
16750;99.966415;2.00236;sun;On;On;Receiver;Auto;-63.48649;-39.275944;0.006461111;PCD2;NO
16760;99.966415;2.00778;sun;On;On;Receiver;Auto;-63.66843;-38.664677;0.006461111;PCD2;NO
16770;99.966415;2.0132;sun;On;On;Receiver;Auto;-63.848026;-38.053246;0.006461111;PCD2;NO
16780;99.966415;2.01862;sun;On;On;Receiver;Auto;-64.02537;-37.44165;0.006461111;PCD2;NO
16790;99.966415;2.02404;sun;On;On;Receiver;Auto;-64.20053;-36.8299;0.006461111;PCD2;NO
16800;99.966415;2.02946;sun;On;On;Receiver;Auto;-64.3736;-36.218002;0.006461111;PCD2;NO
16810;99.966415;2.03488;sun;On;On;Receiver;Auto;-64.544655;-35.60596;0.006461111;PCD2;NO
16820;99.966415;2.0403;sun;On;On;Receiver;Auto;-64.71377;-34.993782;0.006461111;PCD2;NO
16830;99.966415;2.04572;sun;On;On;Receiver;Auto;-64.88101;-34.38147;0.006461111;PCD2;NO
16840;99.966415;2.05114;sun;On;On;Receiver;Auto;-65.046455;-33.76903;0.006461111;PCD2;NO
16850;99.966415;2.05656;sun;On;On;Receiver;Auto;-65.21017;-33.156467;0.006461111;PCD2;NO
16860;99.966415;2.06198;sun;On;On;Receiver;Auto;-65.37221;-32.543785;0.006461111;PCD2;NO
16870;99.966415;2.0674;sun;On;On;Receiver;Auto;-65.53263;-31.930988;0.006461111;PCD2;NO
16880;99.966415;2.07282;sun;On;On;Receiver;Auto;-65.691505;-31.318083;0.006461111;PCD2;NO
16890;99.966415;2.07824;sun;On;On;Receiver;Auto;-65.848885;-30.70507;0.006461111;PCD2;NO
16900;99.966415;2.08366;sun;On;On;Receiver;Auto;-66.004814;-30.091955;0.006461111;PCD2;NO
16910;99.966415;2.08908;sun;On;On;Receiver;Auto;-66.15936;-29.478743;0.006461111;PCD2;NO
16920;99.966415;2.0945;sun;On;On;Receiver;Auto;-66.31257;-28.865435;0.006461111;PCD2;NO
16930;99.966415;2.09992;sun;On;On;Receiver;Auto;-66.464485;-28.252035;0.006461111;PCD2;NO
16940;99.966415;2.10534;sun;On;On;Receiver;Auto;-66.61516;-27.638546;0.006461111;PCD2;NO
16950;99.966415;2.11076;sun;On;On;Receiver;Auto;-66.76463;-27.024975;0.006461111;PCD2;NO
16960;99.966415;2.11618;sun;On;On;Receiver;Auto;-66.91295;-26.41132;0.006461111;PCD2;NO
16970;99.966415;2.1216;sun;On;On;Receiver;Auto;-67.06016;-25.797586;0.006461111;PCD2;NO
16980;99.966415;2.12702;sun;On;On;Receiver;Auto;-67.20629;-25.183777;0.006461111;PCD2;NO
16990;99.966415;2.13244;sun;On;On;Receiver;Auto;-67.351395;-24.569895;0.006461111;PCD2;NO
17000;99.966415;2.13786;sun;On;On;Receiver;Auto;-67.49551;-23.955942;0.006461111;PCD2;NO
17010;99.966415;2.14328;sun;On;On;Receiver;Auto;-67.638664;-23.34192;0.006461111;PCD2;NO
17020;99.966415;2.1487;sun;On;On;Receiver;Auto;-67.7809;-22.727835;0.006461111;PCD2;NO
17030;99.966415;2.15412;sun;On;On;Receiver;Auto;-67.92225;-22.113686;0.006461111;PCD2;NO
17040;99.966415;2.15954;sun;On;On;Receiver;Auto;-68.06275;-21.499477;0.006461111;PCD2;NO
17050;99.966415;2.16496;sun;On;On;Receiver;Auto;-68.20243;-20.885212;0.006461111;PCD2;NO
17060;99.966415;2.17038;sun;On;On;Receiver;Auto;-68.34133;-20.27089;0.006461111;PCD2;NO
17070;99.966415;2.1758;sun;On;On;Receiver;Auto;-68.47948;-19.656513;0.006461111;PCD2;NO
17080;99.966415;2.18122;sun;On;On;Receiver;Auto;-68.6169;-19.042086;0.006461111;PCD2;NO
17090;99.966415;2.18664;sun;On;On;Receiver;Auto;-68.75363;-18.42761;0.006461111;PCD2;NO
17100;99.966415;2.18694;sun;On;On;Receiver;Auto;-68.889694;-17.813087;0.006461111;None;NO
17110;99.988075;2.18724;sun;On;On;Receiver;Off;-69.02512;-17.198519;0.0022944445;None;NO
17120;99.988075;2.18754;sun;On;On;Receiver;Off;-69.15995;-16.583906;0.0022944445;None;NO
17130;99.988075;2.18784;sun;On;On;Receiver;Off;-69.29419;-15.969254;0.0022944445;None;NO
17140;99.988075;2.18814;sun;On;On;Receiver;Off;-69.42788;-15.354562;0.0022944445;None;NO
17150;99.988075;2.18844;sun;On;On;Receiver;Off;-69.561035;-14.739832;0.0022944445;None;NO
17160;99.988075;2.18874;sun;On;On;Receiver;Off;-69.693695;-14.125066;0.0022944445;None;NO
17170;99.988075;2.18904;sun;On;On;Receiver;Off;-69.82587;-13.510266;0.0022944445;None;NO
17180;99.988075;2.18934;sun;On;On;Receiver;Off;-69.957596;-12.895433;0.0022944445;None;NO
17190;99.988075;2.18964;sun;On;On;Receiver;Off;-70.08889;-12.280571;0.0022944445;None;NO
17200;99.988075;2.18994;sun;On;On;Receiver;Off;-70.21977;-11.665679;0.0022944445;None;NO
17210;99.988075;2.19024;sun;On;On;Receiver;Off;-70.35028;-11.05076;0.0022944445;None;NO
17220;99.988075;2.19054;sun;On;On;Receiver;Off;-70.48042;-10.435815;0.0022944445;None;NO
17230;99.988075;2.19084;sun;On;On;Receiver;Off;-70.61023;-9.820846;0.0022944445;None;NO
17240;99.988075;2.19114;sun;On;On;Receiver;Off;-70.73972;-9.205853;0.0022944445;None;NO
17250;99.988075;2.19144;sun;On;On;Receiver;Off;-70.86892;-8.59084;0.0022944445;PCD3;NO
17260;99.966415;2.19686;sun;On;On;Receiver;Auto;-70.99784;-7.9758077;0.006461111;PCD3;NO
17270;99.966415;2.20228;sun;On;On;Receiver;Auto;-71.12651;-7.3607564;0.006461111;PCD3;NO
17280;99.966415;2.2077;sun;On;On;Receiver;Auto;-71.25495;-6.745689;0.006461111;PCD3;NO
17290;99.966415;2.21312;sun;On;On;Receiver;Auto;-71.38319;-6.1306057;0.006461111;PCD3;NO
17300;99.966415;2.21854;sun;On;On;Receiver;Auto;-71.51123;-5.515509;0.006461111;PCD3;NO
17310;99.966415;2.22396;sun;On;On;Receiver;Auto;-71.63911;-4.9003997;0.006461111;PCD3;NO
17320;99.966415;2.22938;sun;On;On;Receiver;Auto;-71.76683;-4.2852793;0.006461111;PCD3;NO
17330;99.966415;2.2348;sun;On;On;Receiver;Auto;-71.89443;-3.6701496;0.006461111;PCD3;NO
17340;99.966415;2.24022;sun;On;On;Receiver;Auto;-72.02192;-3.0550115;0.006461111;PCD3;NO
17350;99.966415;2.24564;sun;On;On;Receiver;Auto;-72.14932;-2.4398665;0.006461111;PCD3;NO
17360;99.966415;2.25106;sun;On;On;Receiver;Auto;-72.27666;-1.8247163;0.006461111;PCD3;NO
17370;99.966415;2.25648;sun;On;On;Receiver;Auto;-72.40394;-1.209562;0.006461111;PCD3;NO
17380;99.966415;2.2619;sun;On;On;Receiver;Auto;-72.5312;-0.59440494;0.006461111;PCD3;NO
17390;99.966415;2.26732;sun;On;On;Receiver;Auto;-72.65845;0.020753413;0.006461111;PCD3;NO
17400;99.966415;2.27274;sun;On;On;Receiver;Auto;-72.785706;0.63591176;0.006461111;PCD3;NO
17410;99.966415;2.27816;sun;On;On;Receiver;Auto;-72.912994;1.2510686;0.006461111;PCD3;NO
17420;99.966415;2.28358;sun;On;On;Receiver;Auto;-73.04034;1.8662227;0.006461111;PCD3;NO
17430;99.966415;2.289;sun;On;On;Receiver;Auto;-73.16774;2.4813728;0.006461111;PCD3;NO
17440;99.966415;2.29442;sun;On;On;Receiver;Auto;-73.29524;3.096517;0.006461111;PCD3;NO
17450;99.966415;2.29984;sun;On;On;Receiver;Auto;-73.42285;3.7116547;0.006461111;PCD3;NO
17460;99.966415;2.30526;sun;On;On;Receiver;Auto;-73.55059;4.326784;0.006461111;PCD3;NO
17470;99.966415;2.31068;sun;On;On;Receiver;Auto;-73.67848;4.9419036;0.006461111;PCD3;NO
17480;99.966415;2.3161;sun;On;On;Receiver;Auto;-73.80654;5.557012;0.006461111;PCD3;NO
17490;99.966415;2.32152;sun;On;On;Receiver;Auto;-73.934784;6.172108;0.006461111;PCD3;NO
17500;99.966415;2.32694;sun;On;On;Receiver;Auto;-74.06325;6.78719;0.006461111;PCD3;NO
17510;99.966415;2.33236;sun;On;On;Receiver;Auto;-74.19194;7.4022565;0.006461111;PCD3;NO
17520;99.966415;2.33778;sun;On;On;Receiver;Auto;-74.320885;8.017306;0.006461111;PCD3;NO
17530;99.966415;2.3432;sun;On;On;Receiver;Auto;-74.45011;8.632339;0.006461111;PCD3;NO
17540;99.966415;2.34862;sun;On;On;Receiver;Auto;-74.57963;9.24735;0.006461111;PCD3;NO
17550;99.966415;2.35404;sun;On;On;Receiver;Auto;-74.70946;9.86234;0.006461111;PCD3;NO
17560;99.966415;2.35946;sun;On;On;Receiver;Auto;-74.83963;10.477308;0.006461111;PCD3;NO
17570;99.966415;2.36488;sun;On;On;Receiver;Auto;-74.97017;11.092252;0.006461111;PCD3;NO
17580;99.966415;2.3703;sun;On;On;Receiver;Auto;-75.10109;11.707169;0.006461111;PCD3;NO
17590;99.966415;2.37572;sun;On;On;Receiver;Auto;-75.23242;12.322059;0.006461111;PCD3;NO
17600;99.966415;2.38114;sun;On;On;Receiver;Auto;-75.36418;12.936919;0.006461111;PCD3;NO
17610;99.966415;2.38656;sun;On;On;Receiver;Auto;-75.49641;13.551749;0.006461111;PCD3;NO
17620;99.966415;2.39198;sun;On;On;Receiver;Auto;-75.629105;14.166547;0.006461111;PCD3;NO
17630;99.966415;2.39228;sun;On;On;Receiver;Auto;-75.76231;14.781311;0.006461111;None;NO
17640;99.988075;2.39258;sun;On;On;Receiver;Off;-75.89604;15.396038;0.0022944445;None;NO
17650;99.988075;2.39288;sun;On;On;Receiver;Off;-76.03033;16.010727;0.0022944445;None;NO
17660;99.988075;2.39318;sun;On;On;Receiver;Off;-76.16521;16.625378;0.0022944445;None;NO
17670;99.988075;2.39348;sun;On;On;Receiver;Off;-76.30069;17.239986;0.0022944445;None;NO
17680;99.988075;2.39378;sun;On;On;Receiver;Off;-76.43681;17.854551;0.0022944445;None;NO
17690;99.988075;2.39408;sun;On;On;Receiver;Off;-76.5736;18.469072;0.0022944445;None;NO
17700;99.988075;2.39438;sun;On;On;Receiver;Off;-76.71108;19.083546;0.0022944445;None;NO
17710;99.988075;2.39468;sun;On;On;Receiver;Off;-76.8493;19.69797;0.0022944445;None;NO
17720;99.988075;2.39498;sun;On;On;Receiver;Off;-76.98826;20.312342;0.0022944445;None;NO
17730;99.988075;2.39528;sun;On;On;Receiver;Off;-77.12801;20.92666;0.0022944445;None;NO
17740;99.988075;2.39558;sun;On;On;Receiver;Off;-77.268585;21.540922;0.0022944445;None;NO
17750;99.988075;2.39588;sun;On;On;Receiver;Off;-77.41001;22.155127;0.0022944445;None;NO
17760;99.988075;2.39618;sun;On;On;Receiver;Off;-77.55233;22.769272;0.0022944445;None;NO
17770;99.988075;2.39648;sun;On;On;Receiver;Off;-77.695564;23.383352;0.0022944445;None;NO
17780;99.988075;2.39678;sun;On;On;Receiver;Off;-77.83976;23.99737;0.0022944445;None;NO
17790;99.988075;2.39708;sun;On;On;Receiver;Off;-77.984955;24.611317;0.0022944445;None;NO
17800;99.988075;2.39738;sun;On;On;Receiver;Off;-78.13118;25.225195;0.0022944445;None;NO
17810;99.988075;2.39768;sun;On;On;Receiver;Off;-78.27848;25.838999;0.0022944445;None;NO
17820;99.988075;2.39798;sun;On;On;Receiver;Off;-78.426895;26.452726;0.0022944445;None;NO
17830;99.988075;2.39828;sun;On;On;Receiver;Off;-78.57647;27.066376;0.0022944445;None;NO
17840;99.988075;2.39858;sun;On;On;Receiver;Off;-78.72725;27.679943;0.0022944445;None;NO
17850;99.988075;2.39888;sun;On;On;Receiver;Off;-78.87928;28.293427;0.0022944445;None;NO
17860;99.988075;2.39918;sun;On;On;Receiver;Off;-79.0326;28.906818;0.0022944445;None;NO
17870;99.988075;2.39948;sun;On;On;Receiver;Off;-79.18726;29.52012;0.0022944445;None;NO
17880;99.988075;2.39978;sun;On;On;Receiver;Off;-79.34332;30.133327;0.0022944445;None;NO
17890;99.988075;2.40008;sun;On;On;Receiver;Off;-79.500824;30.746435;0.0022944445;None;NO
17900;99.988075;2.40038;sun;On;On;Receiver;Off;-79.65983;31.359442;0.0022944445;None;NO
17910;99.988075;2.40068;sun;On;On;Receiver;Off;-79.8204;31.97234;0.0022944445;None;NO
17920;99.988075;2.40098;sun;On;On;Receiver;Off;-79.982574;32.58513;0.0022944445;None;NO
17930;99.988075;2.40128;sun;On;On;Receiver;Off;-80.14643;33.197803;0.0022944445;None;NO
17940;99.988075;2.40158;sun;On;On;Receiver;Off;-80.31203;33.810356;0.0022944445;None;NO
17950;99.988075;2.40188;sun;On;On;Receiver;Off;-80.47943;34.42279;0.0022944445;None;NO
17960;99.988075;2.40218;sun;On;On;Receiver;Off;-80.64871;35.03509;0.0022944445;None;NO
17970;99.988075;2.40248;sun;On;On;Receiver;Off;-80.81994;35.647263;0.0022944445;None;NO
17980;99.988075;2.40278;sun;On;On;Receiver;Off;-80.993195;36.259293;0.0022944445;None;NO
17990;99.988075;2.40308;sun;On;On;Receiver;Off;-81.16854;36.87118;0.0022944445;None;NO
18000;99.988075;2.40338;sun;On;On;Receiver;Off;-81.34607;37.48292;0.0022944445;None;NO
18010;99.988075;2.40368;sun;On;On;Receiver;Off;-81.52586;38.094505;0.0022944445;None;NO
18020;99.988075;2.40398;sun;On;On;Receiver;Off;-81.708015;38.70593;0.0022944445;None;NO
18030;99.988075;2.40428;sun;On;On;Receiver;Off;-81.89262;39.31718;0.0022944445;None;NO
18040;99.988075;2.40458;sun;On;On;Receiver;Off;-82.079765;39.928265;0.0022944445;None;NO
18050;99.988075;2.40488;sun;On;On;Receiver;Off;-82.269554;40.53916;0.0022944445;None;NO
18060;99.988075;2.40518;sun;On;On;Receiver;Off;-82.4621;41.149876;0.0022944445;None;NO
18070;99.988075;2.40548;sun;On;On;Receiver;Off;-82.65751;41.76039;0.0022944445;None;NO
18080;99.988075;2.40578;sun;On;On;Receiver;Off;-82.8559;42.3707;0.0022944445;None;NO
18090;99.988075;2.40608;sun;On;On;Receiver;Off;-83.0574;42.980797;0.0022944445;None;NO
18100;99.988075;2.40638;sun;On;On;Receiver;Off;-83.26214;43.590675;0.0022944445;None;NO
18110;99.988075;2.40668;sun;On;On;Receiver;Off;-83.470245;44.20032;0.0022944445;None;NO
18120;99.988075;2.40698;sun;On;On;Receiver;Off;-83.68187;44.809723;0.0022944445;None;NO
18130;99.988075;2.40728;sun;On;On;Receiver;Off;-83.89716;45.418877;0.0022944445;None;NO
18140;99.988075;2.40758;sun;On;On;Receiver;Off;-84.11627;46.027767;0.0022944445;None;NO
18150;99.988075;2.40788;sun;On;On;Receiver;Off;-84.33938;46.636383;0.0022944445;None;NO
18160;99.988075;2.40818;sun;On;On;Receiver;Off;-84.56665;47.244717;0.0022944445;None;NO
18170;99.988075;2.40848;sun;On;On;Receiver;Off;-84.79828;47.85275;0.0022944445;None;NO
18180;99.988075;2.40878;sun;On;On;Receiver;Off;-85.03446;48.46047;0.0022944445;None;NO
18190;99.988075;2.40908;sun;On;On;Receiver;Off;-85.2754;49.06786;0.0022944445;None;NO
18200;99.988075;2.40938;sun;On;On;Receiver;Off;-85.521324;49.67491;0.0022944445;None;NO
18210;99.988075;2.40968;sun;On;On;Receiver;Off;-85.77246;50.281605;0.0022944445;None;NO
18220;99.988075;2.40998;sun;On;On;Receiver;Off;-86.02906;50.88792;0.0022944445;None;NO
18230;99.988075;2.41028;sun;On;On;Receiver;Off;-86.29138;51.493843;0.0022944445;None;NO
18240;99.988075;2.41058;sun;On;On;Receiver;Off;-86.559715;52.099354;0.0022944445;None;NO
18250;99.988075;2.41088;sun;On;On;Receiver;Off;-86.83434;52.704433;0.0022944445;None;NO
18260;99.988075;2.41118;sun;On;On;Receiver;Off;-87.11559;53.309055;0.0022944445;None;NO
18270;99.988075;2.41148;sun;On;On;Receiver;Off;-87.40379;53.9132;0.0022944445;None;NO
18280;99.988075;2.41178;sun;On;On;Receiver;Off;-87.69931;54.516838;0.0022944445;None;NO
18290;99.988075;2.41208;sun;On;On;Receiver;Off;-88.00251;55.11995;0.0022944445;None;NO
18300;99.988075;2.41238;sun;On;On;Receiver;Off;-88.31382;55.7225;0.0022944445;None;NO
18310;99.988075;2.41268;sun;On;On;Receiver;Off;-88.63367;56.324463;0.0022944445;None;NO
18320;99.988075;2.41298;sun;On;On;Receiver;Off;-88.96252;56.9258;0.0022944445;None;NO
18330;99.988075;2.41328;sun;On;On;Receiver;Off;-89.30087;57.526485;0.0022944445;None;NO
18340;99.988075;2.41358;sun;On;On;Receiver;Off;-89.64928;58.126476;0.0022944445;None;NO
18350;99.988075;2.41388;sun;On;On;Receiver;Off;-90.00829;58.72573;0.0022944445;None;NO
18360;99.988075;2.41418;sun;On;On;Receiver;Off;-90.37855;59.324207;0.0022944445;None;NO
18370;99.988075;2.41448;sun;On;On;Receiver;Off;-90.760704;59.92186;0.0022944445;None;NO
18380;99.988075;2.41478;sun;On;On;Receiver;Off;-91.15549;60.51864;0.0022944445;None;NO
18390;99.988075;2.41508;sun;On;On;Receiver;Off;-91.56367;61.114487;0.0022944445;None;NO
18400;99.988075;2.41538;sun;On;On;Receiver;Off;-91.98608;61.709343;0.0022944445;None;NO
18410;99.988075;2.41568;sun;On;On;Receiver;Off;-92.42363;62.303146;0.0022944445;None;NO
18420;99.988075;2.41598;sun;On;On;Receiver;Off;-92.8773;62.89583;0.0022944445;None;NO
18430;99.988075;2.41628;sun;On;On;Receiver;Off;-93.34815;63.487312;0.0022944445;None;NO
18440;99.988075;2.41658;sun;On;On;Receiver;Off;-93.83734;64.077515;0.0022944445;None;NO
18450;99.988075;2.41688;sun;On;On;Receiver;Off;-94.34612;64.66634;0.0022944445;None;NO
18460;99.988075;2.41718;sun;On;On;Receiver;Off;-94.875854;65.25371;0.0022944445;None;NO
18470;99.988075;2.41748;sun;On;On;Receiver;Off;-95.42804;65.83949;0.0022944445;None;NO
18480;99.988075;2.41778;sun;On;On;Receiver;Off;-96.0043;66.42358;0.0022944445;None;NO
18490;99.988075;2.41808;sun;On;On;Receiver;Off;-96.606415;67.005844;0.0022944445;None;NO
18500;99.988075;2.41838;sun;On;On;Receiver;Off;-97.23633;67.58614;0.0022944445;None;NO
18510;99.988075;2.41868;sun;On;On;Receiver;Off;-97.89618;68.164314;0.0022944445;None;NO
18520;99.988075;2.41898;sun;On;On;Receiver;Off;-98.588326;68.74019;0.0022944445;None;NO
18530;99.988075;2.41928;sun;On;On;Receiver;Off;-99.31533;69.313576;0.0022944445;None;NO
18540;99.988075;2.41958;sun;On;On;Receiver;Off;-100.080055;69.884254;0.0022944445;None;NO
18550;99.988075;2.41988;sun;On;On;Receiver;Off;-100.88562;70.451996;0.0022944445;None;NO
18560;99.988075;2.42018;sun;On;On;Receiver;Off;-101.7355;71.01653;0.0022944445;None;NO
18570;99.988075;2.42048;sun;On;On;Receiver;Off;-102.63351;71.57757;0.0022944445;None;NO
18580;99.988075;2.42078;sun;On;On;Receiver;Off;-103.58389;72.13477;0.0022944445;None;NO
18590;99.988075;2.42108;sun;On;On;Receiver;Off;-104.591324;72.687775;0.0022944445;None;NO
18600;99.988075;2.42138;sun;On;On;Receiver;Off;-105.66102;73.23617;0.0022944445;None;NO
18610;99.988075;2.42168;sun;On;On;Receiver;Off;-106.79871;73.779465;0.0022944445;None;NO
18620;99.988075;2.42198;sun;On;On;Receiver;Off;-108.010796;74.31716;0.0022944445;None;NO
18630;99.988075;2.42228;sun;On;On;Receiver;Off;-109.30432;74.84863;0.0022944445;None;NO
18640;99.988075;2.42258;sun;On;On;Receiver;Off;-110.687096;75.37322;0.0022944445;None;NO
18650;99.988075;2.42288;sun;On;On;Receiver;Off;-112.167725;75.89016;0.0022944445;None;NO
18660;99.988075;2.42318;sun;On;On;Receiver;Off;-113.75569;76.39855;0.0022944445;None;NO
18670;99.988075;2.42348;sun;On;On;Receiver;Off;-115.461334;76.89743;0.0022944445;None;NO
18680;99.988075;2.42378;sun;On;On;Receiver;Off;-117.295906;77.38565;0.0022944445;None;NO
18690;99.988075;2.42408;sun;On;On;Receiver;Off;-119.27154;77.86192;0.0022944445;None;NO
18700;99.988075;2.42438;sun;On;On;Receiver;Off;-121.40108;78.3248;0.0022944445;None;NO
18710;99.988075;2.42468;sun;On;On;Receiver;Off;-123.69798;78.77261;0.0022944445;None;NO
18720;99.988075;2.42498;sun;On;On;Receiver;Off;-126.17591;79.20348;0.0022944445;None;NO
18730;99.988075;2.42528;sun;On;On;Receiver;Off;-128.84828;79.61532;0.0022944445;None;NO
18740;99.988075;2.42558;sun;On;On;Receiver;Off;-131.72754;80.005745;0.0022944445;None;NO
18750;99.988075;2.42588;sun;On;On;Receiver;Off;-134.8242;80.37218;0.0022944445;None;NO
18760;99.988075;2.42618;sun;On;On;Receiver;Off;-138.14561;80.711754;0.0022944445;None;NO
18770;99.988075;2.42648;sun;On;On;Receiver;Off;-141.69446;81.02145;0.0022944445;None;NO
18780;99.988075;2.42678;sun;On;On;Receiver;Off;-145.46712;81.29805;0.0022944445;None;NO
18790;99.988075;2.42708;sun;On;On;Receiver;Off;-149.4521;81.53833;0.0022944445;None;NO
18800;99.988075;2.42738;sun;On;On;Receiver;Off;-153.62871;81.739105;0.0022944445;None;NO
18810;99.988075;2.42768;sun;On;On;Receiver;Off;-157.96635;81.89744;0.0022944445;None;NO
18820;99.988075;2.42798;sun;On;On;Receiver;Off;-162.42503;82.01082;0.0022944445;None;NO
18830;99.988075;2.42828;sun;On;On;Receiver;Off;-166.95688;82.0773;0.0022944445;None;NO
18840;99.988075;2.42858;sun;On;On;Receiver;Off;-171.50893;82.09571;0.0022944445;None;NO
18850;99.988075;2.42888;sun;On;On;Receiver;Off;-176.02675;82.06571;0.0022944445;None;NO
18860;99.988075;2.42918;sun;On;On;Receiver;Off;179.5416;81.98785;0.0022944445;None;NO
18870;99.988075;2.42948;sun;On;On;Receiver;Off;175.2422;81.86349;0.0022944445;None;NO
18880;99.988075;2.42978;sun;On;On;Receiver;Off;171.1127;81.694725;0.0022944445;None;NO
18890;99.97615;2.43008;ecl;On;On;Receiver;Off;167.18112;81.4842;0.0022944445;None;NO
18900;99.964226;2.43038;ecl;On;On;Receiver;Off;163.46568;81.23492;0.0022944445;None;NO
18910;99.9523;2.43068;ecl;On;On;Receiver;Off;159.97571;80.95009;0.0022944445;None;NO
18920;99.94038;2.43098;ecl;On;On;Receiver;Off;156.713;80.63294;0.0022944445;None;NO
18930;99.928444;2.43128;ecl;On;On;Receiver;Off;153.67351;80.28665;0.0022944445;None;NO
18940;99.91652;2.43158;ecl;On;On;Receiver;Off;150.84895;79.91422;0.0022944445;None;NO
18950;99.904594;2.43188;ecl;On;On;Receiver;Off;148.2282;79.51843;0.0022944445;None;NO
18960;99.89267;2.43218;ecl;On;On;Receiver;Off;145.79848;79.10183;0.0022944445;None;NO
18970;99.880745;2.43248;ecl;On;On;Receiver;Off;143.54625;78.66671;0.0022944445;None;NO
18980;99.86882;2.43278;ecl;On;On;Receiver;Off;141.45784;78.215126;0.0022944445;None;NO
18990;99.856895;2.43308;ecl;On;On;Receiver;Off;139.51997;77.74889;0.0022944445;None;NO
19000;99.84497;2.43338;ecl;On;On;Receiver;Off;137.71992;77.26963;0.0022944445;None;NO
19010;99.833046;2.43368;ecl;On;On;Receiver;Off;136.0458;76.77875;0.0022944445;None;NO
19020;99.82112;2.43398;ecl;On;On;Receiver;Off;134.48662;76.27749;0.0022944445;None;NO
19030;99.8092;2.43428;ecl;On;On;Receiver;Off;133.0322;75.76696;0.0022944445;None;NO
19040;99.79727;2.43458;ecl;On;On;Receiver;Off;131.67334;75.248116;0.0022944445;None;NO
19050;99.78534;2.43488;ecl;On;On;Receiver;Off;130.40164;74.72181;0.0022944445;None;NO
19060;99.773415;2.43518;ecl;On;On;Receiver;Off;129.20947;74.18878;0.0022944445;None;NO
19070;99.76149;2.43548;ecl;On;On;Receiver;Off;128.08998;73.6497;0.0022944445;None;NO
19080;99.749565;2.43578;ecl;On;On;Receiver;Off;127.03695;73.105125;0.0022944445;None;NO
19090;99.73764;2.43608;ecl;On;On;Receiver;Off;126.04477;72.55559;0.0022944445;None;NO
19100;99.725716;2.43638;ecl;On;On;Receiver;Off;125.10839;72.00154;0.0022944445;None;NO
19110;99.71379;2.43668;ecl;On;On;Receiver;Off;124.223236;71.44339;0.0022944445;None;NO
19120;99.701866;2.43698;ecl;On;On;Receiver;Off;123.38519;70.881485;0.0022944445;None;NO
19130;99.68994;2.43728;ecl;On;On;Receiver;Off;122.59052;70.316154;0.0022944445;None;NO
19140;99.67802;2.43758;ecl;On;On;Receiver;Off;121.83586;69.74769;0.0022944445;None;NO
19150;99.66609;2.43788;ecl;On;On;Receiver;Off;121.11815;69.17634;0.0022944445;None;NO
19160;99.65417;2.43818;ecl;On;On;Receiver;Off;120.43461;68.60233;0.0022944445;None;NO
19170;99.642235;2.43848;ecl;On;On;Receiver;Off;119.78272;68.025894;0.0022944445;None;NO
19180;99.63031;2.43878;ecl;On;On;Receiver;Off;119.16021;67.4472;0.0022944445;None;NO
19190;99.618385;2.43908;ecl;On;On;Receiver;Off;118.56497;66.86641;0.0022944445;None;NO
19200;99.60646;2.43938;ecl;On;On;Receiver;Off;117.99512;66.2837;0.0022944445;None;NO
19210;99.594536;2.43968;ecl;On;On;Receiver;Off;117.4489;65.69919;0.0022944445;None;NO
19220;99.58261;2.43998;ecl;On;On;Receiver;Off;116.92473;65.113014;0.0022944445;None;NO
19230;99.57069;2.44028;ecl;On;On;Receiver;Off;116.42115;64.52529;0.0022944445;None;NO
19240;99.55876;2.44058;ecl;On;On;Receiver;Off;115.93683;63.936127;0.0022944445;None;NO
19250;99.54684;2.44088;ecl;On;On;Receiver;Off;115.470535;63.34561;0.0022944445;None;NO
19260;99.53491;2.44118;ecl;On;On;Receiver;Off;115.02114;62.753834;0.0022944445;None;NO
19270;99.52299;2.44148;ecl;On;On;Receiver;Off;114.5876;62.160877;0.0022944445;None;NO
19280;99.51106;2.44178;ecl;On;On;Receiver;Off;114.16896;61.56681;0.0022944445;None;NO
19290;99.49913;2.44208;ecl;On;On;Receiver;Off;113.76433;60.97171;0.0022944445;None;NO
19300;99.487206;2.44238;ecl;On;On;Receiver;Off;113.37289;60.375637;0.0022944445;None;NO
19310;99.47528;2.44268;ecl;On;On;Receiver;Off;112.99388;59.778645;0.0022944445;None;NO
19320;99.463356;2.44298;ecl;On;On;Receiver;Off;112.6266;59.18079;0.0022944445;None;NO
19330;99.45143;2.44328;ecl;On;On;Receiver;Off;112.27039;58.582123;0.0022944445;None;NO
19340;99.43951;2.44358;ecl;On;On;Receiver;Off;111.924644;57.982685;0.0022944445;None;NO
19350;99.42758;2.44388;ecl;On;On;Receiver;Off;111.588806;57.382526;0.0022944445;None;NO
19360;99.41566;2.44418;ecl;On;On;Receiver;Off;111.26233;56.78168;0.0022944445;None;NO
19370;99.40373;2.44448;ecl;On;On;Receiver;Off;110.94474;56.180187;0.0022944445;None;NO
19380;99.39181;2.44478;ecl;On;On;Receiver;Off;110.635574;55.578083;0.0022944445;None;NO
19390;99.37988;2.44508;ecl;On;On;Receiver;Off;110.3344;54.975395;0.0022944445;None;NO
19400;99.36796;2.44538;ecl;On;On;Receiver;Off;110.04082;54.372154;0.0022944445;None;NO
19410;99.356026;2.44568;ecl;On;On;Receiver;Off;109.75445;53.76839;0.0022944445;None;NO
19420;99.3441;2.44598;ecl;On;On;Receiver;Off;109.474945;53.16413;0.0022944445;None;NO
19430;99.33218;2.44628;ecl;On;On;Receiver;Off;109.20198;52.5594;0.0022944445;None;NO
19440;99.32025;2.44658;ecl;On;On;Receiver;Off;108.935234;51.954216;0.0022944445;None;NO
19450;99.30833;2.44688;ecl;On;On;Receiver;Off;108.674416;51.348602;0.0022944445;None;NO
19460;99.2964;2.44718;ecl;On;On;Receiver;Off;108.41926;50.742584;0.0022944445;None;NO
19470;99.28448;2.44748;ecl;On;On;Receiver;Off;108.169495;50.136173;0.0022944445;None;NO
19480;99.27255;2.44778;ecl;On;On;Receiver;Off;107.92488;49.529396;0.0022944445;None;NO
19490;99.26063;2.44808;ecl;On;On;Receiver;Off;107.685196;48.92226;0.0022944445;None;NO
19500;99.2487;2.44838;ecl;On;On;Receiver;Off;107.45022;48.31479;0.0022944445;None;NO
19510;99.23678;2.44868;ecl;On;On;Receiver;Off;107.219734;47.706993;0.0022944445;None;NO
19520;99.22485;2.44898;ecl;On;On;Receiver;Off;106.99356;47.09889;0.0022944445;None;NO
19530;99.21292;2.44928;ecl;On;On;Receiver;Off;106.7715;46.490486;0.0022944445;None;NO
19540;99.201;2.44958;ecl;On;On;Receiver;Off;106.5534;45.8818;0.0022944445;None;NO
19550;99.18907;2.44988;ecl;On;On;Receiver;Off;106.33907;45.272846;0.0022944445;None;NO
19560;99.17715;2.45018;ecl;On;On;Receiver;Off;106.12837;44.663635;0.0022944445;None;NO
19570;99.16522;2.45048;ecl;On;On;Receiver;Off;105.92116;44.054173;0.0022944445;None;NO
19580;99.1533;2.45078;ecl;On;On;Receiver;Off;105.71727;43.44447;0.0022944445;None;NO
19590;99.14137;2.45108;ecl;On;On;Receiver;Off;105.51659;42.834538;0.0022944445;None;NO
19600;99.12945;2.45138;ecl;On;On;Receiver;Off;105.31898;42.22439;0.0022944445;None;NO
19610;99.11752;2.45168;ecl;On;On;Receiver;Off;105.12432;41.61403;0.0022944445;None;NO
19620;99.1056;2.45198;ecl;On;On;Receiver;Off;104.932495;41.003468;0.0022944445;None;NO
19630;99.09367;2.45228;ecl;On;On;Receiver;Off;104.7434;40.392708;0.0022944445;None;NO
19640;99.08175;2.45258;ecl;On;On;Receiver;Off;104.55692;39.781765;0.0022944445;None;NO
19650;99.06982;2.45288;ecl;On;On;Receiver;Off;104.37297;39.170643;0.0022944445;None;NO
19660;99.05789;2.45318;ecl;On;On;Receiver;Off;104.19144;38.559345;0.0022944445;None;NO
19670;99.04597;2.45348;ecl;On;On;Receiver;Off;104.01224;37.947884;0.0022944445;None;NO
19680;99.03404;2.45378;ecl;On;On;Receiver;Off;103.83528;37.33626;0.0022944445;None;NO
19690;99.02212;2.45408;ecl;On;On;Receiver;Off;103.660484;36.724487;0.0022944445;None;NO
19700;99.01019;2.45438;ecl;On;On;Receiver;Off;103.48776;36.112564;0.0022944445;None;NO
19710;98.99827;2.45468;ecl;On;On;Receiver;Off;103.31705;35.5005;0.0022944445;None;NO
19720;98.98634;2.45498;ecl;On;On;Receiver;Off;103.14826;34.888298;0.0022944445;None;NO
19730;98.97442;2.45528;ecl;On;On;Receiver;Off;102.98133;34.275963;0.0022944445;None;NO
19740;98.962494;2.45558;ecl;On;On;Receiver;Off;102.81619;33.6635;0.0022944445;None;NO
19750;98.95057;2.45588;ecl;On;On;Receiver;Off;102.65277;33.050915;0.0022944445;None;NO
19760;98.93864;2.45618;ecl;On;On;Receiver;Off;102.49102;32.438213;0.0022944445;None;NO
19770;98.92671;2.45648;ecl;On;On;Receiver;Off;102.330864;31.8254;0.0022944445;None;NO
19780;98.91479;2.45678;ecl;On;On;Receiver;Off;102.17225;31.212475;0.0022944445;None;NO
19790;98.90286;2.45708;ecl;On;On;Receiver;Off;102.01513;30.599445;0.0022944445;None;NO
19800;98.89094;2.45738;ecl;On;On;Receiver;Off;101.859436;29.986313;0.0022944445;None;NO
19810;98.87901;2.45768;ecl;On;On;Receiver;Off;101.705124;29.373083;0.0022944445;None;NO
19820;98.86709;2.45798;ecl;On;On;Receiver;Off;101.55214;28.759758;0.0022944445;None;NO
19830;98.85516;2.45828;ecl;On;On;Receiver;Off;101.400444;28.146343;0.0022944445;None;NO
19840;98.84324;2.45858;ecl;On;On;Receiver;Off;101.24998;27.53284;0.0022944445;None;NO
19850;98.831314;2.45888;ecl;On;On;Receiver;Off;101.10071;26.919254;0.0022944445;None;NO
19860;98.81939;2.45918;ecl;On;On;Receiver;Off;100.95258;26.305586;0.0022944445;None;NO
19870;98.807465;2.45948;ecl;On;On;Receiver;Off;100.805565;25.69184;0.0022944445;None;NO
19880;98.79553;2.45978;ecl;On;On;Receiver;Off;100.659615;25.078016;0.0022944445;None;NO
19890;98.78361;2.46008;ecl;On;On;Receiver;Off;100.51468;24.46412;0.0022944445;None;NO
19900;98.77168;2.46038;ecl;On;On;Receiver;Off;100.370735;23.850157;0.0022944445;None;NO
19910;98.75976;2.46068;ecl;On;On;Receiver;Off;100.227745;23.236124;0.0022944445;None;NO
19920;98.74783;2.46098;ecl;On;On;Receiver;Off;100.08566;22.622028;0.0022944445;None;NO
19930;98.73591;2.46128;ecl;On;On;Receiver;Off;99.94446;22.00787;0.0022944445;None;NO
19940;98.72398;2.46158;ecl;On;On;Receiver;Off;99.8041;21.39365;0.0022944445;None;NO
19950;98.71206;2.46188;ecl;On;On;Receiver;Off;99.66456;20.779373;0.0022944445;None;NO
19960;98.700134;2.46218;ecl;On;On;Receiver;Off;99.52579;20.165043;0.0022944445;None;NO
19970;98.68821;2.46248;ecl;On;On;Receiver;Off;99.38777;19.550657;0.0022944445;None;NO
19980;98.676285;2.46278;ecl;On;On;Receiver;Off;99.250465;18.936222;0.0022944445;None;NO
19990;98.66436;2.46308;ecl;On;On;Receiver;Off;99.11385;18.321737;0.0022944445;None;NO
20000;98.65243;2.46338;ecl;On;On;Receiver;Off;98.9779;17.707207;0.0022944445;None;NO
20010;98.6405;2.46368;ecl;On;On;Receiver;Off;98.842575;17.09263;0.0022944445;None;NO
20020;98.62858;2.46398;ecl;On;On;Receiver;Off;98.707855;16.478012;0.0022944445;None;NO
20030;98.61665;2.46428;ecl;On;On;Receiver;Off;98.573715;15.863352;0.0022944445;None;NO
20040;98.60473;2.46458;ecl;On;On;Receiver;Off;98.44012;15.248652;0.0022944445;None;NO
20050;98.592804;2.46488;ecl;On;On;Receiver;Off;98.307045;14.633916;0.0022944445;None;NO
20060;98.58088;2.46518;ecl;On;On;Receiver;Off;98.17448;14.019145;0.0022944445;None;NO
20070;98.568954;2.46548;ecl;On;On;Receiver;Off;98.04238;13.404339;0.0022944445;None;NO
20080;98.55703;2.46578;ecl;On;On;Receiver;Off;97.91073;12.789501;0.0022944445;None;NO
20090;98.545105;2.46608;ecl;On;On;Receiver;Off;97.77951;12.174634;0.0022944445;None;NO
20100;98.53318;2.46638;ecl;On;On;Receiver;Off;97.64869;11.559737;0.0022944445;None;NO
20110;98.521255;2.46668;ecl;On;On;Receiver;Off;97.51825;10.944813;0.0022944445;None;NO
20120;98.50932;2.46698;ecl;On;On;Receiver;Off;97.38816;10.329864;0.0022944445;None;NO
20130;98.4974;2.46728;ecl;On;On;Receiver;Off;97.258415;9.7148905;0.0022944445;None;NO
20140;98.48547;2.46758;ecl;On;On;Receiver;Off;97.128975;9.099895;0.0022944445;None;NO
20150;98.47355;2.46788;ecl;On;On;Receiver;Off;96.999825;8.484879;0.0022944445;None;NO
20160;98.461624;2.46818;ecl;On;On;Receiver;Off;96.87095;7.869842;0.0022944445;None;NO
20170;98.4497;2.46848;ecl;On;On;Receiver;Off;96.74232;7.254788;0.0022944445;None;NO
20180;98.437775;2.46878;ecl;On;On;Receiver;Off;96.613914;6.6397176;0.0022944445;None;NO
20190;98.42585;2.46908;ecl;On;On;Receiver;Off;96.48572;6.024632;0.0022944445;None;NO
20200;98.413925;2.46938;ecl;On;On;Receiver;Off;96.357704;5.409533;0.0022944445;None;NO
20210;98.402;2.46968;ecl;On;On;Receiver;Off;96.22986;4.7944217;0.0022944445;None;NO
20220;98.390076;2.46998;ecl;On;On;Receiver;Off;96.10215;4.1793;0.0022944445;None;NO
20230;98.37815;2.47028;ecl;On;On;Receiver;Off;95.97457;3.5641682;0.0022944445;None;NO
20240;98.36622;2.47058;ecl;On;On;Receiver;Off;95.8471;2.949029;0.0022944445;None;NO
20250;98.354294;2.47088;ecl;On;On;Receiver;Off;95.71971;2.333883;0.0022944445;None;NO
20260;98.34237;2.47118;ecl;On;On;Receiver;Off;95.592384;1.718732;0.0022944445;None;NO
20270;98.330444;2.47148;ecl;On;On;Receiver;Off;95.4651;1.1035771;0.0022944445;None;NO
20280;98.31852;2.47178;ecl;On;On;Receiver;Off;95.33785;0.4884197;0.0022944445;None;NO
20290;98.306595;2.47208;ecl;On;On;Receiver;Off;95.2106;-0.12673874;0.0022944445;None;NO
20300;98.29467;2.47238;ecl;On;On;Receiver;Off;95.08334;-0.7418969;0.0022944445;None;NO
20310;98.282745;2.47268;ecl;On;On;Receiver;Off;94.95605;-1.3570534;0.0022944445;None;NO
20320;98.27082;2.47298;ecl;On;On;Receiver;Off;94.8287;-1.972207;0.0022944445;None;NO
20330;98.258896;2.47328;ecl;On;On;Receiver;Off;94.70127;-2.587356;0.0022944445;None;NO
20340;98.24697;2.47358;ecl;On;On;Receiver;Off;94.57375;-3.2024994;0.0022944445;None;NO
20350;98.23505;2.47388;ecl;On;On;Receiver;Off;94.44612;-3.8176355;0.0022944445;None;NO
20360;98.223114;2.47418;ecl;On;On;Receiver;Off;94.31836;-4.432763;0.0022944445;None;NO
20370;98.21119;2.47448;ecl;On;On;Receiver;Off;94.190445;-5.047881;0.0022944445;None;NO
20380;98.199265;2.47478;ecl;On;On;Receiver;Off;94.062355;-5.6629877;0.0022944445;None;NO
20390;98.18734;2.47508;ecl;On;On;Receiver;Off;93.93407;-6.278081;0.0022944445;None;NO
20400;98.175415;2.47538;ecl;On;On;Receiver;Off;93.80557;-6.893161;0.0022944445;None;NO
20410;98.16349;2.47568;ecl;On;On;Receiver;Off;93.676834;-7.5082245;0.0022944445;None;NO
20420;98.151566;2.47598;ecl;On;On;Receiver;Off;93.547844;-8.123271;0.0022944445;None;NO
20430;98.13964;2.47628;ecl;On;On;Receiver;Off;93.41857;-8.738299;0.0022944445;None;NO
20440;98.127716;2.47658;ecl;On;On;Receiver;Off;93.289;-9.353308;0.0022944445;None;NO
20450;98.11579;2.47688;ecl;On;On;Receiver;Off;93.15911;-9.968294;0.0022944445;None;NO
20460;98.10387;2.47718;ecl;On;On;Receiver;Off;93.02888;-10.583259;0.0022944445;None;NO
20470;98.09194;2.47748;ecl;On;On;Receiver;Off;92.89828;-11.198197;0.0022944445;None;NO
20480;98.08001;2.47778;ecl;On;On;Receiver;Off;92.76729;-11.81311;0.0022944445;None;NO
20490;98.068085;2.47808;ecl;On;On;Receiver;Off;92.63588;-12.427995;0.0022944445;None;NO
20500;98.05616;2.47838;ecl;On;On;Receiver;Off;92.50404;-13.0428505;0.0022944445;None;NO
20510;98.044235;2.47868;ecl;On;On;Receiver;Off;92.37174;-13.657675;0.0022944445;None;NO
20520;98.03231;2.47898;ecl;On;On;Receiver;Off;92.23896;-14.272467;0.0022944445;None;NO
20530;98.020386;2.47928;ecl;On;On;Receiver;Off;92.10567;-14.887224;0.0022944445;None;NO
20540;98.00846;2.47958;ecl;On;On;Receiver;Off;91.97184;-15.5019455;0.0022944445;None;NO
20550;97.99654;2.47988;ecl;On;On;Receiver;Off;91.83745;-16.116629;0.0022944445;None;NO
20560;97.98461;2.48018;ecl;On;On;Receiver;Off;91.70247;-16.731272;0.0022944445;None;NO
20570;97.97269;2.48048;ecl;On;On;Receiver;Off;91.56688;-17.345873;0.0022944445;None;NO
20580;97.96076;2.48078;ecl;On;On;Receiver;Off;91.43064;-17.96043;0.0022944445;None;NO
20590;97.94883;2.48108;ecl;On;On;Receiver;Off;91.29374;-18.574944;0.0022944445;None;NO
20600;97.936905;2.48138;ecl;On;On;Receiver;Off;91.15613;-19.189407;0.0022944445;None;NO
20610;97.92498;2.48168;ecl;On;On;Receiver;Off;91.01779;-19.803822;0.0022944445;None;NO
20620;97.913055;2.48198;ecl;On;On;Receiver;Off;90.87869;-20.418186;0.0022944445;None;NO
20630;97.90113;2.48228;ecl;On;On;Receiver;Off;90.7388;-21.032495;0.0022944445;None;NO
20640;97.889206;2.48258;ecl;On;On;Receiver;Off;90.59808;-21.646748;0.0022944445;None;NO
20650;97.87728;2.48288;ecl;On;On;Receiver;Off;90.456505;-22.260942;0.0022944445;None;NO
20660;97.86536;2.48318;ecl;On;On;Receiver;Off;90.31403;-22.875076;0.0022944445;None;NO
20670;97.85343;2.48348;ecl;On;On;Receiver;Off;90.17064;-23.489145;0.0022944445;None;NO
20680;97.84151;2.48378;ecl;On;On;Receiver;Off;90.02627;-24.103151;0.0022944445;None;NO
20690;97.82958;2.48408;ecl;On;On;Receiver;Off;89.880905;-24.717087;0.0022944445;None;NO
20700;97.81766;2.48438;ecl;On;On;Receiver;Off;89.7345;-25.330952;0.0022944445;None;NO
20710;97.805725;2.48468;ecl;On;On;Receiver;Off;89.587006;-25.944744;0.0022944445;None;NO
20720;97.7938;2.48498;ecl;On;On;Receiver;Off;89.43839;-26.558458;0.0022944445;None;NO
20730;97.781876;2.48528;ecl;On;On;Receiver;Off;89.28861;-27.172094;0.0022944445;None;NO
20740;97.76995;2.48558;ecl;On;On;Receiver;Off;89.13762;-27.785646;0.0022944445;None;NO
20750;97.758026;2.48588;ecl;On;On;Receiver;Off;88.985374;-28.399113;0.0022944445;None;NO
20760;97.7461;2.48618;ecl;On;On;Receiver;Off;88.831825;-29.012491;0.0022944445;None;NO
20770;97.73418;2.48648;ecl;On;On;Receiver;Off;88.676926;-29.625776;0.0022944445;None;NO
20780;97.72225;2.48678;ecl;On;On;Receiver;Off;88.52062;-30.238968;0.0022944445;None;NO
20790;97.71033;2.48708;ecl;On;On;Receiver;Off;88.36286;-30.852058;0.0022944445;None;NO
20800;97.6984;2.48738;ecl;On;On;Receiver;Off;88.20359;-31.465044;0.0022944445;None;NO
20810;97.68648;2.48768;ecl;On;On;Receiver;Off;88.042755;-32.077927;0.0022944445;None;NO
20820;97.67455;2.48798;ecl;On;On;Receiver;Off;87.88029;-32.690693;0.0022944445;None;NO
20830;97.71604;2.48828;sun;On;On;Receiver;Off;87.71614;-33.30335;0.0022944445;None;NO
20840;97.75754;2.48858;sun;On;On;Receiver;Off;87.55023;-33.915882;0.0022944445;None;NO
20850;97.79903;2.48888;sun;On;On;Receiver;Off;87.38251;-34.52829;0.0022944445;None;NO
20860;97.84052;2.48918;sun;On;On;Receiver;Off;87.2129;-35.14057;0.0022944445;None;NO
20870;97.88202;2.48948;sun;On;On;Receiver;Off;87.04133;-35.75272;0.0022944445;None;NO
20880;97.92351;2.48978;sun;On;On;Receiver;Off;86.86772;-36.364727;0.0022944445;None;NO
20890;97.965004;2.49008;sun;On;On;Receiver;Off;86.69201;-36.97659;0.0022944445;None;NO
20900;98.0065;2.49038;sun;On;On;Receiver;Off;86.51409;-37.588303;0.0022944445;None;NO
20910;98.04799;2.49068;sun;On;On;Receiver;Off;86.33389;-38.19986;0.0022944445;None;NO
20920;98.089485;2.49098;sun;On;On;Receiver;Off;86.15133;-38.811253;0.0022944445;None;NO
20930;98.130974;2.49128;sun;On;On;Receiver;Off;85.9663;-39.422478;0.0022944445;None;NO
20940;98.17247;2.49158;sun;On;On;Receiver;Off;85.7787;-40.033527;0.0022944445;None;NO
20950;98.21397;2.49188;sun;On;On;Receiver;Off;85.58845;-40.644398;0.0022944445;None;NO
20960;98.255455;2.49218;sun;On;On;Receiver;Off;85.39542;-41.255074;0.0022944445;None;NO
20970;98.29695;2.49248;sun;On;On;Receiver;Off;85.1995;-41.865555;0.0022944445;None;NO
20980;98.33845;2.49278;sun;On;On;Receiver;Off;85.00058;-42.47583;0.0022944445;None;NO
20990;98.37994;2.49308;sun;On;On;Receiver;Off;84.79853;-43.085888;0.0022944445;None;NO
21000;98.42143;2.49338;sun;On;On;Receiver;Off;84.59322;-43.695724;0.0022944445;None;NO
21010;98.46292;2.49368;sun;On;On;Receiver;Off;84.38452;-44.305332;0.0022944445;None;NO
21020;98.50442;2.49398;sun;On;On;Receiver;Off;84.17228;-44.914692;0.0022944445;None;NO
21030;98.54591;2.49428;sun;On;On;Receiver;Off;83.95634;-45.5238;0.0022944445;None;NO
21040;98.5874;2.49458;sun;On;On;Receiver;Off;83.73655;-46.132645;0.0022944445;None;NO
21050;98.6289;2.49488;sun;On;On;Receiver;Off;83.51274;-46.741215;0.0022944445;None;NO
21060;98.670395;2.49518;sun;On;On;Receiver;Off;83.28473;-47.349495;0.0022944445;None;NO
21070;98.71188;2.49548;sun;On;On;Receiver;Off;83.05234;-47.957474;0.0022944445;None;NO
21080;98.75338;2.49578;sun;On;On;Receiver;Off;82.815346;-48.56514;0.0022944445;None;NO
21090;98.79487;2.49608;sun;On;On;Receiver;Off;82.57356;-49.172474;0.0022944445;None;NO
21100;98.836365;2.49638;sun;On;On;Receiver;Off;82.32676;-49.779465;0.0022944445;None;NO
21110;98.87786;2.49668;sun;On;On;Receiver;Off;82.0747;-50.386093;0.0022944445;None;NO
21120;98.91935;2.49698;sun;On;On;Receiver;Off;81.81713;-50.992344;0.0022944445;None;NO
21130;98.960846;2.49728;sun;On;On;Receiver;Off;81.553795;-51.598198;0.0022944445;None;NO
21140;99.00234;2.49758;sun;On;On;Receiver;Off;81.2844;-52.203636;0.0022944445;None;NO
21150;99.04383;2.49788;sun;On;On;Receiver;Off;81.00865;-52.808636;0.0022944445;None;NO
21160;99.08533;2.49818;sun;On;On;Receiver;Off;80.726234;-53.413177;0.0022944445;None;NO
21170;99.126816;2.49848;sun;On;On;Receiver;Off;80.4368;-54.017235;0.0022944445;None;NO
21180;99.16831;2.49878;sun;On;On;Receiver;Off;80.139984;-54.620785;0.0022944445;None;NO
21190;99.20981;2.49908;sun;On;On;Receiver;Off;79.83542;-55.2238;0.0022944445;None;NO
21200;99.2513;2.49938;sun;On;On;Receiver;Off;79.52267;-55.826256;0.0022944445;None;NO
21210;99.29279;2.49968;sun;On;On;Receiver;Off;79.2013;-56.428112;0.0022944445;None;NO
21220;99.33429;2.49998;sun;On;On;Receiver;Off;78.87085;-57.029343;0.0022944445;None;NO
21230;99.37578;2.50028;sun;On;On;Receiver;Off;78.53081;-57.62991;0.0022944445;None;NO
21240;99.417274;2.50058;sun;On;On;Receiver;Off;78.18062;-58.229774;0.0022944445;None;NO
21250;99.45876;2.50088;sun;On;On;Receiver;Off;77.81971;-58.8289;0.0022944445;None;NO
21260;99.50026;2.50118;sun;On;On;Receiver;Off;77.44746;-59.42724;0.0022944445;None;NO
21270;99.541756;2.50148;sun;On;On;Receiver;Off;77.06317;-60.024742;0.0022944445;None;NO
21280;99.583244;2.50178;sun;On;On;Receiver;Off;76.66614;-60.621365;0.0022944445;None;NO
21290;99.62474;2.50208;sun;On;On;Receiver;Off;76.25557;-61.217045;0.0022944445;None;NO
21300;99.66624;2.50238;sun;On;On;Receiver;Off;75.83062;-61.811726;0.0022944445;None;NO
21310;99.707726;2.50268;sun;On;On;Receiver;Off;75.39036;-62.405342;0.0022944445;None;NO
21320;99.74922;2.50298;sun;On;On;Receiver;Off;74.93381;-62.99782;0.0022944445;None;NO
21330;99.79071;2.50328;sun;On;On;Receiver;Off;74.459885;-63.589092;0.0022944445;None;NO
21340;99.83221;2.50358;sun;On;On;Receiver;Off;73.96741;-64.17906;0.0022944445;None;NO
21350;99.8737;2.50388;sun;On;On;Receiver;Off;73.455124;-64.76765;0.0022944445;None;NO
21360;99.91519;2.50418;sun;On;On;Receiver;Off;72.92162;-65.354744;0.0022944445;None;NO
21370;99.95669;2.50448;sun;On;On;Receiver;Off;72.36542;-65.94025;0.0022944445;None;NO
21380;99.988075;2.50478;sun;On;On;Receiver;Off;71.784836;-66.52403;0.0022944445;None;NO
21390;99.988075;2.50508;sun;On;On;Receiver;Off;71.17808;-67.105965;0.0022944445;None;NO
21400;99.988075;2.50538;sun;On;On;Receiver;Off;70.54316;-67.685905;0.0022944445;None;NO
21410;99.988075;2.50568;sun;On;On;Receiver;Off;69.877914;-68.2637;0.0022944445;None;NO
21420;99.988075;2.50598;sun;On;On;Receiver;Off;69.179955;-68.83916;0.0022944445;None;NO
21430;99.988075;2.50628;sun;On;On;Receiver;Off;68.44666;-69.412094;0.0022944445;None;NO
21440;99.988075;2.50658;sun;On;On;Receiver;Off;67.67513;-69.982285;0.0022944445;None;NO
21450;99.988075;2.50688;sun;On;On;Receiver;Off;66.86219;-70.54949;0.0022944445;None;NO
21460;99.988075;2.50718;sun;On;On;Receiver;Off;66.0043;-71.11345;0.0022944445;None;NO
21470;99.988075;2.50748;sun;On;On;Receiver;Off;65.09758;-71.67385;0.0022944445;None;NO
21480;99.988075;2.50778;sun;On;On;Receiver;Off;64.13772;-72.23036;0.0022944445;None;NO
21490;99.988075;2.50808;sun;On;On;Receiver;Off;63.11994;-72.7826;0.0022944445;None;NO
21500;99.988075;2.50838;sun;On;On;Receiver;Off;62.038963;-73.33015;0.0022944445;None;NO
21510;99.988075;2.50868;sun;On;On;Receiver;Off;60.888924;-73.87252;0.0022944445;None;NO
21520;99.988075;2.50898;sun;On;On;Receiver;Off;59.663334;-74.40919;0.0022944445;None;NO
21530;99.988075;2.50928;sun;On;On;Receiver;Off;58.35501;-74.93953;0.0022944445;None;NO
21540;99.988075;2.50958;sun;On;On;Receiver;Off;56.956013;-75.46285;0.0022944445;None;NO
21550;99.988075;2.50988;sun;On;On;Receiver;Off;55.45759;-75.978386;0.0022944445;None;NO
21560;99.988075;2.51018;sun;On;On;Receiver;Off;53.850113;-76.485214;0.0022944445;None;NO
21570;99.988075;2.51048;sun;On;On;Receiver;Off;52.123085;-76.98234;0.0022944445;None;NO
21580;99.988075;2.51078;sun;On;On;Receiver;Off;50.26509;-77.4686;0.0022944445;None;NO
21590;99.988075;2.51108;sun;On;On;Receiver;Off;48.263885;-77.94267;0.0022944445;None;NO
21600;99.988075;2.51138;sun;On;On;Receiver;Off;46.106476;-78.403076;0.0022944445;None;NO
21610;99.988075;2.51168;sun;On;On;Receiver;Off;43.77936;-78.84811;0.0022944445;None;NO
21620;99.988075;2.51198;sun;On;On;Receiver;Off;41.26887;-79.27586;0.0022944445;None;NO
21630;99.988075;2.51228;sun;On;On;Receiver;Off;38.5617;-79.68418;0.0022944445;None;NO
21640;99.988075;2.51258;sun;On;On;Receiver;Off;35.64566;-80.07066;0.0022944445;None;NO
21650;99.988075;2.51288;sun;On;On;Receiver;Off;32.510693;-80.43268;0.0022944445;None;NO
21660;99.988075;2.51318;sun;On;On;Receiver;Off;29.150139;-80.767334;0.0022944445;None;NO
21670;99.988075;2.51348;sun;On;On;Receiver;Off;25.562279;-81.07155;0.0022944445;None;NO
21680;99.988075;2.51378;sun;On;On;Receiver;Off;21.751966;-81.342125;0.0022944445;None;NO
21690;99.988075;2.51408;sun;On;On;Receiver;Off;17.73222;-81.57582;0.0022944445;None;NO
21700;99.988075;2.51438;sun;On;On;Receiver;Off;13.525424;-81.769485;0.0022944445;None;NO
21710;99.988075;2.51468;sun;On;On;Receiver;Off;9.16382;-81.92024;0.0022944445;None;NO
21720;99.988075;2.51498;sun;On;On;Receiver;Off;4.688932;-82.02566;0.0022944445;None;NO
21730;99.988075;2.51528;sun;On;On;Receiver;Off;0.14974356;-82.08392;0.0022944445;None;NO
21740;99.988075;2.51558;sun;On;On;Receiver;Off;-4.400261;-82.09399;0.0022944445;None;NO
21750;99.988075;2.51588;sun;On;On;Receiver;Off;-8.906822;-82.05568;0.0022944445;None;NO
21760;99.988075;2.51618;sun;On;On;Receiver;Off;-13.318764;-81.96968;0.0022944445;None;NO
21770;99.988075;2.51648;sun;On;On;Receiver;Off;-17.591318;-81.83751;0.0022944445;None;NO
21780;99.988075;2.51678;sun;On;On;Receiver;Off;-21.688429;-81.661354;0.0022944445;None;NO
21790;99.988075;2.51708;sun;On;On;Receiver;Off;-25.583809;-81.44393;0.0022944445;None;NO
21800;99.988075;2.51738;sun;On;On;Receiver;Off;-29.26084;-81.18829;0.0022944445;None;NO
21810;99.988075;2.51768;sun;On;On;Receiver;Off;-32.71161;-80.89766;0.0022944445;None;NO
21820;99.988075;2.51798;sun;On;On;Receiver;Off;-35.935436;-80.57527;0.0022944445;None;NO
21830;99.988075;2.51828;sun;On;On;Receiver;Off;-38.937202;-80.22427;0.0022944445;None;NO
21840;99.988075;2.51858;sun;On;On;Receiver;Off;-41.725792;-79.847626;0.0022944445;None;NO
21850;99.988075;2.51888;sun;On;On;Receiver;Off;-44.31269;-79.448074;0.0022944445;None;NO
21860;99.988075;2.51918;sun;On;On;Receiver;Off;-46.710857;-79.02812;0.0022944445;None;NO
21870;99.988075;2.51948;sun;On;On;Receiver;Off;-48.933895;-78.59003;0.0022944445;None;NO
21880;99.988075;2.51978;sun;On;On;Receiver;Off;-50.995426;-78.135796;0.0022944445;None;NO
21890;99.988075;2.52008;sun;On;On;Receiver;Off;-52.908672;-77.66721;0.0022944445;None;NO
21900;99.988075;2.52038;sun;On;On;Receiver;Off;-54.686195;-77.185844;0.0022944445;None;NO
21910;99.988075;2.52068;sun;On;On;Receiver;Off;-56.33975;-76.69309;0.0022944445;None;NO
21920;99.988075;2.52098;sun;On;On;Receiver;Off;-57.880196;-76.19016;0.0022944445;None;NO
21930;99.988075;2.52128;sun;On;On;Receiver;Off;-59.31751;-75.67813;0.0022944445;None;NO
21940;99.988075;2.52158;sun;On;On;Receiver;Off;-60.660778;-75.15795;0.0022944445;None;NO
21950;99.988075;2.52188;sun;On;On;Receiver;Off;-61.91826;-74.63043;0.0022944445;None;NO
21960;99.988075;2.52218;sun;On;On;Receiver;Off;-63.097427;-74.09632;0.0022944445;None;NO
21970;99.988075;2.52248;sun;On;On;Receiver;Off;-64.20505;-73.556244;0.0022944445;None;NO
21980;99.988075;2.52278;sun;On;On;Receiver;Off;-65.24721;-73.01079;0.0022944445;None;NO
21990;99.988075;2.52308;sun;On;On;Receiver;Off;-66.22943;-72.46044;0.0022944445;None;NO
22000;99.988075;2.52338;sun;On;On;Receiver;Off;-67.15667;-71.90566;0.0022944445;None;NO
22010;99.988075;2.52368;sun;On;On;Receiver;Off;-68.033424;-71.34683;0.0022944445;None;NO
22020;99.988075;2.52398;sun;On;On;Receiver;Off;-68.86375;-70.78432;0.0022944445;None;NO
22030;99.988075;2.52428;sun;On;On;Receiver;Off;-69.65128;-70.21843;0.0022944445;None;NO
22040;99.988075;2.52458;sun;On;On;Receiver;Off;-70.399376;-69.649445;0.0022944445;None;NO
22050;99.988075;2.52488;sun;On;On;Receiver;Off;-71.11101;-69.07762;0.0022944445;None;NO
22060;99.988075;2.52518;sun;On;On;Receiver;Off;-71.788925;-68.50319;0.0022944445;None;NO
22070;99.988075;2.52548;sun;On;On;Receiver;Off;-72.435585;-67.926346;0.0022944445;None;NO
22080;99.988075;2.52578;sun;On;On;Receiver;Off;-73.05326;-67.347275;0.0022944445;None;NO
22090;99.988075;2.52608;sun;On;On;Receiver;Off;-73.64399;-66.76615;0.0022944445;None;NO
22100;99.988075;2.52638;sun;On;On;Receiver;Off;-74.209656;-66.18311;0.0022944445;None;NO
22110;99.988075;2.52668;sun;On;On;Receiver;Off;-74.75197;-65.59831;0.0022944445;None;NO
22120;99.988075;2.52698;sun;On;On;Receiver;Off;-75.27249;-65.01186;0.0022944445;None;NO
22130;99.988075;2.52728;sun;On;On;Receiver;Off;-75.77266;-64.42389;0.0022944445;None;NO
22140;99.988075;2.52758;sun;On;On;Receiver;Off;-76.253784;-63.83448;0.0022944445;None;NO
22150;99.988075;2.52788;sun;On;On;Receiver;Off;-76.717094;-63.24374;0.0022944445;None;NO
22160;99.988075;2.52818;sun;On;On;Receiver;Off;-77.16368;-62.651756;0.0022944445;None;NO
22170;99.988075;2.52848;sun;On;On;Receiver;Off;-77.59459;-62.0586;0.0022944445;None;NO
22180;99.988075;2.52878;sun;On;On;Receiver;Off;-78.01076;-61.464355;0.0022944445;None;NO
22190;99.988075;2.52908;sun;On;On;Receiver;Off;-78.413055;-60.869083;0.0022944445;None;NO
22200;99.988075;2.52938;sun;On;On;Receiver;Off;-78.8023;-60.272846;0.0022944445;None;NO
22210;99.988075;2.52968;sun;On;On;Receiver;Off;-79.17924;-59.6757;0.0022944445;None;NO
22220;99.988075;2.52998;sun;On;On;Receiver;Off;-79.54457;-59.0777;0.0022944445;None;NO
22230;99.988075;2.53028;sun;On;On;Receiver;Off;-79.89893;-58.478897;0.0022944445;None;NO
22240;99.988075;2.53058;sun;On;On;Receiver;Off;-80.24293;-57.879333;0.0022944445;None;NO
22250;99.988075;2.53088;sun;On;On;Receiver;Off;-80.577126;-57.279057;0.0022944445;None;NO
22260;99.988075;2.53118;sun;On;On;Receiver;Off;-80.90203;-56.678097;0.0022944445;None;NO
22270;99.988075;2.53148;sun;On;On;Receiver;Off;-81.21814;-56.076496;0.0022944445;None;NO
22280;99.988075;2.53178;sun;On;On;Receiver;Off;-81.5259;-55.474285;0.0022944445;None;NO
22290;99.988075;2.53208;sun;On;On;Receiver;Off;-81.82574;-54.871502;0.0022944445;None;NO
22300;99.988075;2.53238;sun;On;On;Receiver;Off;-82.11805;-54.26817;0.0022944445;None;NO
22310;99.988075;2.53268;sun;On;On;Receiver;Off;-82.40321;-53.664318;0.0022944445;None;NO
22320;99.988075;2.53298;sun;On;On;Receiver;Off;-82.681564;-53.059975;0.0022944445;None;NO
22330;99.988075;2.53328;sun;On;On;Receiver;Off;-82.95344;-52.455162;0.0022944445;None;NO
22340;99.988075;2.53358;sun;On;On;Receiver;Off;-83.21915;-51.849903;0.0022944445;None;NO
22350;99.988075;2.53388;sun;On;On;Receiver;Off;-83.478966;-51.24422;0.0022944445;None;NO
22360;99.988075;2.53418;sun;On;On;Receiver;Off;-83.73318;-50.638134;0.0022944445;None;NO
22370;99.988075;2.53448;sun;On;On;Receiver;Off;-83.98204;-50.03166;0.0022944445;None;NO
22380;99.988075;2.53478;sun;On;On;Receiver;Off;-84.225784;-49.424816;0.0022944445;None;NO
22390;99.988075;2.53508;sun;On;On;Receiver;Off;-84.464645;-48.817623;0.0022944445;None;NO
22400;99.988075;2.53538;sun;On;On;Receiver;Off;-84.69884;-48.210094;0.0022944445;None;NO
22410;99.988075;2.53568;sun;On;On;Receiver;Off;-84.92856;-47.60224;0.0022944445;None;NO
22420;99.988075;2.53598;sun;On;On;Receiver;Off;-85.154015;-46.994087;0.0022944445;None;NO
22430;99.988075;2.53628;sun;On;On;Receiver;Off;-85.375374;-46.385635;0.0022944445;None;NO
22440;99.988075;2.53658;sun;On;On;Receiver;Off;-85.59282;-45.776905;0.0022944445;None;NO
22450;99.988075;2.53688;sun;On;On;Receiver;Off;-85.80651;-45.167904;0.0022944445;None;NO
22460;99.988075;2.53718;sun;On;On;Receiver;Off;-86.016594;-44.558647;0.0022944445;None;NO
22470;99.988075;2.53748;sun;On;On;Receiver;Off;-86.223236;-43.949142;0.0022944445;None;NO
22480;99.988075;2.53778;sun;On;On;Receiver;Off;-86.42656;-43.3394;0.0022944445;None;NO
22490;99.988075;2.53808;sun;On;On;Receiver;Off;-86.6267;-42.72943;0.0022944445;None;NO
22500;99.988075;2.53838;sun;On;On;Receiver;Off;-86.82379;-42.119244;0.0022944445;None;NO
22510;99.988075;2.53868;sun;On;On;Receiver;Off;-87.01795;-41.50885;0.0022944445;None;NO
22520;99.988075;2.53898;sun;On;On;Receiver;Off;-87.2093;-40.898254;0.0022944445;None;NO
22530;99.988075;2.53928;sun;On;On;Receiver;Off;-87.397934;-40.287464;0.0022944445;None;NO
22540;99.988075;2.53958;sun;On;On;Receiver;Off;-87.58397;-39.676487;0.0022944445;None;NO
22550;99.988075;2.53988;sun;On;On;Receiver;Off;-87.7675;-39.065334;0.0022944445;None;NO
22560;99.988075;2.54018;sun;On;On;Receiver;Off;-87.94863;-38.45401;0.0022944445;None;NO
22570;99.988075;2.54048;sun;On;On;Receiver;Off;-88.12743;-37.842518;0.0022944445;None;NO
22580;99.988075;2.54078;sun;On;On;Receiver;Off;-88.304016;-37.23087;0.0022944445;None;NO
22590;99.988075;2.54108;sun;On;On;Receiver;Off;-88.47845;-36.61907;0.0022944445;None;NO
22600;99.988075;2.54138;sun;On;On;Receiver;Off;-88.65082;-36.007122;0.0022944445;None;NO
22610;99.988075;2.54168;sun;On;On;Receiver;Off;-88.8212;-35.39503;0.0022944445;None;NO
22620;99.988075;2.54198;sun;On;On;Receiver;Off;-88.989655;-34.782806;0.0022944445;None;NO
22630;99.988075;2.54228;sun;On;On;Receiver;Off;-89.15627;-34.17045;0.0022944445;None;NO
22640;99.988075;2.54258;sun;On;On;Receiver;Off;-89.32111;-33.55797;0.0022944445;None;NO
22650;99.988075;2.54288;sun;On;On;Receiver;Off;-89.48424;-32.945362;0.0022944445;None;NO
22660;99.988075;2.54318;sun;On;On;Receiver;Off;-89.64571;-32.33264;0.0022944445;None;NO
22670;99.988075;2.54348;sun;On;On;Receiver;Off;-89.805595;-31.719807;0.0022944445;None;NO
22680;99.988075;2.54378;sun;On;On;Receiver;Off;-89.96395;-31.106863;0.0022944445;None;NO
22690;99.988075;2.54408;sun;On;On;Receiver;Off;-90.12083;-30.493814;0.0022944445;None;NO
22700;99.988075;2.54438;sun;On;On;Receiver;Off;-90.276276;-29.880667;0.0022944445;None;NO
22710;99.988075;2.54468;sun;On;On;Receiver;Off;-90.43035;-29.26742;0.0022944445;None;NO
22720;99.988075;2.54498;sun;On;On;Receiver;Off;-90.583115;-28.65408;0.0022944445;None;NO
22730;99.988075;2.54528;sun;On;On;Receiver;Off;-90.7346;-28.04065;0.0022944445;None;NO
22740;99.988075;2.54558;sun;On;On;Receiver;Off;-90.88485;-27.427132;0.0022944445;None;NO
22750;99.988075;2.54588;sun;On;On;Receiver;Off;-91.03392;-26.81353;0.0022944445;None;NO
22760;99.988075;2.54618;sun;On;On;Receiver;Off;-91.18185;-26.199848;0.0022944445;None;NO
22770;99.988075;2.54648;sun;On;On;Receiver;Off;-91.32868;-25.586088;0.0022944445;None;NO
22780;99.988075;2.54678;sun;On;On;Receiver;Off;-91.47446;-24.972254;0.0022944445;None;NO
22790;99.988075;2.54708;sun;On;On;Receiver;Off;-91.61922;-24.358347;0.0022944445;None;NO
22800;99.988075;2.54738;sun;On;On;Receiver;Off;-91.76299;-23.74437;0.0022944445;None;NO
22810;99.988075;2.54768;sun;On;On;Receiver;Off;-91.90582;-23.130327;0.0022944445;None;NO
22820;99.988075;2.54798;sun;On;On;Receiver;Off;-92.04775;-22.51622;0.0022944445;None;NO
22830;99.988075;2.54828;sun;On;On;Receiver;Off;-92.188805;-21.90205;0.0022944445;None;NO
22840;99.988075;2.54858;sun;On;On;Receiver;Off;-92.329025;-21.28782;0.0022944445;None;NO
22850;99.988075;2.54888;sun;On;On;Receiver;Off;-92.46843;-20.673534;0.0022944445;None;NO
22860;99.988075;2.54918;sun;On;On;Receiver;Off;-92.60707;-20.059195;0.0022944445;None;NO
22870;99.988075;2.54948;sun;On;On;Receiver;Off;-92.744965;-19.4448;0.0022944445;None;NO
22880;99.988075;2.54978;sun;On;On;Receiver;Off;-92.88214;-18.830357;0.0022944445;None;NO
22890;99.988075;2.55008;sun;On;On;Receiver;Off;-93.01864;-18.215864;0.0022944445;None;NO
22900;99.988075;2.55038;sun;On;On;Receiver;Off;-93.15449;-17.601324;0.0022944445;None;NO
22910;99.988075;2.55068;sun;On;On;Receiver;Off;-93.2897;-16.98674;0.0022944445;None;NO
22920;99.988075;2.55098;sun;On;On;Receiver;Off;-93.424324;-16.372114;0.0022944445;None;NO
22930;99.988075;2.55128;sun;On;On;Receiver;Off;-93.55837;-15.757448;0.0022944445;None;NO
22940;99.988075;2.55158;sun;On;On;Receiver;Off;-93.69187;-15.142742;0.0022944445;None;NO
22950;99.988075;2.55188;sun;On;On;Receiver;Off;-93.82485;-14.528;0.0022944445;None;NO
22960;99.988075;2.55218;sun;On;On;Receiver;Off;-93.957344;-13.913222;0.0022944445;None;NO
22970;99.988075;2.55248;sun;On;On;Receiver;Off;-94.08936;-13.298411;0.0022944445;None;NO
22980;99.988075;2.55278;sun;On;On;Receiver;Off;-94.22093;-12.683569;0.0022944445;None;NO
22990;99.988075;2.55308;sun;On;On;Receiver;Off;-94.35208;-12.068695;0.0022944445;None;NO
23000;99.988075;2.55338;sun;On;On;Receiver;Off;-94.48284;-11.4537945;0.0022944445;None;NO
23010;99.988075;2.55368;sun;On;On;Receiver;Off;-94.61321;-10.838865;0.0022944445;None;NO
23020;99.988075;2.55398;sun;On;On;Receiver;Off;-94.74324;-10.223912;0.0022944445;None;NO
23030;99.988075;2.55428;sun;On;On;Receiver;Off;-94.87293;-9.608934;0.0022944445;None;NO
23040;99.988075;2.55458;sun;On;On;Receiver;Off;-95.00232;-8.993936;0.0022944445;None;NO
23050;99.988075;2.55488;sun;On;On;Receiver;Off;-95.131424;-8.378915;0.0022944445;None;NO
23060;99.988075;2.55518;sun;On;On;Receiver;Off;-95.260254;-7.763876;0.0022944445;None;NO
23070;99.988075;2.55548;sun;On;On;Receiver;Off;-95.38885;-7.148819;0.0022944445;None;NO
23080;99.988075;2.55578;sun;On;On;Receiver;Off;-95.51721;-6.533746;0.0022944445;None;NO
23090;99.988075;2.55608;sun;On;On;Receiver;Off;-95.64538;-5.918658;0.0022944445;None;NO
23100;99.988075;2.55638;sun;On;On;Receiver;Off;-95.77336;-5.3035564;0.0022944445;None;NO
23110;99.988075;2.55668;sun;On;On;Receiver;Off;-95.901184;-4.688443;0.0022944445;None;NO
23120;99.988075;2.55698;sun;On;On;Receiver;Off;-96.02886;-4.0733194;0.0022944445;None;NO
23130;99.988075;2.55728;sun;On;On;Receiver;Off;-96.15642;-3.4581869;0.0022944445;None;NO
23140;99.988075;2.55758;sun;On;On;Receiver;Off;-96.28388;-2.8430462;0.0022944445;None;NO
23150;99.988075;2.55788;sun;On;On;Receiver;Off;-96.411255;-2.2278993;0.0022944445;None;NO
23160;99.988075;2.55818;sun;On;On;Receiver;Off;-96.538574;-1.6127476;0.0022944445;None;NO
23170;99.988075;2.55848;sun;On;On;Receiver;Off;-96.66585;-0.9975921;0.0022944445;None;NO
23180;99.988075;2.55878;sun;On;On;Receiver;Off;-96.7931;-0.38243446;0.0022944445;None;NO
23190;99.988075;2.55908;sun;On;On;Receiver;Off;-96.92035;0.23272407;0.0022944445;None;NO
23200;99.988075;2.55938;sun;On;On;Receiver;Off;-97.047615;0.84788203;0.0022944445;None;NO
23210;99.988075;2.55968;sun;On;On;Receiver;Off;-97.17492;1.4630382;0.0022944445;None;NO
23220;99.988075;2.55998;sun;On;On;Receiver;Off;-97.30228;2.078191;0.0022944445;None;NO
23230;99.988075;2.56028;sun;On;On;Receiver;Off;-97.42972;2.6933393;0.0022944445;None;NO
23240;99.988075;2.56058;sun;On;On;Receiver;Off;-97.55725;3.3084815;0.0022944445;None;NO
23250;99.988075;2.56088;sun;On;On;Receiver;Off;-97.684906;3.9236164;0.0022944445;None;NO
23260;99.988075;2.56118;sun;On;On;Receiver;Off;-97.81269;4.5387425;0.0022944445;None;NO
23270;99.988075;2.56148;sun;On;On;Receiver;Off;-97.940636;5.153858;0.0022944445;None;NO
23280;99.988075;2.56178;sun;On;On;Receiver;Off;-98.068756;5.7689624;0.0022944445;None;NO
23290;99.988075;2.56208;sun;On;On;Receiver;Off;-98.19708;6.3840537;0.0022944445;None;NO
23300;99.988075;2.56238;sun;On;On;Receiver;Off;-98.325615;6.9991307;0.0022944445;None;NO
23310;99.988075;2.56268;sun;On;On;Receiver;Off;-98.45439;7.614192;0.0022944445;None;NO
23320;99.988075;2.56298;sun;On;On;Receiver;Off;-98.583435;8.229236;0.0022944445;None;NO
23330;99.988075;2.56328;sun;On;On;Receiver;Off;-98.71275;8.84426;0.0022944445;None;NO
23340;99.988075;2.56358;sun;On;On;Receiver;Off;-98.84238;9.459265;0.0022944445;None;NO
23350;99.988075;2.56388;sun;On;On;Receiver;Off;-98.97233;10.074248;0.0022944445;None;NO
23360;99.988075;2.56418;sun;On;On;Receiver;Off;-99.10262;10.689207;0.0022944445;None;NO
23370;99.988075;2.56448;sun;On;On;Receiver;Off;-99.23329;11.304142;0.0022944445;None;NO
23380;99.988075;2.56478;sun;On;On;Receiver;Off;-99.36435;11.91905;0.0022944445;None;NO
23390;99.988075;2.56508;sun;On;On;Receiver;Off;-99.49583;12.53393;0.0022944445;None;NO
23400;99.988075;2.56538;sun;On;On;Receiver;Off;-99.62775;13.148781;0.0022944445;None;NO
23410;99.988075;2.56568;sun;On;On;Receiver;Off;-99.760124;13.763599;0.0022944445;None;NO
23420;99.988075;2.56598;sun;On;On;Receiver;Off;-99.89299;14.378386;0.0022944445;None;NO
23430;99.988075;2.56628;sun;On;On;Receiver;Off;-100.026375;14.993136;0.0022944445;None;NO
23440;99.988075;2.56658;sun;On;On;Receiver;Off;-100.1603;15.607851;0.0022944445;None;NO
23450;99.988075;2.56688;sun;On;On;Receiver;Off;-100.29479;16.222528;0.0022944445;None;NO
23460;99.988075;2.56718;sun;On;On;Receiver;Off;-100.42987;16.837164;0.0022944445;None;NO
23470;99.988075;2.56748;sun;On;On;Receiver;Off;-100.565575;17.451757;0.0022944445;None;NO
23480;99.988075;2.56778;sun;On;On;Receiver;Off;-100.70192;18.066307;0.0022944445;None;NO
23490;99.988075;2.56808;sun;On;On;Receiver;Off;-100.83894;18.680813;0.0022944445;None;NO
23500;99.988075;2.56838;sun;On;On;Receiver;Off;-100.97668;19.295269;0.0022944445;None;NO
23510;99.988075;2.56868;sun;On;On;Receiver;Off;-101.11514;19.909674;0.0022944445;None;NO
23520;99.988075;2.56898;sun;On;On;Receiver;Off;-101.25438;20.524029;0.0022944445;None;NO
23530;99.988075;2.56928;sun;On;On;Receiver;Off;-101.39441;21.138329;0.0022944445;None;NO
23540;99.988075;2.56958;sun;On;On;Receiver;Off;-101.53527;21.752571;0.0022944445;None;NO
23550;99.988075;2.56988;sun;On;On;Receiver;Off;-101.677;22.366755;0.0022944445;None;NO
23560;99.988075;2.57018;sun;On;On;Receiver;Off;-101.819626;22.980879;0.0022944445;None;NO
23570;99.988075;2.57048;sun;On;On;Receiver;Off;-101.963196;23.594938;0.0022944445;None;NO
23580;99.988075;2.57078;sun;On;On;Receiver;Off;-102.10773;24.208931;0.0022944445;None;NO
23590;99.988075;2.57108;sun;On;On;Receiver;Off;-102.25327;24.822855;0.0022944445;None;NO
23600;99.988075;2.57138;sun;On;On;Receiver;Off;-102.399864;25.436707;0.0022944445;None;NO
23610;99.988075;2.57168;sun;On;On;Receiver;Off;-102.54755;26.050486;0.0022944445;None;NO
23620;99.988075;2.57198;sun;On;On;Receiver;Off;-102.69636;26.664186;0.0022944445;None;NO
23630;99.988075;2.57228;sun;On;On;Receiver;Off;-102.846344;27.27781;0.0022944445;None;NO
23640;99.988075;2.57258;sun;On;On;Receiver;Off;-102.99754;27.891346;0.0022944445;None;NO
23650;99.988075;2.57288;sun;On;On;Receiver;Off;-103.15001;28.504799;0.0022944445;None;NO
23660;99.988075;2.57318;sun;On;On;Receiver;Off;-103.30379;29.11816;0.0022944445;None;NO
23670;99.988075;2.57348;sun;On;On;Receiver;Off;-103.45893;29.73143;0.0022944445;None;NO
23680;99.988075;2.57378;sun;On;On;Receiver;Off;-103.61548;30.344603;0.0022944445;None;NO
23690;99.988075;2.57408;sun;On;On;Receiver;Off;-103.77349;30.957676;0.0022944445;None;NO
23700;99.988075;2.57438;sun;On;On;Receiver;Off;-103.93303;31.570644;0.0022944445;None;NO
23710;99.988075;2.57468;sun;On;On;Receiver;Off;-104.09415;32.183506;0.0022944445;None;NO
23720;99.988075;2.57498;sun;On;On;Receiver;Off;-104.2569;32.796257;0.0022944445;None;NO
23730;99.988075;2.57528;sun;On;On;Receiver;Off;-104.42135;33.40889;0.0022944445;None;NO
23740;99.988075;2.57558;sun;On;On;Receiver;Off;-104.587555;34.021404;0.0022944445;None;NO
23750;99.988075;2.57588;sun;On;On;Receiver;Off;-104.7556;34.63379;0.0022944445;None;NO
23760;99.988075;2.57618;sun;On;On;Receiver;Off;-104.925545;35.246048;0.0022944445;None;NO
23770;99.988075;2.57648;sun;On;On;Receiver;Off;-105.09746;35.85817;0.0022944445;None;NO
23780;99.988075;2.57678;sun;On;On;Receiver;Off;-105.27142;36.470154;0.0022944445;None;NO
23790;99.988075;2.57708;sun;On;On;Receiver;Off;-105.44752;37.081993;0.0022944445;None;NO
23800;99.988075;2.57738;sun;On;On;Receiver;Off;-105.62582;37.693676;0.0022944445;None;NO
23810;99.988075;2.57768;sun;On;On;Receiver;Off;-105.80641;38.305206;0.0022944445;None;NO
23820;99.988075;2.57798;sun;On;On;Receiver;Off;-105.989395;38.916573;0.0022944445;None;NO
23830;99.988075;2.57828;sun;On;On;Receiver;Off;-106.174866;39.527767;0.0022944445;None;NO
23840;99.988075;2.57858;sun;On;On;Receiver;Off;-106.36291;40.138786;0.0022944445;None;NO
23850;99.988075;2.57888;sun;On;On;Receiver;Off;-106.553635;40.749622;0.0022944445;None;NO
23860;99.988075;2.57918;sun;On;On;Receiver;Off;-106.747154;41.360268;0.0022944445;None;NO
23870;99.988075;2.57948;sun;On;On;Receiver;Off;-106.94358;41.970715;0.0022944445;None;NO
23880;99.988075;2.57978;sun;On;On;Receiver;Off;-107.14303;42.58095;0.0022944445;None;NO
23890;99.988075;2.58008;sun;On;On;Receiver;Off;-107.345634;43.190975;0.0022944445;None;NO
23900;99.988075;2.58038;sun;On;On;Receiver;Off;-107.55151;43.80077;0.0022944445;None;NO
23910;99.988075;2.58068;sun;On;On;Receiver;Off;-107.76082;44.410336;0.0022944445;None;NO
23920;99.988075;2.58098;sun;On;On;Receiver;Off;-107.97369;45.019653;0.0022944445;None;NO
23930;99.988075;2.58128;sun;On;On;Receiver;Off;-108.19027;45.62872;0.0022944445;None;NO
23940;99.988075;2.58158;sun;On;On;Receiver;Off;-108.41074;46.237514;0.0022944445;None;NO
23950;99.988075;2.58188;sun;On;On;Receiver;Off;-108.63526;46.846035;0.0022944445;None;NO
23960;99.988075;2.58218;sun;On;On;Receiver;Off;-108.86401;47.454266;0.0022944445;None;NO
23970;99.988075;2.58248;sun;On;On;Receiver;Off;-109.09719;48.06219;0.0022944445;None;NO
23980;99.988075;2.58278;sun;On;On;Receiver;Off;-109.334984;48.6698;0.0022944445;None;NO
23990;99.988075;2.58308;sun;On;On;Receiver;Off;-109.57762;49.277077;0.0022944445;None;NO
24000;99.988075;2.58338;sun;On;On;Receiver;Off;-109.82531;49.884007;0.0022944445;None;NO
24010;99.988075;2.58368;sun;On;On;Receiver;Off;-110.0783;50.49057;0.0022944445;None;NO
24020;99.988075;2.58398;sun;On;On;Receiver;Off;-110.336845;51.096756;0.0022944445;None;NO
24030;99.988075;2.58428;sun;On;On;Receiver;Off;-110.601204;51.702538;0.0022944445;None;NO
24040;99.988075;2.58458;sun;On;On;Receiver;Off;-110.87167;52.307903;0.0022944445;None;NO
24050;99.988075;2.58488;sun;On;On;Receiver;Off;-111.148544;52.912827;0.0022944445;None;NO
24060;99.988075;2.58518;sun;On;On;Receiver;Off;-111.43215;53.517284;0.0022944445;None;NO
24070;99.988075;2.58548;sun;On;On;Receiver;Off;-111.72283;54.121258;0.0022944445;None;NO
24080;99.988075;2.58578;sun;On;On;Receiver;Off;-112.02095;54.72472;0.0022944445;None;NO
24090;99.988075;2.58608;sun;On;On;Receiver;Off;-112.3269;55.32764;0.0022944445;None;NO
24100;99.988075;2.58638;sun;On;On;Receiver;Off;-112.6411;55.929993;0.0022944445;None;NO
24110;99.988075;2.58668;sun;On;On;Receiver;Off;-112.96399;56.531742;0.0022944445;None;NO
24120;99.988075;2.58698;sun;On;On;Receiver;Off;-113.29606;57.132862;0.0022944445;None;NO
24130;99.988075;2.58728;sun;On;On;Receiver;Off;-113.63782;57.73331;0.0022944445;None;NO
24140;99.988075;2.58758;sun;On;On;Receiver;Off;-113.98981;58.33305;0.0022944445;None;NO
24150;99.988075;2.58788;sun;On;On;Receiver;Off;-114.35262;58.932045;0.0022944445;None;NO
24160;99.988075;2.58818;sun;On;On;Receiver;Off;-114.7269;59.530243;0.0022944445;None;NO
24170;99.988075;2.58848;sun;On;On;Receiver;Off;-115.11333;60.127598;0.0022944445;None;NO
24180;99.988075;2.58878;sun;On;On;Receiver;Off;-115.512634;60.724064;0.0022944445;None;NO
24190;99.988075;2.58908;sun;On;On;Receiver;Off;-115.92562;61.319576;0.0022944445;None;NO
24200;99.988075;2.58938;sun;On;On;Receiver;Off;-116.35314;61.914078;0.0022944445;None;NO
24210;99.988075;2.58968;sun;On;On;Receiver;Off;-116.796135;62.507504;0.0022944445;None;NO
24220;99.988075;2.58998;sun;On;On;Receiver;Off;-117.2556;63.09978;0.0022944445;None;NO
24230;99.988075;2.59028;sun;On;On;Receiver;Off;-117.732635;63.690834;0.0022944445;None;NO
24240;99.988075;2.59058;sun;On;On;Receiver;Off;-118.228424;64.28057;0.0022944445;None;NO
24250;99.988075;2.59088;sun;On;On;Receiver;Off;-118.74427;64.868904;0.0022944445;None;NO
24260;99.988075;2.59118;sun;On;On;Receiver;Off;-119.28156;65.455734;0.0022944445;None;NO
24270;99.988075;2.59148;sun;On;On;Receiver;Off;-119.84185;66.040955;0.0022944445;None;NO
24280;99.988075;2.59178;sun;On;On;Receiver;Off;-120.42681;66.62443;0.0022944445;None;NO
24290;99.988075;2.59208;sun;On;On;Receiver;Off;-121.03828;67.20603;0.0022944445;None;NO
24300;99.988075;2.59238;sun;On;On;Receiver;Off;-121.67825;67.785614;0.0022944445;None;NO
24310;99.988075;2.59268;sun;On;On;Receiver;Off;-122.34896;68.363014;0.0022944445;None;NO
24320;99.988075;2.59298;sun;On;On;Receiver;Off;-123.05281;68.93806;0.0022944445;None;NO
24330;99.988075;2.59328;sun;On;On;Receiver;Off;-123.79248;69.51054;0.0022944445;None;NO
24340;99.988075;2.59358;sun;On;On;Receiver;Off;-124.57091;70.08023;0.0022944445;None;NO
24350;99.988075;2.59388;sun;On;On;Receiver;Off;-125.391335;70.6469;0.0022944445;None;NO
24360;99.988075;2.59418;sun;On;On;Receiver;Off;-126.25735;71.210266;0.0022944445;None;NO
24370;99.988075;2.59448;sun;On;On;Receiver;Off;-127.1729;71.77002;0.0022944445;None;NO
24380;99.988075;2.59478;sun;On;On;Receiver;Off;-128.1424;72.32582;0.0022944445;None;NO
24390;99.988075;2.59508;sun;On;On;Receiver;Off;-129.17067;72.87728;0.0022944445;None;NO
24400;99.988075;2.59538;sun;On;On;Receiver;Off;-130.2631;73.42397;0.0022944445;None;NO
24410;99.988075;2.59568;sun;On;On;Receiver;Off;-131.42567;73.96541;0.0022944445;None;NO
24420;99.988075;2.59598;sun;On;On;Receiver;Off;-132.665;74.50103;0.0022944445;None;NO
24430;99.988075;2.59628;sun;On;On;Receiver;Off;-133.98834;75.03021;0.0022944445;None;NO
24440;99.988075;2.59658;sun;On;On;Receiver;Off;-135.40382;75.55225;0.0022944445;None;NO
24450;99.988075;2.59688;sun;On;On;Receiver;Off;-136.92033;76.06635;0.0022944445;None;NO
24460;99.988075;2.59718;sun;On;On;Receiver;Off;-138.54762;76.57159;0.0022944445;None;NO
24470;99.988075;2.59748;sun;On;On;Receiver;Off;-140.29639;77.066925;0.0022944445;None;NO
24480;99.988075;2.59778;sun;On;On;Receiver;Off;-142.17816;77.55118;0.0022944445;None;NO
24490;99.988075;2.59808;sun;On;On;Receiver;Off;-144.20534;78.02302;0.0022944445;None;NO
24500;99.988075;2.59838;sun;On;On;Receiver;Off;-146.391;78.480896;0.0022944445;None;NO
24510;99.988075;2.59868;sun;On;On;Receiver;Off;-148.74875;78.923096;0.0022944445;None;NO
24520;99.988075;2.59898;sun;On;On;Receiver;Off;-151.29219;79.34766;0.0022944445;None;NO
24530;99.988075;2.59928;sun;On;On;Receiver;Off;-154.03452;79.752396;0.0022944445;None;NO
24540;99.988075;2.59958;sun;On;On;Receiver;Off;-156.98764;80.13486;0.0022944445;None;NO
24550;99.988075;2.59988;sun;On;On;Receiver;Off;-160.16112;80.49237;0.0022944445;None;NO
24560;99.988075;2.60018;sun;On;On;Receiver;Off;-163.56087;80.82201;0.0022944445;None;NO
24570;99.988075;2.60048;sun;On;On;Receiver;Off;-167.1876;81.12066;0.0022944445;None;NO
24580;99.988075;2.60078;sun;On;On;Receiver;Off;-171.03519;81.38511;0.0022944445;None;NO
24590;99.988075;2.60108;sun;On;On;Receiver;Off;-175.08904;81.61212;0.0022944445;None;NO
24600;99.988075;2.60138;sun;On;On;Receiver;Off;-179.32507;81.79859;0.0022944445;None;NO
24610;99.988075;2.60168;sun;On;On;Receiver;Off;176.29062;81.941696;0.0022944445;None;NO
24620;99.988075;2.60198;sun;On;On;Receiver;Off;171.80098;82.0391;0.0022944445;None;NO
24630;99.988075;2.60228;sun;On;On;Receiver;Off;167.25604;82.08911;0.0022944445;None;NO
24640;99.988075;2.60258;sun;On;On;Receiver;Off;162.7097;82.09083;0.0022944445;None;NO
24650;99.988075;2.60288;sun;On;On;Receiver;Off;158.21593;82.044235;0.0022944445;None;NO
24660;99.988075;2.60318;sun;On;On;Receiver;Off;153.82503;81.95015;0.0022944445;None;NO
24670;99.988075;2.60348;sun;On;On;Receiver;Off;149.5804;81.81023;0.0022944445;None;NO
24680;99.988075;2.60378;sun;On;On;Receiver;Off;145.51645;81.626755;0.0022944445;None;NO
24690;99.988075;2.60408;sun;On;On;Receiver;Off;141.65776;81.40252;0.0022944445;None;NO
24700;99.988075;2.60438;sun;On;On;Receiver;Off;138.01936;81.140625;0.0022944445;None;NO
24710;99.97615;2.60468;ecl;On;On;Receiver;Off;134.60782;80.84429;0.0022944445;None;NO
24720;99.964226;2.60498;ecl;On;On;Receiver;Off;131.42274;80.516754;0.0022944445;None;NO
24730;99.9523;2.60528;ecl;On;On;Receiver;Off;128.45842;80.161125;0.0022944445;None;NO
24740;99.94038;2.60558;ecl;On;On;Receiver;Off;125.70545;79.78034;0.0022944445;None;NO
24750;99.928444;2.60588;ecl;On;On;Receiver;Off;123.15202;79.377106;0.0022944445;None;NO
24760;99.91652;2.60618;ecl;On;On;Receiver;Off;120.785;78.95388;0.0022944445;None;NO
24770;99.904594;2.60648;ecl;On;On;Receiver;Off;118.59076;78.51286;0.0022944445;None;NO
24780;99.89267;2.60678;ecl;On;On;Receiver;Off;116.5557;78.05604;0.0022944445;None;NO
24790;99.880745;2.60708;ecl;On;On;Receiver;Off;114.66672;77.585144;0.0022944445;None;NO
24800;99.86882;2.60738;ecl;On;On;Receiver;Off;112.91136;77.10172;0.0022944445;None;NO
24810;99.856895;2.60768;ecl;On;On;Receiver;Off;111.278046;76.60713;0.0022944445;None;NO
24820;99.84497;2.60798;ecl;On;On;Receiver;Off;109.75606;76.10257;0.0022944445;None;NO
24830;99.833046;2.60828;ecl;On;On;Receiver;Off;108.33557;75.58907;0.0022944445;None;NO
24840;99.82112;2.60858;ecl;On;On;Receiver;Off;107.007645;75.067566;0.0022944445;None;NO
24850;99.8092;2.60888;ecl;On;On;Receiver;Off;105.76417;74.538864;0.0022944445;None;NO
24860;99.79727;2.60918;ecl;On;On;Receiver;Off;104.59779;74.00368;0.0022944445;None;NO
24870;99.78534;2.60948;ecl;On;On;Receiver;Off;103.50187;73.46264;0.0022944445;None;NO
24880;99.773415;2.60978;ecl;On;On;Receiver;Off;102.470406;72.916306;0.0022944445;None;NO
24890;99.76149;2.61008;ecl;On;On;Receiver;Off;101.498;72.365166;0.0022944445;None;NO
24900;99.749565;2.61038;ecl;On;On;Receiver;Off;100.579765;71.80966;0.0022944445;None;NO
24910;99.73764;2.61068;ecl;On;On;Receiver;Off;99.71129;71.250175;0.0022944445;None;NO
24920;99.725716;2.61098;ecl;On;On;Receiver;Off;98.888596;70.68706;0.0022944445;None;NO
24930;99.71379;2.61128;ecl;On;On;Receiver;Off;98.10808;70.12061;0.0022944445;None;NO
24940;99.701866;2.61158;ecl;On;On;Receiver;Off;97.36647;69.551125;0.0022944445;None;NO
24950;99.68994;2.61188;ecl;On;On;Receiver;Off;96.660835;68.978836;0.0022944445;None;NO
24960;99.67802;2.61218;ecl;On;On;Receiver;Off;95.98848;68.40397;0.0022944445;None;NO
24970;99.66609;2.61248;ecl;On;On;Receiver;Off;95.34696;67.82673;0.0022944445;None;NO
24980;99.65417;2.61278;ecl;On;On;Receiver;Off;94.73407;67.2473;0.0022944445;None;NO
24990;99.642235;2.61308;ecl;On;On;Receiver;Off;94.14779;66.66583;0.0022944445;None;NO
25000;99.63031;2.61338;ecl;On;On;Receiver;Off;93.586266;66.08248;0.0022944445;None;NO
25010;99.618385;2.61368;ecl;On;On;Receiver;Off;93.04781;65.49739;0.0022944445;None;NO
25020;99.60646;2.61398;ecl;On;On;Receiver;Off;92.5309;64.91067;0.0022944445;None;NO
25030;99.594536;2.61428;ecl;On;On;Receiver;Off;92.0341;64.32244;0.0022944445;None;NO
25040;99.58261;2.61458;ecl;On;On;Receiver;Off;91.55612;63.732796;0.0022944445;None;NO
25050;99.57069;2.61488;ecl;On;On;Receiver;Off;91.09578;63.141834;0.0022944445;None;NO
25060;99.55876;2.61518;ecl;On;On;Receiver;Off;90.651955;62.54964;0.0022944445;None;NO
25070;99.54684;2.61548;ecl;On;On;Receiver;Off;90.223656;61.956295;0.0022944445;None;NO
25080;99.53491;2.61578;ecl;On;On;Receiver;Off;89.809944;61.361866;0.0022944445;None;NO
25090;99.52299;2.61608;ecl;On;On;Receiver;Off;89.40994;60.766422;0.0022944445;None;NO
25100;99.51106;2.61638;ecl;On;On;Receiver;Off;89.02287;60.170025;0.0022944445;None;NO
25110;99.49913;2.61668;ecl;On;On;Receiver;Off;88.64798;59.57273;0.0022944445;None;NO
25120;99.487206;2.61698;ecl;On;On;Receiver;Off;88.28459;58.97459;0.0022944445;None;NO
25130;99.47528;2.61728;ecl;On;On;Receiver;Off;87.93205;58.375652;0.0022944445;None;NO
25140;99.463356;2.61758;ecl;On;On;Receiver;Off;87.58978;57.775963;0.0022944445;None;NO
25150;99.45143;2.61788;ecl;On;On;Receiver;Off;87.257225;57.175564;0.0022944445;None;NO
25160;99.43951;2.61818;ecl;On;On;Receiver;Off;86.93387;56.57449;0.0022944445;None;NO
25170;99.42758;2.61848;ecl;On;On;Receiver;Off;86.61923;55.972782;0.0022944445;None;NO
25180;99.41566;2.61878;ecl;On;On;Receiver;Off;86.31286;55.370472;0.0022944445;None;NO
25190;99.40373;2.61908;ecl;On;On;Receiver;Off;86.01435;54.767593;0.0022944445;None;NO
25200;99.39181;2.61938;ecl;On;On;Receiver;Off;85.72329;54.16417;0.0022944445;None;NO
25210;99.37988;2.61968;ecl;On;On;Receiver;Off;85.43933;53.56023;0.0022944445;None;NO
25220;99.36796;2.61998;ecl;On;On;Receiver;Off;85.16212;52.955807;0.0022944445;None;NO
25230;99.356026;2.62028;ecl;On;On;Receiver;Off;84.89133;52.350914;0.0022944445;None;NO
25240;99.3441;2.62058;ecl;On;On;Receiver;Off;84.626656;51.745583;0.0022944445;None;NO
25250;99.33218;2.62088;ecl;On;On;Receiver;Off;84.36781;51.139828;0.0022944445;None;NO
25260;99.32025;2.62118;ecl;On;On;Receiver;Off;84.11455;50.533672;0.0022944445;None;NO
25270;99.30833;2.62148;ecl;On;On;Receiver;Off;83.866585;49.92713;0.0022944445;None;NO
25280;99.2964;2.62178;ecl;On;On;Receiver;Off;83.623695;49.32023;0.0022944445;None;NO
25290;99.28448;2.62208;ecl;On;On;Receiver;Off;83.38566;48.712975;0.0022944445;None;NO
25300;99.27255;2.62238;ecl;On;On;Receiver;Off;83.152245;48.10539;0.0022944445;None;NO
25310;99.26063;2.62268;ecl;On;On;Receiver;Off;82.92327;47.497486;0.0022944445;None;NO
25320;99.2487;2.62298;ecl;On;On;Receiver;Off;82.69853;46.88928;0.0022944445;None;NO
25330;99.23678;2.62328;ecl;On;On;Receiver;Off;82.47786;46.280777;0.0022944445;None;NO
25340;99.22485;2.62358;ecl;On;On;Receiver;Off;82.26108;45.672;0.0022944445;None;NO
25350;99.21292;2.62388;ecl;On;On;Receiver;Off;82.04802;45.062954;0.0022944445;None;NO
25360;99.201;2.62418;ecl;On;On;Receiver;Off;81.83853;44.45365;0.0022944445;None;NO
25370;99.18907;2.62448;ecl;On;On;Receiver;Off;81.63248;43.84411;0.0022944445;None;NO
25380;99.17715;2.62478;ecl;On;On;Receiver;Off;81.42971;43.234325;0.0022944445;None;NO
25390;99.16522;2.62508;ecl;On;On;Receiver;Off;81.2301;42.624317;0.0022944445;None;NO
25400;99.1533;2.62538;ecl;On;On;Receiver;Off;81.03352;42.014095;0.0022944445;None;NO
25410;99.14137;2.62568;ecl;On;On;Receiver;Off;80.83985;41.403664;0.0022944445;None;NO
25420;99.12945;2.62598;ecl;On;On;Receiver;Off;80.64899;40.793034;0.0022944445;None;NO
25430;99.11752;2.62628;ecl;On;On;Receiver;Off;80.4608;40.182213;0.0022944445;None;NO
25440;99.1056;2.62658;ecl;On;On;Receiver;Off;80.27521;39.571205;0.0022944445;None;NO
25450;99.09367;2.62688;ecl;On;On;Receiver;Off;80.092094;38.960022;0.0022944445;None;NO
25460;99.08175;2.62718;ecl;On;On;Receiver;Off;79.91138;38.348667;0.0022944445;None;NO
25470;99.06982;2.62748;ecl;On;On;Receiver;Off;79.732956;37.73715;0.0022944445;None;NO
25480;99.05789;2.62778;ecl;On;On;Receiver;Off;79.556755;37.125473;0.0022944445;None;NO
25490;99.04597;2.62808;ecl;On;On;Receiver;Off;79.38268;36.51365;0.0022944445;None;NO
25500;99.03404;2.62838;ecl;On;On;Receiver;Off;79.21066;35.901676;0.0022944445;None;NO
25510;99.02212;2.62868;ecl;On;On;Receiver;Off;79.04062;35.289562;0.0022944445;None;NO
25520;99.01019;2.62898;ecl;On;On;Receiver;Off;78.87248;34.677315;0.0022944445;None;NO
25530;98.99827;2.62928;ecl;On;On;Receiver;Off;78.70618;34.064934;0.0022944445;None;NO
25540;98.98634;2.62958;ecl;On;On;Receiver;Off;78.54163;33.45243;0.0022944445;None;NO
25550;98.97442;2.62988;ecl;On;On;Receiver;Off;78.3788;32.839806;0.0022944445;None;NO
25560;98.962494;2.63018;ecl;On;On;Receiver;Off;78.217606;32.227066;0.0022944445;None;NO
25570;98.95057;2.63048;ecl;On;On;Receiver;Off;78.05798;31.61421;0.0022944445;None;NO
25580;98.93864;2.63078;ecl;On;On;Receiver;Off;77.899895;31.00125;0.0022944445;None;NO
25590;98.92671;2.63108;ecl;On;On;Receiver;Off;77.74326;30.388184;0.0022944445;None;NO
25600;98.91479;2.63138;ecl;On;On;Receiver;Off;77.58806;29.775017;0.0022944445;None;NO
25610;98.90286;2.63168;ecl;On;On;Receiver;Off;77.43421;29.161755;0.0022944445;None;NO
25620;98.89094;2.63198;ecl;On;On;Receiver;Off;77.28168;28.548399;0.0022944445;None;NO
25630;98.87901;2.63228;ecl;On;On;Receiver;Off;77.13041;27.934954;0.0022944445;None;NO
25640;98.86709;2.63258;ecl;On;On;Receiver;Off;76.98036;27.32142;0.0022944445;None;NO
25650;98.85516;2.63288;ecl;On;On;Receiver;Off;76.83149;26.707806;0.0022944445;None;NO
25660;98.84324;2.63318;ecl;On;On;Receiver;Off;76.683754;26.09411;0.0022944445;None;NO
25670;98.831314;2.63348;ecl;On;On;Receiver;Off;76.5371;25.480337;0.0022944445;None;NO
25680;98.81939;2.63378;ecl;On;On;Receiver;Off;76.3915;24.86649;0.0022944445;None;NO
25690;98.807465;2.63408;ecl;On;On;Receiver;Off;76.24692;24.25257;0.0022944445;None;NO
25700;98.79553;2.63438;ecl;On;On;Receiver;Off;76.10331;23.638582;0.0022944445;None;NO
25710;98.78361;2.63468;ecl;On;On;Receiver;Off;75.96063;23.024527;0.0022944445;None;NO
25720;98.77168;2.63498;ecl;On;On;Receiver;Off;75.818855;22.410408;0.0022944445;None;NO
25730;98.75976;2.63528;ecl;On;On;Receiver;Off;75.67795;21.796228;0.0022944445;None;NO
25740;98.74783;2.63558;ecl;On;On;Receiver;Off;75.53787;21.18199;0.0022944445;None;NO
25750;98.73591;2.63588;ecl;On;On;Receiver;Off;75.398605;20.567694;0.0022944445;None;NO
25760;98.72398;2.63618;ecl;On;On;Receiver;Off;75.26009;19.953344;0.0022944445;None;NO
25770;98.71206;2.63648;ecl;On;On;Receiver;Off;75.12233;19.338942;0.0022944445;None;NO
25780;98.700134;2.63678;ecl;On;On;Receiver;Off;74.98527;18.72449;0.0022944445;None;NO
25790;98.68821;2.63708;ecl;On;On;Receiver;Off;74.848885;18.109987;0.0022944445;None;NO
25800;98.676285;2.63738;ecl;On;On;Receiver;Off;74.71315;17.495441;0.0022944445;None;NO
25810;98.66436;2.63768;ecl;On;On;Receiver;Off;74.57803;16.88085;0.0022944445;None;NO
25820;98.65243;2.63798;ecl;On;On;Receiver;Off;74.44352;16.266216;0.0022944445;None;NO
25830;98.6405;2.63828;ecl;On;On;Receiver;Off;74.30956;15.651544;0.0022944445;None;NO
25840;98.62858;2.63858;ecl;On;On;Receiver;Off;74.176155;15.036832;0.0022944445;None;NO
25850;98.61665;2.63888;ecl;On;On;Receiver;Off;74.04326;14.422083;0.0022944445;None;NO
25860;98.60473;2.63918;ecl;On;On;Receiver;Off;73.91085;13.8073;0.0022944445;None;NO
25870;98.592804;2.63948;ecl;On;On;Receiver;Off;73.778915;13.192483;0.0022944445;None;NO
25880;98.58088;2.63978;ecl;On;On;Receiver;Off;73.647415;12.577635;0.0022944445;None;NO
25890;98.568954;2.64008;ecl;On;On;Receiver;Off;73.516335;11.962756;0.0022944445;None;NO
25900;98.55703;2.64038;ecl;On;On;Receiver;Off;73.38565;11.34785;0.0022944445;None;NO
25910;98.545105;2.64068;ecl;On;On;Receiver;Off;73.25533;10.732918;0.0022944445;None;NO
25920;98.53318;2.64098;ecl;On;On;Receiver;Off;73.12537;10.11796;0.0022944445;None;NO
25930;98.521255;2.64128;ecl;On;On;Receiver;Off;72.99573;9.502978;0.0022944445;None;NO
25940;98.50932;2.64158;ecl;On;On;Receiver;Off;72.866394;8.887976;0.0022944445;None;NO
25950;98.4974;2.64188;ecl;On;On;Receiver;Off;72.737335;8.272952;0.0022944445;None;NO
25960;98.48547;2.64218;ecl;On;On;Receiver;Off;72.60855;7.6579094;0.0022944445;None;NO
25970;98.47355;2.64248;ecl;On;On;Receiver;Off;72.479996;7.0428495;0.0022944445;None;NO
25980;98.461624;2.64278;ecl;On;On;Receiver;Off;72.35167;6.4277735;0.0022944445;None;NO
25990;98.4497;2.64308;ecl;On;On;Receiver;Off;72.22353;5.812683;0.0022944445;None;NO
26000;98.437775;2.64338;ecl;On;On;Receiver;Off;72.09558;5.19758;0.0022944445;None;NO
26010;98.42585;2.64368;ecl;On;On;Receiver;Off;71.96778;4.5824647;0.0022944445;None;NO
26020;98.413925;2.64398;ecl;On;On;Receiver;Off;71.840126;3.9673393;0.0022944445;None;NO
26030;98.402;2.64428;ecl;On;On;Receiver;Off;71.712585;3.352205;0.0022944445;None;NO
26040;98.390076;2.64458;ecl;On;On;Receiver;Off;71.585144;2.7370634;0.0022944445;None;NO
26050;98.37815;2.64488;ecl;On;On;Receiver;Off;71.45778;2.1219156;0.0022944445;None;NO
26060;98.36622;2.64518;ecl;On;On;Receiver;Off;71.330475;1.506763;0.0022944445;None;NO
26070;98.354294;2.64548;ecl;On;On;Receiver;Off;71.2032;0.89160705;0.0022944445;None;NO
26080;98.34237;2.64578;ecl;On;On;Receiver;Off;71.07595;0.27644914;0.0022944445;None;NO
26090;98.330444;2.64608;ecl;On;On;Receiver;Off;70.9487;-0.33870938;0.0022944445;None;NO
26100;98.31852;2.64638;ecl;On;On;Receiver;Off;70.821434;-0.95386714;0.0022944445;None;NO
26110;98.306595;2.64668;ecl;On;On;Receiver;Off;70.694115;-1.5690228;0.0022944445;None;NO
26120;98.29467;2.64698;ecl;On;On;Receiver;Off;70.56674;-2.184175;0.0022944445;None;NO
26130;98.282745;2.64728;ecl;On;On;Receiver;Off;70.43929;-2.7993221;0.0022944445;None;NO
26140;98.27082;2.64758;ecl;On;On;Receiver;Off;70.31174;-3.4144633;0.0022944445;None;NO
26150;98.258896;2.64788;ecl;On;On;Receiver;Off;70.18407;-4.029597;0.0022944445;None;NO
26160;98.24697;2.64818;ecl;On;On;Receiver;Off;70.05625;-4.644721;0.0022944445;None;NO
26170;98.23505;2.64848;ecl;On;On;Receiver;Off;69.928276;-5.2598352;0.0022944445;None;NO
26180;98.223114;2.64878;ecl;On;On;Receiver;Off;69.800125;-5.8749375;0.0022944445;None;NO
26190;98.21119;2.64908;ecl;On;On;Receiver;Off;69.67177;-6.4900265;0.0022944445;None;NO
26200;98.199265;2.64938;ecl;On;On;Receiver;Off;69.54319;-7.1051006;0.0022944445;None;NO
26210;98.18734;2.64968;ecl;On;On;Receiver;Off;69.41437;-7.7201586;0.0022944445;None;NO
26220;98.175415;2.64998;ecl;On;On;Receiver;Off;69.28528;-8.335199;0.0022944445;None;NO
26230;98.16349;2.65028;ecl;On;On;Receiver;Off;69.15591;-8.950221;0.0022944445;None;NO
26240;98.151566;2.65058;ecl;On;On;Receiver;Off;69.02623;-9.565222;0.0022944445;None;NO
26250;98.13964;2.65088;ecl;On;On;Receiver;Off;68.896225;-10.180201;0.0022944445;None;NO
26260;98.127716;2.65118;ecl;On;On;Receiver;Off;68.76587;-10.7951565;0.0022944445;None;NO
26270;98.11579;2.65148;ecl;On;On;Receiver;Off;68.63513;-11.410087;0.0022944445;None;NO
26280;98.10387;2.65178;ecl;On;On;Receiver;Off;68.504005;-12.02499;0.0022944445;None;NO
26290;98.09194;2.65208;ecl;On;On;Receiver;Off;68.37245;-12.639865;0.0022944445;None;NO
26300;98.08001;2.65238;ecl;On;On;Receiver;Off;68.240456;-13.25471;0.0022944445;None;NO
26310;98.068085;2.65268;ecl;On;On;Receiver;Off;68.107994;-13.869523;0.0022944445;None;NO
26320;98.05616;2.65298;ecl;On;On;Receiver;Off;67.97504;-14.484303;0.0022944445;None;NO
26330;98.044235;2.65328;ecl;On;On;Receiver;Off;67.84156;-15.099049;0.0022944445;None;NO
26340;98.03231;2.65358;ecl;On;On;Receiver;Off;67.70754;-15.713757;0.0022944445;None;NO
26350;98.020386;2.65388;ecl;On;On;Receiver;Off;67.57295;-16.328426;0.0022944445;None;NO
26360;98.00846;2.65418;ecl;On;On;Receiver;Off;67.43777;-16.943054;0.0022944445;None;NO
26370;97.99654;2.65448;ecl;On;On;Receiver;Off;67.301956;-17.557642;0.0022944445;None;NO
26380;97.98461;2.65478;ecl;On;On;Receiver;Off;67.1655;-18.172184;0.0022944445;None;NO
26390;97.97269;2.65508;ecl;On;On;Receiver;Off;67.02835;-18.78668;0.0022944445;None;NO
26400;97.96076;2.65538;ecl;On;On;Receiver;Off;66.890495;-19.401127;0.0022944445;None;NO
26410;97.94883;2.65568;ecl;On;On;Receiver;Off;66.7519;-20.015526;0.0022944445;None;NO
26420;97.936905;2.65598;ecl;On;On;Receiver;Off;66.612526;-20.62987;0.0022944445;None;NO
26430;97.92498;2.65628;ecl;On;On;Receiver;Off;66.47236;-21.24416;0.0022944445;None;NO
26440;97.913055;2.65658;ecl;On;On;Receiver;Off;66.331345;-21.858393;0.0022944445;None;NO
26450;97.90113;2.65688;ecl;On;On;Receiver;Off;66.18947;-22.472567;0.0022944445;None;NO
26460;97.889206;2.65718;ecl;On;On;Receiver;Off;66.04668;-23.08668;0.0022944445;None;NO
26470;97.87728;2.65748;ecl;On;On;Receiver;Off;65.902954;-23.700727;0.0022944445;None;NO
26480;97.86536;2.65778;ecl;On;On;Receiver;Off;65.75825;-24.314709;0.0022944445;None;NO
26490;97.85343;2.65808;ecl;On;On;Receiver;Off;65.612526;-24.92862;0.0022944445;None;NO
26500;97.84151;2.65838;ecl;On;On;Receiver;Off;65.465744;-25.54246;0.0022944445;None;NO
26510;97.82958;2.65868;ecl;On;On;Receiver;Off;65.31787;-26.156225;0.0022944445;None;NO
26520;97.81766;2.65898;ecl;On;On;Receiver;Off;65.16886;-26.769913;0.0022944445;None;NO
26530;97.805725;2.65928;ecl;On;On;Receiver;Off;65.01867;-27.38352;0.0022944445;None;NO
26540;97.7938;2.65958;ecl;On;On;Receiver;Off;64.867256;-27.997044;0.0022944445;None;NO
26550;97.781876;2.65988;ecl;On;On;Receiver;Off;64.71456;-28.610481;0.0022944445;None;NO
26560;97.76995;2.66018;ecl;On;On;Receiver;Off;64.560555;-29.223827;0.0022944445;None;NO
26570;97.758026;2.66048;ecl;On;On;Receiver;Off;64.405174;-29.83708;0.0022944445;None;NO
26580;97.7461;2.66078;ecl;On;On;Receiver;Off;64.248375;-30.450237;0.0022944445;None;NO
26590;97.73418;2.66108;ecl;On;On;Receiver;Off;64.0901;-31.063292;0.0022944445;None;NO
26600;97.72225;2.66138;ecl;On;On;Receiver;Off;63.930298;-31.676243;0.0022944445;None;NO
26610;97.71033;2.66168;ecl;On;On;Receiver;Off;63.76891;-32.289085;0.0022944445;None;NO
26620;97.6984;2.66198;ecl;On;On;Receiver;Off;63.60587;-32.901814;0.0022944445;None;NO
26630;97.68648;2.66228;ecl;On;On;Receiver;Off;63.44112;-33.514427;0.0022944445;None;NO
26640;97.67455;2.66258;ecl;On;On;Receiver;Off;63.274597;-34.12692;0.0022944445;None;NO
26650;97.71604;2.66288;sun;On;On;Receiver;Off;63.10623;-34.739285;0.0022944445;None;NO
26660;97.75754;2.66318;sun;On;On;Receiver;Off;62.935955;-35.35152;0.0022944445;None;NO
26670;97.79903;2.66348;sun;On;On;Receiver;Off;62.76369;-35.96362;0.0022944445;None;NO
26680;97.84052;2.66378;sun;On;On;Receiver;Off;62.589367;-36.575577;0.0022944445;None;NO
26690;97.88202;2.66408;sun;On;On;Receiver;Off;62.412903;-37.18739;0.0022944445;None;NO
26700;97.92351;2.66438;sun;On;On;Receiver;Off;62.23421;-37.79905;0.0022944445;None;NO
26710;97.965004;2.66468;sun;On;On;Receiver;Off;62.053207;-38.41055;0.0022944445;None;NO
26720;98.0065;2.66498;sun;On;On;Receiver;Off;61.869804;-39.02189;0.0022944445;None;NO
26730;98.04799;2.66528;sun;On;On;Receiver;Off;61.6839;-39.633053;0.0022944445;None;NO
26740;98.089485;2.66558;sun;On;On;Receiver;Off;61.4954;-40.24404;0.0022944445;None;NO
26750;98.130974;2.66588;sun;On;On;Receiver;Off;61.3042;-40.854843;0.0022944445;None;NO
26760;98.17247;2.66618;sun;On;On;Receiver;Off;61.110188;-41.465454;0.0022944445;None;NO
26770;98.21397;2.66648;sun;On;On;Receiver;Off;60.91325;-42.075867;0.0022944445;None;NO
26780;98.255455;2.66678;sun;On;On;Receiver;Off;60.713264;-42.686066;0.0022944445;None;NO
26790;98.29695;2.66708;sun;On;On;Receiver;Off;60.51011;-43.29605;0.0022944445;None;NO
26800;98.33845;2.66738;sun;On;On;Receiver;Off;60.303646;-43.90581;0.0022944445;None;NO
26810;98.37994;2.66768;sun;On;On;Receiver;Off;60.093742;-44.51533;0.0022944445;None;NO
26820;98.42143;2.66798;sun;On;On;Receiver;Off;59.88024;-45.124607;0.0022944445;None;NO
26830;98.46292;2.66828;sun;On;On;Receiver;Off;59.663;-45.733627;0.0022944445;None;NO
26840;98.50442;2.66858;sun;On;On;Receiver;Off;59.441845;-46.342377;0.0022944445;None;NO
26850;98.54591;2.66888;sun;On;On;Receiver;Off;59.216606;-46.950848;0.0022944445;None;NO
26860;98.5874;2.66918;sun;On;On;Receiver;Off;58.987106;-47.559025;0.0022944445;None;NO
26870;98.6289;2.66948;sun;On;On;Receiver;Off;58.75315;-48.166897;0.0022944445;None;NO
26880;98.670395;2.66978;sun;On;On;Receiver;Off;58.514538;-48.774452;0.0022944445;None;NO
26890;98.71188;2.67008;sun;On;On;Receiver;Off;58.27105;-49.381668;0.0022944445;None;NO
26900;98.75338;2.67038;sun;On;On;Receiver;Off;58.02246;-49.988537;0.0022944445;None;NO
26910;98.79487;2.67068;sun;On;On;Receiver;Off;57.76853;-50.59504;0.0022944445;None;NO
26920;98.836365;2.67098;sun;On;On;Receiver;Off;57.509007;-51.201153;0.0022944445;None;NO
26930;98.87786;2.67128;sun;On;On;Receiver;Off;57.243614;-51.806866;0.0022944445;None;NO
26940;98.91935;2.67158;sun;On;On;Receiver;Off;56.972065;-52.412155;0.0022944445;None;NO
26950;98.960846;2.67188;sun;On;On;Receiver;Off;56.694057;-53.017002;0.0022944445;None;NO
26960;99.00234;2.67218;sun;On;On;Receiver;Off;56.409256;-53.62138;0.0022944445;None;NO
26970;99.04383;2.67248;sun;On;On;Receiver;Off;56.117325;-54.225266;0.0022944445;None;NO
26980;99.08533;2.67278;sun;On;On;Receiver;Off;55.817883;-54.828636;0.0022944445;None;NO
26990;99.126816;2.67308;sun;On;On;Receiver;Off;55.510544;-55.431458;0.0022944445;None;NO
27000;99.16831;2.67338;sun;On;On;Receiver;Off;55.194878;-56.03371;0.0022944445;None;NO
27010;99.20981;2.67368;sun;On;On;Receiver;Off;54.870438;-56.635357;0.0022944445;None;NO
27020;99.2513;2.67398;sun;On;On;Receiver;Off;54.53674;-57.236362;0.0022944445;None;NO
27030;99.29279;2.67428;sun;On;On;Receiver;Off;54.19326;-57.83669;0.0022944445;None;NO
27040;99.33429;2.67458;sun;On;On;Receiver;Off;53.839447;-58.436306;0.0022944445;None;NO
27050;99.37578;2.67488;sun;On;On;Receiver;Off;53.474705;-59.035164;0.0022944445;None;NO
27060;99.417274;2.67518;sun;On;On;Receiver;Off;53.09838;-59.63322;0.0022944445;None;NO
27070;99.45876;2.67548;sun;On;On;Receiver;Off;52.709793;-60.23043;0.0022944445;None;NO
27080;99.50026;2.67578;sun;On;On;Receiver;Off;52.308186;-60.826733;0.0022944445;None;NO
27090;99.541756;2.67608;sun;On;On;Receiver;Off;51.89276;-61.422077;0.0022944445;None;NO
27100;99.583244;2.67638;sun;On;On;Receiver;Off;51.46264;-62.0164;0.0022944445;None;NO
27110;99.62474;2.67668;sun;On;On;Receiver;Off;51.016884;-62.60963;0.0022944445;None;NO
27120;99.66624;2.67698;sun;On;On;Receiver;Off;50.55447;-63.201702;0.0022944445;None;NO
27130;99.707726;2.67728;sun;On;On;Receiver;Off;50.07429;-63.792534;0.0022944445;None;NO
27140;99.74922;2.67758;sun;On;On;Receiver;Off;49.57514;-64.38204;0.0022944445;None;NO
27150;99.79071;2.67788;sun;On;On;Receiver;Off;49.055706;-64.97012;0.0022944445;None;NO
27160;99.83221;2.67818;sun;On;On;Receiver;Off;48.51456;-65.55668;0.0022944445;None;NO
27170;99.8737;2.67848;sun;On;On;Receiver;Off;47.950146;-66.14161;0.0022944445;None;NO
27180;99.91519;2.67878;sun;On;On;Receiver;Off;47.360756;-66.72477;0.0022944445;None;NO
27190;99.95669;2.67908;sun;On;On;Receiver;Off;46.74453;-67.30604;0.0022944445;None;NO
27200;99.988075;2.67938;sun;On;On;Receiver;Off;46.09942;-67.885254;0.0022944445;None;NO
27210;99.988075;2.67968;sun;On;On;Receiver;Off;45.423183;-68.462265;0.0022944445;None;NO
27220;99.988075;2.67998;sun;On;On;Receiver;Off;44.71336;-69.03687;0.0022944445;None;NO
27230;99.988075;2.68028;sun;On;On;Receiver;Off;43.967228;-69.608894;0.0022944445;None;NO
27240;99.988075;2.68058;sun;On;On;Receiver;Off;43.18181;-70.178085;0.0022944445;None;NO
27250;99.988075;2.68088;sun;On;On;Receiver;Off;42.353794;-70.7442;0.0022944445;None;NO
27260;99.988075;2.68118;sun;On;On;Receiver;Off;41.479538;-71.30697;0.0022944445;None;NO
27270;99.988075;2.68148;sun;On;On;Receiver;Off;40.555016;-71.866066;0.0022944445;None;NO
27280;99.988075;2.68178;sun;On;On;Receiver;Off;39.57576;-72.42115;0.0022944445;None;NO
27290;99.988075;2.68208;sun;On;On;Receiver;Off;38.53683;-72.971825;0.0022944445;None;NO
27300;99.988075;2.68238;sun;On;On;Receiver;Off;37.432747;-73.51765;0.0022944445;None;NO
27310;99.988075;2.68268;sun;On;On;Receiver;Off;36.257442;-74.05812;0.0022944445;None;NO
27320;99.988075;2.68298;sun;On;On;Receiver;Off;35.004192;-74.59268;0.0022944445;None;NO
27330;99.988075;2.68328;sun;On;On;Receiver;Off;33.66556;-75.12069;0.0022944445;None;NO
27340;99.988075;2.68358;sun;On;On;Receiver;Off;32.233334;-75.64142;0.0022944445;None;NO
27350;99.988075;2.68388;sun;On;On;Receiver;Off;30.698462;-76.15405;0.0022944445;None;NO
27360;99.988075;2.68418;sun;On;On;Receiver;Off;29.051025;-76.65766;0.0022944445;None;NO
27370;99.988075;2.68448;sun;On;On;Receiver;Off;27.280201;-77.151184;0.0022944445;None;NO
27380;99.988075;2.68478;sun;On;On;Receiver;Off;25.374283;-77.6334;0.0022944445;None;NO
27390;99.988075;2.68508;sun;On;On;Receiver;Off;23.32075;-78.10294;0.0022944445;None;NO
27400;99.988075;2.68538;sun;On;On;Receiver;Off;21.106405;-78.55825;0.0022944445;None;NO
27410;99.988075;2.68568;sun;On;On;Receiver;Off;18.717642;-78.99756;0.0022944445;None;NO
27420;99.988075;2.68598;sun;On;On;Receiver;Off;16.140844;-79.41887;0.0022944445;None;NO
27430;99.988075;2.68628;sun;On;On;Receiver;Off;13.362995;-79.81995;0.0022944445;None;NO
27440;99.988075;2.68658;sun;On;On;Receiver;Off;10.37251;-80.19831;0.0022944445;None;NO
27450;99.988075;2.68688;sun;On;On;Receiver;Off;7.160344;-80.55123;0.0022944445;None;NO
27460;99.988075;2.68718;sun;On;On;Receiver;Off;3.7213624;-80.875755;0.0022944445;None;NO
27470;99.988075;2.68748;sun;On;On;Receiver;Off;0.055919845;-81.16875;0.0022944445;None;NO
27480;99.988075;2.68778;sun;On;On;Receiver;Off;-3.8284829;-81.42698;0.0022944445;None;NO
27490;99.988075;2.68808;sun;On;On;Receiver;Off;-7.9157085;-81.647224;0.0022944445;None;NO
27500;99.988075;2.68838;sun;On;On;Receiver;Off;-12.179982;-81.82641;0.0022944445;None;NO
27510;99.988075;2.68868;sun;On;On;Receiver;Off;-16.585737;-81.96179;0.0022944445;None;NO
27520;99.988075;2.68898;sun;On;On;Receiver;Off;-21.088614;-82.051125;0.0022944445;None;NO
27530;99.988075;2.68928;sun;On;On;Receiver;Off;-25.63769;-82.09286;0.0022944445;None;NO
27540;99.988075;2.68958;sun;On;On;Receiver;Off;-30.178776;-82.086235;0.0022944445;None;NO
27550;99.988075;2.68988;sun;On;On;Receiver;Off;-34.65825;-82.03137;0.0022944445;None;NO
27560;99.988075;2.69018;sun;On;On;Receiver;Off;-39.02681;-81.92925;0.0022944445;None;NO
27570;99.988075;2.69048;sun;On;On;Receiver;Off;-43.242496;-81.78165;0.0022944445;None;NO
27580;99.988075;2.69078;sun;On;On;Receiver;Off;-47.272564;-81.59094;0.0022944445;None;NO
27590;99.988075;2.69108;sun;On;On;Receiver;Off;-51.094112;-81.35999;0.0022944445;None;NO
27600;99.988075;2.69138;sun;On;On;Receiver;Off;-54.693676;-81.091934;0.0022944445;None;NO
27610;99.988075;2.69168;sun;On;On;Receiver;Off;-58.066006;-80.78999;0.0022944445;None;NO
27620;99.988075;2.69198;sun;On;On;Receiver;Off;-61.212524;-80.457405;0.0022944445;None;NO
27630;99.988075;2.69228;sun;On;On;Receiver;Off;-64.13968;-80.09724;0.0022944445;None;NO
27640;99.988075;2.69258;sun;On;On;Receiver;Off;-66.857376;-79.7124;0.0022944445;None;NO
27650;99.988075;2.69288;sun;On;On;Receiver;Off;-69.37773;-79.30555;0.0022944445;None;NO
27660;99.988075;2.69318;sun;On;On;Receiver;Off;-71.714005;-78.879105;0.0022944445;None;NO
27670;99.988075;2.69348;sun;On;On;Receiver;Off;-73.87987;-78.435234;0.0022944445;None;NO
27680;99.988075;2.69378;sun;On;On;Receiver;Off;-75.88883;-77.97587;0.0022944445;None;NO
27690;99.988075;2.69408;sun;On;On;Receiver;Off;-77.75394;-77.50271;0.0022944445;None;NO
27700;99.988075;2.69438;sun;On;On;Receiver;Off;-79.48746;-77.01727;0.0022944445;None;NO
27710;99.988075;2.69468;sun;On;On;Receiver;Off;-81.10085;-76.52088;0.0022944445;None;NO
27720;99.988075;2.69498;sun;On;On;Receiver;Off;-82.60468;-76.01471;0.0022944445;None;NO
27730;99.988075;2.69528;sun;On;On;Receiver;Off;-84.008606;-75.49976;0.0022944445;None;NO
27740;99.988075;2.69558;sun;On;On;Receiver;Off;-85.32143;-74.97697;0.0022944445;None;NO
27750;99.988075;2.69588;sun;On;On;Receiver;Off;-86.55112;-74.4471;0.0022944445;None;NO
27760;99.988075;2.69618;sun;On;On;Receiver;Off;-87.7049;-73.910866;0.0022944445;None;NO
27770;99.988075;2.69648;sun;On;On;Receiver;Off;-88.78931;-73.36887;0.0022944445;None;NO
27780;99.988075;2.69678;sun;On;On;Receiver;Off;-89.81022;-72.82168;0.0022944445;None;NO
27790;99.988075;2.69708;sun;On;On;Receiver;Off;-90.772964;-72.26976;0.0022944445;None;NO
27800;99.988075;2.69738;sun;On;On;Receiver;Off;-91.68232;-71.71354;0.0022944445;None;NO
27810;99.988075;2.69768;sun;On;On;Receiver;Off;-92.54264;-71.153404;0.0022944445;None;NO
27820;99.988075;2.69798;sun;On;On;Receiver;Off;-93.35782;-70.58969;0.0022944445;None;NO
27830;99.988075;2.69828;sun;On;On;Receiver;Off;-94.13141;-70.022705;0.0022944445;None;NO
27840;99.988075;2.69858;sun;On;On;Receiver;Off;-94.866615;-69.45271;0.0022944445;None;NO
27850;99.988075;2.69888;sun;On;On;Receiver;Off;-95.56633;-68.87997;0.0022944445;None;NO
27860;99.988075;2.69918;sun;On;On;Receiver;Off;-96.23321;-68.30468;0.0022944445;None;NO
27870;99.988075;2.69948;sun;On;On;Receiver;Off;-96.869644;-67.72705;0.0022944445;None;NO
27880;99.988075;2.69978;sun;On;On;Receiver;Off;-97.477806;-67.147255;0.0022944445;None;NO
27890;99.988075;2.70008;sun;On;On;Receiver;Off;-98.0597;-66.56545;0.0022944445;None;NO
27900;99.988075;2.70038;sun;On;On;Receiver;Off;-98.617134;-65.9818;0.0022944445;None;NO
27910;99.988075;2.70068;sun;On;On;Receiver;Off;-99.151764;-65.396416;0.0022944445;None;NO
27920;99.988075;2.70098;sun;On;On;Receiver;Off;-99.665115;-64.809425;0.0022944445;None;NO
27930;99.988075;2.70128;sun;On;On;Receiver;Off;-100.158585;-64.22095;0.0022944445;None;NO
27940;99.988075;2.70158;sun;On;On;Receiver;Off;-100.63344;-63.63107;0.0022944445;None;NO
27950;99.988075;2.70188;sun;On;On;Receiver;Off;-101.090866;-63.03989;0.0022944445;None;NO
27960;99.988075;2.70218;sun;On;On;Receiver;Off;-101.53194;-62.447495;0.0022944445;None;NO
27970;99.988075;2.70248;sun;On;On;Receiver;Off;-101.957664;-61.85396;0.0022944445;None;NO
27980;99.988075;2.70278;sun;On;On;Receiver;Off;-102.36896;-61.25935;0.0022944445;None;NO
27990;99.988075;2.70308;sun;On;On;Receiver;Off;-102.76667;-60.66374;0.0022944445;None;NO
28000;99.988075;2.70338;sun;On;On;Receiver;Off;-103.15159;-60.06718;0.0022944445;None;NO
28010;99.988075;2.70368;sun;On;On;Receiver;Off;-103.52445;-59.469738;0.0022944445;None;NO
28020;99.988075;2.70398;sun;On;On;Receiver;Off;-103.88593;-58.871456;0.0022944445;None;NO
28030;99.988075;2.70428;sun;On;On;Receiver;Off;-104.23666;-58.272385;0.0022944445;None;NO
28040;99.988075;2.70458;sun;On;On;Receiver;Off;-104.57722;-57.67257;0.0022944445;None;NO
28050;99.988075;2.70488;sun;On;On;Receiver;Off;-104.90816;-57.072052;0.0022944445;None;NO
28060;99.988075;2.70518;sun;On;On;Receiver;Off;-105.22997;-56.470867;0.0022944445;None;NO
28070;99.988075;2.70548;sun;On;On;Receiver;Off;-105.54316;-55.869053;0.0022944445;None;NO
28080;99.988075;2.70578;sun;On;On;Receiver;Off;-105.848145;-55.266644;0.0022944445;None;NO
28090;99.988075;2.70608;sun;On;On;Receiver;Off;-106.14535;-54.663666;0.0022944445;None;NO
28100;99.988075;2.70638;sun;On;On;Receiver;Off;-106.43515;-54.060154;0.0022944445;None;NO
28110;99.988075;2.70668;sun;On;On;Receiver;Off;-106.717926;-53.45613;0.0022944445;None;NO
28120;99.988075;2.70698;sun;On;On;Receiver;Off;-106.99401;-52.851624;0.0022944445;None;NO
28130;99.988075;2.70728;sun;On;On;Receiver;Off;-107.26373;-52.246655;0.0022944445;None;NO
28140;99.988075;2.70758;sun;On;On;Receiver;Off;-107.527374;-51.641247;0.0022944445;None;NO
28150;99.988075;2.70788;sun;On;On;Receiver;Off;-107.78523;-51.03542;0.0022944445;None;NO
28160;99.988075;2.70818;sun;On;On;Receiver;Off;-108.037575;-50.4292;0.0022944445;None;NO
28170;99.988075;2.70848;sun;On;On;Receiver;Off;-108.284645;-49.822594;0.0022944445;None;NO
28180;99.988075;2.70878;sun;On;On;Receiver;Off;-108.52668;-49.21563;0.0022944445;None;NO
28190;99.988075;2.70908;sun;On;On;Receiver;Off;-108.76391;-48.60832;0.0022944445;None;NO
28200;99.988075;2.70938;sun;On;On;Receiver;Off;-108.996544;-48.000675;0.0022944445;None;NO
28210;99.988075;2.70968;sun;On;On;Receiver;Off;-109.22477;-47.39272;0.0022944445;None;NO
28220;99.988075;2.70998;sun;On;On;Receiver;Off;-109.4488;-46.78446;0.0022944445;None;NO
28230;99.988075;2.71028;sun;On;On;Receiver;Off;-109.668785;-46.17591;0.0022944445;None;NO
28240;99.988075;2.71058;sun;On;On;Receiver;Off;-109.88492;-45.567085;0.0022944445;None;NO
28250;99.988075;2.71088;sun;On;On;Receiver;Off;-110.09735;-44.957996;0.0022944445;None;NO
28260;99.988075;2.71118;sun;On;On;Receiver;Off;-110.30624;-44.34865;0.0022944445;None;NO
28270;99.988075;2.71148;sun;On;On;Receiver;Off;-110.51171;-43.739063;0.0022944445;None;NO
28280;99.988075;2.71178;sun;On;On;Receiver;Off;-110.71393;-43.129242;0.0022944445;None;NO
28290;99.988075;2.71208;sun;On;On;Receiver;Off;-110.913;-42.5192;0.0022944445;None;NO
28300;99.988075;2.71238;sun;On;On;Receiver;Off;-111.10908;-41.90894;0.0022944445;None;NO
28310;99.988075;2.71268;sun;On;On;Receiver;Off;-111.30225;-41.298473;0.0022944445;None;NO
28320;99.988075;2.71298;sun;On;On;Receiver;Off;-111.49265;-40.68781;0.0022944445;None;NO
28330;99.988075;2.71328;sun;On;On;Receiver;Off;-111.68038;-40.076954;0.0022944445;None;NO
28340;99.988075;2.71358;sun;On;On;Receiver;Off;-111.86554;-39.465916;0.0022944445;None;NO
28350;99.988075;2.71388;sun;On;On;Receiver;Off;-112.04823;-38.854702;0.0022944445;None;NO
28360;99.988075;2.71418;sun;On;On;Receiver;Off;-112.228546;-38.24332;0.0022944445;None;NO
28370;99.988075;2.71448;sun;On;On;Receiver;Off;-112.40658;-37.631775;0.0022944445;None;NO
28380;99.988075;2.71478;sun;On;On;Receiver;Off;-112.58241;-37.020073;0.0022944445;None;NO
28390;99.988075;2.71508;sun;On;On;Receiver;Off;-112.75613;-36.408222;0.0022944445;None;NO
28400;99.988075;2.71538;sun;On;On;Receiver;Off;-112.927795;-35.796223;0.0022944445;None;NO
28410;99.988075;2.71568;sun;On;On;Receiver;Off;-113.0975;-35.184086;0.0022944445;None;NO
28420;99.988075;2.71598;sun;On;On;Receiver;Off;-113.26533;-34.571815;0.0022944445;None;NO
28430;99.988075;2.71628;sun;On;On;Receiver;Off;-113.43132;-33.959415;0.0022944445;None;NO
28440;99.988075;2.71658;sun;On;On;Receiver;Off;-113.595566;-33.34689;0.0022944445;None;NO
28450;99.988075;2.71688;sun;On;On;Receiver;Off;-113.75812;-32.734245;0.0022944445;None;NO
28460;99.988075;2.71718;sun;On;On;Receiver;Off;-113.91904;-32.121483;0.0022944445;None;NO
28470;99.988075;2.71748;sun;On;On;Receiver;Off;-114.078384;-31.508612;0.0022944445;None;NO
28480;99.988075;2.71778;sun;On;On;Receiver;Off;-114.23622;-30.895632;0.0022944445;None;NO
28490;99.988075;2.71808;sun;On;On;Receiver;Off;-114.3926;-30.282549;0.0022944445;None;NO
28500;99.988075;2.71838;sun;On;On;Receiver;Off;-114.54757;-29.669365;0.0022944445;None;NO
28510;99.988075;2.71868;sun;On;On;Receiver;Off;-114.70119;-29.056086;0.0022944445;None;NO
28520;99.988075;2.71898;sun;On;On;Receiver;Off;-114.8535;-28.442715;0.0022944445;None;NO
28530;99.988075;2.71928;sun;On;On;Receiver;Off;-115.004555;-27.829254;0.0022944445;None;NO
28540;99.988075;2.71958;sun;On;On;Receiver;Off;-115.154396;-27.215708;0.0022944445;None;NO
28550;99.988075;2.71988;sun;On;On;Receiver;Off;-115.30307;-26.602077;0.0022944445;None;NO
28560;99.988075;2.72018;sun;On;On;Receiver;Off;-115.450615;-25.988369;0.0022944445;None;NO
28570;99.988075;2.72048;sun;On;On;Receiver;Off;-115.597084;-25.374582;0.0022944445;None;NO
28580;99.988075;2.72078;sun;On;On;Receiver;Off;-115.7425;-24.760723;0.0022944445;None;NO
28590;99.988075;2.72108;sun;On;On;Receiver;Off;-115.88692;-24.146791;0.0022944445;None;NO
28600;99.988075;2.72138;sun;On;On;Receiver;Off;-116.030365;-23.532791;0.0022944445;None;NO
28610;99.988075;2.72168;sun;On;On;Receiver;Off;-116.17288;-22.918726;0.0022944445;None;NO
28620;99.988075;2.72198;sun;On;On;Receiver;Off;-116.31451;-22.304596;0.0022944445;None;NO
28630;99.988075;2.72228;sun;On;On;Receiver;Off;-116.45527;-21.690407;0.0022944445;None;NO
28640;99.988075;2.72258;sun;On;On;Receiver;Off;-116.5952;-21.076157;0.0022944445;None;NO
28650;99.988075;2.72288;sun;On;On;Receiver;Off;-116.734344;-20.461851;0.0022944445;None;NO
28660;99.988075;2.72318;sun;On;On;Receiver;Off;-116.87272;-19.847492;0.0022944445;None;NO
28670;99.988075;2.72348;sun;On;On;Receiver;Off;-117.01036;-19.233082;0.0022944445;None;NO
28680;99.988075;2.72378;sun;On;On;Receiver;Off;-117.1473;-18.61862;0.0022944445;None;NO
28690;99.988075;2.72408;sun;On;On;Receiver;Off;-117.28358;-18.004112;0.0022944445;None;NO
28700;99.988075;2.72438;sun;On;On;Receiver;Off;-117.4192;-17.389557;0.0022944445;None;NO
28710;99.988075;2.72468;sun;On;On;Receiver;Off;-117.55421;-16.774958;0.0022944445;None;NO
28720;99.988075;2.72498;sun;On;On;Receiver;Off;-117.68863;-16.160318;0.0022944445;None;NO
28730;99.988075;2.72528;sun;On;On;Receiver;Off;-117.82248;-15.545638;0.0022944445;None;NO
28740;99.988075;2.72558;sun;On;On;Receiver;Off;-117.9558;-14.93092;0.0022944445;None;NO
28750;99.988075;2.72588;sun;On;On;Receiver;Off;-118.088615;-14.316165;0.0022944445;None;NO
28760;99.988075;2.72618;sun;On;On;Receiver;Off;-118.22094;-13.701375;0.0022944445;None;NO
28770;99.988075;2.72648;sun;On;On;Receiver;Off;-118.3528;-13.086553;0.0022944445;None;NO
28780;99.988075;2.72678;sun;On;On;Receiver;Off;-118.48422;-12.4717;0.0022944445;None;NO
28790;99.988075;2.72708;sun;On;On;Receiver;Off;-118.615234;-11.856816;0.0022944445;None;NO
28800;99.988075;2.72738;sun;On;On;Receiver;Off;-118.74586;-11.241905;0.0022944445;None;NO
28810;99.988075;2.72768;sun;On;On;Receiver;Off;-118.87611;-10.626968;0.0022944445;None;NO
28820;99.988075;2.72798;sun;On;On;Receiver;Off;-119.00602;-10.012007;0.0022944445;None;NO
28830;99.988075;2.72828;sun;On;On;Receiver;Off;-119.135605;-9.397021;0.0022944445;None;NO
28840;99.988075;2.72858;sun;On;On;Receiver;Off;-119.26489;-8.782015;0.0022944445;None;NO
28850;99.988075;2.72888;sun;On;On;Receiver;Off;-119.3939;-8.166987;0.0022944445;None;NO
28860;99.988075;2.72918;sun;On;On;Receiver;Off;-119.522644;-7.5519423;0.0022944445;None;NO
28870;99.988075;2.72948;sun;On;On;Receiver;Off;-119.65115;-6.9368796;0.0022944445;None;NO
28880;99.988075;2.72978;sun;On;On;Receiver;Off;-119.77945;-6.321801;0.0022944445;None;NO
28890;99.988075;2.73008;sun;On;On;Receiver;Off;-119.90755;-5.7067084;0.0022944445;None;NO
28900;99.988075;2.73038;sun;On;On;Receiver;Off;-120.03548;-5.091603;0.0022944445;None;NO
28910;99.988075;2.73068;sun;On;On;Receiver;Off;-120.163246;-4.4764857;0.0022944445;None;NO
28920;99.988075;2.73098;sun;On;On;Receiver;Off;-120.29088;-3.861359;0.0022944445;None;NO
28930;99.988075;2.73128;sun;On;On;Receiver;Off;-120.4184;-3.2462232;0.0022944445;None;NO
28940;99.988075;2.73158;sun;On;On;Receiver;Off;-120.54583;-2.6310804;0.0022944445;None;NO
28950;99.988075;2.73188;sun;On;On;Receiver;Off;-120.67319;-2.0159316;0.0022944445;None;NO
28960;99.988075;2.73218;sun;On;On;Receiver;Off;-120.80048;-1.4007783;0.0022944445;None;NO
28970;99.988075;2.73248;sun;On;On;Receiver;Off;-120.92775;-0.78562194;0.0022944445;None;NO
28980;99.988075;2.73278;sun;On;On;Receiver;Off;-121.05499;-0.17046383;0.0022944445;None;NO
28990;99.988075;2.73308;sun;On;On;Receiver;Off;-121.18225;0.44469467;0.0022944445;None;NO
29000;99.988075;2.73338;sun;On;On;Receiver;Off;-121.309525;1.0598521;0.0022944445;None;NO
29010;99.988075;2.73368;sun;On;On;Receiver;Off;-121.43685;1.6750073;0.0022944445;None;NO
29020;99.988075;2.73398;sun;On;On;Receiver;Off;-121.56423;2.2901587;0.0022944445;None;NO
29030;99.988075;2.73428;sun;On;On;Receiver;Off;-121.6917;2.905305;0.0022944445;None;NO
29040;99.988075;2.73458;sun;On;On;Receiver;Off;-121.819275;3.5204449;0.0022944445;None;NO
29050;99.988075;2.73488;sun;On;On;Receiver;Off;-121.94697;4.1355767;0.0022944445;None;NO
29060;99.988075;2.73518;sun;On;On;Receiver;Off;-122.074814;4.7506995;0.0022944445;None;NO
29070;99.988075;2.73548;sun;On;On;Receiver;Off;-122.20281;5.365812;0.0022944445;None;NO
29080;99.988075;2.73578;sun;On;On;Receiver;Off;-122.331;5.9809117;0.0022944445;None;NO
29090;99.988075;2.73608;sun;On;On;Receiver;Off;-122.4594;6.5959983;0.0022944445;None;NO
29100;99.988075;2.73638;sun;On;On;Receiver;Off;-122.58801;7.2110696;0.0022944445;None;NO
29110;99.988075;2.73668;sun;On;On;Receiver;Off;-122.71688;7.826125;0.0022944445;None;NO
29120;99.988075;2.73698;sun;On;On;Receiver;Off;-122.846016;8.441162;0.0022944445;None;NO
29130;99.988075;2.73728;sun;On;On;Receiver;Off;-122.97543;9.056181;0.0022944445;None;NO
29140;99.988075;2.73758;sun;On;On;Receiver;Off;-123.10517;9.671178;0.0022944445;None;NO
29150;99.988075;2.73788;sun;On;On;Receiver;Off;-123.23524;10.286153;0.0022944445;None;NO
29160;99.988075;2.73818;sun;On;On;Receiver;Off;-123.365654;10.901104;0.0022944445;None;NO
29170;99.988075;2.73848;sun;On;On;Receiver;Off;-123.49645;11.516029;0.0022944445;None;NO
29180;99.988075;2.73878;sun;On;On;Receiver;Off;-123.627655;12.130928;0.0022944445;None;NO
29190;99.988075;2.73908;sun;On;On;Receiver;Off;-123.759285;12.745798;0.0022944445;None;NO
29200;99.988075;2.73938;sun;On;On;Receiver;Off;-123.89136;13.360638;0.0022944445;None;NO
29210;99.988075;2.73968;sun;On;On;Receiver;Off;-124.0239;13.975446;0.0022944445;None;NO
29220;99.988075;2.73998;sun;On;On;Receiver;Off;-124.156944;14.5902195;0.0022944445;None;NO
29230;99.988075;2.74028;sun;On;On;Receiver;Off;-124.29051;15.204959;0.0022944445;None;NO
29240;99.988075;2.74058;sun;On;On;Receiver;Off;-124.42463;15.81966;0.0022944445;None;NO
29250;99.988075;2.74088;sun;On;On;Receiver;Off;-124.55932;16.434322;0.0022944445;None;NO
29260;99.988075;2.74118;sun;On;On;Receiver;Off;-124.69461;17.048944;0.0022944445;None;NO
29270;99.988075;2.74148;sun;On;On;Receiver;Off;-124.83053;17.663525;0.0022944445;None;NO
29280;99.988075;2.74178;sun;On;On;Receiver;Off;-124.96711;18.278059;0.0022944445;None;NO
29290;99.988075;2.74208;sun;On;On;Receiver;Off;-125.10438;18.892546;0.0022944445;None;NO
29300;99.988075;2.74238;sun;On;On;Receiver;Off;-125.242355;19.506985;0.0022944445;None;NO
29310;99.988075;2.74268;sun;On;On;Receiver;Off;-125.38108;20.121374;0.0022944445;None;NO
29320;99.988075;2.74298;sun;On;On;Receiver;Off;-125.52059;20.73571;0.0022944445;None;NO
29330;99.988075;2.74328;sun;On;On;Receiver;Off;-125.660904;21.349989;0.0022944445;None;NO
29340;99.988075;2.74358;sun;On;On;Receiver;Off;-125.80206;21.964212;0.0022944445;None;NO
29350;99.988075;2.74388;sun;On;On;Receiver;Off;-125.9441;22.578377;0.0022944445;None;NO
29360;99.988075;2.74418;sun;On;On;Receiver;Off;-126.08704;23.192478;0.0022944445;None;NO
29370;99.988075;2.74448;sun;On;On;Receiver;Off;-126.230934;23.806515;0.0022944445;None;NO
29380;99.988075;2.74478;sun;On;On;Receiver;Off;-126.37582;24.420483;0.0022944445;None;NO
29390;99.988075;2.74508;sun;On;On;Receiver;Off;-126.52171;25.034384;0.0022944445;None;NO
29400;99.988075;2.74538;sun;On;On;Receiver;Off;-126.66868;25.64821;0.0022944445;None;NO
29410;99.988075;2.74568;sun;On;On;Receiver;Off;-126.81674;26.261963;0.0022944445;None;NO
29420;99.988075;2.74598;sun;On;On;Receiver;Off;-126.96596;26.875637;0.0022944445;None;NO
29430;99.988075;2.74628;sun;On;On;Receiver;Off;-127.116356;27.48923;0.0022944445;None;NO
29440;99.988075;2.74658;sun;On;On;Receiver;Off;-127.26799;28.10274;0.0022944445;None;NO
29450;99.988075;2.74688;sun;On;On;Receiver;Off;-127.4209;28.71616;0.0022944445;None;NO
29460;99.988075;2.74718;sun;On;On;Receiver;Off;-127.57514;29.32949;0.0022944445;None;NO
29470;99.988075;2.74748;sun;On;On;Receiver;Off;-127.73076;29.942728;0.0022944445;None;NO
29480;99.988075;2.74778;sun;On;On;Receiver;Off;-127.88781;30.555866;0.0022944445;None;NO
29490;99.988075;2.74808;sun;On;On;Receiver;Off;-128.04634;31.168905;0.0022944445;None;NO
29500;99.988075;2.74838;sun;On;On;Receiver;Off;-128.20642;31.781837;0.0022944445;None;NO
29510;99.988075;2.74868;sun;On;On;Receiver;Off;-128.36809;32.39466;0.0022944445;None;NO
29520;99.988075;2.74898;sun;On;On;Receiver;Off;-128.53142;33.00737;0.0022944445;None;NO
29530;99.988075;2.74928;sun;On;On;Receiver;Off;-128.69647;33.61996;0.0022944445;None;NO
29540;99.988075;2.74958;sun;On;On;Receiver;Off;-128.8633;34.232433;0.0022944445;None;NO
29550;99.988075;2.74988;sun;On;On;Receiver;Off;-129.032;34.844776;0.0022944445;None;NO
29560;99.988075;2.75018;sun;On;On;Receiver;Off;-129.2026;35.45699;0.0022944445;None;NO
29570;99.988075;2.75048;sun;On;On;Receiver;Off;-129.37521;36.069065;0.0022944445;None;NO
29580;99.988075;2.75078;sun;On;On;Receiver;Off;-129.54991;36.680996;0.0022944445;None;NO
29590;99.988075;2.75108;sun;On;On;Receiver;Off;-129.72675;37.29278;0.0022944445;None;NO
29600;99.988075;2.75138;sun;On;On;Receiver;Off;-129.90584;37.904415;0.0022944445;None;NO
29610;99.988075;2.75168;sun;On;On;Receiver;Off;-130.08725;38.51589;0.0022944445;None;NO
29620;99.988075;2.75198;sun;On;On;Receiver;Off;-130.27107;39.127197;0.0022944445;None;NO
29630;99.988075;2.75228;sun;On;On;Receiver;Off;-130.45741;39.73833;0.0022944445;None;NO
29640;99.988075;2.75258;sun;On;On;Receiver;Off;-130.64638;40.34929;0.0022944445;None;NO
29650;99.988075;2.75288;sun;On;On;Receiver;Off;-130.83804;40.96006;0.0022944445;None;NO
29660;99.988075;2.75318;sun;On;On;Receiver;Off;-131.03256;41.570637;0.0022944445;None;NO
29670;99.988075;2.75348;sun;On;On;Receiver;Off;-131.23001;42.18101;0.0022944445;None;NO
29680;99.988075;2.75378;sun;On;On;Receiver;Off;-131.43053;42.791176;0.0022944445;None;NO
29690;99.988075;2.75408;sun;On;On;Receiver;Off;-131.63425;43.401123;0.0022944445;None;NO
29700;99.988075;2.75438;sun;On;On;Receiver;Off;-131.8413;44.01084;0.0022944445;None;NO
29710;99.988075;2.75468;sun;On;On;Receiver;Off;-132.0518;44.620323;0.0022944445;None;NO
29720;99.988075;2.75498;sun;On;On;Receiver;Off;-132.26595;45.229553;0.0022944445;None;NO
29730;99.988075;2.75528;sun;On;On;Receiver;Off;-132.48384;45.838528;0.0022944445;None;NO
29740;99.988075;2.75558;sun;On;On;Receiver;Off;-132.70569;46.44723;0.0022944445;None;NO
29750;99.988075;2.75588;sun;On;On;Receiver;Off;-132.93166;47.055653;0.0022944445;None;NO
29760;99.988075;2.75618;sun;On;On;Receiver;Off;-133.16191;47.663776;0.0022944445;None;NO
29770;99.988075;2.75648;sun;On;On;Receiver;Off;-133.39665;48.271595;0.0022944445;None;NO
29780;99.988075;2.75678;sun;On;On;Receiver;Off;-133.6361;48.879093;0.0022944445;None;NO
29790;99.988075;2.75708;sun;On;On;Receiver;Off;-133.88043;49.48625;0.0022944445;None;NO
29800;99.988075;2.75738;sun;On;On;Receiver;Off;-134.12993;50.093056;0.0022944445;None;NO
29810;99.988075;2.75768;sun;On;On;Receiver;Off;-134.3848;50.699493;0.0022944445;None;NO
29820;99.988075;2.75798;sun;On;On;Receiver;Off;-134.64531;51.305542;0.0022944445;None;NO
29830;99.988075;2.75828;sun;On;On;Receiver;Off;-134.91174;51.911182;0.0022944445;None;NO
29840;99.988075;2.75858;sun;On;On;Receiver;Off;-135.18439;52.516396;0.0022944445;None;NO
29850;99.988075;2.75888;sun;On;On;Receiver;Off;-135.46355;53.121162;0.0022944445;None;NO
29860;99.988075;2.75918;sun;On;On;Receiver;Off;-135.74954;53.725456;0.0022944445;None;NO
29870;99.988075;2.75948;sun;On;On;Receiver;Off;-136.04274;54.329258;0.0022944445;None;NO
29880;99.988075;2.75978;sun;On;On;Receiver;Off;-136.34352;54.932533;0.0022944445;None;NO
29890;99.988075;2.76008;sun;On;On;Receiver;Off;-136.65227;55.535263;0.0022944445;None;NO
29900;99.988075;2.76038;sun;On;On;Receiver;Off;-136.9694;56.137413;0.0022944445;None;NO
29910;99.988075;2.76068;sun;On;On;Receiver;Off;-137.29541;56.73895;0.0022944445;None;NO
29920;99.988075;2.76098;sun;On;On;Receiver;Off;-137.63075;57.33984;0.0022944445;None;NO
29930;99.988075;2.76128;sun;On;On;Receiver;Off;-137.97597;57.940052;0.0022944445;None;NO
29940;99.988075;2.76158;sun;On;On;Receiver;Off;-138.33162;58.53954;0.0022944445;None;NO
29950;99.988075;2.76188;sun;On;On;Receiver;Off;-138.69832;59.138264;0.0022944445;None;NO
29960;99.988075;2.76218;sun;On;On;Receiver;Off;-139.0767;59.736176;0.0022944445;None;NO
29970;99.988075;2.76248;sun;On;On;Receiver;Off;-139.46748;60.333233;0.0022944445;None;NO
29980;99.988075;2.76278;sun;On;On;Receiver;Off;-139.8714;60.929375;0.0022944445;None;NO
29990;99.988075;2.76308;sun;On;On;Receiver;Off;-140.28929;61.524548;0.0022944445;None;NO
30000;99.988075;2.76338;sun;On;On;Receiver;Off;-140.72205;62.118687;0.0022944445;None;NO
30010;99.988075;2.76368;sun;On;On;Receiver;Off;-141.1706;62.711723;0.0022944445;None;NO
30020;99.988075;2.76398;sun;On;On;Receiver;Off;-141.63599;63.30359;0.0022944445;None;NO
30030;99.988075;2.76428;sun;On;On;Receiver;Off;-142.11934;63.894196;0.0022944445;None;NO
30040;99.988075;2.76458;sun;On;On;Receiver;Off;-142.62189;64.48347;0.0022944445;None;NO
30050;99.988075;2.76488;sun;On;On;Receiver;Off;-143.14496;65.07129;0.0022944445;None;NO
30060;99.988075;2.76518;sun;On;On;Receiver;Off;-143.69;65.65758;0.0022944445;None;NO
30070;99.988075;2.76548;sun;On;On;Receiver;Off;-144.25859;66.24221;0.0022944445;None;NO
30080;99.988075;2.76578;sun;On;On;Receiver;Off;-144.85246;66.82505;0.0022944445;None;NO
30090;99.988075;2.76608;sun;On;On;Receiver;Off;-145.47353;67.405975;0.0022944445;None;NO
30100;99.988075;2.76638;sun;On;On;Receiver;Off;-146.12383;67.98483;0.0022944445;None;NO
30110;99.988075;2.76668;sun;On;On;Receiver;Off;-146.80566;68.56144;0.0022944445;None;NO
30120;99.988075;2.76698;sun;On;On;Receiver;Off;-147.52155;69.13562;0.0022944445;None;NO
30130;99.988075;2.76728;sun;On;On;Receiver;Off;-148.27423;69.70717;0.0022944445;None;NO
30140;99.988075;2.76758;sun;On;On;Receiver;Off;-149.06674;70.27585;0.0022944445;None;NO
30150;99.988075;2.76788;sun;On;On;Receiver;Off;-149.90245;70.84141;0.0022944445;None;NO
30160;99.988075;2.76818;sun;On;On;Receiver;Off;-150.78506;71.403564;0.0022944445;None;NO
30170;99.988075;2.76848;sun;On;On;Receiver;Off;-151.71869;71.962;0.0022944445;None;NO
30180;99.988075;2.76878;sun;On;On;Receiver;Off;-152.70786;72.51635;0.0022944445;None;NO
30190;99.988075;2.76908;sun;On;On;Receiver;Off;-153.75761;73.06622;0.0022944445;None;NO
30200;99.988075;2.76938;sun;On;On;Receiver;Off;-154.87352;73.61116;0.0022944445;None;NO
30210;99.988075;2.76968;sun;On;On;Receiver;Off;-156.06175;74.15066;0.0022944445;None;NO
30220;99.988075;2.76998;sun;On;On;Receiver;Off;-157.32916;74.684135;0.0022944445;None;NO
30230;99.988075;2.77028;sun;On;On;Receiver;Off;-158.6833;75.210945;0.0022944445;None;NO
30240;99.988075;2.77058;sun;On;On;Receiver;Off;-160.13255;75.73035;0.0022944445;None;NO
30250;99.988075;2.77088;sun;On;On;Receiver;Off;-161.68608;76.24149;0.0022944445;None;NO
30260;99.988075;2.77118;sun;On;On;Receiver;Off;-163.35399;76.74345;0.0022944445;None;NO
30270;99.988075;2.77148;sun;On;On;Receiver;Off;-165.14722;77.23511;0.0022944445;None;NO
30280;99.988075;2.77178;sun;On;On;Receiver;Off;-167.07765;77.71524;0.0022944445;None;NO
30290;99.988075;2.77208;sun;On;On;Receiver;Off;-169.15794;78.18245;0.0022944445;None;NO
30300;99.988075;2.77238;sun;On;On;Receiver;Off;-171.40137;78.63513;0.0022944445;None;NO
30310;99.988075;2.77268;sun;On;On;Receiver;Off;-173.82156;79.07149;0.0022944445;None;NO
30320;99.988075;2.77298;sun;On;On;Receiver;Off;-176.4321;79.48948;0.0022944445;None;NO
30330;99.988075;2.77328;sun;On;On;Receiver;Off;-179.2458;79.88683;0.0022944445;None;NO
30340;99.988075;2.77358;sun;On;On;Receiver;Off;177.72607;80.26101;0.0022944445;None;NO
30350;99.988075;2.77388;sun;On;On;Receiver;Off;174.47507;80.60925;0.0022944445;None;NO
30360;99.988075;2.77418;sun;On;On;Receiver;Off;170.99686;80.92857;0.0022944445;None;NO
30370;99.988075;2.77448;sun;On;On;Receiver;Off;167.29294;81.21581;0.0022944445;None;NO
30380;99.988075;2.77478;sun;On;On;Receiver;Off;163.37218;81.46773;0.0022944445;None;NO
30390;99.988075;2.77508;sun;On;On;Receiver;Off;159.25233;81.68111;0.0022944445;None;NO
30400;99.988075;2.77538;sun;On;On;Receiver;Off;154.96088;81.85293;0.0022944445;None;NO
30410;99.988075;2.77568;sun;On;On;Receiver;Off;150.53502;81.98052;0.0022944445;None;NO
30420;99.988075;2.77598;sun;On;On;Receiver;Off;146.0204;82.061745;0.0022944445;None;NO
30430;99.988075;2.77628;sun;On;On;Receiver;Off;141.46881;82.09518;0.0022944445;None;NO
30440;99.988075;2.77658;sun;On;On;Receiver;Off;136.93459;82.08021;0.0022944445;None;NO
30450;99.988075;2.77688;sun;On;On;Receiver;Off;132.47089;82.017105;0.0022944445;None;NO
30460;99.988075;2.77718;sun;On;On;Receiver;Off;128.12592;81.907005;0.0022944445;None;NO
30470;99.988075;2.77748;sun;On;On;Receiver;Off;123.94014;81.75179;0.0022944445;None;NO
30480;99.988075;2.77778;sun;On;On;Receiver;Off;119.94464;81.55394;0.0022944445;None;NO
30490;99.988075;2.77808;sun;On;On;Receiver;Off;116.16062;81.31637;0.0022944445;None;NO
30500;99.988075;2.77838;sun;On;On;Receiver;Off;112.600044;81.04224;0.0022944445;None;NO
30510;99.988075;2.77868;sun;On;On;Receiver;Off;109.266884;80.734795;0.0022944445;None;NO
30520;99.988075;2.77898;sun;On;On;Receiver;Off;106.15873;80.39723;0.0022944445;None;NO
30530;99.97615;2.77928;ecl;On;On;Receiver;Off;103.26845;80.032616;0.0022944445;None;NO
30540;99.964226;2.77958;ecl;On;On;Receiver;Off;100.585655;79.64381;0.0022944445;None;NO
30550;99.9523;2.77988;ecl;On;On;Receiver;Off;98.097984;79.23341;0.0022944445;None;NO
30560;99.94038;2.78018;ecl;On;On;Receiver;Off;95.792046;78.80382;0.0022944445;None;NO
30570;99.928444;2.78048;ecl;On;On;Receiver;Off;93.65417;78.35715;0.0022944445;None;NO
30580;99.91652;2.78078;ecl;On;On;Receiver;Off;91.6709;77.89529;0.0022944445;None;NO
30590;99.904594;2.78108;ecl;On;On;Receiver;Off;89.82932;77.419914;0.0022944445;None;NO
30600;99.89267;2.78138;ecl;On;On;Receiver;Off;88.11729;76.932495;0.0022944445;None;NO
30610;99.880745;2.78168;ecl;On;On;Receiver;Off;86.52349;76.43434;0.0022944445;None;NO
30620;99.86882;2.78198;ecl;On;On;Receiver;Off;85.037544;75.92658;0.0022944445;None;NO
30630;99.856895;2.78228;ecl;On;On;Receiver;Off;83.64992;75.41023;0.0022944445;None;NO
30640;99.84497;2.78258;ecl;On;On;Receiver;Off;82.351974;74.88616;0.0022944445;None;NO
30650;99.833046;2.78288;ecl;On;On;Receiver;Off;81.13586;74.35515;0.0022944445;None;NO
30660;99.82112;2.78318;ecl;On;On;Receiver;Off;79.99447;73.81788;0.0022944445;None;NO
30670;99.8092;2.78348;ecl;On;On;Receiver;Off;78.9214;73.274956;0.0022944445;None;NO
30680;99.79727;2.78378;ecl;On;On;Receiver;Off;77.91087;72.72691;0.0022944445;None;NO
30690;99.78534;2.78408;ecl;On;On;Receiver;Off;76.95766;72.174225;0.0022944445;None;NO
30700;99.773415;2.78438;ecl;On;On;Receiver;Off;76.057045;71.6173;0.0022944445;None;NO
30710;99.76149;2.78468;ecl;On;On;Receiver;Off;75.20477;71.056526;0.0022944445;None;NO
30720;99.749565;2.78498;ecl;On;On;Receiver;Off;74.397;70.49223;0.0022944445;None;NO
30730;99.73764;2.78528;ecl;On;On;Receiver;Off;73.63024;69.924706;0.0022944445;None;NO
30740;99.725716;2.78558;ecl;On;On;Receiver;Off;72.90135;69.354225;0.0022944445;None;NO
30750;99.71379;2.78588;ecl;On;On;Receiver;Off;72.20747;68.78103;0.0022944445;None;NO
30760;99.701866;2.78618;ecl;On;On;Receiver;Off;71.546005;68.20532;0.0022944445;None;NO
30770;99.68994;2.78648;ecl;On;On;Receiver;Off;70.9146;67.62731;0.0022944445;None;NO
30780;99.67802;2.78678;ecl;On;On;Receiver;Off;70.31109;67.04716;0.0022944445;None;NO
30790;99.66609;2.78708;ecl;On;On;Receiver;Off;69.73354;66.46503;0.0022944445;None;NO
30800;99.65417;2.78738;ecl;On;On;Receiver;Off;69.18015;65.881065;0.0022944445;None;NO
30810;99.642235;2.78768;ecl;On;On;Receiver;Off;68.64929;65.295395;0.0022944445;None;NO
30820;99.63031;2.78798;ecl;On;On;Receiver;Off;68.13946;64.708145;0.0022944445;None;NO
30830;99.618385;2.78828;ecl;On;On;Receiver;Off;67.649284;64.119415;0.0022944445;None;NO
30840;99.60646;2.78858;ecl;On;On;Receiver;Off;67.17751;63.52931;0.0022944445;None;NO
30850;99.594536;2.78888;ecl;On;On;Receiver;Off;66.722984;62.937912;0.0022944445;None;NO
30860;99.58261;2.78918;ecl;On;On;Receiver;Off;66.28462;62.345314;0.0022944445;None;NO
30870;99.57069;2.78948;ecl;On;On;Receiver;Off;65.86145;61.751587;0.0022944445;None;NO
30880;99.55876;2.78978;ecl;On;On;Receiver;Off;65.45255;61.1568;0.0022944445;None;NO
30890;99.54684;2.79008;ecl;On;On;Receiver;Off;65.0571;60.561024;0.0022944445;None;NO
30900;99.53491;2.79038;ecl;On;On;Receiver;Off;64.6743;59.96431;0.0022944445;None;NO
30910;99.52299;2.79068;ecl;On;On;Receiver;Off;64.30345;59.36672;0.0022944445;None;NO
30920;99.51106;2.79098;ecl;On;On;Receiver;Off;63.943867;58.768295;0.0022944445;None;NO
30930;99.49913;2.79128;ecl;On;On;Receiver;Off;63.594933;58.169094;0.0022944445;None;NO
30940;99.487206;2.79158;ecl;On;On;Receiver;Off;63.25607;57.569157;0.0022944445;None;NO
30950;99.47528;2.79188;ecl;On;On;Receiver;Off;62.92674;56.96852;0.0022944445;None;NO
30960;99.463356;2.79218;ecl;On;On;Receiver;Off;62.606438;56.367226;0.0022944445;None;NO
30970;99.45143;2.79248;ecl;On;On;Receiver;Off;62.294697;55.765305;0.0022944445;None;NO
30980;99.43951;2.79278;ecl;On;On;Receiver;Off;61.99108;55.162796;0.0022944445;None;NO
30990;99.42758;2.79308;ecl;On;On;Receiver;Off;61.695183;54.559727;0.0022944445;None;NO
31000;99.41566;2.79338;ecl;On;On;Receiver;Off;61.406612;53.956123;0.0022944445;None;NO
31010;99.40373;2.79368;ecl;On;On;Receiver;Off;61.12501;53.352013;0.0022944445;None;NO
31020;99.39181;2.79398;ecl;On;On;Receiver;Off;60.850044;52.747425;0.0022944445;None;NO
31030;99.37988;2.79428;ecl;On;On;Receiver;Off;60.581398;52.14238;0.0022944445;None;NO
31040;99.36796;2.79458;ecl;On;On;Receiver;Off;60.318768;51.5369;0.0022944445;None;NO
31050;99.356026;2.79488;ecl;On;On;Receiver;Off;60.06188;50.931004;0.0022944445;None;NO
31060;99.3441;2.79518;ecl;On;On;Receiver;Off;59.810463;50.324715;0.0022944445;None;NO
31070;99.33218;2.79548;ecl;On;On;Receiver;Off;59.564278;49.71805;0.0022944445;None;NO
31080;99.32025;2.79578;ecl;On;On;Receiver;Off;59.323086;49.11102;0.0022944445;None;NO
31090;99.30833;2.79608;ecl;On;On;Receiver;Off;59.086662;48.50365;0.0022944445;None;NO
31100;99.2964;2.79638;ecl;On;On;Receiver;Off;58.854805;47.895954;0.0022944445;None;NO
31110;99.28448;2.79668;ecl;On;On;Receiver;Off;58.627308;47.287945;0.0022944445;None;NO
31120;99.27255;2.79698;ecl;On;On;Receiver;Off;58.403996;46.679634;0.0022944445;None;NO
31130;99.26063;2.79728;ecl;On;On;Receiver;Off;58.184677;46.071037;0.0022944445;None;NO
31140;99.2487;2.79758;ecl;On;On;Receiver;Off;57.969196;45.462166;0.0022944445;None;NO
31150;99.23678;2.79788;ecl;On;On;Receiver;Off;57.757385;44.85303;0.0022944445;None;NO
31160;99.22485;2.79818;ecl;On;On;Receiver;Off;57.549103;44.243645;0.0022944445;None;NO
31170;99.21292;2.79848;ecl;On;On;Receiver;Off;57.344193;43.634014;0.0022944445;None;NO
31180;99.201;2.79878;ecl;On;On;Receiver;Off;57.14253;43.024155;0.0022944445;None;NO
31190;99.18907;2.79908;ecl;On;On;Receiver;Off;56.943977;42.414074;0.0022944445;None;NO
31200;99.17715;2.79938;ecl;On;On;Receiver;Off;56.748413;41.803776;0.0022944445;None;NO
31210;99.16522;2.79968;ecl;On;On;Receiver;Off;56.555725;41.193275;0.0022944445;None;NO
31220;99.1533;2.79998;ecl;On;On;Receiver;Off;56.36579;40.582577;0.0022944445;None;NO
31230;99.14137;2.80028;ecl;On;On;Receiver;Off;56.178513;39.97169;0.0022944445;None;NO
31240;99.12945;2.80058;ecl;On;On;Receiver;Off;55.993782;39.360622;0.0022944445;None;NO
31250;99.11752;2.80088;ecl;On;On;Receiver;Off;55.81151;38.749382;0.0022944445;None;NO
31260;99.1056;2.80118;ecl;On;On;Receiver;Off;55.63159;38.13797;0.0022944445;None;NO
31270;99.09367;2.80148;ecl;On;On;Receiver;Off;55.453945;37.526398;0.0022944445;None;NO
31280;99.08175;2.80178;ecl;On;On;Receiver;Off;55.27849;36.91467;0.0022944445;None;NO
31290;99.06982;2.80208;ecl;On;On;Receiver;Off;55.10513;36.30279;0.0022944445;None;NO
31300;99.05789;2.80238;ecl;On;On;Receiver;Off;54.9338;35.69077;0.0022944445;None;NO
31310;99.04597;2.80268;ecl;On;On;Receiver;Off;54.76442;35.07861;0.0022944445;None;NO
31320;99.03404;2.80298;ecl;On;On;Receiver;Off;54.59692;34.466316;0.0022944445;None;NO
31330;99.02212;2.80328;ecl;On;On;Receiver;Off;54.431232;33.853893;0.0022944445;None;NO
31340;99.01019;2.80358;ecl;On;On;Receiver;Off;54.267284;33.241344;0.0022944445;None;NO
31350;98.99827;2.80388;ecl;On;On;Receiver;Off;54.105022;32.62868;0.0022944445;None;NO
31360;98.98634;2.80418;ecl;On;On;Receiver;Off;53.944374;32.0159;0.0022944445;None;NO
31370;98.97442;2.80448;ecl;On;On;Receiver;Off;53.78529;31.40301;0.0022944445;None;NO
31380;98.962494;2.80478;ecl;On;On;Receiver;Off;53.62771;30.79001;0.0022944445;None;NO
31390;98.95057;2.80508;ecl;On;On;Receiver;Off;53.471577;30.17691;0.0022944445;None;NO
31400;98.93864;2.80538;ecl;On;On;Receiver;Off;53.31684;29.563711;0.0022944445;None;NO
31410;98.92671;2.80568;ecl;On;On;Receiver;Off;53.163452;28.950415;0.0022944445;None;NO
31420;98.91479;2.80598;ecl;On;On;Receiver;Off;53.01136;28.337029;0.0022944445;None;NO
31430;98.90286;2.80628;ecl;On;On;Receiver;Off;52.86052;27.723553;0.0022944445;None;NO
31440;98.89094;2.80658;ecl;On;On;Receiver;Off;52.71088;27.109991;0.0022944445;None;NO
31450;98.87901;2.80688;ecl;On;On;Receiver;Off;52.562405;26.496347;0.0022944445;None;NO
31460;98.86709;2.80718;ecl;On;On;Receiver;Off;52.415047;25.882626;0.0022944445;None;NO
31470;98.85516;2.80748;ecl;On;On;Receiver;Off;52.268764;25.268826;0.0022944445;None;NO
31480;98.84324;2.80778;ecl;On;On;Receiver;Off;52.12352;24.654953;0.0022944445;None;NO
31490;98.831314;2.80808;ecl;On;On;Receiver;Off;51.979275;24.04101;0.0022944445;None;NO
31500;98.81939;2.80838;ecl;On;On;Receiver;Off;51.83599;23.426998;0.0022944445;None;NO
31510;98.807465;2.80868;ecl;On;On;Receiver;Off;51.69363;22.812922;0.0022944445;None;NO
31520;98.79553;2.80898;ecl;On;On;Receiver;Off;51.55216;22.198782;0.0022944445;None;NO
31530;98.78361;2.80928;ecl;On;On;Receiver;Off;51.41154;21.584581;0.0022944445;None;NO
31540;98.77168;2.80958;ecl;On;On;Receiver;Off;51.271744;20.970324;0.0022944445;None;NO
31550;98.75976;2.80988;ecl;On;On;Receiver;Off;51.13274;20.356009;0.0022944445;None;NO
31560;98.74783;2.81018;ecl;On;On;Receiver;Off;50.99449;19.74164;0.0022944445;None;NO
31570;98.73591;2.81048;ecl;On;On;Receiver;Off;50.856968;19.12722;0.0022944445;None;NO
31580;98.72398;2.81078;ecl;On;On;Receiver;Off;50.720146;18.51275;0.0022944445;None;NO
31590;98.71206;2.81108;ecl;On;On;Receiver;Off;50.58399;17.898233;0.0022944445;None;NO
31600;98.700134;2.81138;ecl;On;On;Receiver;Off;50.44847;17.28367;0.0022944445;None;NO
31610;98.68821;2.81168;ecl;On;On;Receiver;Off;50.31357;16.669065;0.0022944445;None;NO
31620;98.676285;2.81198;ecl;On;On;Receiver;Off;50.17925;16.054419;0.0022944445;None;NO
31630;98.66436;2.81228;ecl;On;On;Receiver;Off;50.045483;15.439731;0.0022944445;None;NO
31640;98.65243;2.81258;ecl;On;On;Receiver;Off;49.912254;14.8250065;0.0022944445;None;NO
31650;98.6405;2.81288;ecl;On;On;Receiver;Off;49.77953;14.210245;0.0022944445;None;NO
31660;98.62858;2.81318;ecl;On;On;Receiver;Off;49.64729;13.59545;0.0022944445;None;NO
31670;98.61665;2.81348;ecl;On;On;Receiver;Off;49.515503;12.980622;0.0022944445;None;NO
31680;98.60473;2.81378;ecl;On;On;Receiver;Off;49.38415;12.365764;0.0022944445;None;NO
31690;98.592804;2.81408;ecl;On;On;Receiver;Off;49.25321;11.750875;0.0022944445;None;NO
31700;98.58088;2.81438;ecl;On;On;Receiver;Off;49.12265;11.135961;0.0022944445;None;NO
31710;98.568954;2.81468;ecl;On;On;Receiver;Off;48.99246;10.521019;0.0022944445;None;NO
31720;98.55703;2.81498;ecl;On;On;Receiver;Off;48.862606;9.906053;0.0022944445;None;NO
31730;98.545105;2.81528;ecl;On;On;Receiver;Off;48.733074;9.291063;0.0022944445;None;NO
31740;98.53318;2.81558;ecl;On;On;Receiver;Off;48.60384;8.676053;0.0022944445;None;NO
31750;98.521255;2.81588;ecl;On;On;Receiver;Off;48.47488;8.061023;0.0022944445;None;NO
31760;98.50932;2.81618;ecl;On;On;Receiver;Off;48.346176;7.445975;0.0022944445;None;NO
31770;98.4974;2.81648;ecl;On;On;Receiver;Off;48.2177;6.8309093;0.0022944445;None;NO
31780;98.48547;2.81678;ecl;On;On;Receiver;Off;48.089443;6.215828;0.0022944445;None;NO
31790;98.47355;2.81708;ecl;On;On;Receiver;Off;47.961372;5.6007333;0.0022944445;None;NO
31800;98.461624;2.81738;ecl;On;On;Receiver;Off;47.833477;4.9856253;0.0022944445;None;NO
31810;98.4497;2.81768;ecl;On;On;Receiver;Off;47.70573;4.370507;0.0022944445;None;NO
31820;98.437775;2.81798;ecl;On;On;Receiver;Off;47.578117;3.755378;0.0022944445;None;NO
31830;98.42585;2.81828;ecl;On;On;Receiver;Off;47.45061;3.1402411;0.0022944445;None;NO
31840;98.413925;2.81858;ecl;On;On;Receiver;Off;47.323196;2.5250971;0.0022944445;None;NO
31850;98.402;2.81888;ecl;On;On;Receiver;Off;47.195854;1.9099474;0.0022944445;None;NO
31860;98.390076;2.81918;ecl;On;On;Receiver;Off;47.068565;1.2947935;0.0022944445;None;NO
31870;98.37815;2.81948;ecl;On;On;Receiver;Off;46.941303;0.6796368;0.0022944445;None;NO
31880;98.36622;2.81978;ecl;On;On;Receiver;Off;46.814056;0.0644785;0.0022944445;None;NO
31890;98.354294;2.82008;ecl;On;On;Receiver;Off;46.6868;-0.5506799;0.0022944445;None;NO
31900;98.34237;2.82038;ecl;On;On;Receiver;Off;46.559517;-1.165837;0.0022944445;None;NO
31910;98.330444;2.82068;ecl;On;On;Receiver;Off;46.432186;-1.7809917;0.0022944445;None;NO
31920;98.31852;2.82098;ecl;On;On;Receiver;Off;46.304787;-2.3961422;0.0022944445;None;NO
31930;98.306595;2.82128;ecl;On;On;Receiver;Off;46.1773;-3.0112877;0.0022944445;None;NO
31940;98.29467;2.82158;ecl;On;On;Receiver;Off;46.04971;-3.6264262;0.0022944445;None;NO
31950;98.282745;2.82188;ecl;On;On;Receiver;Off;45.92199;-4.2415566;0.0022944445;None;NO
31960;98.27082;2.82218;ecl;On;On;Receiver;Off;45.79412;-4.8566775;0.0022944445;None;NO
31970;98.258896;2.82248;ecl;On;On;Receiver;Off;45.66609;-5.471788;0.0022944445;None;NO
31980;98.24697;2.82278;ecl;On;On;Receiver;Off;45.537865;-6.0868855;0.0022944445;None;NO
31990;98.23505;2.82308;ecl;On;On;Receiver;Off;45.409435;-6.7019696;0.0022944445;None;NO
32000;98.223114;2.82338;ecl;On;On;Receiver;Off;45.280777;-7.3170385;0.0022944445;None;NO
32010;98.21119;2.82368;ecl;On;On;Receiver;Off;45.151867;-7.9320908;0.0022944445;None;NO
32020;98.199265;2.82398;ecl;On;On;Receiver;Off;45.022686;-8.547125;0.0022944445;None;NO
32030;98.18734;2.82428;ecl;On;On;Receiver;Off;44.89321;-9.16214;0.0022944445;None;NO
32040;98.175415;2.82458;ecl;On;On;Receiver;Off;44.76342;-9.777133;0.0022944445;None;NO
32050;98.16349;2.82488;ecl;On;On;Receiver;Off;44.633297;-10.392104;0.0022944445;None;NO
32060;98.151566;2.82518;ecl;On;On;Receiver;Off;44.50281;-11.0070505;0.0022944445;None;NO
32070;98.13964;2.82548;ecl;On;On;Receiver;Off;44.371944;-11.621972;0.0022944445;None;NO
32080;98.127716;2.82578;ecl;On;On;Receiver;Off;44.24067;-12.236866;0.0022944445;None;NO
32090;98.11579;2.82608;ecl;On;On;Receiver;Off;44.10897;-12.85173;0.0022944445;None;NO
32100;98.10387;2.82638;ecl;On;On;Receiver;Off;43.976818;-13.466565;0.0022944445;None;NO
32110;98.09194;2.82668;ecl;On;On;Receiver;Off;43.844185;-14.0813675;0.0022944445;None;NO
32120;98.08001;2.82698;ecl;On;On;Receiver;Off;43.711052;-14.6961355;0.0022944445;None;NO
32130;98.068085;2.82728;ecl;On;On;Receiver;Off;43.577396;-15.310868;0.0022944445;None;NO
32140;98.05616;2.82758;ecl;On;On;Receiver;Off;43.443184;-15.925563;0.0022944445;None;NO
32150;98.044235;2.82788;ecl;On;On;Receiver;Off;43.30839;-16.540218;0.0022944445;None;NO
32160;98.03231;2.82818;ecl;On;On;Receiver;Off;43.172993;-17.154833;0.0022944445;None;NO
32170;98.020386;2.82848;ecl;On;On;Receiver;Off;43.03696;-17.769405;0.0022944445;None;NO
32180;98.00846;2.82878;ecl;On;On;Receiver;Off;42.900265;-18.383932;0.0022944445;None;NO
32190;97.99654;2.82908;ecl;On;On;Receiver;Off;42.76288;-18.998411;0.0022944445;None;NO
32200;97.98461;2.82938;ecl;On;On;Receiver;Off;42.62477;-19.612843;0.0022944445;None;NO
32210;97.97269;2.82968;ecl;On;On;Receiver;Off;42.485912;-20.22722;0.0022944445;None;NO
32220;97.96076;2.82998;ecl;On;On;Receiver;Off;42.346268;-20.841547;0.0022944445;None;NO
32230;97.94883;2.83028;ecl;On;On;Receiver;Off;42.20581;-21.455818;0.0022944445;None;NO
32240;97.936905;2.83058;ecl;On;On;Receiver;Off;42.064507;-22.07003;0.0022944445;None;NO
32250;97.92498;2.83088;ecl;On;On;Receiver;Off;41.922318;-22.684183;0.0022944445;None;NO
32260;97.913055;2.83118;ecl;On;On;Receiver;Off;41.77921;-23.298273;0.0022944445;None;NO
32270;97.90113;2.83148;ecl;On;On;Receiver;Off;41.63515;-23.9123;0.0022944445;None;NO
32280;97.889206;2.83178;ecl;On;On;Receiver;Off;41.490097;-24.526257;0.0022944445;None;NO
32290;97.87728;2.83208;ecl;On;On;Receiver;Off;41.344017;-25.140144;0.0022944445;None;NO
32300;97.86536;2.83238;ecl;On;On;Receiver;Off;41.196865;-25.75396;0.0022944445;None;NO
32310;97.85343;2.83268;ecl;On;On;Receiver;Off;41.048607;-26.367699;0.0022944445;None;NO
32320;97.84151;2.83298;ecl;On;On;Receiver;Off;40.899193;-26.98136;0.0022944445;None;NO
32330;97.82958;2.83328;ecl;On;On;Receiver;Off;40.748585;-27.594936;0.0022944445;None;NO
32340;97.81766;2.83358;ecl;On;On;Receiver;Off;40.596733;-28.208431;0.0022944445;None;NO
32350;97.805725;2.83388;ecl;On;On;Receiver;Off;40.443596;-28.821836;0.0022944445;None;NO
32360;97.7938;2.83418;ecl;On;On;Receiver;Off;40.28912;-29.435152;0.0022944445;None;NO
32370;97.781876;2.83448;ecl;On;On;Receiver;Off;40.13326;-30.048372;0.0022944445;None;NO
32380;97.76995;2.83478;ecl;On;On;Receiver;Off;39.975956;-30.661493;0.0022944445;None;NO
32390;97.758026;2.83508;ecl;On;On;Receiver;Off;39.81716;-31.274513;0.0022944445;None;NO
32400;97.7461;2.83538;ecl;On;On;Receiver;Off;39.65682;-31.887428;0.0022944445;None;NO
32410;97.73418;2.83568;ecl;On;On;Receiver;Off;39.494865;-32.500233;0.0022944445;None;NO
32420;97.72225;2.83598;ecl;On;On;Receiver;Off;39.331245;-33.112923;0.0022944445;None;NO
32430;97.71033;2.83628;ecl;On;On;Receiver;Off;39.165894;-33.725494;0.0022944445;None;NO
32440;97.6984;2.83658;ecl;On;On;Receiver;Off;38.99874;-34.337944;0.0022944445;None;NO
32450;97.68648;2.83688;ecl;On;On;Receiver;Off;38.829727;-34.950264;0.0022944445;None;NO
32460;97.67455;2.83718;ecl;On;On;Receiver;Off;38.65877;-35.56245;0.0022944445;None;NO
32470;97.71604;2.83748;sun;On;On;Receiver;Off;38.48581;-36.174503;0.0022944445;None;NO
32480;97.75754;2.83778;sun;On;On;Receiver;Off;38.310757;-36.78641;0.0022944445;None;NO
32490;97.79903;2.83808;sun;On;On;Receiver;Off;38.133533;-37.39817;0.0022944445;None;NO
32500;97.84052;2.83838;sun;On;On;Receiver;Off;37.954056;-38.009777;0.0022944445;None;NO
32510;97.88202;2.83868;sun;On;On;Receiver;Off;37.772236;-38.621223;0.0022944445;None;NO
32520;97.92351;2.83898;sun;On;On;Receiver;Off;37.587982;-39.232502;0.0022944445;None;NO
32530;97.965004;2.83928;sun;On;On;Receiver;Off;37.401196;-39.84361;0.0022944445;None;NO
32540;98.0065;2.83958;sun;On;On;Receiver;Off;37.211777;-40.454533;0.0022944445;None;NO
32550;98.04799;2.83988;sun;On;On;Receiver;Off;37.01962;-41.06527;0.0022944445;None;NO
32560;98.089485;2.84018;sun;On;On;Receiver;Off;36.82461;-41.67581;0.0022944445;None;NO
32570;98.130974;2.84048;sun;On;On;Receiver;Off;36.626637;-42.28615;0.0022944445;None;NO
32580;98.17247;2.84078;sun;On;On;Receiver;Off;36.425575;-42.89628;0.0022944445;None;NO
32590;98.21397;2.84108;sun;On;On;Receiver;Off;36.221294;-43.506187;0.0022944445;None;NO
32600;98.255455;2.84138;sun;On;On;Receiver;Off;36.013664;-44.115864;0.0022944445;None;NO
32610;98.29695;2.84168;sun;On;On;Receiver;Off;35.802536;-44.725304;0.0022944445;None;NO
32620;98.33845;2.84198;sun;On;On;Receiver;Off;35.587765;-45.33449;0.0022944445;None;NO
32630;98.37994;2.84228;sun;On;On;Receiver;Off;35.36919;-45.94342;0.0022944445;None;NO
32640;98.42143;2.84258;sun;On;On;Receiver;Off;35.146652;-46.552074;0.0022944445;None;NO
32650;98.46292;2.84288;sun;On;On;Receiver;Off;34.919968;-47.160446;0.0022944445;None;NO
32660;98.50442;2.84318;sun;On;On;Receiver;Off;34.688953;-47.76852;0.0022944445;None;NO
32670;98.54591;2.84348;sun;On;On;Receiver;Off;34.453415;-48.376286;0.0022944445;None;NO
32680;98.5874;2.84378;sun;On;On;Receiver;Off;34.213146;-48.983723;0.0022944445;None;NO
32690;98.6289;2.84408;sun;On;On;Receiver;Off;33.967926;-49.590824;0.0022944445;None;NO
32700;98.670395;2.84438;sun;On;On;Receiver;Off;33.71753;-50.197567;0.0022944445;None;NO
32710;98.71188;2.84468;sun;On;On;Receiver;Off;33.4617;-50.803936;0.0022944445;None;NO
32720;98.75338;2.84498;sun;On;On;Receiver;Off;33.200184;-51.409916;0.0022944445;None;NO
32730;98.79487;2.84528;sun;On;On;Receiver;Off;32.932705;-52.015484;0.0022944445;None;NO
32740;98.836365;2.84558;sun;On;On;Receiver;Off;32.658962;-52.620625;0.0022944445;None;NO
32750;98.87786;2.84588;sun;On;On;Receiver;Off;32.37865;-53.22531;0.0022944445;None;NO
32760;98.91935;2.84618;sun;On;On;Receiver;Off;32.091434;-53.82952;0.0022944445;None;NO
32770;98.960846;2.84648;sun;On;On;Receiver;Off;31.796959;-54.433235;0.0022944445;None;NO
32780;99.00234;2.84678;sun;On;On;Receiver;Off;31.494843;-55.03642;0.0022944445;None;NO
32790;99.04383;2.84708;sun;On;On;Receiver;Off;31.184683;-55.63905;0.0022944445;None;NO
32800;99.08533;2.84738;sun;On;On;Receiver;Off;30.866047;-56.241093;0.0022944445;None;NO
32810;99.126816;2.84768;sun;On;On;Receiver;Off;30.538473;-56.84252;0.0022944445;None;NO
32820;99.16831;2.84798;sun;On;On;Receiver;Off;30.201464;-57.4433;0.0022944445;None;NO
32830;99.20981;2.84828;sun;On;On;Receiver;Off;29.85449;-58.04339;0.0022944445;None;NO
32840;99.2513;2.84858;sun;On;On;Receiver;Off;29.49698;-58.64275;0.0022944445;None;NO
32850;99.29279;2.84888;sun;On;On;Receiver;Off;29.12832;-59.241337;0.0022944445;None;NO
32860;99.33429;2.84918;sun;On;On;Receiver;Off;28.747852;-59.839108;0.0022944445;None;NO
32870;99.37578;2.84948;sun;On;On;Receiver;Off;28.354866;-60.43601;0.0022944445;None;NO
32880;99.417274;2.84978;sun;On;On;Receiver;Off;27.948591;-61.031986;0.0022944445;None;NO
32890;99.45876;2.85008;sun;On;On;Receiver;Off;27.528204;-61.626987;0.0022944445;None;NO
32900;99.50026;2.85038;sun;On;On;Receiver;Off;27.092806;-62.22094;0.0022944445;None;NO
32910;99.541756;2.85068;sun;On;On;Receiver;Off;26.641432;-62.81378;0.0022944445;None;NO
32920;99.583244;2.85098;sun;On;On;Receiver;Off;26.173025;-63.405434;0.0022944445;None;NO
32930;99.62474;2.85128;sun;On;On;Receiver;Off;25.686451;-63.99582;0.0022944445;None;NO
32940;99.66624;2.85158;sun;On;On;Receiver;Off;25.180464;-64.58485;0.0022944445;None;NO
32950;99.707726;2.85188;sun;On;On;Receiver;Off;24.653717;-65.17242;0.0022944445;None;NO
32960;99.74922;2.85218;sun;On;On;Receiver;Off;24.104736;-65.75842;0.0022944445;None;NO
32970;99.79071;2.85248;sun;On;On;Receiver;Off;23.531916;-66.34276;0.0022944445;None;NO
32980;99.83221;2.85278;sun;On;On;Receiver;Off;22.933496;-66.925285;0.0022944445;None;NO
32990;99.8737;2.85308;sun;On;On;Receiver;Off;22.307558;-67.50586;0.0022944445;None;NO
33000;99.91519;2.85338;sun;On;On;Receiver;Off;21.651985;-68.084335;0.0022944445;None;NO
33010;99.95669;2.85368;sun;On;On;Receiver;Off;20.964466;-68.660545;0.0022944445;None;NO
33020;99.988075;2.85398;sun;On;On;Receiver;Off;20.24245;-69.23428;0.0022944445;None;NO
33030;99.988075;2.85428;sun;On;On;Receiver;Off;19.483135;-69.80535;0.0022944445;None;NO
33040;99.988075;2.85458;sun;On;On;Receiver;Off;18.683426;-70.37352;0.0022944445;None;NO
33050;99.988075;2.85488;sun;On;On;Receiver;Off;17.839909;-70.938515;0.0022944445;None;NO
33060;99.988075;2.85518;sun;On;On;Receiver;Off;16.948809;-71.50005;0.0022944445;None;NO
33070;99.988075;2.85548;sun;On;On;Receiver;Off;16.005955;-72.05781;0.0022944445;None;NO
33080;99.988075;2.85578;sun;On;On;Receiver;Off;15.00672;-72.61142;0.0022944445;None;NO
33090;99.988075;2.85608;sun;On;On;Receiver;Off;13.945986;-73.16048;0.0022944445;None;NO
33100;99.988075;2.85638;sun;On;On;Receiver;Off;12.818078;-73.70451;0.0022944445;None;NO
33110;99.988075;2.85668;sun;On;On;Receiver;Off;11.616709;-74.24302;0.0022944445;None;NO
33120;99.988075;2.85698;sun;On;On;Receiver;Off;10.334916;-74.77539;0.0022944445;None;NO
33130;99.988075;2.85728;sun;On;On;Receiver;Off;8.965002;-75.30098;0.0022944445;None;NO
33140;99.988075;2.85758;sun;On;On;Receiver;Off;7.4984713;-75.81902;0.0022944445;None;NO
33150;99.988075;2.85788;sun;On;On;Receiver;Off;5.925978;-76.32866;0.0022944445;None;NO
33160;99.988075;2.85818;sun;On;On;Receiver;Off;4.2372923;-76.82892;0.0022944445;None;NO
33170;99.988075;2.85848;sun;On;On;Receiver;Off;2.421283;-77.31869;0.0022944445;None;NO
33180;99.988075;2.85878;sun;On;On;Receiver;Off;0.46595255;-77.7967;0.0022944445;None;NO
33190;99.988075;2.85908;sun;On;On;Receiver;Off;-1.6414754;-78.26153;0.0022944445;None;NO
33200;99.988075;2.85938;sun;On;On;Receiver;Off;-3.9143739;-78.71153;0.0022944445;None;NO
33210;99.988075;2.85968;sun;On;On;Receiver;Off;-6.366408;-79.144875;0.0022944445;None;NO
33220;99.988075;2.85998;sun;On;On;Receiver;Off;-9.011066;-79.55948;0.0022944445;None;NO
33230;99.988075;2.86028;sun;On;On;Receiver;Off;-11.86098;-79.953026;0.0022944445;None;NO
33240;99.988075;2.86058;sun;On;On;Receiver;Off;-14.926996;-80.32294;0.0022944445;None;NO
33250;99.988075;2.86088;sun;On;On;Receiver;Off;-18.216982;-80.66642;0.0022944445;None;NO
33260;99.988075;2.86118;sun;On;On;Receiver;Off;-21.734365;-80.98044;0.0022944445;None;NO
33270;99.988075;2.86148;sun;On;On;Receiver;Off;-25.476513;-81.26182;0.0022944445;None;NO
33280;99.988075;2.86178;sun;On;On;Receiver;Off;-29.4331;-81.507324;0.0022944445;None;NO
33290;99.988075;2.86208;sun;On;On;Receiver;Off;-33.584743;-81.71375;0.0022944445;None;NO
33300;99.988075;2.86238;sun;On;On;Receiver;Off;-37.902264;-81.878136;0.0022944445;None;NO
33310;99.988075;2.86268;sun;On;On;Receiver;Off;-42.346886;-81.99787;0.0022944445;None;NO
33320;99.988075;2.86298;sun;On;On;Receiver;Off;-46.871674;-82.07094;0.0022944445;None;NO
33330;99.988075;2.86328;sun;On;On;Receiver;Off;-51.42417;-82.096054;0.0022944445;None;NO
33340;99.988075;2.86358;sun;On;On;Receiver;Off;-55.949936;-82.07275;0.0022944445;None;NO
33350;99.988075;2.86388;sun;On;On;Receiver;Off;-60.39644;-82.00145;0.0022944445;None;NO
33360;99.988075;2.86418;sun;On;On;Receiver;Off;-64.71662;-81.88342;0.0022944445;None;NO
33370;99.988075;2.86448;sun;On;On;Receiver;Off;-68.87155;-81.720665;0.0022944445;None;NO
33380;99.988075;2.86478;sun;On;On;Receiver;Off;-72.831856;-81.515755;0.0022944445;None;NO
33390;99.988075;2.86508;sun;On;On;Receiver;Off;-76.57799;-81.27165;0.0022944445;None;NO
33400;99.988075;2.86538;sun;On;On;Receiver;Off;-80.09947;-80.991554;0.0022944445;None;NO
33410;99.988075;2.86568;sun;On;On;Receiver;Off;-83.39354;-80.678696;0.0022944445;None;NO
33420;99.988075;2.86598;sun;On;On;Receiver;Off;-86.46354;-80.33626;0.0022944445;None;NO
33430;99.988075;2.86628;sun;On;On;Receiver;Off;-89.31726;-79.96728;0.0022944445;None;NO
33440;99.988075;2.86658;sun;On;On;Receiver;Off;-91.965515;-79.57457;0.0022944445;None;NO
33450;99.988075;2.86688;sun;On;On;Receiver;Off;-94.420906;-79.160706;0.0022944445;None;NO
33460;99.988075;2.86718;sun;On;On;Receiver;Off;-96.696915;-78.72803;0.0022944445;None;NO
33470;99.988075;2.86748;sun;On;On;Receiver;Off;-98.807205;-78.27861;0.0022944445;None;NO
33480;99.988075;2.86778;sun;On;On;Receiver;Off;-100.76517;-77.81431;0.0022944445;None;NO
33490;99.988075;2.86808;sun;On;On;Receiver;Off;-102.58358;-77.336754;0.0022944445;None;NO
33500;99.988075;2.86838;sun;On;On;Receiver;Off;-104.27446;-76.847404;0.0022944445;None;NO
33510;99.988075;2.86868;sun;On;On;Receiver;Off;-105.84896;-76.34752;0.0022944445;None;NO
33520;99.988075;2.86898;sun;On;On;Receiver;Off;-107.317314;-75.83821;0.0022944445;None;NO
33530;99.988075;2.86928;sun;On;On;Receiver;Off;-108.688896;-75.320465;0.0022944445;None;NO
33540;99.988075;2.86958;sun;On;On;Receiver;Off;-109.972206;-74.79514;0.0022944445;None;NO
33550;99.988075;2.86988;sun;On;On;Receiver;Off;-111.174965;-74.26301;0.0022944445;None;NO
33560;99.988075;2.87018;sun;On;On;Receiver;Off;-112.30414;-73.724724;0.0022944445;None;NO
33570;99.988075;2.87048;sun;On;On;Receiver;Off;-113.36603;-73.180885;0.0022944445;None;NO
33580;99.988075;2.87078;sun;On;On;Receiver;Off;-114.366325;-72.63201;0.0022944445;None;NO
33590;99.988075;2.87108;sun;On;On;Receiver;Off;-115.31016;-72.07856;0.0022944445;None;NO
33600;99.988075;2.87138;sun;On;On;Receiver;Off;-116.202156;-71.52095;0.0022944445;None;NO
33610;99.988075;2.87168;sun;On;On;Receiver;Off;-117.04649;-70.95955;0.0022944445;None;NO
33620;99.988075;2.87198;sun;On;On;Receiver;Off;-117.84696;-70.39468;0.0022944445;None;NO
33630;99.988075;2.87228;sun;On;On;Receiver;Off;-118.60698;-69.82662;0.0022944445;None;NO
33640;99.988075;2.87258;sun;On;On;Receiver;Off;-119.32964;-69.25566;0.0022944445;None;NO
33650;99.988075;2.87288;sun;On;On;Receiver;Off;-120.01776;-68.682014;0.0022944445;None;NO
33660;99.988075;2.87318;sun;On;On;Receiver;Off;-120.67389;-68.105896;0.0022944445;None;NO
33670;99.988075;2.87348;sun;On;On;Receiver;Off;-121.30034;-67.527504;0.0022944445;None;NO
33680;99.988075;2.87378;sun;On;On;Receiver;Off;-121.89924;-66.947;0.0022944445;None;NO
33690;99.988075;2.87408;sun;On;On;Receiver;Off;-122.4725;-66.36454;0.0022944445;None;NO
33700;99.988075;2.87438;sun;On;On;Receiver;Off;-123.021904;-65.78027;0.0022944445;None;NO
33710;99.988075;2.87468;sun;On;On;Receiver;Off;-123.549034;-65.19433;0.0022944445;None;NO
33720;99.988075;2.87498;sun;On;On;Receiver;Off;-124.05538;-64.60681;0.0022944445;None;NO
33730;99.988075;2.87528;sun;On;On;Receiver;Off;-124.5423;-64.01784;0.0022944445;None;NO
33740;99.988075;2.87558;sun;On;On;Receiver;Off;-125.01102;-63.427505;0.0022944445;None;NO
33750;99.988075;2.87588;sun;On;On;Receiver;Off;-125.46269;-62.8359;0.0022944445;None;NO
33760;99.988075;2.87618;sun;On;On;Receiver;Off;-125.89837;-62.2431;0.0022944445;None;NO
33770;99.988075;2.87648;sun;On;On;Receiver;Off;-126.31902;-61.649185;0.0022944445;None;NO
33780;99.988075;2.87678;sun;On;On;Receiver;Off;-126.72554;-61.054222;0.0022944445;None;NO
33790;99.988075;2.87708;sun;On;On;Receiver;Off;-127.11876;-60.45828;0.0022944445;None;NO
33800;99.988075;2.87738;sun;On;On;Receiver;Off;-127.49945;-59.861412;0.0022944445;None;NO
33810;99.988075;2.87768;sun;On;On;Receiver;Off;-127.86832;-59.26367;0.0022944445;None;NO
33820;99.988075;2.87798;sun;On;On;Receiver;Off;-128.22603;-58.665115;0.0022944445;None;NO
33830;99.988075;2.87828;sun;On;On;Receiver;Off;-128.57318;-58.065784;0.0022944445;None;NO
33840;99.988075;2.87858;sun;On;On;Receiver;Off;-128.91037;-57.46572;0.0022944445;None;NO
33850;99.988075;2.87888;sun;On;On;Receiver;Off;-129.2381;-56.86497;0.0022944445;None;NO
33860;99.988075;2.87918;sun;On;On;Receiver;Off;-129.5569;-56.263565;0.0022944445;None;NO
33870;99.988075;2.87948;sun;On;On;Receiver;Off;-129.8672;-55.66154;0.0022944445;None;NO
33880;99.988075;2.87978;sun;On;On;Receiver;Off;-130.16946;-55.058933;0.0022944445;None;NO
33890;99.988075;2.88008;sun;On;On;Receiver;Off;-130.46408;-54.45577;0.0022944445;None;NO
33900;99.988075;2.88038;sun;On;On;Receiver;Off;-130.75142;-53.852077;0.0022944445;None;NO
33910;99.988075;2.88068;sun;On;On;Receiver;Off;-131.03185;-53.247883;0.0022944445;None;NO
33920;99.988075;2.88098;sun;On;On;Receiver;Off;-131.30571;-52.643215;0.0022944445;None;NO
33930;99.988075;2.88128;sun;On;On;Receiver;Off;-131.5733;-52.03809;0.0022944445;None;NO
33940;99.988075;2.88158;sun;On;On;Receiver;Off;-131.83492;-51.432537;0.0022944445;None;NO
33950;99.988075;2.88188;sun;On;On;Receiver;Off;-132.09085;-50.826572;0.0022944445;None;NO
33960;99.988075;2.88218;sun;On;On;Receiver;Off;-132.34134;-50.22022;0.0022944445;None;NO
33970;99.988075;2.88248;sun;On;On;Receiver;Off;-132.58665;-49.613487;0.0022944445;None;NO
33980;99.988075;2.88278;sun;On;On;Receiver;Off;-132.82701;-49.0064;0.0022944445;None;NO
33990;99.988075;2.88308;sun;On;On;Receiver;Off;-133.06262;-48.398975;0.0022944445;None;NO
34000;99.988075;2.88338;sun;On;On;Receiver;Off;-133.29372;-47.79122;0.0022944445;None;NO
34010;99.988075;2.88368;sun;On;On;Receiver;Off;-133.52048;-47.18316;0.0022944445;None;NO
34020;99.988075;2.88398;sun;On;On;Receiver;Off;-133.7431;-46.5748;0.0022944445;None;NO
34030;99.988075;2.88428;sun;On;On;Receiver;Off;-133.96175;-45.966152;0.0022944445;None;NO
34040;99.988075;2.88458;sun;On;On;Receiver;Off;-134.17657;-45.357235;0.0022944445;None;NO
34050;99.988075;2.88488;sun;On;On;Receiver;Off;-134.38777;-44.74806;0.0022944445;None;NO
34060;99.988075;2.88518;sun;On;On;Receiver;Off;-134.59546;-44.138626;0.0022944445;None;NO
34070;99.988075;2.88548;sun;On;On;Receiver;Off;-134.7998;-43.528957;0.0022944445;None;NO
34080;99.988075;2.88578;sun;On;On;Receiver;Off;-135.00093;-42.91906;0.0022944445;None;NO
34090;99.988075;2.88608;sun;On;On;Receiver;Off;-135.19894;-42.30894;0.0022944445;None;NO
34100;99.988075;2.88638;sun;On;On;Receiver;Off;-135.39401;-41.69861;0.0022944445;None;NO
34110;99.988075;2.88668;sun;On;On;Receiver;Off;-135.58621;-41.088074;0.0022944445;None;NO
34120;99.988075;2.88698;sun;On;On;Receiver;Off;-135.77568;-40.47734;0.0022944445;None;NO
34130;99.988075;2.88728;sun;On;On;Receiver;Off;-135.96252;-39.866425;0.0022944445;None;NO
34140;99.988075;2.88758;sun;On;On;Receiver;Off;-136.14682;-39.255325;0.0022944445;None;NO
34150;99.988075;2.88788;sun;On;On;Receiver;Off;-136.32867;-38.644054;0.0022944445;None;NO
34160;99.988075;2.88818;sun;On;On;Receiver;Off;-136.5082;-38.03261;0.0022944445;None;NO
34170;99.988075;2.88848;sun;On;On;Receiver;Off;-136.68546;-37.421013;0.0022944445;None;NO
34180;99.988075;2.88878;sun;On;On;Receiver;Off;-136.86055;-36.809258;0.0022944445;None;NO
34190;99.988075;2.88908;sun;On;On;Receiver;Off;-137.03355;-36.197357;0.0022944445;None;NO
34200;99.988075;2.88938;sun;On;On;Receiver;Off;-137.20454;-35.58531;0.0022944445;None;NO
34210;99.988075;2.88968;sun;On;On;Receiver;Off;-137.3736;-34.973125;0.0022944445;None;NO
34220;99.988075;2.88998;sun;On;On;Receiver;Off;-137.54077;-34.36081;0.0022944445;None;NO
34230;99.988075;2.89028;sun;On;On;Receiver;Off;-137.70616;-33.748367;0.0022944445;None;NO
34240;99.988075;2.89058;sun;On;On;Receiver;Off;-137.86981;-33.1358;0.0022944445;None;NO
34250;99.988075;2.89088;sun;On;On;Receiver;Off;-138.0318;-32.523113;0.0022944445;None;NO
34260;99.988075;2.89118;sun;On;On;Receiver;Off;-138.19217;-31.910313;0.0022944445;None;NO
34270;99.988075;2.89148;sun;On;On;Receiver;Off;-138.351;-31.297403;0.0022944445;None;NO
34280;99.988075;2.89178;sun;On;On;Receiver;Off;-138.50832;-30.684387;0.0022944445;None;NO
34290;99.988075;2.89208;sun;On;On;Receiver;Off;-138.6642;-30.07127;0.0022944445;None;NO
34300;99.988075;2.89238;sun;On;On;Receiver;Off;-138.81871;-29.458054;0.0022944445;None;NO
34310;99.988075;2.89268;sun;On;On;Receiver;Off;-138.97186;-28.844742;0.0022944445;None;NO
34320;99.988075;2.89298;sun;On;On;Receiver;Off;-139.12375;-28.231339;0.0022944445;None;NO
34330;99.988075;2.89328;sun;On;On;Receiver;Off;-139.27437;-27.617847;0.0022944445;None;NO
34340;99.988075;2.89358;sun;On;On;Receiver;Off;-139.42381;-27.004272;0.0022944445;None;NO
34350;99.988075;2.89388;sun;On;On;Receiver;Off;-139.57208;-26.390615;0.0022944445;None;NO
34360;99.988075;2.89418;sun;On;On;Receiver;Off;-139.71925;-25.77688;0.0022944445;None;NO
34370;99.988075;2.89448;sun;On;On;Receiver;Off;-139.86536;-25.163067;0.0022944445;None;NO
34380;99.988075;2.89478;sun;On;On;Receiver;Off;-140.01042;-24.549183;0.0022944445;None;NO
34390;99.988075;2.89508;sun;On;On;Receiver;Off;-140.15451;-23.935226;0.0022944445;None;NO
34400;99.988075;2.89538;sun;On;On;Receiver;Off;-140.29762;-23.321205;0.0022944445;None;NO
34410;99.988075;2.89568;sun;On;On;Receiver;Off;-140.43983;-22.707117;0.0022944445;None;NO
34420;99.988075;2.89598;sun;On;On;Receiver;Off;-140.58116;-22.092966;0.0022944445;None;NO
34430;99.988075;2.89628;sun;On;On;Receiver;Off;-140.72163;-21.478756;0.0022944445;None;NO
34440;99.988075;2.89658;sun;On;On;Receiver;Off;-140.86128;-20.864487;0.0022944445;None;NO
34450;99.988075;2.89688;sun;On;On;Receiver;Off;-141.00015;-20.250162;0.0022944445;None;NO
34460;99.988075;2.89718;sun;On;On;Receiver;Off;-141.13828;-19.635786;0.0022944445;None;NO
34470;99.988075;2.89748;sun;On;On;Receiver;Off;-141.27568;-19.021357;0.0022944445;None;NO
34480;99.988075;2.89778;sun;On;On;Receiver;Off;-141.41238;-18.40688;0.0022944445;None;NO
34490;99.988075;2.89808;sun;On;On;Receiver;Off;-141.54843;-17.792355;0.0022944445;None;NO
34500;99.988075;2.89838;sun;On;On;Receiver;Off;-141.68384;-17.177784;0.0022944445;None;NO
34510;99.988075;2.89868;sun;On;On;Receiver;Off;-141.81863;-16.563171;0.0022944445;None;NO
34520;99.988075;2.89898;sun;On;On;Receiver;Off;-141.95287;-15.948517;0.0022944445;None;NO
34530;99.988075;2.89928;sun;On;On;Receiver;Off;-142.08653;-15.333823;0.0022944445;None;NO
34540;99.988075;2.89958;sun;On;On;Receiver;Off;-142.21968;-14.719092;0.0022944445;None;NO
34550;99.988075;2.89988;sun;On;On;Receiver;Off;-142.35231;-14.104325;0.0022944445;None;NO
34560;99.988075;2.90018;sun;On;On;Receiver;Off;-142.48448;-13.489524;0.0022944445;None;NO
34570;99.988075;2.90048;sun;On;On;Receiver;Off;-142.61618;-12.874691;0.0022944445;None;NO
34580;99.988075;2.90078;sun;On;On;Receiver;Off;-142.74747;-12.259827;0.0022944445;None;NO
34590;99.988075;2.90108;sun;On;On;Receiver;Off;-142.87834;-11.644935;0.0022944445;None;NO
34600;99.988075;2.90138;sun;On;On;Receiver;Off;-143.00883;-11.030014;0.0022944445;None;NO
34610;99.988075;2.90168;sun;On;On;Receiver;Off;-143.13896;-10.415069;0.0022944445;None;NO
34620;99.988075;2.90198;sun;On;On;Receiver;Off;-143.26875;-9.800098;0.0022944445;None;NO
34630;99.988075;2.90228;sun;On;On;Receiver;Off;-143.39824;-9.185105;0.0022944445;None;NO
34640;99.988075;2.90258;sun;On;On;Receiver;Off;-143.52742;-8.570091;0.0022944445;None;NO
34650;99.988075;2.90288;sun;On;On;Receiver;Off;-143.65634;-7.955058;0.0022944445;None;NO
34660;99.988075;2.90318;sun;On;On;Receiver;Off;-143.785;-7.3400064;0.0022944445;None;NO
34670;99.988075;2.90348;sun;On;On;Receiver;Off;-143.91344;-6.7249384;0.0022944445;None;NO
34680;99.988075;2.90378;sun;On;On;Receiver;Off;-144.04166;-6.1098547;0.0022944445;None;NO
34690;99.988075;2.90408;sun;On;On;Receiver;Off;-144.1697;-5.494757;0.0022944445;None;NO
34700;99.988075;2.90438;sun;On;On;Receiver;Off;-144.29756;-4.8796477;0.0022944445;None;NO
34710;99.988075;2.90468;sun;On;On;Receiver;Off;-144.4253;-4.2645273;0.0022944445;None;NO
34720;99.988075;2.90498;sun;On;On;Receiver;Off;-144.55289;-3.649397;0.0022944445;None;NO
34730;99.988075;2.90528;sun;On;On;Receiver;Off;-144.68037;-3.0342586;0.0022944445;None;NO
34740;99.988075;2.90558;sun;On;On;Receiver;Off;-144.80777;-2.4191136;0.0022944445;None;NO
34750;99.988075;2.90588;sun;On;On;Receiver;Off;-144.9351;-1.8039632;0.0022944445;None;NO
34760;99.988075;2.90618;sun;On;On;Receiver;Off;-145.0624;-1.1888087;0.0022944445;None;NO
34770;99.988075;2.90648;sun;On;On;Receiver;Off;-145.18965;-0.57365155;0.0022944445;None;NO
34780;99.988075;2.90678;sun;On;On;Receiver;Off;-145.3169;0.041506827;0.0022944445;None;NO
34790;99.988075;2.90708;sun;On;On;Receiver;Off;-145.44415;0.65666515;0.0022944445;None;NO
34800;99.988075;2.90738;sun;On;On;Receiver;Off;-145.57144;1.271822;0.0022944445;None;NO
34810;99.988075;2.90768;sun;On;On;Receiver;Off;-145.69879;1.886976;0.0022944445;None;NO
34820;99.988075;2.90798;sun;On;On;Receiver;Off;-145.8262;2.5021257;0.0022944445;None;NO
34830;99.988075;2.90828;sun;On;On;Receiver;Off;-145.9537;3.11727;0.0022944445;None;NO
34840;99.988075;2.90858;sun;On;On;Receiver;Off;-146.08131;3.7324073;0.0022944445;None;NO
34850;99.988075;2.90888;sun;On;On;Receiver;Off;-146.20906;4.347536;0.0022944445;None;NO
34860;99.988075;2.90918;sun;On;On;Receiver;Off;-146.33694;4.9626555;0.0022944445;None;NO
34870;99.988075;2.90948;sun;On;On;Receiver;Off;-146.46501;5.5777636;0.0022944445;None;NO
34880;99.988075;2.90978;sun;On;On;Receiver;Off;-146.59328;6.192859;0.0022944445;None;NO
34890;99.988075;2.91008;sun;On;On;Receiver;Off;-146.72174;6.8079405;0.0022944445;None;NO
34900;99.988075;2.91038;sun;On;On;Receiver;Off;-146.85045;7.4230065;0.0022944445;None;NO
34910;99.988075;2.91068;sun;On;On;Receiver;Off;-146.9794;8.038056;0.0022944445;None;NO
34920;99.988075;2.91098;sun;On;On;Receiver;Off;-147.10863;8.653087;0.0022944445;None;NO
34930;99.988075;2.91128;sun;On;On;Receiver;Off;-147.23816;9.268098;0.0022944445;None;NO
34940;99.988075;2.91158;sun;On;On;Receiver;Off;-147.368;9.883088;0.0022944445;None;NO
34950;99.988075;2.91188;sun;On;On;Receiver;Off;-147.49818;10.4980545;0.0022944445;None;NO
34960;99.988075;2.91218;sun;On;On;Receiver;Off;-147.62874;11.112997;0.0022944445;None;NO
34970;99.988075;2.91248;sun;On;On;Receiver;Off;-147.75967;11.727914;0.0022944445;None;NO
34980;99.988075;2.91278;sun;On;On;Receiver;Off;-147.89102;12.342803;0.0022944445;None;NO
34990;99.988075;2.91308;sun;On;On;Receiver;Off;-148.0228;12.957663;0.0022944445;None;NO
35000;99.988075;2.91338;sun;On;On;Receiver;Off;-148.15503;13.572492;0.0022944445;None;NO
35010;99.988075;2.91368;sun;On;On;Receiver;Off;-148.28773;14.187288;0.0022944445;None;NO
35020;99.988075;2.91398;sun;On;On;Receiver;Off;-148.42096;14.80205;0.0022944445;None;NO
35030;99.988075;2.91428;sun;On;On;Receiver;Off;-148.55472;15.416777;0.0022944445;None;NO
35040;99.988075;2.91458;sun;On;On;Receiver;Off;-148.68903;16.031466;0.0022944445;None;NO
35050;99.988075;2.91488;sun;On;On;Receiver;Off;-148.82391;16.646114;0.0022944445;None;NO
35060;99.988075;2.91518;sun;On;On;Receiver;Off;-148.95943;17.260721;0.0022944445;None;NO
35070;99.988075;2.91548;sun;On;On;Receiver;Off;-149.09557;17.875284;0.0022944445;None;NO
35080;99.988075;2.91578;sun;On;On;Receiver;Off;-149.23238;18.489803;0.0022944445;None;NO
35090;99.988075;2.91608;sun;On;On;Receiver;Off;-149.36989;19.104275;0.0022944445;None;NO
35100;99.988075;2.91638;sun;On;On;Receiver;Off;-149.50812;19.718697;0.0022944445;None;NO
35110;99.988075;2.91668;sun;On;On;Receiver;Off;-149.64711;20.333067;0.0022944445;None;NO
35120;99.988075;2.91698;sun;On;On;Receiver;Off;-149.7869;20.947384;0.0022944445;None;NO
35130;99.988075;2.91728;sun;On;On;Receiver;Off;-149.9275;21.561646;0.0022944445;None;NO
35140;99.988075;2.91758;sun;On;On;Receiver;Off;-150.06895;22.175848;0.0022944445;None;NO
35150;99.988075;2.91788;sun;On;On;Receiver;Off;-150.2113;22.78999;0.0022944445;None;NO
35160;99.988075;2.91818;sun;On;On;Receiver;Off;-150.35457;23.404068;0.0022944445;None;NO
35170;99.988075;2.91848;sun;On;On;Receiver;Off;-150.4988;24.018084;0.0022944445;None;NO
35180;99.988075;2.91878;sun;On;On;Receiver;Off;-150.64403;24.632029;0.0022944445;None;NO
35190;99.988075;2.91908;sun;On;On;Receiver;Off;-150.79028;25.245903;0.0022944445;None;NO
35200;99.988075;2.91938;sun;On;On;Receiver;Off;-150.93762;25.859705;0.0022944445;None;NO
35210;99.988075;2.91968;sun;On;On;Receiver;Off;-151.08607;26.47343;0.0022944445;None;NO
35220;99.988075;2.91998;sun;On;On;Receiver;Off;-151.23569;27.087078;0.0022944445;None;NO
35230;99.988075;2.92028;sun;On;On;Receiver;Off;-151.38652;27.700642;0.0022944445;None;NO
35240;99.988075;2.92058;sun;On;On;Receiver;Off;-151.53857;28.314121;0.0022944445;None;NO
35250;99.988075;2.92088;sun;On;On;Receiver;Off;-151.69194;28.927511;0.0022944445;None;NO
35260;99.988075;2.92118;sun;On;On;Receiver;Off;-151.84666;29.54081;0.0022944445;None;NO
35270;99.988075;2.92148;sun;On;On;Receiver;Off;-152.00276;30.154015;0.0022944445;None;NO
35280;99.988075;2.92178;sun;On;On;Receiver;Off;-152.16032;30.767118;0.0022944445;None;NO
35290;99.988075;2.92208;sun;On;On;Receiver;Off;-152.31938;31.38012;0.0022944445;None;NO
35300;99.988075;2.92238;sun;On;On;Receiver;Off;-152.48;31.993015;0.0022944445;None;NO
35310;99.988075;2.92268;sun;On;On;Receiver;Off;-152.64223;32.6058;0.0022944445;None;NO
35320;99.988075;2.92298;sun;On;On;Receiver;Off;-152.80614;33.21847;0.0022944445;None;NO
35330;99.988075;2.92328;sun;On;On;Receiver;Off;-152.9718;33.83102;0.0022944445;None;NO
35340;99.988075;2.92358;sun;On;On;Receiver;Off;-153.13927;34.443447;0.0022944445;None;NO
35350;99.988075;2.92388;sun;On;On;Receiver;Off;-153.30861;35.055748;0.0022944445;None;NO
35360;99.988075;2.92418;sun;On;On;Receiver;Off;-153.4799;35.66791;0.0022944445;None;NO
35370;99.988075;2.92448;sun;On;On;Receiver;Off;-153.65323;36.279938;0.0022944445;None;NO
35380;99.988075;2.92478;sun;On;On;Receiver;Off;-153.82864;36.891823;0.0022944445;None;NO
35390;99.988075;2.92508;sun;On;On;Receiver;Off;-154.00626;37.503555;0.0022944445;None;NO
35400;99.988075;2.92538;sun;On;On;Receiver;Off;-154.18613;38.115135;0.0022944445;None;NO
35410;99.988075;2.92568;sun;On;On;Receiver;Off;-154.36836;38.72655;0.0022944445;None;NO
35420;99.988075;2.92598;sun;On;On;Receiver;Off;-154.55304;39.337803;0.0022944445;None;NO
35430;99.988075;2.92628;sun;On;On;Receiver;Off;-154.74028;39.948875;0.0022944445;None;NO
35440;99.988075;2.92658;sun;On;On;Receiver;Off;-154.93016;40.55977;0.0022944445;None;NO
35450;99.988075;2.92688;sun;On;On;Receiver;Off;-155.1228;41.170475;0.0022944445;None;NO
35460;99.988075;2.92718;sun;On;On;Receiver;Off;-155.31831;41.780983;0.0022944445;None;NO
35470;99.988075;2.92748;sun;On;On;Receiver;Off;-155.5168;42.391285;0.0022944445;None;NO
35480;99.988075;2.92778;sun;On;On;Receiver;Off;-155.71841;43.001377;0.0022944445;None;NO
35490;99.988075;2.92808;sun;On;On;Receiver;Off;-155.92326;43.611244;0.0022944445;None;NO
35500;99.988075;2.92838;sun;On;On;Receiver;Off;-156.13148;44.220882;0.0022944445;None;NO
35510;99.988075;2.92868;sun;On;On;Receiver;Off;-156.34323;44.83028;0.0022944445;None;NO
35520;99.988075;2.92898;sun;On;On;Receiver;Off;-156.55864;45.439423;0.0022944445;None;NO
35530;99.988075;2.92928;sun;On;On;Receiver;Off;-156.7779;46.048306;0.0022944445;None;NO
35540;99.988075;2.92958;sun;On;On;Receiver;Off;-157.00113;46.656914;0.0022944445;None;NO
35550;99.988075;2.92988;sun;On;On;Receiver;Off;-157.22855;47.265232;0.0022944445;None;NO
35560;99.988075;2.93018;sun;On;On;Receiver;Off;-157.46033;47.873257;0.0022944445;None;NO
35570;99.988075;2.93048;sun;On;On;Receiver;Off;-157.69667;48.480965;0.0022944445;None;NO
35580;99.988075;2.93078;sun;On;On;Receiver;Off;-157.93777;49.088345;0.0022944445;None;NO
35590;99.988075;2.93108;sun;On;On;Receiver;Off;-158.18387;49.695385;0.0022944445;None;NO
35600;99.988075;2.93138;sun;On;On;Receiver;Off;-158.43518;50.302067;0.0022944445;None;NO
35610;99.988075;2.93168;sun;On;On;Receiver;Off;-158.69197;50.90837;0.0022944445;None;NO
35620;99.988075;2.93198;sun;On;On;Receiver;Off;-158.9545;51.51428;0.0022944445;None;NO
35630;99.988075;2.93228;sun;On;On;Receiver;Off;-159.22302;52.119778;0.0022944445;None;NO
35640;99.988075;2.93258;sun;On;On;Receiver;Off;-159.49788;52.72484;0.0022944445;None;NO
35650;99.988075;2.93288;sun;On;On;Receiver;Off;-159.77936;53.329445;0.0022944445;None;NO
35660;99.988075;2.93318;sun;On;On;Receiver;Off;-160.0678;53.93357;0.0022944445;None;NO
35670;99.988075;2.93348;sun;On;On;Receiver;Off;-160.36356;54.537193;0.0022944445;None;NO
35680;99.988075;2.93378;sun;On;On;Receiver;Off;-160.66704;55.140285;0.0022944445;None;NO
35690;99.988075;2.93408;sun;On;On;Receiver;Off;-160.97862;55.742817;0.0022944445;None;NO
35700;99.988075;2.93438;sun;On;On;Receiver;Off;-161.29877;56.34476;0.0022944445;None;NO
35710;99.988075;2.93468;sun;On;On;Receiver;Off;-161.62793;56.94608;0.0022944445;None;NO
35720;99.988075;2.93498;sun;On;On;Receiver;Off;-161.96661;57.546738;0.0022944445;None;NO
35730;99.988075;2.93528;sun;On;On;Receiver;Off;-162.31537;58.146706;0.0022944445;None;NO
35740;99.988075;2.93558;sun;On;On;Receiver;Off;-162.67474;58.745934;0.0022944445;None;NO
35750;99.988075;2.93588;sun;On;On;Receiver;Off;-163.0454;59.344387;0.0022944445;None;NO
35760;99.988075;2.93618;sun;On;On;Receiver;Off;-163.42796;59.94201;0.0022944445;None;NO
35770;99.988075;2.93648;sun;On;On;Receiver;Off;-163.82318;60.538757;0.0022944445;None;NO
35780;99.988075;2.93678;sun;On;On;Receiver;Off;-164.23183;61.13457;0.0022944445;None;NO
35790;99.988075;2.93708;sun;On;On;Receiver;Off;-164.65474;61.729393;0.0022944445;None;NO
35800;99.988075;2.93738;sun;On;On;Receiver;Off;-165.09282;62.323162;0.0022944445;None;NO
35810;99.988075;2.93768;sun;On;On;Receiver;Off;-165.54706;62.915806;0.0022944445;None;NO
35820;99.988075;2.93798;sun;On;On;Receiver;Off;-166.01851;63.507244;0.0022944445;None;NO
35830;99.988075;2.93828;sun;On;On;Receiver;Off;-166.50833;64.097404;0.0022944445;None;NO
35840;99.988075;2.93858;sun;On;On;Receiver;Off;-167.01779;64.68619;0.0022944445;None;NO
35850;99.988075;2.93888;sun;On;On;Receiver;Off;-167.54826;65.27349;0.0022944445;None;NO
35860;99.988075;2.93918;sun;On;On;Receiver;Off;-168.10123;65.85922;0.0022944445;None;NO
35870;99.988075;2.93948;sun;On;On;Receiver;Off;-168.67833;66.44325;0.0022944445;None;NO
35880;99.988075;2.93978;sun;On;On;Receiver;Off;-169.28136;67.02545;0.0022944445;None;NO
35890;99.988075;2.94008;sun;On;On;Receiver;Off;-169.91225;67.60568;0.0022944445;None;NO
35900;99.988075;2.94038;sun;On;On;Receiver;Off;-170.57315;68.18378;0.0022944445;None;NO
35910;99.988075;2.94068;sun;On;On;Receiver;Off;-171.26642;68.759575;0.0022944445;None;NO
35920;99.988075;2.94098;sun;On;On;Receiver;Off;-171.99466;69.33287;0.0022944445;None;NO
35930;99.988075;2.94128;sun;On;On;Receiver;Off;-172.7607;69.90346;0.0022944445;None;NO
35940;99.988075;2.94158;sun;On;On;Receiver;Off;-173.5677;70.47109;0.0022944445;None;NO
35950;99.988075;2.94188;sun;On;On;Receiver;Off;-174.41914;71.035515;0.0022944445;None;NO
35960;99.988075;2.94218;sun;On;On;Receiver;Off;-175.31885;71.59643;0.0022944445;None;NO
35970;99.988075;2.94248;sun;On;On;Receiver;Off;-176.27107;72.153496;0.0022944445;None;NO
35980;99.988075;2.94278;sun;On;On;Receiver;Off;-177.28052;72.70635;0.0022944445;None;NO
35990;99.988075;2.94308;sun;On;On;Receiver;Off;-178.35242;73.25458;0.0022944445;None;NO
36000;99.988075;2.94338;sun;On;On;Receiver;Off;-179.49251;73.79771;0.0022944445;None;NO
36010;99.988075;2.94368;sun;On;On;Receiver;Off;179.29279;74.33519;0.0022944445;None;NO
36020;99.988075;2.94398;sun;On;On;Receiver;Off;177.99638;74.86645;0.0022944445;None;NO
36030;99.988075;2.94428;sun;On;On;Receiver;Off;176.61044;75.39079;0.0022944445;None;NO
36040;99.988075;2.94458;sun;On;On;Receiver;Off;175.12636;75.907455;0.0022944445;None;NO
36050;99.988075;2.94488;sun;On;On;Receiver;Off;173.53459;76.41555;0.0022944445;None;NO
36060;99.988075;2.94518;sun;On;On;Receiver;Off;171.82478;76.91408;0.0022944445;None;NO
36070;99.988075;2.94548;sun;On;On;Receiver;Off;169.98566;77.40192;0.0022944445;None;NO
36080;99.988075;2.94578;sun;On;On;Receiver;Off;168.00505;77.87777;0.0022944445;None;NO
36090;99.988075;2.94608;sun;On;On;Receiver;Off;165.87009;78.340164;0.0022944445;None;NO
36100;99.988075;2.94638;sun;On;On;Receiver;Off;163.56729;78.78744;0.0022944445;None;NO
36110;99.988075;2.94668;sun;On;On;Receiver;Off;161.08302;79.217705;0.0022944445;None;NO
36120;99.988075;2.94698;sun;On;On;Receiver;Off;158.40387;79.62885;0.0022944445;None;NO
36130;99.988075;2.94728;sun;On;On;Receiver;Off;155.51743;80.01852;0.0022944445;None;NO
36140;99.988075;2.94758;sun;On;On;Receiver;Off;152.41328;80.38409;0.0022944445;None;NO
36150;99.988075;2.94788;sun;On;On;Receiver;Off;149.08421;80.72271;0.0022944445;None;NO
36160;99.988075;2.94818;sun;On;On;Receiver;Off;145.52773;81.031334;0.0022944445;None;NO
36170;99.988075;2.94848;sun;On;On;Receiver;Off;141.74765;81.30677;0.0022944445;None;NO
36180;99.988075;2.94878;sun;On;On;Receiver;Off;137.75581;81.54576;0.0022944445;None;NO
36190;99.988075;2.94908;sun;On;On;Receiver;Off;133.57323;81.74515;0.0022944445;None;NO
36200;99.988075;2.94938;sun;On;On;Receiver;Off;129.23079;81.90201;0.0022944445;None;NO
36210;99.988075;2.94968;sun;On;On;Receiver;Off;124.76882;82.01383;0.0022944445;None;NO
36220;99.988075;2.94998;sun;On;On;Receiver;Off;120.23541;82.07871;0.0022944445;None;NO
36230;99.988075;2.95028;sun;On;On;Receiver;Off;115.68365;82.09549;0.0022944445;None;NO
36240;99.988075;2.95058;sun;On;On;Receiver;Off;111.1679;82.06386;0.0022944445;None;NO
36250;99.988075;2.95088;sun;On;On;Receiver;Off;106.740005;81.9844;0.0022944445;None;NO
36260;99.988075;2.95118;sun;On;On;Receiver;Off;102.44578;81.858505;0.0022944445;None;NO
36270;99.988075;2.95148;sun;On;On;Receiver;Off;98.32256;81.688286;0.0022944445;None;NO
36280;99.988075;2.95178;sun;On;On;Receiver;Off;94.398026;81.4764;0.0022944445;None;NO
36290;99.988075;2.95208;sun;On;On;Receiver;Off;90.69009;81.225876;0.0022944445;None;NO
36300;99.988075;2.95238;sun;On;On;Receiver;Off;87.20778;80.939896;0.0022944445;None;NO
36310;99.988075;2.95268;sun;On;On;Receiver;Off;83.9527;80.62172;0.0022944445;None;NO
36320;99.988075;2.95298;sun;On;On;Receiver;Off;80.920616;80.2745;0.0022944445;None;NO
36330;99.988075;2.95328;sun;On;On;Receiver;Off;78.10313;79.90124;0.0022944445;None;NO
36340;99.988075;2.95358;sun;On;On;Receiver;Off;75.48904;79.5047;0.0022944445;None;NO
36350;99.97615;2.95388;ecl;On;On;Receiver;Off;73.06553;79.08744;0.0022944445;None;NO
36360;99.964226;2.95418;ecl;On;On;Receiver;Off;70.81904;78.65173;0.0022944445;None;NO
36370;99.9523;2.95448;ecl;On;On;Receiver;Off;68.73593;78.19962;0.0022944445;None;NO
36380;99.94038;2.95478;ecl;On;On;Receiver;Off;66.80291;77.73293;0.0022944445;None;NO
36390;99.928444;2.95508;ecl;On;On;Receiver;Off;65.0073;77.25325;0.0022944445;None;NO
36400;99.91652;2.95538;ecl;On;On;Receiver;Off;63.337242;76.76199;0.0022944445;None;NO
36410;99.904594;2.95568;ecl;On;On;Receiver;Off;61.78174;76.260414;0.0022944445;None;NO
36420;99.89267;2.95598;ecl;On;On;Receiver;Off;60.330696;75.74959;0.0022944445;None;NO
36430;99.880745;2.95628;ecl;On;On;Receiver;Off;58.97491;75.23048;0.0022944445;None;NO
36440;99.86882;2.95658;ecl;On;On;Receiver;Off;57.706005;74.70393;0.0022944445;None;NO
36450;99.856895;2.95688;ecl;On;On;Receiver;Off;56.516403;74.17069;0.0022944445;None;NO
36460;99.84497;2.95718;ecl;On;On;Receiver;Off;55.399254;73.63141;0.0022944445;None;NO
36470;99.833046;2.95748;ecl;On;On;Receiver;Off;54.348362;73.08666;0.0022944445;None;NO
36480;99.82112;2.95778;ecl;On;On;Receiver;Off;53.358143;72.53697;0.0022944445;None;NO
36490;99.8092;2.95808;ecl;On;On;Receiver;Off;52.42356;71.98277;0.0022944445;None;NO
36500;99.79727;2.95838;ecl;On;On;Receiver;Off;51.540062;71.42449;0.0022944445;None;NO
36510;99.78534;2.95868;ecl;On;On;Receiver;Off;50.70354;70.862465;0.0022944445;None;NO
36520;99.773415;2.95898;ecl;On;On;Receiver;Off;49.910275;70.29703;0.0022944445;None;NO
36530;99.76149;2.95928;ecl;On;On;Receiver;Off;49.156906;69.728455;0.0022944445;None;NO
36540;99.749565;2.95958;ecl;On;On;Receiver;Off;48.440388;69.15701;0.0022944445;None;NO
36550;99.73764;2.95988;ecl;On;On;Receiver;Off;47.757957;68.582924;0.0022944445;None;NO
36560;99.725716;2.96018;ecl;On;On;Receiver;Off;47.1071;68.0064;0.0022944445;None;NO
36570;99.71379;2.96048;ecl;On;On;Receiver;Off;46.485542;67.427635;0.0022944445;None;NO
36580;99.701866;2.96078;ecl;On;On;Receiver;Off;45.891193;66.84678;0.0022944445;None;NO
36590;99.68994;2.96108;ecl;On;On;Receiver;Off;45.32216;66.26401;0.0022944445;None;NO
36600;99.67802;2.96138;ecl;On;On;Receiver;Off;44.77671;65.67944;0.0022944445;None;NO
36610;99.66609;2.96168;ecl;On;On;Receiver;Off;44.253258;65.093216;0.0022944445;None;NO
36620;99.65417;2.96198;ecl;On;On;Receiver;Off;43.75035;64.50544;0.0022944445;None;NO
36630;99.642235;2.96228;ecl;On;On;Receiver;Off;43.266655;63.916225;0.0022944445;None;NO
36640;99.63031;2.96258;ecl;On;On;Receiver;Off;42.80095;63.325665;0.0022944445;None;NO
36650;99.618385;2.96288;ecl;On;On;Receiver;Off;42.352104;62.73385;0.0022944445;None;NO
36660;99.60646;2.96318;ecl;On;On;Receiver;Off;41.919086;62.14085;0.0022944445;None;NO
36670;99.594536;2.96348;ecl;On;On;Receiver;Off;41.50093;61.546753;0.0022944445;None;NO
36680;99.58261;2.96378;ecl;On;On;Receiver;Off;41.09676;60.95162;0.0022944445;None;NO
36690;99.57069;2.96408;ecl;On;On;Receiver;Off;40.70575;60.35551;0.0022944445;None;NO
36700;99.55876;2.96438;ecl;On;On;Receiver;Off;40.32715;59.758488;0.0022944445;None;NO
36710;99.54684;2.96468;ecl;On;On;Receiver;Off;39.96025;59.160606;0.0022944445;None;NO
36720;99.53491;2.96498;ecl;On;On;Receiver;Off;39.604404;58.56191;0.0022944445;None;NO
36730;99.52299;2.96528;ecl;On;On;Receiver;Off;39.259007;57.962452;0.0022944445;None;NO
36740;99.51106;2.96558;ecl;On;On;Receiver;Off;38.923485;57.362267;0.0022944445;None;NO
36750;99.49913;2.96588;ecl;On;On;Receiver;Off;38.59732;56.7614;0.0022944445;None;NO
36760;99.487206;2.96618;ecl;On;On;Receiver;Off;38.28002;56.159885;0.0022944445;None;NO
36770;99.47528;2.96648;ecl;On;On;Receiver;Off;37.97113;55.55776;0.0022944445;None;NO
36780;99.463356;2.96678;ecl;On;On;Receiver;Off;37.67022;54.95505;0.0022944445;None;NO
36790;99.45143;2.96708;ecl;On;On;Receiver;Off;37.376884;54.351795;0.0022944445;None;NO
36800;99.43951;2.96738;ecl;On;On;Receiver;Off;37.090755;53.748016;0.0022944445;None;NO
36810;99.42758;2.96768;ecl;On;On;Receiver;Off;36.81148;53.143738;0.0022944445;None;NO
36820;99.41566;2.96798;ecl;On;On;Receiver;Off;36.538727;52.53899;0.0022944445;None;NO
36830;99.40373;2.96828;ecl;On;On;Receiver;Off;36.272182;51.933792;0.0022944445;None;NO
36840;99.39181;2.96858;ecl;On;On;Receiver;Off;36.011562;51.328163;0.0022944445;None;NO
36850;99.37988;2.96888;ecl;On;On;Receiver;Off;35.756588;50.72213;0.0022944445;None;NO
36860;99.36796;2.96918;ecl;On;On;Receiver;Off;35.507004;50.11571;0.0022944445;None;NO
36870;99.356026;2.96948;ecl;On;On;Receiver;Off;35.262566;49.50892;0.0022944445;None;NO
36880;99.3441;2.96978;ecl;On;On;Receiver;Off;35.02304;48.90177;0.0022944445;None;NO
36890;99.33218;2.97008;ecl;On;On;Receiver;Off;34.78821;48.29429;0.0022944445;None;NO
36900;99.32025;2.97038;ecl;On;On;Receiver;Off;34.55788;47.68648;0.0022944445;None;NO
36910;99.30833;2.97068;ecl;On;On;Receiver;Off;34.331844;47.078365;0.0022944445;None;NO
36920;99.2964;2.97098;ecl;On;On;Receiver;Off;34.10993;46.469955;0.0022944445;None;NO
36930;99.28448;2.97128;ecl;On;On;Receiver;Off;33.891953;45.861263;0.0022944445;None;NO
36940;99.27255;2.97158;ecl;On;On;Receiver;Off;33.677753;45.2523;0.0022944445;None;NO
36950;99.26063;2.97188;ecl;On;On;Receiver;Off;33.467175;44.643078;0.0022944445;None;NO
36960;99.2487;2.97218;ecl;On;On;Receiver;Off;33.260067;44.033604;0.0022944445;None;NO
36970;99.23678;2.97248;ecl;On;On;Receiver;Off;33.056293;43.423897;0.0022944445;None;NO
36980;99.22485;2.97278;ecl;On;On;Receiver;Off;32.855717;42.813957;0.0022944445;None;NO
36990;99.21292;2.97308;ecl;On;On;Receiver;Off;32.658207;42.2038;0.0022944445;None;NO
37000;99.201;2.97338;ecl;On;On;Receiver;Off;32.463646;41.593433;0.0022944445;None;NO
37010;99.18907;2.97368;ecl;On;On;Receiver;Off;32.27192;40.982864;0.0022944445;None;NO
37020;99.17715;2.97398;ecl;On;On;Receiver;Off;32.082912;40.3721;0.0022944445;None;NO
37030;99.16522;2.97428;ecl;On;On;Receiver;Off;31.896524;39.76115;0.0022944445;None;NO
37040;99.1533;2.97458;ecl;On;On;Receiver;Off;31.712652;39.15002;0.0022944445;None;NO
37050;99.14137;2.97488;ecl;On;On;Receiver;Off;31.531199;38.53872;0.0022944445;None;NO
37060;99.12945;2.97518;ecl;On;On;Receiver;Off;31.352076;37.927254;0.0022944445;None;NO
37070;99.11752;2.97548;ecl;On;On;Receiver;Off;31.175192;37.315624;0.0022944445;None;NO
37080;99.1056;2.97578;ecl;On;On;Receiver;Off;31.000467;36.703846;0.0022944445;None;NO
37090;99.09367;2.97608;ecl;On;On;Receiver;Off;30.827818;36.09192;0.0022944445;None;NO
37100;99.08175;2.97638;ecl;On;On;Receiver;Off;30.657167;35.479847;0.0022944445;None;NO
37110;99.06982;2.97668;ecl;On;On;Receiver;Off;30.488445;34.86764;0.0022944445;None;NO
37120;99.05789;2.97698;ecl;On;On;Receiver;Off;30.321575;34.255302;0.0022944445;None;NO
37130;99.04597;2.97728;ecl;On;On;Receiver;Off;30.156494;33.642838;0.0022944445;None;NO
37140;99.03404;2.97758;ecl;On;On;Receiver;Off;29.993135;33.030247;0.0022944445;None;NO
37150;99.02212;2.97788;ecl;On;On;Receiver;Off;29.831434;32.41754;0.0022944445;None;NO
37160;99.01019;2.97818;ecl;On;On;Receiver;Off;29.671333;31.804724;0.0022944445;None;NO
37170;98.99827;2.97848;ecl;On;On;Receiver;Off;29.512772;31.191795;0.0022944445;None;NO
37180;98.98634;2.97878;ecl;On;On;Receiver;Off;29.355696;30.57876;0.0022944445;None;NO
37190;98.97442;2.97908;ecl;On;On;Receiver;Off;29.20005;29.965626;0.0022944445;None;NO
37200;98.962494;2.97938;ecl;On;On;Receiver;Off;29.045786;29.352392;0.0022944445;None;NO
37210;98.95057;2.97968;ecl;On;On;Receiver;Off;28.892849;28.739065;0.0022944445;None;NO
37220;98.93864;2.97998;ecl;On;On;Receiver;Off;28.741194;28.125647;0.0022944445;None;NO
37230;98.92671;2.98028;ecl;On;On;Receiver;Off;28.59077;27.512142;0.0022944445;None;NO
37240;98.91479;2.98058;ecl;On;On;Receiver;Off;28.44154;26.898552;0.0022944445;None;NO
37250;98.90286;2.98088;ecl;On;On;Receiver;Off;28.293453;26.284882;0.0022944445;None;NO
37260;98.89094;2.98118;ecl;On;On;Receiver;Off;28.146471;25.671131;0.0022944445;None;NO
37270;98.87901;2.98148;ecl;On;On;Receiver;Off;28.000551;25.057306;0.0022944445;None;NO
37280;98.86709;2.98178;ecl;On;On;Receiver;Off;27.855656;24.443409;0.0022944445;None;NO
37290;98.85516;2.98208;ecl;On;On;Receiver;Off;27.711744;23.829443;0.0022944445;None;NO
37300;98.84324;2.98238;ecl;On;On;Receiver;Off;27.56878;23.215408;0.0022944445;None;NO
37310;98.831314;2.98268;ecl;On;On;Receiver;Off;27.426731;22.601309;0.0022944445;None;NO
37320;98.81939;2.98298;ecl;On;On;Receiver;Off;27.285557;21.987148;0.0022944445;None;NO
37330;98.807465;2.98328;ecl;On;On;Receiver;Off;27.145227;21.372927;0.0022944445;None;NO
37340;98.79553;2.98358;ecl;On;On;Receiver;Off;27.005709;20.75865;0.0022944445;None;NO
37350;98.78361;2.98388;ecl;On;On;Receiver;Off;26.866966;20.144316;0.0022944445;None;NO
37360;98.77168;2.98418;ecl;On;On;Receiver;Off;26.728971;19.52993;0.0022944445;None;NO
37370;98.75976;2.98448;ecl;On;On;Receiver;Off;26.591694;18.915491;0.0022944445;None;NO
37380;98.74783;2.98478;ecl;On;On;Receiver;Off;26.455103;18.301006;0.0022944445;None;NO
37390;98.73591;2.98508;ecl;On;On;Receiver;Off;26.319172;17.686474;0.0022944445;None;NO
37400;98.72398;2.98538;ecl;On;On;Receiver;Off;26.183868;17.071896;0.0022944445;None;NO
37410;98.71206;2.98568;ecl;On;On;Receiver;Off;26.049168;16.457275;0.0022944445;None;NO
37420;98.700134;2.98598;ecl;On;On;Receiver;Off;25.915043;15.842614;0.0022944445;None;NO
37430;98.68821;2.98628;ecl;On;On;Receiver;Off;25.781466;15.227914;0.0022944445;None;NO
37440;98.676285;2.98658;ecl;On;On;Receiver;Off;25.648413;14.613176;0.0022944445;None;NO
37450;98.66436;2.98688;ecl;On;On;Receiver;Off;25.515858;13.998404;0.0022944445;None;NO
37460;98.65243;2.98718;ecl;On;On;Receiver;Off;25.383776;13.383597;0.0022944445;None;NO
37470;98.6405;2.98748;ecl;On;On;Receiver;Off;25.252142;12.768759;0.0022944445;None;NO
37480;98.62858;2.98778;ecl;On;On;Receiver;Off;25.120934;12.15389;0.0022944445;None;NO
37490;98.61665;2.98808;ecl;On;On;Receiver;Off;24.990128;11.538992;0.0022944445;None;NO
37500;98.60473;2.98838;ecl;On;On;Receiver;Off;24.8597;10.9240675;0.0022944445;None;NO
37510;98.592804;2.98868;ecl;On;On;Receiver;Off;24.729626;10.309117;0.0022944445;None;NO
37520;98.58088;2.98898;ecl;On;On;Receiver;Off;24.599888;9.694143;0.0022944445;None;NO
37530;98.568954;2.98928;ecl;On;On;Receiver;Off;24.470459;9.079146;0.0022944445;None;NO
37540;98.55703;2.98958;ecl;On;On;Receiver;Off;24.341322;8.464129;0.0022944445;None;NO
37550;98.545105;2.98988;ecl;On;On;Receiver;Off;24.212452;7.8490925;0.0022944445;None;NO
37560;98.53318;2.99018;ecl;On;On;Receiver;Off;24.083828;7.234038;0.0022944445;None;NO
37570;98.521255;2.99048;ecl;On;On;Receiver;Off;23.955433;6.618967;0.0022944445;None;NO
37580;98.50932;2.99078;ecl;On;On;Receiver;Off;23.82724;6.003881;0.0022944445;None;NO
37590;98.4974;2.99108;ecl;On;On;Receiver;Off;23.699234;5.3887815;0.0022944445;None;NO
37600;98.48547;2.99138;ecl;On;On;Receiver;Off;23.57139;4.7736697;0.0022944445;None;NO
37610;98.47355;2.99168;ecl;On;On;Receiver;Off;23.443693;4.1585474;0.0022944445;None;NO
37620;98.461624;2.99198;ecl;On;On;Receiver;Off;23.316118;3.5434158;0.0022944445;None;NO
37630;98.4497;2.99228;ecl;On;On;Receiver;Off;23.188646;2.928276;0.0022944445;None;NO
37640;98.437775;2.99258;ecl;On;On;Receiver;Off;23.06126;2.31313;0.0022944445;None;NO
37650;98.42585;2.99288;ecl;On;On;Receiver;Off;22.933937;1.6979787;0.0022944445;None;NO
37660;98.413925;2.99318;ecl;On;On;Receiver;Off;22.80666;1.0828238;0.0022944445;None;NO
37670;98.402;2.99348;ecl;On;On;Receiver;Off;22.679405;0.46766633;0.0022944445;None;NO
37680;98.390076;2.99378;ecl;On;On;Receiver;Off;22.552156;-0.14749216;0.0022944445;None;NO
37690;98.37815;2.99408;ecl;On;On;Receiver;Off;22.424892;-0.7626503;0.0022944445;None;NO
37700;98.36622;2.99438;ecl;On;On;Receiver;Off;22.297596;-1.3778068;0.0022944445;None;NO
37710;98.354294;2.99468;ecl;On;On;Receiver;Off;22.170242;-1.9929601;0.0022944445;None;NO
37720;98.34237;2.99498;ecl;On;On;Receiver;Off;22.042816;-2.608109;0.0022944445;None;NO
37730;98.330444;2.99528;ecl;On;On;Receiver;Off;21.915297;-3.2232523;0.0022944445;None;NO
37740;98.31852;2.99558;ecl;On;On;Receiver;Off;21.787663;-3.8383882;0.0022944445;None;NO
37750;98.306595;2.99588;ecl;On;On;Receiver;Off;21.659895;-4.4535155;0.0022944445;None;NO
37760;98.29467;2.99618;ecl;On;On;Receiver;Off;21.531973;-5.068633;0.0022944445;None;NO
37770;98.282745;2.99648;ecl;On;On;Receiver;Off;21.403875;-5.6837387;0.0022944445;None;NO
37780;98.27082;2.99678;ecl;On;On;Receiver;Off;21.275585;-6.298832;0.0022944445;None;NO
37790;98.258896;2.99708;ecl;On;On;Receiver;Off;21.147078;-6.9139113;0.0022944445;None;NO
37800;98.24697;2.99738;ecl;On;On;Receiver;Off;21.018333;-7.5289745;0.0022944445;None;NO
37810;98.23505;2.99768;ecl;On;On;Receiver;Off;20.889334;-8.144021;0.0022944445;None;NO
37820;98.223114;2.99798;ecl;On;On;Receiver;Off;20.760054;-8.759048;0.0022944445;None;NO
37830;98.21119;2.99828;ecl;On;On;Receiver;Off;20.630474;-9.374056;0.0022944445;None;NO
37840;98.199265;2.99858;ecl;On;On;Receiver;Off;20.50057;-9.989041;0.0022944445;None;NO
37850;98.18734;2.99888;ecl;On;On;Receiver;Off;20.370323;-10.604005;0.0022944445;None;NO
37860;98.175415;2.99918;ecl;On;On;Receiver;Off;20.23971;-11.218943;0.0022944445;None;NO
37870;98.16349;2.99948;ecl;On;On;Receiver;Off;20.108706;-11.833855;0.0022944445;None;NO
37880;98.151566;2.99978;ecl;On;On;Receiver;Off;19.977287;-12.448739;0.0022944445;None;NO
37890;98.13964;3.00008;ecl;On;On;Receiver;Off;19.845434;-13.063593;0.0022944445;None;NO
37900;98.127716;3.00038;ecl;On;On;Receiver;Off;19.713118;-13.678417;0.0022944445;None;NO
37910;98.11579;3.00068;ecl;On;On;Receiver;Off;19.580318;-14.293207;0.0022944445;None;NO
37920;98.10387;3.00098;ecl;On;On;Receiver;Off;19.447006;-14.907964;0.0022944445;None;NO
37930;98.09194;3.00128;ecl;On;On;Receiver;Off;19.31316;-15.522683;0.0022944445;None;NO
37940;98.08001;3.00158;ecl;On;On;Receiver;Off;19.178751;-16.137365;0.0022944445;None;NO
37950;98.068085;3.00188;ecl;On;On;Receiver;Off;19.043755;-16.752007;0.0022944445;None;NO
37960;98.05616;3.00218;ecl;On;On;Receiver;Off;18.90814;-17.366608;0.0022944445;None;NO
37970;98.044235;3.00248;ecl;On;On;Receiver;Off;18.771883;-17.981163;0.0022944445;None;NO
37980;98.03231;3.00278;ecl;On;On;Receiver;Off;18.634953;-18.595675;0.0022944445;None;NO
37990;98.020386;3.00308;ecl;On;On;Receiver;Off;18.497322;-19.210136;0.0022944445;None;NO
38000;98.00846;3.00338;ecl;On;On;Receiver;Off;18.35896;-19.82455;0.0022944445;None;NO
38010;97.99654;3.00368;ecl;On;On;Receiver;Off;18.219833;-20.438911;0.0022944445;None;NO
38020;97.98461;3.00398;ecl;On;On;Receiver;Off;18.079914;-21.053219;0.0022944445;None;NO
38030;97.97269;3.00428;ecl;On;On;Receiver;Off;17.939167;-21.667469;0.0022944445;None;NO
38040;97.96076;3.00458;ecl;On;On;Receiver;Off;17.79756;-22.281662;0.0022944445;None;NO
38050;97.94883;3.00488;ecl;On;On;Receiver;Off;17.65506;-22.895794;0.0022944445;None;NO
38060;97.936905;3.00518;ecl;On;On;Receiver;Off;17.511627;-23.509861;0.0022944445;None;NO
38070;97.92498;3.00548;ecl;On;On;Receiver;Off;17.36723;-24.123863;0.0022944445;None;NO
38080;97.913055;3.00578;ecl;On;On;Receiver;Off;17.221828;-24.737799;0.0022944445;None;NO
38090;97.90113;3.00608;ecl;On;On;Receiver;Off;17.075384;-25.35166;0.0022944445;None;NO
38100;97.889206;3.00638;ecl;On;On;Receiver;Off;16.927855;-25.96545;0.0022944445;None;NO
38110;97.87728;3.00668;ecl;On;On;Receiver;Off;16.779203;-26.579163;0.0022944445;None;NO
38120;97.86536;3.00698;ecl;On;On;Receiver;Off;16.629383;-27.192795;0.0022944445;None;NO
38130;97.85343;3.00728;ecl;On;On;Receiver;Off;16.478352;-27.806345;0.0022944445;None;NO
38140;97.84151;3.00758;ecl;On;On;Receiver;Off;16.326063;-28.419807;0.0022944445;None;NO
38150;97.82958;3.00788;ecl;On;On;Receiver;Off;16.17247;-29.033184;0.0022944445;None;NO
38160;97.81766;3.00818;ecl;On;On;Receiver;Off;16.017523;-29.646465;0.0022944445;None;NO
38170;97.805725;3.00848;ecl;On;On;Receiver;Off;15.86117;-30.259653;0.0022944445;None;NO
38180;97.7938;3.00878;ecl;On;On;Receiver;Off;15.703361;-30.87274;0.0022944445;None;NO
38190;97.781876;3.00908;ecl;On;On;Receiver;Off;15.544038;-31.485723;0.0022944445;None;NO
38200;97.76995;3.00938;ecl;On;On;Receiver;Off;15.383146;-32.0986;0.0022944445;None;NO
38210;97.758026;3.00968;ecl;On;On;Receiver;Off;15.220626;-32.711365;0.0022944445;None;NO
38220;97.7461;3.00998;ecl;On;On;Receiver;Off;15.056416;-33.324013;0.0022944445;None;NO
38230;97.73418;3.01028;ecl;On;On;Receiver;Off;14.8904505;-33.936543;0.0022944445;None;NO
38240;97.72225;3.01058;ecl;On;On;Receiver;Off;14.722666;-34.54895;0.0022944445;None;NO
38250;97.71033;3.01088;ecl;On;On;Receiver;Off;14.55299;-35.161224;0.0022944445;None;NO
38260;97.6984;3.01118;ecl;On;On;Receiver;Off;14.381352;-35.77337;0.0022944445;None;NO
38270;97.68648;3.01148;ecl;On;On;Receiver;Off;14.207678;-36.385372;0.0022944445;None;NO
38280;97.67455;3.01178;ecl;On;On;Receiver;Off;14.031886;-36.997227;0.0022944445;None;NO
38290;97.71604;3.01208;sun;On;On;Receiver;Off;13.853896;-37.608936;0.0022944445;None;NO
38300;97.75754;3.01238;sun;On;On;Receiver;Off;13.673622;-38.220486;0.0022944445;None;NO
38310;97.79903;3.01268;sun;On;On;Receiver;Off;13.490973;-38.831875;0.0022944445;None;NO
38320;97.84052;3.01298;sun;On;On;Receiver;Off;13.305858;-39.443096;0.0022944445;None;NO
38330;97.88202;3.01328;sun;On;On;Receiver;Off;13.118176;-40.05414;0.0022944445;None;NO
38340;97.92351;3.01358;sun;On;On;Receiver;Off;12.927826;-40.665;0.0022944445;None;NO
38350;97.965004;3.01388;sun;On;On;Receiver;Off;12.734699;-41.275673;0.0022944445;None;NO
38360;98.0065;3.01418;sun;On;On;Receiver;Off;12.538683;-41.886147;0.0022944445;None;NO
38370;98.04799;3.01448;sun;On;On;Receiver;Off;12.33966;-42.496414;0.0022944445;None;NO
38380;98.089485;3.01478;sun;On;On;Receiver;Off;12.137504;-43.10647;0.0022944445;None;NO
38390;98.130974;3.01508;sun;On;On;Receiver;Off;11.932084;-43.716297;0.0022944445;None;NO
38400;98.17247;3.01538;sun;On;On;Receiver;Off;11.723264;-44.325893;0.0022944445;None;NO
38410;98.21397;3.01568;sun;On;On;Receiver;Off;11.510899;-44.935246;0.0022944445;None;NO
38420;98.255455;3.01598;sun;On;On;Receiver;Off;11.294836;-45.544346;0.0022944445;None;NO
38430;98.29695;3.01628;sun;On;On;Receiver;Off;11.074914;-46.15318;0.0022944445;None;NO
38440;98.33845;3.01658;sun;On;On;Receiver;Off;10.8509655;-46.76174;0.0022944445;None;NO
38450;98.37994;3.01688;sun;On;On;Receiver;Off;10.62281;-47.37001;0.0022944445;None;NO
38460;98.42143;3.01718;sun;On;On;Receiver;Off;10.390261;-47.977978;0.0022944445;None;NO
38470;98.46292;3.01748;sun;On;On;Receiver;Off;10.153117;-48.585632;0.0022944445;None;NO
38480;98.50442;3.01778;sun;On;On;Receiver;Off;9.911168;-49.192955;0.0022944445;None;NO
38490;98.54591;3.01808;sun;On;On;Receiver;Off;9.664191;-49.799934;0.0022944445;None;NO
38500;98.5874;3.01838;sun;On;On;Receiver;Off;9.411949;-50.40655;0.0022944445;None;NO
38510;98.6289;3.01868;sun;On;On;Receiver;Off;9.154192;-51.01279;0.0022944445;None;NO
38520;98.670395;3.01898;sun;On;On;Receiver;Off;8.890653;-51.61863;0.0022944445;None;NO
38530;98.71188;3.01928;sun;On;On;Receiver;Off;8.62105;-52.224052;0.0022944445;None;NO
38540;98.75338;3.01958;sun;On;On;Receiver;Off;8.345082;-52.82904;0.0022944445;None;NO
38550;98.79487;3.01988;sun;On;On;Receiver;Off;8.062429;-53.433563;0.0022944445;None;NO
38560;98.836365;3.02018;sun;On;On;Receiver;Off;7.7727523;-54.037605;0.0022944445;None;NO
38570;98.87786;3.02048;sun;On;On;Receiver;Off;7.4756866;-54.64114;0.0022944445;None;NO
38580;98.91935;3.02078;sun;On;On;Receiver;Off;7.170846;-55.244137;0.0022944445;None;NO
38590;98.960846;3.02108;sun;On;On;Receiver;Off;6.8578157;-55.84657;0.0022944445;None;NO
38600;99.00234;3.02138;sun;On;On;Receiver;Off;6.536154;-56.448406;0.0022944445;None;NO
38610;99.04383;3.02168;sun;On;On;Receiver;Off;6.2053866;-57.049614;0.0022944445;None;NO
38620;99.08533;3.02198;sun;On;On;Receiver;Off;5.865006;-57.650158;0.0022944445;None;NO
38630;99.126816;3.02228;sun;On;On;Receiver;Off;5.514468;-58.25;0.0022944445;None;NO
38640;99.16831;3.02258;sun;On;On;Receiver;Off;5.1531878;-58.8491;0.0022944445;None;NO
38650;99.20981;3.02288;sun;On;On;Receiver;Off;4.7805367;-59.44741;0.0022944445;None;NO
38660;99.2513;3.02318;sun;On;On;Receiver;Off;4.395838;-60.044888;0.0022944445;None;NO
38670;99.29279;3.02348;sun;On;On;Receiver;Off;3.9983613;-60.641476;0.0022944445;None;NO
38680;99.33429;3.02378;sun;On;On;Receiver;Off;3.587321;-61.237125;0.0022944445;None;NO
38690;99.37578;3.02408;sun;On;On;Receiver;Off;3.161866;-61.83177;0.0022944445;None;NO
38700;99.417274;3.02438;sun;On;On;Receiver;Off;2.7210765;-62.42535;0.0022944445;None;NO
38710;99.45876;3.02468;sun;On;On;Receiver;Off;2.2639558;-63.01779;0.0022944445;None;NO
38720;99.50026;3.02498;sun;On;On;Receiver;Off;1.7894232;-63.609016;0.0022944445;None;NO
38730;99.541756;3.02528;sun;On;On;Receiver;Off;1.2963047;-64.198944;0.0022944445;None;NO
38740;99.583244;3.02558;sun;On;On;Receiver;Off;0.783323;-64.78748;0.0022944445;None;NO
38750;99.62474;3.02588;sun;On;On;Receiver;Off;0.2490875;-65.37453;0.0022944445;None;NO
38760;99.66624;3.02618;sun;On;On;Receiver;Off;-0.30791903;-65.95997;0.0022944445;None;NO
38770;99.707726;3.02648;sun;On;On;Receiver;Off;-0.88935363;-66.54369;0.0022944445;None;NO
38780;99.74922;3.02678;sun;On;On;Receiver;Off;-1.4970292;-67.125565;0.0022944445;None;NO
38790;99.79071;3.02708;sun;On;On;Receiver;Off;-2.1329312;-67.70544;0.0022944445;None;NO
38800;99.83221;3.02738;sun;On;On;Receiver;Off;-2.7992387;-68.28315;0.0022944445;None;NO
38810;99.8737;3.02768;sun;On;On;Receiver;Off;-3.4983444;-68.85853;0.0022944445;None;NO
38820;99.91519;3.02798;sun;On;On;Receiver;Off;-4.232882;-69.43137;0.0022944445;None;NO
38830;99.95669;3.02828;sun;On;On;Receiver;Off;-5.0057516;-70.00147;0.0022944445;None;NO
38840;99.988075;3.02858;sun;On;On;Receiver;Off;-5.8201537;-70.56857;0.0022944445;None;NO
38850;99.988075;3.02888;sun;On;On;Receiver;Off;-6.679621;-71.132416;0.0022944445;None;NO
38860;99.988075;3.02918;sun;On;On;Receiver;Off;-7.5880613;-71.69269;0.0022944445;None;NO
38870;99.988075;3.02948;sun;On;On;Receiver;Off;-8.549798;-72.24906;0.0022944445;None;NO
38880;99.988075;3.02978;sun;On;On;Receiver;Off;-9.569618;-72.80115;0.0022944445;None;NO
38890;99.988075;3.03008;sun;On;On;Receiver;Off;-10.652828;-73.34853;0.0022944445;None;NO
38900;99.988075;3.03038;sun;On;On;Receiver;Off;-11.805306;-73.890724;0.0022944445;None;NO
38910;99.988075;3.03068;sun;On;On;Receiver;Off;-13.0335655;-74.427185;0.0022944445;None;NO
38920;99.988075;3.03098;sun;On;On;Receiver;Off;-14.344814;-74.957306;0.0022944445;None;NO
38930;99.988075;3.03128;sun;On;On;Receiver;Off;-15.74702;-75.48038;0.0022944445;None;NO
38940;99.988075;3.03158;sun;On;On;Receiver;Off;-17.248962;-75.99563;0.0022944445;None;NO
38950;99.988075;3.03188;sun;On;On;Receiver;Off;-18.860292;-76.50215;0.0022944445;None;NO
38960;99.988075;3.03218;sun;On;On;Receiver;Off;-20.59155;-76.998924;0.0022944445;None;NO
38970;99.988075;3.03248;sun;On;On;Receiver;Off;-22.45417;-77.484795;0.0022944445;None;NO
38980;99.988075;3.03278;sun;On;On;Receiver;Off;-24.460432;-77.958435;0.0022944445;None;NO
38990;99.988075;3.03308;sun;On;On;Receiver;Off;-26.623344;-78.41835;0.0022944445;None;NO
39000;99.988075;3.03338;sun;On;On;Receiver;Off;-28.956425;-78.86283;0.0022944445;None;NO
39010;99.988075;3.03368;sun;On;On;Receiver;Off;-31.473335;-79.28996;0.0022944445;None;NO
39020;99.988075;3.03398;sun;On;On;Receiver;Off;-34.187363;-79.697586;0.0022944445;None;NO
39030;99.988075;3.03428;sun;On;On;Receiver;Off;-37.110638;-80.0833;0.0022944445;None;NO
39040;99.988075;3.03458;sun;On;On;Receiver;Off;-40.253136;-80.44443;0.0022944445;None;NO
39050;99.988075;3.03488;sun;On;On;Receiver;Off;-43.62136;-80.77811;0.0022944445;None;NO
39060;99.988075;3.03518;sun;On;On;Receiver;Off;-47.216846;-81.081245;0.0022944445;None;NO
39070;99.988075;3.03548;sun;On;On;Receiver;Off;-51.034485;-81.35063;0.0022944445;None;NO
39080;99.988075;3.03578;sun;On;On;Receiver;Off;-55.060963;-81.58302;0.0022944445;None;NO
39090;99.988075;3.03608;sun;On;On;Receiver;Off;-59.273563;-81.77528;0.0022944445;None;NO
39100;99.988075;3.03638;sun;On;On;Receiver;Off;-63.639713;-81.924545;0.0022944445;None;NO
39110;99.988075;3.03668;sun;On;On;Receiver;Off;-68.1176;-82.0284;0.0022944445;None;NO
39120;99.988075;3.03698;sun;On;On;Receiver;Off;-72.65804;-82.08505;0.0022944445;None;NO
39130;99.988075;3.03728;sun;On;On;Receiver;Off;-77.20746;-82.09348;0.0022944445;None;NO
39140;99.988075;3.03758;sun;On;On;Receiver;Off;-81.71163;-82.05355;0.0022944445;None;NO
39150;99.988075;3.03788;sun;On;On;Receiver;Off;-86.11956;-81.965965;0.0022944445;None;NO
39160;99.988075;3.03818;sun;On;On;Receiver;Off;-90.38673;-81.83227;0.0022944445;None;NO
39170;99.988075;3.03848;sun;On;On;Receiver;Off;-94.47741;-81.65467;0.0022944445;None;NO
39180;99.988075;3.03878;sun;On;On;Receiver;Off;-98.36564;-81.435905;0.0022944445;None;NO
39190;99.988075;3.03908;sun;On;On;Receiver;Off;-102.03512;-81.17904;0.0022944445;None;NO
39200;99.988075;3.03938;sun;On;On;Receiver;Off;-105.47821;-80.88728;0.0022944445;None;NO
39210;99.988075;3.03968;sun;On;On;Receiver;Off;-108.694435;-80.56388;0.0022944445;None;NO
39220;99.988075;3.03998;sun;On;On;Receiver;Off;-111.68885;-80.21197;0.0022944445;None;NO
39230;99.988075;3.04028;sun;On;On;Receiver;Off;-114.470436;-79.8345;0.0022944445;None;NO
39240;99.988075;3.04058;sun;On;On;Receiver;Off;-117.05075;-79.43423;0.0022944445;None;NO
39250;99.988075;3.04088;sun;On;On;Receiver;Off;-119.44279;-79.013626;0.0022944445;None;NO
39260;99.988075;3.04118;sun;On;On;Receiver;Off;-121.66016;-78.57496;0.0022944445;None;NO
39270;99.988075;3.04148;sun;On;On;Receiver;Off;-123.71647;-78.12021;0.0022944445;None;NO
39280;99.988075;3.04178;sun;On;On;Receiver;Off;-125.62494;-77.65117;0.0022944445;None;NO
39290;99.988075;3.04208;sun;On;On;Receiver;Off;-127.398094;-77.1694;0.0022944445;None;NO
39300;99.988075;3.04238;sun;On;On;Receiver;Off;-129.04765;-76.676285;0.0022944445;None;NO
39310;99.988075;3.04268;sun;On;On;Receiver;Off;-130.58447;-76.173035;0.0022944445;None;NO
39320;99.988075;3.04298;sun;On;On;Receiver;Off;-132.01846;-75.66071;0.0022944445;None;NO
39330;99.988075;3.04328;sun;On;On;Receiver;Off;-133.3587;-75.14027;0.0022944445;None;NO
39340;99.988075;3.04358;sun;On;On;Receiver;Off;-134.61343;-74.61252;0.0022944445;None;NO
39350;99.988075;3.04388;sun;On;On;Receiver;Off;-135.79008;-74.07819;0.0022944445;None;NO
39360;99.988075;3.04418;sun;On;On;Receiver;Off;-136.89539;-73.53793;0.0022944445;None;NO
39370;99.988075;3.04448;sun;On;On;Receiver;Off;-137.93546;-72.992294;0.0022944445;None;NO
39380;99.988075;3.04478;sun;On;On;Receiver;Off;-138.91574;-72.441795;0.0022944445;None;NO
39390;99.988075;3.04508;sun;On;On;Receiver;Off;-139.8412;-71.88687;0.0022944445;None;NO
39400;99.988075;3.04538;sun;On;On;Receiver;Off;-140.71632;-71.32791;0.0022944445;None;NO
39410;99.988075;3.04568;sun;On;On;Receiver;Off;-141.54515;-70.76528;0.0022944445;None;NO
39420;99.988075;3.04598;sun;On;On;Receiver;Off;-142.3313;-70.19928;0.0022944445;None;NO
39430;99.988075;3.04628;sun;On;On;Receiver;Off;-143.07811;-69.6302;0.0022944445;None;NO
39440;99.988075;3.04658;sun;On;On;Receiver;Off;-143.78857;-69.05829;0.0022944445;None;NO
39450;99.988075;3.04688;sun;On;On;Receiver;Off;-144.4654;-68.483765;0.0022944445;None;NO
39460;99.988075;3.04718;sun;On;On;Receiver;Off;-145.11104;-67.906845;0.0022944445;None;NO
39470;99.988075;3.04748;sun;On;On;Receiver;Off;-145.72777;-67.327705;0.0022944445;None;NO
39480;99.988075;3.04778;sun;On;On;Receiver;Off;-146.31763;-66.74651;0.0022944445;None;NO
39490;99.988075;3.04808;sun;On;On;Receiver;Off;-146.88248;-66.163414;0.0022944445;None;NO
39500;99.988075;3.04838;sun;On;On;Receiver;Off;-147.42403;-65.57855;0.0022944445;None;NO
39510;99.988075;3.04868;sun;On;On;Receiver;Off;-147.94383;-64.99206;0.0022944445;None;NO
39520;99.988075;3.04898;sun;On;On;Receiver;Off;-148.44334;-64.40402;0.0022944445;None;NO
39530;99.988075;3.04928;sun;On;On;Receiver;Off;-148.92386;-63.81457;0.0022944445;None;NO
39540;99.988075;3.04958;sun;On;On;Receiver;Off;-149.38658;-63.22379;0.0022944445;None;NO
39550;99.988075;3.04988;sun;On;On;Receiver;Off;-149.83263;-62.631763;0.0022944445;None;NO
39560;99.988075;3.05018;sun;On;On;Receiver;Off;-150.26302;-62.03857;0.0022944445;None;NO
39570;99.988075;3.05048;sun;On;On;Receiver;Off;-150.6787;-61.44429;0.0022944445;None;NO
39580;99.988075;3.05078;sun;On;On;Receiver;Off;-151.08055;-60.848984;0.0022944445;None;NO
39590;99.988075;3.05108;sun;On;On;Receiver;Off;-151.46938;-60.252712;0.0022944445;None;NO
39600;99.988075;3.05138;sun;On;On;Receiver;Off;-151.8459;-59.65554;0.0022944445;None;NO
39610;99.988075;3.05168;sun;On;On;Receiver;Off;-152.21085;-59.057514;0.0022944445;None;NO
39620;99.988075;3.05198;sun;On;On;Receiver;Off;-152.56485;-58.458683;0.0022944445;None;NO
39630;99.988075;3.05228;sun;On;On;Receiver;Off;-152.90852;-57.859097;0.0022944445;None;NO
39640;99.988075;3.05258;sun;On;On;Receiver;Off;-153.24239;-57.258793;0.0022944445;None;NO
39650;99.988075;3.05288;sun;On;On;Receiver;Off;-153.56699;-56.65781;0.0022944445;None;NO
39660;99.988075;3.05318;sun;On;On;Receiver;Off;-153.88281;-56.056187;0.0022944445;None;NO
39670;99.988075;3.05348;sun;On;On;Receiver;Off;-154.19029;-55.45396;0.0022944445;None;NO
39680;99.988075;3.05378;sun;On;On;Receiver;Off;-154.48987;-54.851154;0.0022944445;None;NO
39690;99.988075;3.05408;sun;On;On;Receiver;Off;-154.78194;-54.247807;0.0022944445;None;NO
39700;99.988075;3.05438;sun;On;On;Receiver;Off;-155.06686;-53.64394;0.0022944445;None;NO
39710;99.988075;3.05468;sun;On;On;Receiver;Off;-155.345;-53.039577;0.0022944445;None;NO
39720;99.988075;3.05498;sun;On;On;Receiver;Off;-155.61665;-52.43475;0.0022944445;None;NO
39730;99.988075;3.05528;sun;On;On;Receiver;Off;-155.88216;-51.82948;0.0022944445;None;NO
39740;99.988075;3.05558;sun;On;On;Receiver;Off;-156.14178;-51.22378;0.0022944445;None;NO
39750;99.988075;3.05588;sun;On;On;Receiver;Off;-156.39581;-50.61768;0.0022944445;None;NO
39760;99.988075;3.05618;sun;On;On;Receiver;Off;-156.6445;-50.011192;0.0022944445;None;NO
39770;99.988075;3.05648;sun;On;On;Receiver;Off;-156.88808;-49.40434;0.0022944445;None;NO
39780;99.988075;3.05678;sun;On;On;Receiver;Off;-157.12677;-48.79713;0.0022944445;None;NO
39790;99.988075;3.05708;sun;On;On;Receiver;Off;-157.36081;-48.18959;0.0022944445;None;NO
39800;99.988075;3.05738;sun;On;On;Receiver;Off;-157.5904;-47.58173;0.0022944445;None;NO
39810;99.988075;3.05768;sun;On;On;Receiver;Off;-157.8157;-46.973564;0.0022944445;None;NO
39820;99.988075;3.05798;sun;On;On;Receiver;Off;-158.03693;-46.365105;0.0022944445;None;NO
39830;99.988075;3.05828;sun;On;On;Receiver;Off;-158.25424;-45.756363;0.0022944445;None;NO
39840;99.988075;3.05858;sun;On;On;Receiver;Off;-158.4678;-45.147354;0.0022944445;None;NO
39850;99.988075;3.05888;sun;On;On;Receiver;Off;-158.67778;-44.53809;0.0022944445;None;NO
39860;99.988075;3.05918;sun;On;On;Receiver;Off;-158.8843;-43.928574;0.0022944445;None;NO
39870;99.988075;3.05948;sun;On;On;Receiver;Off;-159.08751;-43.318825;0.0022944445;None;NO
39880;99.988075;3.05978;sun;On;On;Receiver;Off;-159.28755;-42.70885;0.0022944445;None;NO
39890;99.988075;3.06008;sun;On;On;Receiver;Off;-159.48454;-42.098656;0.0022944445;None;NO
39900;99.988075;3.06038;sun;On;On;Receiver;Off;-159.6786;-41.488255;0.0022944445;None;NO
39910;99.988075;3.06068;sun;On;On;Receiver;Off;-159.86986;-40.87765;0.0022944445;None;NO
39920;99.988075;3.06098;sun;On;On;Receiver;Off;-160.05841;-40.266853;0.0022944445;None;NO
39930;99.988075;3.06128;sun;On;On;Receiver;Off;-160.24435;-39.655872;0.0022944445;None;NO
39940;99.988075;3.06158;sun;On;On;Receiver;Off;-160.42781;-39.044712;0.0022944445;None;NO
39950;99.988075;3.06188;sun;On;On;Receiver;Off;-160.60886;-38.433384;0.0022944445;None;NO
39960;99.988075;3.06218;sun;On;On;Receiver;Off;-160.78758;-37.821888;0.0022944445;None;NO
39970;99.988075;3.06248;sun;On;On;Receiver;Off;-160.96408;-37.21023;0.0022944445;None;NO
39980;99.988075;3.06278;sun;On;On;Receiver;Off;-161.13844;-36.598427;0.0022944445;None;NO
39990;99.988075;3.06308;sun;On;On;Receiver;Off;-161.31075;-35.986473;0.0022944445;None;NO
40000;99.988075;3.06338;sun;On;On;Receiver;Off;-161.48106;-35.37438;0.0022944445;None;NO
40010;99.988075;3.06368;sun;On;On;Receiver;Off;-161.64946;-34.76215;0.0022944445;None;NO
40020;99.988075;3.06398;sun;On;On;Receiver;Off;-161.81601;-34.149788;0.0022944445;None;NO
40030;99.988075;3.06428;sun;On;On;Receiver;Off;-161.9808;-33.5373;0.0022944445;None;NO
40040;99.988075;3.06458;sun;On;On;Receiver;Off;-162.14386;-32.924694;0.0022944445;None;NO
40050;99.988075;3.06488;sun;On;On;Receiver;Off;-162.30528;-32.31197;0.0022944445;None;NO
40060;99.988075;3.06518;sun;On;On;Receiver;Off;-162.46512;-31.69913;0.0022944445;None;NO
40070;99.988075;3.06548;sun;On;On;Receiver;Off;-162.62341;-31.086184;0.0022944445;None;NO
40080;99.988075;3.06578;sun;On;On;Receiver;Off;-162.78024;-30.473131;0.0022944445;None;NO
40090;99.988075;3.06608;sun;On;On;Receiver;Off;-162.93565;-29.85998;0.0022944445;None;NO
40100;99.988075;3.06638;sun;On;On;Receiver;Off;-163.08968;-29.246729;0.0022944445;None;NO
40110;99.988075;3.06668;sun;On;On;Receiver;Off;-163.2424;-28.633387;0.0022944445;None;NO
40120;99.988075;3.06698;sun;On;On;Receiver;Off;-163.39383;-28.019953;0.0022944445;None;NO
40130;99.988075;3.06728;sun;On;On;Receiver;Off;-163.54405;-27.406433;0.0022944445;None;NO
40140;99.988075;3.06758;sun;On;On;Receiver;Off;-163.69308;-26.792828;0.0022944445;None;NO
40150;99.988075;3.06788;sun;On;On;Receiver;Off;-163.84097;-26.179144;0.0022944445;None;NO
40160;99.988075;3.06818;sun;On;On;Receiver;Off;-163.98776;-25.565382;0.0022944445;None;NO
40170;99.988075;3.06848;sun;On;On;Receiver;Off;-164.13351;-24.951544;0.0022944445;None;NO
40180;99.988075;3.06878;sun;On;On;Receiver;Off;-164.27823;-24.337635;0.0022944445;None;NO
40190;99.988075;3.06908;sun;On;On;Receiver;Off;-164.42198;-23.723656;0.0022944445;None;NO
40200;99.988075;3.06938;sun;On;On;Receiver;Off;-164.56479;-23.10961;0.0022944445;None;NO
40210;99.988075;3.06968;sun;On;On;Receiver;Off;-164.70668;-22.4955;0.0022944445;None;NO
40220;99.988075;3.06998;sun;On;On;Receiver;Off;-164.8477;-21.881329;0.0022944445;None;NO
40230;99.988075;3.07028;sun;On;On;Receiver;Off;-164.9879;-21.267097;0.0022944445;None;NO
40240;99.988075;3.07058;sun;On;On;Receiver;Off;-165.12727;-20.65281;0.0022944445;None;NO
40250;99.988075;3.07088;sun;On;On;Receiver;Off;-165.26588;-20.038467;0.0022944445;None;NO
40260;99.988075;3.07118;sun;On;On;Receiver;Off;-165.40376;-19.424072;0.0022944445;None;NO
40270;99.988075;3.07148;sun;On;On;Receiver;Off;-165.54091;-18.809626;0.0022944445;None;NO
40280;99.988075;3.07178;sun;On;On;Receiver;Off;-165.67738;-18.195131;0.0022944445;None;NO
40290;99.988075;3.07208;sun;On;On;Receiver;Off;-165.81322;-17.580591;0.0022944445;None;NO
40300;99.988075;3.07238;sun;On;On;Receiver;Off;-165.94841;-16.966005;0.0022944445;None;NO
40310;99.988075;3.07268;sun;On;On;Receiver;Off;-166.08301;-16.35138;0.0022944445;None;NO
40320;99.988075;3.07298;sun;On;On;Receiver;Off;-166.21704;-15.736711;0.0022944445;None;NO
40330;99.988075;3.07328;sun;On;On;Receiver;Off;-166.35052;-15.122004;0.0022944445;None;NO
40340;99.988075;3.07358;sun;On;On;Receiver;Off;-166.48349;-14.50726;0.0022944445;None;NO
40350;99.988075;3.07388;sun;On;On;Receiver;Off;-166.61595;-13.892482;0.0022944445;None;NO
40360;99.988075;3.07418;sun;On;On;Receiver;Off;-166.74796;-13.277669;0.0022944445;None;NO
40370;99.988075;3.07448;sun;On;On;Receiver;Off;-166.87952;-12.662826;0.0022944445;None;NO
40380;99.988075;3.07478;sun;On;On;Receiver;Off;-167.01065;-12.047951;0.0022944445;None;NO
40390;99.988075;3.07508;sun;On;On;Receiver;Off;-167.1414;-11.433049;0.0022944445;None;NO
40400;99.988075;3.07538;sun;On;On;Receiver;Off;-167.27176;-10.81812;0.0022944445;None;NO
40410;99.988075;3.07568;sun;On;On;Receiver;Off;-167.40178;-10.203165;0.0022944445;None;NO
40420;99.988075;3.07598;sun;On;On;Receiver;Off;-167.53146;-9.588187;0.0022944445;None;NO
40430;99.988075;3.07628;sun;On;On;Receiver;Off;-167.66083;-8.9731865;0.0022944445;None;NO
40440;99.988075;3.07658;sun;On;On;Receiver;Off;-167.78993;-8.358166;0.0022944445;None;NO
40450;99.988075;3.07688;sun;On;On;Receiver;Off;-167.91875;-7.7431264;0.0022944445;None;NO
40460;99.988075;3.07718;sun;On;On;Receiver;Off;-168.04733;-7.128069;0.0022944445;None;NO
40470;99.988075;3.07748;sun;On;On;Receiver;Off;-168.17569;-6.5129952;0.0022944445;None;NO
40480;99.988075;3.07778;sun;On;On;Receiver;Off;-168.30385;-5.897907;0.0022944445;None;NO
40490;99.988075;3.07808;sun;On;On;Receiver;Off;-168.43182;-5.282805;0.0022944445;None;NO
40500;99.988075;3.07838;sun;On;On;Receiver;Off;-168.55965;-4.667691;0.0022944445;None;NO
40510;99.988075;3.07868;sun;On;On;Receiver;Off;-168.68732;-4.0525675;0.0022944445;None;NO
40520;99.988075;3.07898;sun;On;On;Receiver;Off;-168.81488;-3.4374342;0.0022944445;None;NO
40530;99.988075;3.07928;sun;On;On;Receiver;Off;-168.94234;-2.8222933;0.0022944445;None;NO
40540;99.988075;3.07958;sun;On;On;Receiver;Off;-169.0697;-2.2071462;0.0022944445;None;NO
40550;99.988075;3.07988;sun;On;On;Receiver;Off;-169.19702;-1.5919943;0.0022944445;None;NO
40560;99.988075;3.08018;sun;On;On;Receiver;Off;-169.3243;-0.97683877;0.0022944445;None;NO
40570;99.988075;3.08048;sun;On;On;Receiver;Off;-169.45154;-0.36168104;0.0022944445;None;NO
40580;99.988075;3.08078;sun;On;On;Receiver;Off;-169.5788;0.25347748;0.0022944445;None;NO
40590;99.988075;3.08108;sun;On;On;Receiver;Off;-169.70605;0.8686354;0.0022944445;None;NO
40600;99.988075;3.08138;sun;On;On;Receiver;Off;-169.83337;1.4837915;0.0022944445;None;NO
40610;99.988075;3.08168;sun;On;On;Receiver;Off;-169.96072;2.0989442;0.0022944445;None;NO
40620;99.988075;3.08198;sun;On;On;Receiver;Off;-170.08817;2.7140923;0.0022944445;None;NO
40630;99.988075;3.08228;sun;On;On;Receiver;Off;-170.21571;3.3292341;0.0022944445;None;NO
40640;99.988075;3.08258;sun;On;On;Receiver;Off;-170.34337;3.9443688;0.0022944445;None;NO
40650;99.988075;3.08288;sun;On;On;Receiver;Off;-170.47116;4.5594945;0.0022944445;None;NO
40660;99.988075;3.08318;sun;On;On;Receiver;Off;-170.5991;5.17461;0.0022944445;None;NO
40670;99.988075;3.08348;sun;On;On;Receiver;Off;-170.72723;5.789714;0.0022944445;None;NO
40680;99.988075;3.08378;sun;On;On;Receiver;Off;-170.85556;6.4048047;0.0022944445;None;NO
40690;99.988075;3.08408;sun;On;On;Receiver;Off;-170.98412;7.0198812;0.0022944445;None;NO
40700;99.988075;3.08438;sun;On;On;Receiver;Off;-171.1129;7.6349416;0.0022944445;None;NO
40710;99.988075;3.08468;sun;On;On;Receiver;Off;-171.24194;8.249985;0.0022944445;None;NO
40720;99.988075;3.08498;sun;On;On;Receiver;Off;-171.37128;8.865009;0.0022944445;None;NO
40730;99.988075;3.08528;sun;On;On;Receiver;Off;-171.50092;9.480013;0.0022944445;None;NO
40740;99.988075;3.08558;sun;On;On;Receiver;Off;-171.63087;10.0949955;0.0022944445;None;NO
40750;99.988075;3.08588;sun;On;On;Receiver;Off;-171.76118;10.709953;0.0022944445;None;NO
40760;99.988075;3.08618;sun;On;On;Receiver;Off;-171.89186;11.324887;0.0022944445;None;NO
40770;99.988075;3.08648;sun;On;On;Receiver;Off;-172.02293;11.939795;0.0022944445;None;NO
40780;99.988075;3.08678;sun;On;On;Receiver;Off;-172.15442;12.554674;0.0022944445;None;NO
40790;99.988075;3.08708;sun;On;On;Receiver;Off;-172.28636;13.169523;0.0022944445;None;NO
40800;99.988075;3.08738;sun;On;On;Receiver;Off;-172.41875;13.784341;0.0022944445;None;NO
40810;99.988075;3.08768;sun;On;On;Receiver;Off;-172.55164;14.399126;0.0022944445;None;NO
40820;99.988075;3.08798;sun;On;On;Receiver;Off;-172.68504;15.013876;0.0022944445;None;NO
40830;99.988075;3.08828;sun;On;On;Receiver;Off;-172.81898;15.62859;0.0022944445;None;NO
40840;99.988075;3.08858;sun;On;On;Receiver;Off;-172.95349;16.243263;0.0022944445;None;NO
40850;99.988075;3.08888;sun;On;On;Receiver;Off;-173.0886;16.857899;0.0022944445;None;NO
40860;99.988075;3.08918;sun;On;On;Receiver;Off;-173.22432;17.472492;0.0022944445;None;NO
40870;99.988075;3.08948;sun;On;On;Receiver;Off;-173.36069;18.08704;0.0022944445;None;NO
40880;99.988075;3.08978;sun;On;On;Receiver;Off;-173.49773;18.701542;0.0022944445;None;NO
40890;99.988075;3.09008;sun;On;On;Receiver;Off;-173.63548;19.315998;0.0022944445;None;NO
40900;99.988075;3.09038;sun;On;On;Receiver;Off;-173.77399;19.9304;0.0022944445;None;NO
40910;99.988075;3.09068;sun;On;On;Receiver;Off;-173.91324;20.544754;0.0022944445;None;NO
40920;99.988075;3.09098;sun;On;On;Receiver;Off;-174.0533;21.159052;0.0022944445;None;NO
40930;99.988075;3.09128;sun;On;On;Receiver;Off;-174.1942;21.773293;0.0022944445;None;NO
40940;99.988075;3.09158;sun;On;On;Receiver;Off;-174.33595;22.387474;0.0022944445;None;NO
40950;99.988075;3.09188;sun;On;On;Receiver;Off;-174.4786;23.001596;0.0022944445;None;NO
40960;99.988075;3.09218;sun;On;On;Receiver;Off;-174.62221;23.615652;0.0022944445;None;NO
40970;99.988075;3.09248;sun;On;On;Receiver;Off;-174.76677;24.229643;0.0022944445;None;NO
40980;99.988075;3.09278;sun;On;On;Receiver;Off;-174.91235;24.843565;0.0022944445;None;NO
40990;99.988075;3.09308;sun;On;On;Receiver;Off;-175.05898;25.457415;0.0022944445;None;NO
41000;99.988075;3.09338;sun;On;On;Receiver;Off;-175.2067;26.071192;0.0022944445;None;NO
41010;99.988075;3.09368;sun;On;On;Receiver;Off;-175.35555;26.68489;0.0022944445;None;NO
41020;99.988075;3.09398;sun;On;On;Receiver;Off;-175.50557;27.298508;0.0022944445;None;NO
41030;99.988075;3.09428;sun;On;On;Receiver;Off;-175.65681;27.912045;0.0022944445;None;NO
41040;99.988075;3.09458;sun;On;On;Receiver;Off;-175.80933;28.525492;0.0022944445;None;NO
41050;99.988075;3.09488;sun;On;On;Receiver;Off;-175.96315;29.138851;0.0022944445;None;NO
41060;99.988075;3.09518;sun;On;On;Receiver;Off;-176.11833;29.75212;0.0022944445;None;NO
41070;99.988075;3.09548;sun;On;On;Receiver;Off;-176.27493;30.365288;0.0022944445;None;NO
41080;99.988075;3.09578;sun;On;On;Receiver;Off;-176.433;30.978357;0.0022944445;None;NO
41090;99.988075;3.09608;sun;On;On;Receiver;Off;-176.59259;31.591324;0.0022944445;None;NO
41100;99.988075;3.09638;sun;On;On;Receiver;Off;-176.75377;32.20418;0.0022944445;None;NO
41110;99.988075;3.09668;sun;On;On;Receiver;Off;-176.91656;32.816925;0.0022944445;None;NO
41120;99.988075;3.09698;sun;On;On;Receiver;Off;-177.08107;33.429554;0.0022944445;None;NO
41130;99.988075;3.09728;sun;On;On;Receiver;Off;-177.24734;34.042065;0.0022944445;None;NO
41140;99.988075;3.09758;sun;On;On;Receiver;Off;-177.41545;34.65445;0.0022944445;None;NO
41150;99.988075;3.09788;sun;On;On;Receiver;Off;-177.58546;35.2667;0.0022944445;None;NO
41160;99.988075;3.09818;sun;On;On;Receiver;Off;-177.75745;35.87882;0.0022944445;None;NO
41170;99.988075;3.09848;sun;On;On;Receiver;Off;-177.93149;36.4908;0.0022944445;None;NO
41180;99.988075;3.09878;sun;On;On;Receiver;Off;-178.10765;37.10263;0.0022944445;None;NO
41190;99.988075;3.09908;sun;On;On;Receiver;Off;-178.28603;37.71431;0.0022944445;None;NO
41200;99.988075;3.09938;sun;On;On;Receiver;Off;-178.4667;38.325836;0.0022944445;None;NO
41210;99.988075;3.09968;sun;On;On;Receiver;Off;-178.64977;38.937195;0.0022944445;None;NO
41220;99.988075;3.09998;sun;On;On;Receiver;Off;-178.83531;39.548386;0.0022944445;None;NO
41230;99.988075;3.10028;sun;On;On;Receiver;Off;-179.02345;40.159397;0.0022944445;None;NO
41240;99.988075;3.10058;sun;On;On;Receiver;Off;-179.21428;40.770226;0.0022944445;None;NO
41250;99.988075;3.10088;sun;On;On;Receiver;Off;-179.40788;41.380867;0.0022944445;None;NO
41260;99.988075;3.10118;sun;On;On;Receiver;Off;-179.60442;41.991302;0.0022944445;None;NO
41270;99.988075;3.10148;sun;On;On;Receiver;Off;-179.80397;42.601536;0.0022944445;None;NO
41280;99.988075;3.10178;sun;On;On;Receiver;Off;179.99332;43.21155;0.0022944445;None;NO
41290;99.988075;3.10208;sun;On;On;Receiver;Off;179.78732;43.82134;0.0022944445;None;NO
41300;99.988075;3.10238;sun;On;On;Receiver;Off;179.57791;44.430897;0.0022944445;None;NO
41310;99.988075;3.10268;sun;On;On;Receiver;Off;179.36491;45.040207;0.0022944445;None;NO
41320;99.988075;3.10298;sun;On;On;Receiver;Off;179.1482;45.64926;0.0022944445;None;NO
41330;99.988075;3.10328;sun;On;On;Receiver;Off;178.9276;46.25805;0.0022944445;None;NO
41340;99.988075;3.10358;sun;On;On;Receiver;Off;178.70294;46.866558;0.0022944445;None;NO
41350;99.988075;3.10388;sun;On;On;Receiver;Off;178.47404;47.474777;0.0022944445;None;NO
41360;99.988075;3.10418;sun;On;On;Receiver;Off;178.2407;48.082695;0.0022944445;None;NO
41370;99.988075;3.10448;sun;On;On;Receiver;Off;178.00276;48.690292;0.0022944445;None;NO
41380;99.988075;3.10478;sun;On;On;Receiver;Off;177.75995;49.297558;0.0022944445;None;NO
41390;99.988075;3.10508;sun;On;On;Receiver;Off;177.51208;49.904476;0.0022944445;None;NO
41400;99.988075;3.10538;sun;On;On;Receiver;Off;177.25891;50.51103;0.0022944445;None;NO
41410;99.988075;3.10568;sun;On;On;Receiver;Off;177.00018;51.1172;0.0022944445;None;NO
41420;99.988075;3.10598;sun;On;On;Receiver;Off;176.73561;51.72297;0.0022944445;None;NO
41430;99.988075;3.10628;sun;On;On;Receiver;Off;176.46494;52.32832;0.0022944445;None;NO
41440;99.988075;3.10658;sun;On;On;Receiver;Off;176.18785;52.933228;0.0022944445;None;NO
41450;99.988075;3.10688;sun;On;On;Receiver;Off;175.904;53.53767;0.0022944445;None;NO
41460;99.988075;3.10718;sun;On;On;Receiver;Off;175.61308;54.141624;0.0022944445;None;NO
41470;99.988075;3.10748;sun;On;On;Receiver;Off;175.31471;54.745068;0.0022944445;None;NO
41480;99.988075;3.10778;sun;On;On;Receiver;Off;175.00848;55.34797;0.0022944445;None;NO
41490;99.988075;3.10808;sun;On;On;Receiver;Off;174.694;55.950302;0.0022944445;None;NO
41500;99.988075;3.10838;sun;On;On;Receiver;Off;174.3708;56.552032;0.0022944445;None;NO
41510;99.988075;3.10868;sun;On;On;Receiver;Off;174.03842;57.15313;0.0022944445;None;NO
41520;99.988075;3.10898;sun;On;On;Receiver;Off;173.69632;57.753555;0.0022944445;None;NO
41530;99.988075;3.10928;sun;On;On;Receiver;Off;173.34398;58.35327;0.0022944445;None;NO
41540;99.988075;3.10958;sun;On;On;Receiver;Off;172.98079;58.95224;0.0022944445;None;NO
41550;99.988075;3.10988;sun;On;On;Receiver;Off;172.60611;59.55041;0.0022944445;None;NO
41560;99.988075;3.11018;sun;On;On;Receiver;Off;172.21927;60.147736;0.0022944445;None;NO
41570;99.988075;3.11048;sun;On;On;Receiver;Off;171.8195;60.744167;0.0022944445;None;NO
41580;99.988075;3.11078;sun;On;On;Receiver;Off;171.40605;61.33965;0.0022944445;None;NO
41590;99.988075;3.11108;sun;On;On;Receiver;Off;170.97801;61.934116;0.0022944445;None;NO
41600;99.988075;3.11138;sun;On;On;Receiver;Off;170.53448;62.527504;0.0022944445;None;NO
41610;99.988075;3.11168;sun;On;On;Receiver;Off;170.07445;63.119743;0.0022944445;None;NO
41620;99.988075;3.11198;sun;On;On;Receiver;Off;169.5968;63.71075;0.0022944445;None;NO
41630;99.988075;3.11228;sun;On;On;Receiver;Off;169.10036;64.300446;0.0022944445;None;NO
41640;99.988075;3.11258;sun;On;On;Receiver;Off;168.58382;64.88873;0.0022944445;None;NO
41650;99.988075;3.11288;sun;On;On;Receiver;Off;168.04576;65.47551;0.0022944445;None;NO
41660;99.988075;3.11318;sun;On;On;Receiver;Off;167.48466;66.06066;0.0022944445;None;NO
41670;99.988075;3.11348;sun;On;On;Receiver;Off;166.89885;66.64408;0.0022944445;None;NO
41680;99.988075;3.11378;sun;On;On;Receiver;Off;166.28645;67.22562;0.0022944445;None;NO
41690;99.988075;3.11408;sun;On;On;Receiver;Off;165.64548;67.80513;0.0022944445;None;NO
41700;99.988075;3.11438;sun;On;On;Receiver;Off;164.9737;68.382454;0.0022944445;None;NO
41710;99.988075;3.11468;sun;On;On;Receiver;Off;164.26868;68.95741;0.0022944445;None;NO
41720;99.988075;3.11498;sun;On;On;Receiver;Off;163.52776;69.5298;0.0022944445;None;NO
41730;99.988075;3.11528;sun;On;On;Receiver;Off;162.74797;70.099396;0.0022944445;None;NO
41740;99.988075;3.11558;sun;On;On;Receiver;Off;161.92606;70.66596;0.0022944445;None;NO
41750;99.988075;3.11588;sun;On;On;Receiver;Off;161.05844;71.22921;0.0022944445;None;NO
41760;99.988075;3.11618;sun;On;On;Receiver;Off;160.14114;71.78883;0.0022944445;None;NO
41770;99.988075;3.11648;sun;On;On;Receiver;Off;159.16975;72.3445;0.0022944445;None;NO
41780;99.988075;3.11678;sun;On;On;Receiver;Off;158.1394;72.895805;0.0022944445;None;NO
41790;99.988075;3.11708;sun;On;On;Receiver;Off;157.0447;73.44233;0.0022944445;None;NO
41800;99.988075;3.11738;sun;On;On;Receiver;Off;155.87965;73.983574;0.0022944445;None;NO
41810;99.988075;3.11768;sun;On;On;Receiver;Off;154.63762;74.51899;0.0022944445;None;NO
41820;99.988075;3.11798;sun;On;On;Receiver;Off;153.3113;75.04794;0.0022944445;None;NO
41830;99.988075;3.11828;sun;On;On;Receiver;Off;151.89255;75.56973;0.0022944445;None;NO
41840;99.988075;3.11858;sun;On;On;Receiver;Off;150.37248;76.08354;0.0022944445;None;NO
41850;99.988075;3.11888;sun;On;On;Receiver;Off;148.74126;76.58846;0.0022944445;None;NO
41860;99.988075;3.11918;sun;On;On;Receiver;Off;146.98822;77.08345;0.0022944445;None;NO
41870;99.988075;3.11948;sun;On;On;Receiver;Off;145.10175;77.567314;0.0022944445;None;NO
41880;99.988075;3.11978;sun;On;On;Receiver;Off;143.06944;78.0387;0.0022944445;None;NO
41890;99.988075;3.12008;sun;On;On;Receiver;Off;140.87817;78.49608;0.0022944445;None;NO
41900;99.988075;3.12038;sun;On;On;Receiver;Off;138.5144;78.93772;0.0022944445;None;NO
41910;99.988075;3.12068;sun;On;On;Receiver;Off;135.96445;79.36165;0.0022944445;None;NO
41920;99.988075;3.12098;sun;On;On;Receiver;Off;133.2152;79.76567;0.0022944445;None;NO
41930;99.988075;3.12128;sun;On;On;Receiver;Off;130.25478;80.14735;0.0022944445;None;NO
41940;99.988075;3.12158;sun;On;On;Receiver;Off;127.07374;80.50396;0.0022944445;None;NO
41950;99.988075;3.12188;sun;On;On;Receiver;Off;123.666306;80.8326;0.0022944445;None;NO
41960;99.988075;3.12218;sun;On;On;Receiver;Off;120.03197;81.13016;0.0022944445;None;NO
41970;99.988075;3.12248;sun;On;On;Receiver;Off;116.177155;81.393394;0.0022944445;None;NO
41980;99.988075;3.12278;sun;On;On;Receiver;Off;112.116714;81.619095;0.0022944445;None;NO
41990;99.988075;3.12308;sun;On;On;Receiver;Off;107.87507;81.80414;0.0022944445;None;NO
42000;99.988075;3.12338;sun;On;On;Receiver;Off;103.48644;81.94574;0.0022944445;None;NO
42010;99.988075;3.12368;sun;On;On;Receiver;Off;98.9941;82.041565;0.0022944445;None;NO
42020;99.988075;3.12398;sun;On;On;Receiver;Off;94.44823;82.08996;0.0022944445;None;NO
42030;99.988075;3.12428;sun;On;On;Receiver;Off;89.90279;82.09004;0.0022944445;None;NO
42040;99.988075;3.12458;sun;On;On;Receiver;Off;85.4117;82.041824;0.0022944445;None;NO
42050;99.988075;3.12488;sun;On;On;Receiver;Off;81.02508;81.94617;0.0022944445;None;NO
42060;99.988075;3.12518;sun;On;On;Receiver;Off;76.78603;81.80473;0.0022944445;None;NO
42070;99.988075;3.12548;sun;On;On;Receiver;Off;72.72866;81.619835;0.0022944445;None;NO
42080;99.988075;3.12578;sun;On;On;Receiver;Off;68.87721;81.39428;0.0022944445;None;NO
42090;99.988075;3.12608;sun;On;On;Receiver;Off;65.24641;81.13117;0.0022944445;None;NO
42100;99.988075;3.12638;sun;On;On;Receiver;Off;61.842545;80.83373;0.0022944445;None;NO
42110;99.988075;3.12668;sun;On;On;Receiver;Off;58.665024;80.505196;0.0022944445;None;NO
42120;99.988075;3.12698;sun;On;On;Receiver;Off;55.708008;80.148674;0.0022944445;None;NO
42130;99.988075;3.12728;sun;On;On;Receiver;Off;52.961975;79.76709;0.0022944445;None;NO
42140;99.988075;3.12758;sun;On;On;Receiver;Off;50.415054;79.363144;0.0022944445;None;NO
42150;99.988075;3.12788;sun;On;On;Receiver;Off;48.05409;78.93928;0.0022944445;None;NO
42160;99.988075;3.12818;sun;On;On;Receiver;Off;45.86543;78.4977;0.0022944445;None;NO
42170;99.97615;3.12848;ecl;On;On;Receiver;Off;43.83551;78.040375;0.0022944445;None;NO
42180;99.964226;3.12878;ecl;On;On;Receiver;Off;41.95123;77.56903;0.0022944445;None;NO
42190;99.9523;3.12908;ecl;On;On;Receiver;Off;40.20018;77.08521;0.0022944445;None;NO
42200;99.94038;3.12938;ecl;On;On;Receiver;Off;38.57079;76.59027;0.0022944445;None;NO
42210;99.928444;3.12968;ecl;On;On;Receiver;Off;37.052376;76.08538;0.0022944445;None;NO
42220;99.91652;3.12998;ecl;On;On;Receiver;Off;35.635155;75.5716;0.0022944445;None;NO
42230;99.904594;3.13028;ecl;On;On;Receiver;Off;34.31021;75.04984;0.0022944445;None;NO
42240;99.89267;3.13058;ecl;On;On;Receiver;Off;33.06945;74.52091;0.0022944445;None;NO
42250;99.880745;3.13088;ecl;On;On;Receiver;Off;31.905552;73.98552;0.0022944445;None;NO
42260;99.86882;3.13118;ecl;On;On;Receiver;Off;30.811897;73.44429;0.0022944445;None;NO
42270;99.856895;3.13148;ecl;On;On;Receiver;Off;29.782515;72.89779;0.0022944445;None;NO
42280;99.84497;3.13178;ecl;On;On;Receiver;Off;28.812012;72.3465;0.0022944445;None;NO
42290;99.833046;3.13208;ecl;On;On;Receiver;Off;27.895523;71.79085;0.0022944445;None;NO
42300;99.82112;3.13238;ecl;On;On;Receiver;Off;27.028654;71.23123;0.0022944445;None;NO
42310;99.8092;3.13268;ecl;On;On;Receiver;Off;26.20744;70.668;0.0022944445;None;NO
42320;99.79727;3.13298;ecl;On;On;Receiver;Off;25.428284;70.10145;0.0022944445;None;NO
42330;99.78534;3.13328;ecl;On;On;Receiver;Off;24.687943;69.53186;0.0022944445;None;NO
42340;99.773415;3.13358;ecl;On;On;Receiver;Off;23.983469;68.95948;0.0022944445;None;NO
42350;99.76149;3.13388;ecl;On;On;Receiver;Off;23.312191;68.38454;0.0022944445;None;NO
42360;99.749565;3.13418;ecl;On;On;Receiver;Off;22.671677;67.80721;0.0022944445;None;NO
42370;99.73764;3.13448;ecl;On;On;Receiver;Off;22.059715;67.227715;0.0022944445;None;NO
42380;99.725716;3.13478;ecl;On;On;Receiver;Off;21.474297;66.64618;0.0022944445;None;NO
42390;99.71379;3.13508;ecl;On;On;Receiver;Off;20.913578;66.062775;0.0022944445;None;NO
42400;99.701866;3.13538;ecl;On;On;Receiver;Off;20.37588;65.47762;0.0022944445;None;NO
42410;99.68994;3.13568;ecl;On;On;Receiver;Off;19.859665;64.89085;0.0022944445;None;NO
42420;99.67802;3.13598;ecl;On;On;Receiver;Off;19.363523;64.30257;0.0022944445;None;NO
42430;99.66609;3.13628;ecl;On;On;Receiver;Off;18.88616;63.71288;0.0022944445;None;NO
42440;99.65417;3.13658;ecl;On;On;Receiver;Off;18.426386;63.121876;0.0022944445;None;NO
42450;99.642235;3.13688;ecl;On;On;Receiver;Off;17.983109;62.529644;0.0022944445;None;NO
42460;99.63031;3.13718;ecl;On;On;Receiver;Off;17.555313;61.93626;0.0022944445;None;NO
42470;99.618385;3.13748;ecl;On;On;Receiver;Off;17.142075;61.341793;0.0022944445;None;NO
42480;99.60646;3.13778;ecl;On;On;Receiver;Off;16.742527;60.74632;0.0022944445;None;NO
42490;99.594536;3.13808;ecl;On;On;Receiver;Off;16.355877;60.14989;0.0022944445;None;NO
42500;99.58261;3.13838;ecl;On;On;Receiver;Off;15.981385;59.552567;0.0022944445;None;NO
42510;99.57069;3.13868;ecl;On;On;Receiver;Off;15.618367;58.954395;0.0022944445;None;NO
42520;99.55876;3.13898;ecl;On;On;Receiver;Off;15.266187;58.355434;0.0022944445;None;NO
42530;99.54684;3.13928;ecl;On;On;Receiver;Off;14.9242525;57.75572;0.0022944445;None;NO
42540;99.53491;3.13958;ecl;On;On;Receiver;Off;14.592014;57.155296;0.0022944445;None;NO
42550;99.52299;3.13988;ecl;On;On;Receiver;Off;14.268959;56.554203;0.0022944445;None;NO
42560;99.51106;3.14018;ecl;On;On;Receiver;Off;13.954607;55.952473;0.0022944445;None;NO
42570;99.49913;3.14048;ecl;On;On;Receiver;Off;13.648512;55.350143;0.0022944445;None;NO
42580;99.487206;3.14078;ecl;On;On;Receiver;Off;13.350255;54.747242;0.0022944445;None;NO
42590;99.47528;3.14108;ecl;On;On;Receiver;Off;13.059445;54.143803;0.0022944445;None;NO
42600;99.463356;3.14138;ecl;On;On;Receiver;Off;12.775716;53.53985;0.0022944445;None;NO
42610;99.45143;3.14168;ecl;On;On;Receiver;Off;12.498723;52.935406;0.0022944445;None;NO
42620;99.43951;3.14198;ecl;On;On;Receiver;Off;12.228144;52.3305;0.0022944445;None;NO
42630;99.42758;3.14228;ecl;On;On;Receiver;Off;11.963674;51.72515;0.0022944445;None;NO
42640;99.41566;3.14258;ecl;On;On;Receiver;Off;11.7050295;51.119385;0.0022944445;None;NO
42650;99.40373;3.14288;ecl;On;On;Receiver;Off;11.451941;50.513214;0.0022944445;None;NO
42660;99.39181;3.14318;ecl;On;On;Receiver;Off;11.204155;49.906662;0.0022944445;None;NO
42670;99.37988;3.14348;ecl;On;On;Receiver;Off;10.961434;49.299747;0.0022944445;None;NO
42680;99.36796;3.14378;ecl;On;On;Receiver;Off;10.723552;48.692482;0.0022944445;None;NO
42690;99.356026;3.14408;ecl;On;On;Receiver;Off;10.490296;48.084885;0.0022944445;None;NO
42700;99.3441;3.14438;ecl;On;On;Receiver;Off;10.261466;47.47697;0.0022944445;None;NO
42710;99.33218;3.14468;ecl;On;On;Receiver;Off;10.036871;46.86875;0.0022944445;None;NO
42720;99.32025;3.14498;ecl;On;On;Receiver;Off;9.81633;46.260242;0.0022944445;None;NO
42730;99.30833;3.14528;ecl;On;On;Receiver;Off;9.599673;45.651455;0.0022944445;None;NO
42740;99.2964;3.14558;ecl;On;On;Receiver;Off;9.38674;45.042404;0.0022944445;None;NO
42750;99.28448;3.14588;ecl;On;On;Receiver;Off;9.177374;44.433094;0.0022944445;None;NO
42760;99.27255;3.14618;ecl;On;On;Receiver;Off;8.971432;43.82354;0.0022944445;None;NO
42770;99.26063;3.14648;ecl;On;On;Receiver;Off;8.768773;43.21375;0.0022944445;None;NO
42780;99.2487;3.14678;ecl;On;On;Receiver;Off;8.569267;42.603737;0.0022944445;None;NO
42790;99.23678;3.14708;ecl;On;On;Receiver;Off;8.372788;41.993504;0.0022944445;None;NO
42800;99.22485;3.14738;ecl;On;On;Receiver;Off;8.179216;41.383068;0.0022944445;None;NO
42810;99.21292;3.14768;ecl;On;On;Receiver;Off;7.988439;40.77243;0.0022944445;None;NO
42820;99.201;3.14798;ecl;On;On;Receiver;Off;7.8003464;40.161602;0.0022944445;None;NO
42830;99.18907;3.14828;ecl;On;On;Receiver;Off;7.6148353;39.550587;0.0022944445;None;NO
42840;99.17715;3.14858;ecl;On;On;Receiver;Off;7.431807;38.9394;0.0022944445;None;NO
42850;99.16522;3.14888;ecl;On;On;Receiver;Off;7.2511673;38.32804;0.0022944445;None;NO
42860;99.1533;3.14918;ecl;On;On;Receiver;Off;7.0728254;37.716515;0.0022944445;None;NO
42870;99.14137;3.14948;ecl;On;On;Receiver;Off;6.896695;37.104836;0.0022944445;None;NO
42880;99.12945;3.14978;ecl;On;On;Receiver;Off;6.7226934;36.493004;0.0022944445;None;NO
42890;99.11752;3.15008;ecl;On;On;Receiver;Off;6.550742;35.881027;0.0022944445;None;NO
42900;99.1056;3.15038;ecl;On;On;Receiver;Off;6.3807645;35.26891;0.0022944445;None;NO
42910;99.09367;3.15068;ecl;On;On;Receiver;Off;6.212688;34.656654;0.0022944445;None;NO
42920;99.08175;3.15098;ecl;On;On;Receiver;Off;6.046443;34.044273;0.0022944445;None;NO
42930;99.06982;3.15128;ecl;On;On;Receiver;Off;5.881962;33.431763;0.0022944445;None;NO
42940;99.05789;3.15158;ecl;On;On;Receiver;Off;5.719181;32.819134;0.0022944445;None;NO
42950;99.04597;3.15188;ecl;On;On;Receiver;Off;5.558038;32.20639;0.0022944445;None;NO
42960;99.03404;3.15218;ecl;On;On;Receiver;Off;5.3984737;31.593533;0.0022944445;None;NO
42970;99.02212;3.15248;ecl;On;On;Receiver;Off;5.240431;30.980568;0.0022944445;None;NO
42980;99.01019;3.15278;ecl;On;On;Receiver;Off;5.0838537;30.367498;0.0022944445;None;NO
42990;98.99827;3.15308;ecl;On;On;Receiver;Off;4.92869;29.75433;0.0022944445;None;NO
43000;98.98634;3.15338;ecl;On;On;Receiver;Off;4.7748876;29.141064;0.0022944445;None;NO
43010;98.97442;3.15368;ecl;On;On;Receiver;Off;4.622398;28.527704;0.0022944445;None;NO
43020;98.962494;3.15398;ecl;On;On;Receiver;Off;4.471173;27.914255;0.0022944445;None;NO
43030;98.95057;3.15428;ecl;On;On;Receiver;Off;4.321166;27.30072;0.0022944445;None;NO
43040;98.93864;3.15458;ecl;On;On;Receiver;Off;4.1723337;26.687103;0.0022944445;None;NO
43050;98.92671;3.15488;ecl;On;On;Receiver;Off;4.0246325;26.073404;0.0022944445;None;NO
43060;98.91479;3.15518;ecl;On;On;Receiver;Off;3.8780208;25.45963;0.0022944445;None;NO
43070;98.90286;3.15548;ecl;On;On;Receiver;Off;3.732458;24.84578;0.0022944445;None;NO
43080;98.89094;3.15578;ecl;On;On;Receiver;Off;3.5879056;24.231857;0.0022944445;None;NO
43090;98.87901;3.15608;ecl;On;On;Receiver;Off;3.4443257;23.617867;0.0022944445;None;NO
43100;98.86709;3.15638;ecl;On;On;Receiver;Off;3.301681;23.003809;0.0022944445;None;NO
43110;98.85516;3.15668;ecl;On;On;Receiver;Off;3.1599367;22.389688;0.0022944445;None;NO
43120;98.84324;3.15698;ecl;On;On;Receiver;Off;3.0190578;21.775507;0.0022944445;None;NO
43130;98.831314;3.15728;ecl;On;On;Receiver;Off;2.8790107;21.161266;0.0022944445;None;NO
43140;98.81939;3.15758;ecl;On;On;Receiver;Off;2.7397628;20.546968;0.0022944445;None;NO
43150;98.807465;3.15788;ecl;On;On;Receiver;Off;2.6012824;19.932617;0.0022944445;None;NO
43160;98.79553;3.15818;ecl;On;On;Receiver;Off;2.4635384;19.318213;0.0022944445;None;NO
43170;98.78361;3.15848;ecl;On;On;Receiver;Off;2.3265007;18.703758;0.0022944445;None;NO
43180;98.77168;3.15878;ecl;On;On;Receiver;Off;2.19014;18.089256;0.0022944445;None;NO
43190;98.75976;3.15908;ecl;On;On;Receiver;Off;2.0544274;17.474709;0.0022944445;None;NO
43200;98.74783;3.15938;ecl;On;On;Receiver;Off;1.9193352;16.860115;0.0022944445;None;NO
43210;98.73591;3.15968;ecl;On;On;Receiver;Off;1.7848359;16.245481;0.0022944445;None;NO
43220;98.72398;3.15998;ecl;On;On;Receiver;Off;1.6509029;15.630806;0.0022944445;None;NO
43230;98.71206;3.16028;ecl;On;On;Receiver;Off;1.5175097;15.016092;0.0022944445;None;NO
43240;98.700134;3.16058;ecl;On;On;Receiver;Off;1.384631;14.401342;0.0022944445;None;NO
43250;98.68821;3.16088;ecl;On;On;Receiver;Off;1.2522416;13.786558;0.0022944445;None;NO
43260;98.676285;3.16118;ecl;On;On;Receiver;Off;1.1203169;13.171741;0.0022944445;None;NO
43270;98.66436;3.16148;ecl;On;On;Receiver;Off;0.9888327;12.556891;0.0022944445;None;NO
43280;98.65243;3.16178;ecl;On;On;Receiver;Off;0.85776544;11.942012;0.0022944445;None;NO
43290;98.6405;3.16208;ecl;On;On;Receiver;Off;0.72709167;11.327105;0.0022944445;None;NO
43300;98.62858;3.16238;ecl;On;On;Receiver;Off;0.59678847;10.712172;0.0022944445;None;NO
43310;98.61665;3.16268;ecl;On;On;Receiver;Off;0.46683332;10.097213;0.0022944445;None;NO
43320;98.60473;3.16298;ecl;On;On;Receiver;Off;0.33720398;9.48223;0.0022944445;None;NO
43330;98.592804;3.16328;ecl;On;On;Receiver;Off;0.20787852;8.867227;0.0022944445;None;NO
43340;98.58088;3.16358;ecl;On;On;Receiver;Off;0.07883528;8.252203;0.0022944445;None;NO
43350;98.568954;3.16388;ecl;On;On;Receiver;Off;-0.049947083;7.6371593;0.0022944445;None;NO
43360;98.55703;3.16418;ecl;On;On;Receiver;Off;-0.1784897;7.022099;0.0022944445;None;NO
43370;98.545105;3.16448;ecl;On;On;Receiver;Off;-0.30681348;6.407023;0.0022944445;None;NO
43380;98.53318;3.16478;ecl;On;On;Receiver;Off;-0.43493912;5.791932;0.0022944445;None;NO
43390;98.521255;3.16508;ecl;On;On;Receiver;Off;-0.56288713;5.176828;0.0022944445;None;NO
43400;98.50932;3.16538;ecl;On;On;Receiver;Off;-0.6906779;4.5617127;0.0022944445;None;NO
43410;98.4974;3.16568;ecl;On;On;Receiver;Off;-0.81833154;3.9465868;0.0022944445;None;NO
43420;98.48547;3.16598;ecl;On;On;Receiver;Off;-0.9458682;3.3314524;0.0022944445;None;NO
43430;98.47355;3.16628;ecl;On;On;Receiver;Off;-1.0733078;2.7163105;0.0022944445;None;NO
43440;98.461624;3.16658;ecl;On;On;Receiver;Off;-1.2006702;2.1011624;0.0022944445;None;NO
43450;98.4497;3.16688;ecl;On;On;Receiver;Off;-1.3279754;1.4860097;0.0022944445;None;NO
43460;98.437775;3.16718;ecl;On;On;Receiver;Off;-1.455243;0.87085366;0.0022944445;None;NO
43470;98.42585;3.16748;ecl;On;On;Receiver;Off;-1.5824927;0.25569573;0.0022944445;None;NO
43480;98.413925;3.16778;ecl;On;On;Receiver;Off;-1.7097442;-0.35946277;0.0022944445;None;NO
43490;98.402;3.16808;ecl;On;On;Receiver;Off;-1.8370174;-0.97462046;0.0022944445;None;NO
43500;98.390076;3.16838;ecl;On;On;Receiver;Off;-1.9643319;-1.589776;0.0022944445;None;NO
43510;98.37815;3.16868;ecl;On;On;Receiver;Off;-2.0917072;-2.2049282;0.0022944445;None;NO
43520;98.36622;3.16898;ecl;On;On;Receiver;Off;-2.2191637;-2.820075;0.0022944445;None;NO
43530;98.354294;3.16928;ecl;On;On;Receiver;Off;-2.3467207;-3.435216;0.0022944445;None;NO
43540;98.34237;3.16958;ecl;On;On;Receiver;Off;-2.4743986;-4.050349;0.0022944445;None;NO
43550;98.330444;3.16988;ecl;On;On;Receiver;Off;-2.6022174;-4.665473;0.0022944445;None;NO
43560;98.31852;3.17018;ecl;On;On;Receiver;Off;-2.7301972;-5.2805867;0.0022944445;None;NO
43570;98.306595;3.17048;ecl;On;On;Receiver;Off;-2.8583586;-5.8956885;0.0022944445;None;NO
43580;98.29467;3.17078;ecl;On;On;Receiver;Off;-2.986722;-6.510777;0.0022944445;None;NO
43590;98.282745;3.17108;ecl;On;On;Receiver;Off;-3.115308;-7.1258507;0.0022944445;None;NO
43600;98.27082;3.17138;ecl;On;On;Receiver;Off;-3.2441378;-7.7409086;0.0022944445;None;NO
43610;98.258896;3.17168;ecl;On;On;Receiver;Off;-3.3732324;-8.355948;0.0022944445;None;NO
43620;98.24697;3.17198;ecl;On;On;Receiver;Off;-3.5026133;-8.970969;0.0022944445;None;NO
43630;98.23505;3.17228;ecl;On;On;Receiver;Off;-3.6323023;-9.58597;0.0022944445;None;NO
43640;98.223114;3.17258;ecl;On;On;Receiver;Off;-3.762321;-10.200948;0.0022944445;None;NO
43650;98.21119;3.17288;ecl;On;On;Receiver;Off;-3.8926923;-10.815902;0.0022944445;None;NO
43660;98.199265;3.17318;ecl;On;On;Receiver;Off;-4.0234385;-11.430832;0.0022944445;None;NO
43670;98.18734;3.17348;ecl;On;On;Receiver;Off;-4.154582;-12.045734;0.0022944445;None;NO
43680;98.175415;3.17378;ecl;On;On;Receiver;Off;-4.286147;-12.660608;0.0022944445;None;NO
43690;98.16349;3.17408;ecl;On;On;Receiver;Off;-4.4181576;-13.275452;0.0022944445;None;NO
43700;98.151566;3.17438;ecl;On;On;Receiver;Off;-4.550637;-13.8902645;0.0022944445;None;NO
43710;98.13964;3.17468;ecl;On;On;Receiver;Off;-4.6836104;-14.505043;0.0022944445;None;NO
43720;98.127716;3.17498;ecl;On;On;Receiver;Off;-4.817103;-15.119787;0.0022944445;None;NO
43730;98.11579;3.17528;ecl;On;On;Receiver;Off;-4.951141;-15.734494;0.0022944445;None;NO
43740;98.10387;3.17558;ecl;On;On;Receiver;Off;-5.085749;-16.349163;0.0022944445;None;NO
43750;98.09194;3.17588;ecl;On;On;Receiver;Off;-5.220956;-16.963789;0.0022944445;None;NO
43760;98.08001;3.17618;ecl;On;On;Receiver;Off;-5.356788;-17.578375;0.0022944445;None;NO
43770;98.068085;3.17648;ecl;On;On;Receiver;Off;-5.493274;-18.192915;0.0022944445;None;NO
43780;98.05616;3.17678;ecl;On;On;Receiver;Off;-5.630442;-18.80741;0.0022944445;None;NO
43790;98.044235;3.17708;ecl;On;On;Receiver;Off;-5.7683225;-19.421856;0.0022944445;None;NO
43800;98.03231;3.17738;ecl;On;On;Receiver;Off;-5.9069448;-20.036251;0.0022944445;None;NO
43810;98.020386;3.17768;ecl;On;On;Receiver;Off;-6.0463405;-20.650595;0.0022944445;None;NO
43820;98.00846;3.17798;ecl;On;On;Receiver;Off;-6.186541;-21.264883;0.0022944445;None;NO
43830;97.99654;3.17828;ecl;On;On;Receiver;Off;-6.3275805;-21.879114;0.0022944445;None;NO
43840;97.98461;3.17858;ecl;On;On;Receiver;Off;-6.4694915;-22.493286;0.0022944445;None;NO
43850;97.97269;3.17888;ecl;On;On;Receiver;Off;-6.612309;-23.107395;0.0022944445;None;NO
43860;97.96076;3.17918;ecl;On;On;Receiver;Off;-6.7560687;-23.721441;0.0022944445;None;NO
43870;97.94883;3.17948;ecl;On;On;Receiver;Off;-6.9008083;-24.33542;0.0022944445;None;NO
43880;97.936905;3.17978;ecl;On;On;Receiver;Off;-7.046565;-24.94933;0.0022944445;None;NO
43890;97.92498;3.18008;ecl;On;On;Receiver;Off;-7.1933784;-25.563168;0.0022944445;None;NO
43900;97.913055;3.18038;ecl;On;On;Receiver;Off;-7.341289;-26.176931;0.0022944445;None;NO
43910;97.90113;3.18068;ecl;On;On;Receiver;Off;-7.490339;-26.790615;0.0022944445;None;NO
43920;97.889206;3.18098;ecl;On;On;Receiver;Off;-7.640571;-27.40422;0.0022944445;None;NO
43930;97.87728;3.18128;ecl;On;On;Receiver;Off;-7.7920303;-28.01774;0.0022944445;None;NO
43940;97.86536;3.18158;ecl;On;On;Receiver;Off;-7.944763;-28.631174;0.0022944445;None;NO
43950;97.85343;3.18188;ecl;On;On;Receiver;Off;-8.098818;-29.244518;0.0022944445;None;NO
43960;97.84151;3.18218;ecl;On;On;Receiver;Off;-8.254243;-29.857767;0.0022944445;None;NO
43970;97.82958;3.18248;ecl;On;On;Receiver;Off;-8.411092;-30.47092;0.0022944445;None;NO
43980;97.81766;3.18278;ecl;On;On;Receiver;Off;-8.569417;-31.083973;0.0022944445;None;NO
43990;97.805725;3.18308;ecl;On;On;Receiver;Off;-8.729273;-31.69692;0.0022944445;None;NO
44000;97.7938;3.18338;ecl;On;On;Receiver;Off;-8.890719;-32.309757;0.0022944445;None;NO
44010;97.781876;3.18368;ecl;On;On;Receiver;Off;-9.053815;-32.922485;0.0022944445;None;NO
44020;97.76995;3.18398;ecl;On;On;Receiver;Off;-9.218622;-33.53509;0.0022944445;None;NO
44030;97.758026;3.18428;ecl;On;On;Receiver;Off;-9.385207;-34.14758;0.0022944445;None;NO
44040;97.7461;3.18458;ecl;On;On;Receiver;Off;-9.553636;-34.75994;0.0022944445;None;NO
44050;97.73418;3.18488;ecl;On;On;Receiver;Off;-9.723978;-35.372173;0.0022944445;None;NO
44060;97.72225;3.18518;ecl;On;On;Receiver;Off;-9.89631;-35.98427;0.0022944445;None;NO
44070;97.71033;3.18548;ecl;On;On;Receiver;Off;-10.070704;-36.596222;0.0022944445;None;NO
44080;97.6984;3.18578;ecl;On;On;Receiver;Off;-10.247245;-37.208027;0.0022944445;None;NO
44090;97.68648;3.18608;ecl;On;On;Receiver;Off;-10.426012;-37.819683;0.0022944445;None;NO
44100;97.67455;3.18638;ecl;On;On;Receiver;Off;-10.607094;-38.43118;0.0022944445;None;NO
44110;97.71604;3.18668;sun;On;On;Receiver;Off;-10.790581;-39.042507;0.0022944445;None;NO
44120;97.75754;3.18698;sun;On;On;Receiver;Off;-10.97657;-39.653667;0.0022944445;None;NO
44130;97.79903;3.18728;sun;On;On;Receiver;Off;-11.165159;-40.264652;0.0022944445;None;NO
44140;97.84052;3.18758;sun;On;On;Receiver;Off;-11.356454;-40.875446;0.0022944445;None;NO
44150;97.88202;3.18788;sun;On;On;Receiver;Off;-11.550563;-41.486053;0.0022944445;None;NO
44160;97.92351;3.18818;sun;On;On;Receiver;Off;-11.7476015;-42.096455;0.0022944445;None;NO
44170;97.965004;3.18848;sun;On;On;Receiver;Off;-11.94769;-42.70665;0.0022944445;None;NO
44180;98.0065;3.18878;sun;On;On;Receiver;Off;-12.150956;-43.316628;0.0022944445;None;NO
44190;98.04799;3.18908;sun;On;On;Receiver;Off;-12.357532;-43.926376;0.0022944445;None;NO
44200;98.089485;3.18938;sun;On;On;Receiver;Off;-12.567556;-44.535892;0.0022944445;None;NO
44210;98.130974;3.18968;sun;On;On;Receiver;Off;-12.7811775;-45.145157;0.0022944445;None;NO
44220;98.17247;3.18998;sun;On;On;Receiver;Off;-12.998552;-45.75417;0.0022944445;None;NO
44230;98.21397;3.19028;sun;On;On;Receiver;Off;-13.219841;-46.36291;0.0022944445;None;NO
44240;98.255455;3.19058;sun;On;On;Receiver;Off;-13.445219;-46.97137;0.0022944445;None;NO
44250;98.29695;3.19088;sun;On;On;Receiver;Off;-13.674867;-47.57954;0.0022944445;None;NO
44260;98.33845;3.19118;sun;On;On;Receiver;Off;-13.908976;-48.1874;0.0022944445;None;NO
44270;98.37994;3.19148;sun;On;On;Receiver;Off;-14.147751;-48.79494;0.0022944445;None;NO
44280;98.42143;3.19178;sun;On;On;Receiver;Off;-14.391407;-49.40215;0.0022944445;None;NO
44290;98.46292;3.19208;sun;On;On;Receiver;Off;-14.64017;-50.009003;0.0022944445;None;NO
44300;98.50442;3.19238;sun;On;On;Receiver;Off;-14.894284;-50.615494;0.0022944445;None;NO
44310;98.54591;3.19268;sun;On;On;Receiver;Off;-15.154002;-51.221596;0.0022944445;None;NO
44320;98.5874;3.19298;sun;On;On;Receiver;Off;-15.419599;-51.827293;0.0022944445;None;NO
44330;98.6289;3.19328;sun;On;On;Receiver;Off;-15.6913595;-52.432568;0.0022944445;None;NO
44340;98.670395;3.19358;sun;On;On;Receiver;Off;-15.969594;-53.0374;0.0022944445;None;NO
44350;98.71188;3.19388;sun;On;On;Receiver;Off;-16.254627;-53.64176;0.0022944445;None;NO
44360;98.75338;3.19418;sun;On;On;Receiver;Off;-16.546808;-54.24563;0.0022944445;None;NO
44370;98.79487;3.19448;sun;On;On;Receiver;Off;-16.846508;-54.84898;0.0022944445;None;NO
44380;98.836365;3.19478;sun;On;On;Receiver;Off;-17.154123;-55.451786;0.0022944445;None;NO
44390;98.87786;3.19508;sun;On;On;Receiver;Off;-17.470076;-56.054016;0.0022944445;None;NO
44400;98.91935;3.19538;sun;On;On;Receiver;Off;-17.794819;-56.655643;0.0022944445;None;NO
44410;98.960846;3.19568;sun;On;On;Receiver;Off;-18.12884;-57.256626;0.0022944445;None;NO
44420;99.00234;3.19598;sun;On;On;Receiver;Off;-18.472658;-57.856934;0.0022944445;None;NO
44430;99.04383;3.19628;sun;On;On;Receiver;Off;-18.826828;-58.456524;0.0022944445;None;NO
44440;99.08533;3.19658;sun;On;On;Receiver;Off;-19.191954;-59.055355;0.0022944445;None;NO
44450;99.126816;3.19688;sun;On;On;Receiver;Off;-19.568678;-59.653385;0.0022944445;None;NO
44460;99.16831;3.19718;sun;On;On;Receiver;Off;-19.957695;-60.25056;0.0022944445;None;NO
44470;99.20981;3.19748;sun;On;On;Receiver;Off;-20.359753;-60.846832;0.0022944445;None;NO
44480;99.2513;3.19778;sun;On;On;Receiver;Off;-20.77566;-61.442142;0.0022944445;None;NO
44490;99.29279;3.19808;sun;On;On;Receiver;Off;-21.206291;-62.03643;0.0022944445;None;NO
44500;99.33429;3.19838;sun;On;On;Receiver;Off;-21.652592;-62.629623;0.0022944445;None;NO
44510;99.37578;3.19868;sun;On;On;Receiver;Off;-22.115585;-63.221657;0.0022944445;None;NO
44520;99.417274;3.19898;sun;On;On;Receiver;Off;-22.596386;-63.812443;0.0022944445;None;NO
44530;99.45876;3.19928;sun;On;On;Receiver;Off;-23.096199;-64.4019;0.0022944445;None;NO
44540;99.50026;3.19958;sun;On;On;Receiver;Off;-23.61634;-64.98994;0.0022944445;None;NO
44550;99.541756;3.19988;sun;On;On;Receiver;Off;-24.158245;-65.57645;0.0022944445;None;NO
44560;99.583244;3.20018;sun;On;On;Receiver;Off;-24.723475;-66.16131;0.0022944445;None;NO
44570;99.62474;3.20048;sun;On;On;Receiver;Off;-25.313738;-66.74441;0.0022944445;None;NO
44580;99.66624;3.20078;sun;On;On;Receiver;Off;-25.930906;-67.32561;0.0022944445;None;NO
44590;99.707726;3.20108;sun;On;On;Receiver;Off;-26.577028;-67.90476;0.0022944445;None;NO
44600;99.74922;3.20138;sun;On;On;Receiver;Off;-27.254354;-68.48169;0.0022944445;None;NO
44610;99.79071;3.20168;sun;On;On;Receiver;Off;-27.96536;-69.05622;0.0022944445;None;NO
44620;99.83221;3.20198;sun;On;On;Receiver;Off;-28.712765;-69.62814;0.0022944445;None;NO
44630;99.8737;3.20228;sun;On;On;Receiver;Off;-29.499567;-70.197235;0.0022944445;None;NO
44640;99.91519;3.20258;sun;On;On;Receiver;Off;-30.32908;-70.763245;0.0022944445;None;NO
44650;99.95669;3.20288;sun;On;On;Receiver;Off;-31.204962;-71.32589;0.0022944445;None;NO
44660;99.988075;3.20318;sun;On;On;Receiver;Off;-32.131256;-71.884865;0.0022944445;None;NO
44670;99.988075;3.20348;sun;On;On;Receiver;Off;-33.112442;-72.439804;0.0022944445;None;NO
44680;99.988075;3.20378;sun;On;On;Receiver;Off;-34.153477;-72.99032;0.0022944445;None;NO
44690;99.988075;3.20408;sun;On;On;Receiver;Off;-35.25986;-73.53597;0.0022944445;None;NO
44700;99.988075;3.20438;sun;On;On;Receiver;Off;-36.437683;-74.076256;0.0022944445;None;NO
44710;99.988075;3.20468;sun;On;On;Receiver;Off;-37.693687;-74.6106;0.0022944445;None;NO
44720;99.988075;3.20498;sun;On;On;Receiver;Off;-39.03534;-75.138374;0.0022944445;None;NO
44730;99.988075;3.20528;sun;On;On;Receiver;Off;-40.470875;-75.65885;0.0022944445;None;NO
44740;99.988075;3.20558;sun;On;On;Receiver;Off;-42.009377;-76.171196;0.0022944445;None;NO
44750;99.988075;3.20588;sun;On;On;Receiver;Off;-43.660797;-76.674484;0.0022944445;None;NO
44760;99.988075;3.20618;sun;On;On;Receiver;Off;-45.43598;-77.16764;0.0022944445;None;NO
44770;99.988075;3.20648;sun;On;On;Receiver;Off;-47.346672;-77.64945;0.0022944445;None;NO
44780;99.988075;3.20678;sun;On;On;Receiver;Off;-49.40541;-78.118546;0.0022944445;None;NO
44790;99.988075;3.20708;sun;On;On;Receiver;Off;-51.625416;-78.57334;0.0022944445;None;NO
44800;99.988075;3.20738;sun;On;On;Receiver;Off;-54.020306;-79.01208;0.0022944445;None;NO
44810;99.988075;3.20768;sun;On;On;Receiver;Off;-56.60368;-79.43274;0.0022944445;None;NO
44820;99.988075;3.20798;sun;On;On;Receiver;Off;-59.388523;-79.8331;0.0022944445;None;NO
44830;99.988075;3.20828;sun;On;On;Receiver;Off;-62.386356;-80.21065;0.0022944445;None;NO
44840;99.988075;3.20858;sun;On;On;Receiver;Off;-65.60612;-80.56266;0.0022944445;None;NO
44850;99.988075;3.20888;sun;On;On;Receiver;Off;-69.05278;-80.88617;0.0022944445;None;NO
44860;99.988075;3.20918;sun;On;On;Receiver;Off;-72.72578;-81.17805;0.0022944445;None;NO
44870;99.988075;3.20948;sun;On;On;Receiver;Off;-76.61734;-81.43505;0.0022944445;None;NO
44880;99.988075;3.20978;sun;On;On;Receiver;Off;-80.71101;-81.65395;0.0022944445;None;NO
44890;99.988075;3.21008;sun;On;On;Receiver;Off;-84.98069;-81.8317;0.0022944445;None;NO
44900;99.988075;3.21038;sun;On;On;Receiver;Off;-89.390495;-81.96557;0.0022944445;None;NO
44910;99.988075;3.21068;sun;On;On;Receiver;Off;-93.89578;-82.05332;0.0022944445;None;NO
44920;99.988075;3.21098;sun;On;On;Receiver;Off;-98.44548;-82.09343;0.0022944445;None;NO
44930;99.988075;3.21128;sun;On;On;Receiver;Off;-102.98535;-82.08517;0.0022944445;None;NO
44940;99.988075;3.21158;sun;On;On;Receiver;Off;-107.46185;-82.02869;0.0022944445;None;NO
44950;99.988075;3.21188;sun;On;On;Receiver;Off;-111.82589;-81.925;0.0022944445;None;NO
44960;99.988075;3.21218;sun;On;On;Receiver;Off;-116.03579;-81.7759;0.0022944445;None;NO
44970;99.988075;3.21248;sun;On;On;Receiver;Off;-120.05914;-81.58379;0.0022944445;None;NO
44980;99.988075;3.21278;sun;On;On;Receiver;Off;-123.873375;-81.35154;0.0022944445;None;NO
44990;99.988075;3.21308;sun;On;On;Receiver;Off;-127.46531;-81.08228;0.0022944445;None;NO
45000;99.988075;3.21338;sun;On;On;Receiver;Off;-130.82997;-80.77926;0.0022944445;None;NO
45010;99.988075;3.21368;sun;On;On;Receiver;Off;-133.96896;-80.44569;0.0022944445;None;NO
45020;99.988075;3.21398;sun;On;On;Receiver;Off;-136.88887;-80.08464;0.0022944445;None;NO
45030;99.988075;3.21428;sun;On;On;Receiver;Off;-139.5997;-79.69902;0.0022944445;None;NO
45040;99.988075;3.21458;sun;On;On;Receiver;Off;-142.11362;-79.29147;0.0022944445;None;NO
45050;99.988075;3.21488;sun;On;On;Receiver;Off;-144.44392;-78.8644;0.0022944445;None;NO
45060;99.988075;3.21518;sun;On;On;Receiver;Off;-146.60428;-78.41998;0.0022944445;None;NO
45070;99.988075;3.21548;sun;On;On;Receiver;Off;-148.60818;-77.96012;0.0022944445;None;NO
45080;99.988075;3.21578;sun;On;On;Receiver;Off;-150.46864;-77.48653;0.0022944445;None;NO
45090;99.988075;3.21608;sun;On;On;Receiver;Off;-152.19794;-77.0007;0.0022944445;None;NO
45100;99.988075;3.21638;sun;On;On;Receiver;Off;-153.80746;-76.50396;0.0022944445;None;NO
45110;99.988075;3.21668;sun;On;On;Receiver;Off;-155.30777;-75.997475;0.0022944445;None;NO
45120;99.988075;3.21698;sun;On;On;Receiver;Off;-156.7085;-75.482254;0.0022944445;None;NO
45130;99.988075;3.21728;sun;On;On;Receiver;Off;-158.01837;-74.959206;0.0022944445;None;NO
45140;99.988075;3.21758;sun;On;On;Receiver;Off;-159.24539;-74.42911;0.0022944445;None;NO
45150;99.988075;3.21788;sun;On;On;Receiver;Off;-160.39673;-73.89267;0.0022944445;None;NO
45160;99.988075;3.21818;sun;On;On;Receiver;Off;-161.4789;-73.350494;0.0022944445;None;NO
45170;99.988075;3.21848;sun;On;On;Receiver;Off;-162.49777;-72.80313;0.0022944445;None;NO
45180;99.988075;3.21878;sun;On;On;Receiver;Off;-163.45863;-72.25106;0.0022944445;None;NO
45190;99.988075;3.21908;sun;On;On;Receiver;Off;-164.36627;-71.6947;0.0022944445;None;NO
45200;99.988075;3.21938;sun;On;On;Receiver;Off;-165.225;-71.134445;0.0022944445;None;NO
45210;99.988075;3.21968;sun;On;On;Receiver;Off;-166.03873;-70.57062;0.0022944445;None;NO
45220;99.988075;3.21998;sun;On;On;Receiver;Off;-166.81097;-70.003525;0.0022944445;None;NO
45230;99.988075;3.22028;sun;On;On;Receiver;Off;-167.54494;-69.43344;0.0022944445;None;NO
45240;99.988075;3.22058;sun;On;On;Receiver;Off;-168.2435;-68.8606;0.0022944445;None;NO
45250;99.988075;3.22088;sun;On;On;Receiver;Off;-168.90932;-68.28523;0.0022944445;None;NO
45260;99.988075;3.22118;sun;On;On;Receiver;Off;-169.54475;-67.70753;0.0022944445;None;NO
45270;99.988075;3.22148;sun;On;On;Receiver;Off;-170.15201;-67.12766;0.0022944445;None;NO
45280;99.988075;3.22178;sun;On;On;Receiver;Off;-170.73305;-66.54579;0.0022944445;None;NO
45290;99.988075;3.22208;sun;On;On;Receiver;Off;-171.28969;-65.962074;0.0022944445;None;NO
45300;99.988075;3.22238;sun;On;On;Receiver;Off;-171.82358;-65.37664;0.0022944445;None;NO
45310;99.988075;3.22268;sun;On;On;Receiver;Off;-172.33623;-64.7896;0.0022944445;None;NO
45320;99.988075;3.22298;sun;On;On;Receiver;Off;-172.82906;-64.201065;0.0022944445;None;NO
45330;99.988075;3.22328;sun;On;On;Receiver;Off;-173.3033;-63.611145;0.0022944445;None;NO
45340;99.988075;3.22358;sun;On;On;Receiver;Off;-173.76016;-63.019924;0.0022944445;None;NO
45350;99.988075;3.22388;sun;On;On;Receiver;Off;-174.2007;-62.42749;0.0022944445;None;NO
45360;99.988075;3.22418;sun;On;On;Receiver;Off;-174.62592;-61.83391;0.0022944445;None;NO
45370;99.988075;3.22448;sun;On;On;Receiver;Off;-175.03674;-61.23927;0.0022944445;None;NO
45380;99.988075;3.22478;sun;On;On;Receiver;Off;-175.434;-60.643627;0.0022944445;None;NO
45390;99.988075;3.22508;sun;On;On;Receiver;Off;-175.81851;-60.04704;0.0022944445;None;NO
45400;99.988075;3.22538;sun;On;On;Receiver;Off;-176.19098;-59.449566;0.0022944445;None;NO
45410;99.988075;3.22568;sun;On;On;Receiver;Off;-176.5521;-58.851257;0.0022944445;None;NO
45420;99.988075;3.22598;sun;On;On;Receiver;Off;-176.90247;-58.252163;0.0022944445;None;NO
45430;99.988075;3.22628;sun;On;On;Receiver;Off;-177.24269;-57.65232;0.0022944445;None;NO
45440;99.988075;3.22658;sun;On;On;Receiver;Off;-177.57332;-57.05178;0.0022944445;None;NO
45450;99.988075;3.22688;sun;On;On;Receiver;Off;-177.89484;-56.450573;0.0022944445;None;NO
45460;99.988075;3.22718;sun;On;On;Receiver;Off;-178.20773;-55.84874;0.0022944445;None;NO
45470;99.988075;3.22748;sun;On;On;Receiver;Off;-178.51245;-55.24631;0.0022944445;None;NO
45480;99.988075;3.22778;sun;On;On;Receiver;Off;-178.80939;-54.643314;0.0022944445;None;NO
45490;99.988075;3.22808;sun;On;On;Receiver;Off;-179.09895;-54.039783;0.0022944445;None;NO
45500;99.988075;3.22838;sun;On;On;Receiver;Off;-179.3815;-53.435745;0.0022944445;None;NO
45510;99.988075;3.22868;sun;On;On;Receiver;Off;-179.65736;-52.83122;0.0022944445;None;NO
45520;99.988075;3.22898;sun;On;On;Receiver;Off;-179.92688;-52.226234;0.0022944445;None;NO
45530;99.988075;3.22928;sun;On;On;Receiver;Off;179.80968;-51.620815;0.0022944445;None;NO
45540;99.988075;3.22958;sun;On;On;Receiver;Off;179.55202;-51.014977;0.0022944445;None;NO
45550;99.988075;3.22988;sun;On;On;Receiver;Off;179.29985;-50.408737;0.0022944445;None;NO
45560;99.988075;3.23018;sun;On;On;Receiver;Off;179.05296;-49.802124;0.0022944445;None;NO
45570;99.988075;3.23048;sun;On;On;Receiver;Off;178.81108;-49.195145;0.0022944445;None;NO
45580;99.988075;3.23078;sun;On;On;Receiver;Off;178.57402;-48.587822;0.0022944445;None;NO
45590;99.988075;3.23108;sun;On;On;Receiver;Off;178.34154;-47.98017;0.0022944445;None;NO
45600;99.988075;3.23138;sun;On;On;Receiver;Off;178.11345;-47.372204;0.0022944445;None;NO
45610;99.988075;3.23168;sun;On;On;Receiver;Off;177.88956;-46.763935;0.0022944445;None;NO
45620;99.988075;3.23198;sun;On;On;Receiver;Off;177.66971;-46.155376;0.0022944445;None;NO
45630;99.988075;3.23228;sun;On;On;Receiver;Off;177.4537;-45.546543;0.0022944445;None;NO
45640;99.988075;3.23258;sun;On;On;Receiver;Off;177.2414;-44.937443;0.0022944445;None;NO
45650;99.988075;3.23288;sun;On;On;Receiver;Off;177.03262;-44.32809;0.0022944445;None;NO
45660;99.988075;3.23318;sun;On;On;Receiver;Off;176.82726;-43.718494;0.0022944445;None;NO
45670;99.988075;3.23348;sun;On;On;Receiver;Off;176.62515;-43.108665;0.0022944445;None;NO
45680;99.988075;3.23378;sun;On;On;Receiver;Off;176.42618;-42.498615;0.0022944445;None;NO
45690;99.988075;3.23408;sun;On;On;Receiver;Off;176.23021;-41.888348;0.0022944445;None;NO
45700;99.988075;3.23438;sun;On;On;Receiver;Off;176.03712;-41.277874;0.0022944445;None;NO
45710;99.988075;3.23468;sun;On;On;Receiver;Off;175.84682;-40.667202;0.0022944445;None;NO
45720;99.988075;3.23498;sun;On;On;Receiver;Off;175.65918;-40.056343;0.0022944445;None;NO
45730;99.988075;3.23528;sun;On;On;Receiver;Off;175.4741;-39.4453;0.0022944445;None;NO
45740;99.988075;3.23558;sun;On;On;Receiver;Off;175.29149;-38.83408;0.0022944445;None;NO
45750;99.988075;3.23588;sun;On;On;Receiver;Off;175.11125;-38.22269;0.0022944445;None;NO
45760;99.988075;3.23618;sun;On;On;Receiver;Off;174.9333;-37.61114;0.0022944445;None;NO
45770;99.988075;3.23648;sun;On;On;Receiver;Off;174.75754;-36.999435;0.0022944445;None;NO
45780;99.988075;3.23678;sun;On;On;Receiver;Off;174.5839;-36.387577;0.0022944445;None;NO
45790;99.988075;3.23708;sun;On;On;Receiver;Off;174.4123;-35.775574;0.0022944445;None;NO
45800;99.988075;3.23738;sun;On;On;Receiver;Off;174.24265;-35.163433;0.0022944445;None;NO
45810;99.988075;3.23768;sun;On;On;Receiver;Off;174.07489;-34.55116;0.0022944445;None;NO
45820;99.988075;3.23798;sun;On;On;Receiver;Off;173.90895;-33.93875;0.0022944445;None;NO
45830;99.988075;3.23828;sun;On;On;Receiver;Off;173.74477;-33.326225;0.0022944445;None;NO
45840;99.988075;3.23858;sun;On;On;Receiver;Off;173.58228;-32.713573;0.0022944445;None;NO
45850;99.988075;3.23888;sun;On;On;Receiver;Off;173.42142;-32.10081;0.0022944445;None;NO
45860;99.988075;3.23918;sun;On;On;Receiver;Off;173.26212;-31.487934;0.0022944445;None;NO
45870;99.988075;3.23948;sun;On;On;Receiver;Off;173.10432;-30.87495;0.0022944445;None;NO
45880;99.988075;3.23978;sun;On;On;Receiver;Off;172.948;-30.261864;0.0022944445;None;NO
45890;99.988075;3.24008;sun;On;On;Receiver;Off;172.79308;-29.648678;0.0022944445;None;NO
45900;99.988075;3.24038;sun;On;On;Receiver;Off;172.6395;-29.035395;0.0022944445;None;NO
45910;99.988075;3.24068;sun;On;On;Receiver;Off;172.48723;-28.42202;0.0022944445;None;NO
45920;99.988075;3.24098;sun;On;On;Receiver;Off;172.33621;-27.808556;0.0022944445;None;NO
45930;99.988075;3.24128;sun;On;On;Receiver;Off;172.18642;-27.195007;0.0022944445;None;NO
45940;99.988075;3.24158;sun;On;On;Receiver;Off;172.03778;-26.581375;0.0022944445;None;NO
45950;99.988075;3.24188;sun;On;On;Receiver;Off;171.89027;-25.967663;0.0022944445;None;NO
45960;99.988075;3.24218;sun;On;On;Receiver;Off;171.74384;-25.353874;0.0022944445;None;NO
45970;99.988075;3.24248;sun;On;On;Receiver;Off;171.59845;-24.740011;0.0022944445;None;NO
45980;99.988075;3.24278;sun;On;On;Receiver;Off;171.45407;-24.126078;0.0022944445;None;NO
45990;99.988075;3.24308;sun;On;On;Receiver;Off;171.31065;-23.512075;0.0022944445;None;NO
46000;99.988075;3.24338;sun;On;On;Receiver;Off;171.16817;-22.898008;0.0022944445;None;NO
46010;99.988075;3.24368;sun;On;On;Receiver;Off;171.02658;-22.283876;0.0022944445;None;NO
46020;99.988075;3.24398;sun;On;On;Receiver;Off;170.88585;-21.669683;0.0022944445;None;NO
46030;99.988075;3.24428;sun;On;On;Receiver;Off;170.74594;-21.055433;0.0022944445;None;NO
46040;99.988075;3.24458;sun;On;On;Receiver;Off;170.60683;-20.441126;0.0022944445;None;NO
46050;99.988075;3.24488;sun;On;On;Receiver;Off;170.46848;-19.826765;0.0022944445;None;NO
46060;99.988075;3.24518;sun;On;On;Receiver;Off;170.33086;-19.212353;0.0022944445;None;NO
46070;99.988075;3.24548;sun;On;On;Receiver;Off;170.19394;-18.597889;0.0022944445;None;NO
46080;99.988075;3.24578;sun;On;On;Receiver;Off;170.0577;-17.98338;0.0022944445;None;NO
46090;99.988075;3.24608;sun;On;On;Receiver;Off;169.92209;-17.368822;0.0022944445;None;NO
46100;99.988075;3.24638;sun;On;On;Receiver;Off;169.7871;-16.754223;0.0022944445;None;NO
46110;99.988075;3.24668;sun;On;On;Receiver;Off;169.6527;-16.139582;0.0022944445;None;NO
46120;99.988075;3.24698;sun;On;On;Receiver;Off;169.51886;-15.5248995;0.0022944445;None;NO
46130;99.988075;3.24728;sun;On;On;Receiver;Off;169.38556;-14.91018;0.0022944445;None;NO
46140;99.988075;3.24758;sun;On;On;Receiver;Off;169.25276;-14.295424;0.0022944445;None;NO
46150;99.988075;3.24788;sun;On;On;Receiver;Off;169.12045;-13.680634;0.0022944445;None;NO
46160;99.988075;3.24818;sun;On;On;Receiver;Off;168.9886;-13.06581;0.0022944445;None;NO
46170;99.988075;3.24848;sun;On;On;Receiver;Off;168.8572;-12.450956;0.0022944445;None;NO
46180;99.988075;3.24878;sun;On;On;Receiver;Off;168.7262;-11.836072;0.0022944445;None;NO
46190;99.988075;3.24908;sun;On;On;Receiver;Off;168.5956;-11.22116;0.0022944445;None;NO
46200;99.988075;3.24938;sun;On;On;Receiver;Off;168.46535;-10.606222;0.0022944445;None;NO
46210;99.988075;3.24968;sun;On;On;Receiver;Off;168.33545;-9.99126;0.0022944445;None;NO
46220;99.988075;3.24998;sun;On;On;Receiver;Off;168.20587;-9.376273;0.0022944445;None;NO
46230;99.988075;3.25028;sun;On;On;Receiver;Off;168.0766;-8.761266;0.0022944445;None;NO
46240;99.988075;3.25058;sun;On;On;Receiver;Off;167.9476;-8.146238;0.0022944445;None;NO
46250;99.988075;3.25088;sun;On;On;Receiver;Off;167.81886;-7.5311923;0.0022944445;None;NO
46260;99.988075;3.25118;sun;On;On;Receiver;Off;167.69035;-6.916129;0.0022944445;None;NO
46270;99.988075;3.25148;sun;On;On;Receiver;Off;167.56207;-6.30105;0.0022944445;None;NO
46280;99.988075;3.25178;sun;On;On;Receiver;Off;167.43398;-5.685957;0.0022944445;None;NO
46290;99.988075;3.25208;sun;On;On;Receiver;Off;167.30606;-5.070851;0.0022944445;None;NO
46300;99.988075;3.25238;sun;On;On;Receiver;Off;167.1783;-4.455734;0.0022944445;None;NO
46310;99.988075;3.25268;sun;On;On;Receiver;Off;167.05066;-3.8406062;0.0022944445;None;NO
46320;99.988075;3.25298;sun;On;On;Receiver;Off;166.92314;-3.2254703;0.0022944445;None;NO
46330;99.988075;3.25328;sun;On;On;Receiver;Off;166.79572;-2.6103272;0.0022944445;None;NO
46340;99.988075;3.25358;sun;On;On;Receiver;Off;166.66837;-1.9951783;0.0022944445;None;NO
46350;99.988075;3.25388;sun;On;On;Receiver;Off;166.54108;-1.380025;0.0022944445;None;NO
46360;99.988075;3.25418;sun;On;On;Receiver;Off;166.4138;-0.76486856;0.0022944445;None;NO
46370;99.988075;3.25448;sun;On;On;Receiver;Off;166.28656;-0.14971042;0.0022944445;None;NO
46380;99.988075;3.25478;sun;On;On;Receiver;Off;166.1593;0.46544805;0.0022944445;None;NO
46390;99.988075;3.25508;sun;On;On;Receiver;Off;166.03203;1.0806055;0.0022944445;None;NO
46400;99.988075;3.25538;sun;On;On;Receiver;Off;165.90471;1.6957605;0.0022944445;None;NO
46410;99.988075;3.25568;sun;On;On;Receiver;Off;165.77731;2.310912;0.0022944445;None;NO
46420;99.988075;3.25598;sun;On;On;Receiver;Off;165.64984;2.9260578;0.0022944445;None;NO
46430;99.988075;3.25628;sun;On;On;Receiver;Off;165.52226;3.5411975;0.0022944445;None;NO
46440;99.988075;3.25658;sun;On;On;Receiver;Off;165.39456;4.156329;0.0022944445;None;NO
46450;99.988075;3.25688;sun;On;On;Receiver;Off;165.26672;4.7714515;0.0022944445;None;NO
46460;99.988075;3.25718;sun;On;On;Receiver;Off;165.1387;5.3865633;0.0022944445;None;NO
46470;99.988075;3.25748;sun;On;On;Receiver;Off;165.01051;6.0016627;0.0022944445;None;NO
46480;99.988075;3.25778;sun;On;On;Receiver;Off;164.88211;6.616749;0.0022944445;None;NO
46490;99.988075;3.25808;sun;On;On;Receiver;Off;164.7535;7.23182;0.0022944445;None;NO
46500;99.988075;3.25838;sun;On;On;Receiver;Off;164.62462;7.8468747;0.0022944445;None;NO
46510;99.988075;3.25868;sun;On;On;Receiver;Off;164.49547;8.461911;0.0022944445;None;NO
46520;99.988075;3.25898;sun;On;On;Receiver;Off;164.36604;9.076929;0.0022944445;None;NO
46530;99.988075;3.25928;sun;On;On;Receiver;Off;164.2363;9.691925;0.0022944445;None;NO
46540;99.988075;3.25958;sun;On;On;Receiver;Off;164.10622;10.3069;0.0022944445;None;NO
46550;99.988075;3.25988;sun;On;On;Receiver;Off;163.97578;10.92185;0.0022944445;None;NO
46560;99.988075;3.26018;sun;On;On;Receiver;Off;163.84497;11.536775;0.0022944445;None;NO
46570;99.988075;3.26048;sun;On;On;Receiver;Off;163.71376;12.151672;0.0022944445;None;NO
46580;99.988075;3.26078;sun;On;On;Receiver;Off;163.58212;12.7665415;0.0022944445;None;NO
46590;99.988075;3.26108;sun;On;On;Receiver;Off;163.45003;13.38138;0.0022944445;None;NO
46600;99.988075;3.26138;sun;On;On;Receiver;Off;163.31746;13.996187;0.0022944445;None;NO
46610;99.988075;3.26168;sun;On;On;Receiver;Off;163.1844;14.61096;0.0022944445;None;NO
46620;99.988075;3.26198;sun;On;On;Receiver;Off;163.05081;15.2256975;0.0022944445;None;NO
46630;99.988075;3.26228;sun;On;On;Receiver;Off;162.91669;15.840398;0.0022944445;None;NO
46640;99.988075;3.26258;sun;On;On;Receiver;Off;162.78197;16.45506;0.0022944445;None;NO
46650;99.988075;3.26288;sun;On;On;Receiver;Off;162.64667;17.06968;0.0022944445;None;NO
46660;99.988075;3.26318;sun;On;On;Receiver;Off;162.51071;17.684258;0.0022944445;None;NO
46670;99.988075;3.26348;sun;On;On;Receiver;Off;162.37411;18.29879;0.0022944445;None;NO
46680;99.988075;3.26378;sun;On;On;Receiver;Off;162.23683;18.913277;0.0022944445;None;NO
46690;99.988075;3.26408;sun;On;On;Receiver;Off;162.09882;19.527714;0.0022944445;None;NO
46700;99.988075;3.26438;sun;On;On;Receiver;Off;161.96007;20.142101;0.0022944445;None;NO
46710;99.988075;3.26468;sun;On;On;Receiver;Off;161.82054;20.756433;0.0022944445;None;NO
46720;99.988075;3.26498;sun;On;On;Receiver;Off;161.68019;21.370712;0.0022944445;None;NO
46730;99.988075;3.26528;sun;On;On;Receiver;Off;161.539;21.984934;0.0022944445;None;NO
46740;99.988075;3.26558;sun;On;On;Receiver;Off;161.39694;22.599094;0.0022944445;None;NO
46750;99.988075;3.26588;sun;On;On;Receiver;Off;161.25397;23.213194;0.0022944445;None;NO
46760;99.988075;3.26618;sun;On;On;Receiver;Off;161.11005;23.827229;0.0022944445;None;NO
46770;99.988075;3.26648;sun;On;On;Receiver;Off;160.96513;24.441196;0.0022944445;None;NO
46780;99.988075;3.26678;sun;On;On;Receiver;Off;160.8192;25.055094;0.0022944445;None;NO
46790;99.988075;3.26708;sun;On;On;Receiver;Off;160.6722;25.668919;0.0022944445;None;NO
46800;99.988075;3.26738;sun;On;On;Receiver;Off;160.5241;26.282667;0.0022944445;None;NO
46810;99.988075;3.26768;sun;On;On;Receiver;Off;160.37483;26.89634;0.0022944445;None;NO
46820;99.988075;3.26798;sun;On;On;Receiver;Off;160.2244;27.50993;0.0022944445;None;NO
46830;99.988075;3.26828;sun;On;On;Receiver;Off;160.07272;28.123436;0.0022944445;None;NO
46840;99.988075;3.26858;sun;On;On;Receiver;Off;159.91977;28.736853;0.0022944445;None;NO
46850;99.988075;3.26888;sun;On;On;Receiver;Off;159.76547;29.350182;0.0022944445;None;NO
46860;99.988075;3.26918;sun;On;On;Receiver;Off;159.60982;29.963415;0.0022944445;None;NO
46870;99.988075;3.26948;sun;On;On;Receiver;Off;159.45271;30.57655;0.0022944445;None;NO
46880;99.988075;3.26978;sun;On;On;Receiver;Off;159.29413;31.189585;0.0022944445;None;NO
46890;99.988075;3.27008;sun;On;On;Receiver;Off;159.134;31.802513;0.0022944445;None;NO
46900;99.988075;3.27038;sun;On;On;Receiver;Off;158.97227;32.415333;0.0022944445;None;NO
46910;99.988075;3.27068;sun;On;On;Receiver;Off;158.80888;33.028038;0.0022944445;None;NO
46920;99.988075;3.27098;sun;On;On;Receiver;Off;158.64378;33.64063;0.0022944445;None;NO
46930;99.988075;3.27128;sun;On;On;Receiver;Off;158.47688;34.253094;0.0022944445;None;NO
46940;99.988075;3.27158;sun;On;On;Receiver;Off;158.30814;34.865433;0.0022944445;None;NO
46950;99.988075;3.27188;sun;On;On;Receiver;Off;158.13745;35.47764;0.0022944445;None;NO
46960;99.988075;3.27218;sun;On;On;Receiver;Off;157.96477;36.08971;0.0022944445;None;NO
46970;99.988075;3.27248;sun;On;On;Receiver;Off;157.79001;36.701637;0.0022944445;None;NO
46980;99.988075;3.27278;sun;On;On;Receiver;Off;157.6131;37.31342;0.0022944445;None;NO
46990;99.988075;3.27308;sun;On;On;Receiver;Off;157.43393;37.92505;0.0022944445;None;NO
47000;99.988075;3.27338;sun;On;On;Receiver;Off;157.25244;38.536514;0.0022944445;None;NO
47010;99.988075;3.27368;sun;On;On;Receiver;Off;157.06853;39.147816;0.0022944445;None;NO
47020;99.988075;3.27398;sun;On;On;Receiver;Off;156.8821;39.758945;0.0022944445;None;NO
47030;99.988075;3.27428;sun;On;On;Receiver;Off;156.69305;40.3699;0.0022944445;None;NO
47040;99.988075;3.27458;sun;On;On;Receiver;Off;156.50128;40.980663;0.0022944445;None;NO
47050;99.988075;3.27488;sun;On;On;Receiver;Off;156.30667;41.591232;0.0022944445;None;NO
47060;99.988075;3.27518;sun;On;On;Receiver;Off;156.10912;42.2016;0.0022944445;None;NO
47070;99.988075;3.27548;sun;On;On;Receiver;Off;155.9085;42.81176;0.0022944445;None;NO
47080;99.988075;3.27578;sun;On;On;Receiver;Off;155.70467;43.421696;0.0022944445;None;NO
47090;99.988075;3.27608;sun;On;On;Receiver;Off;155.49751;44.031406;0.0022944445;None;NO
47100;99.988075;3.27638;sun;On;On;Receiver;Off;155.28688;44.64088;0.0022944445;None;NO
47110;99.988075;3.27668;sun;On;On;Receiver;Off;155.07262;45.250103;0.0022944445;None;NO
47120;99.988075;3.27698;sun;On;On;Receiver;Off;154.85458;45.859066;0.0022944445;None;NO
47130;99.988075;3.27728;sun;On;On;Receiver;Off;154.6326;46.467762;0.0022944445;None;NO
47140;99.988075;3.27758;sun;On;On;Receiver;Off;154.4065;47.07617;0.0022944445;None;NO
47150;99.988075;3.27788;sun;On;On;Receiver;Off;154.1761;47.684288;0.0022944445;None;NO
47160;99.988075;3.27818;sun;On;On;Receiver;Off;153.9412;48.292095;0.0022944445;None;NO
47170;99.988075;3.27848;sun;On;On;Receiver;Off;153.7016;48.899582;0.0022944445;None;NO
47180;99.988075;3.27878;sun;On;On;Receiver;Off;153.45708;49.50673;0.0022944445;None;NO
47190;99.988075;3.27908;sun;On;On;Receiver;Off;153.20741;50.11352;0.0022944445;None;NO
47200;99.988075;3.27938;sun;On;On;Receiver;Off;152.95235;50.719944;0.0022944445;None;NO
47210;99.988075;3.27968;sun;On;On;Receiver;Off;152.69164;51.32598;0.0022944445;None;NO
47220;99.988075;3.27998;sun;On;On;Receiver;Off;152.425;51.931606;0.0022944445;None;NO
47230;99.988075;3.28028;sun;On;On;Receiver;Off;152.15215;52.536808;0.0022944445;None;NO
47240;99.988075;3.28058;sun;On;On;Receiver;Off;151.87277;53.14156;0.0022944445;None;NO
47250;99.988075;3.28088;sun;On;On;Receiver;Off;151.58653;53.74584;0.0022944445;None;NO
47260;99.988075;3.28118;sun;On;On;Receiver;Off;151.29308;54.349617;0.0022944445;None;NO
47270;99.988075;3.28148;sun;On;On;Receiver;Off;150.99205;54.952877;0.0022944445;None;NO
47280;99.988075;3.28178;sun;On;On;Receiver;Off;150.68303;55.555588;0.0022944445;None;NO
47290;99.988075;3.28208;sun;On;On;Receiver;Off;150.36559;56.157715;0.0022944445;None;NO
47300;99.988075;3.28238;sun;On;On;Receiver;Off;150.03928;56.75923;0.0022944445;None;NO
47310;99.988075;3.28268;sun;On;On;Receiver;Off;149.70361;57.3601;0.0022944445;None;NO
47320;99.988075;3.28298;sun;On;On;Receiver;Off;149.35805;57.96029;0.0022944445;None;NO
47330;99.988075;3.28328;sun;On;On;Receiver;Off;149.00203;58.55975;0.0022944445;None;NO
47340;99.988075;3.28358;sun;On;On;Receiver;Off;148.63496;59.158447;0.0022944445;None;NO
47350;99.988075;3.28388;sun;On;On;Receiver;Off;148.25616;59.756332;0.0022944445;None;NO
47360;99.988075;3.28418;sun;On;On;Receiver;Off;147.86496;60.35336;0.0022944445;None;NO
47370;99.988075;3.28448;sun;On;On;Receiver;Off;147.46057;60.94947;0.0022944445;None;NO
47380;99.988075;3.28478;sun;On;On;Receiver;Off;147.04219;61.54461;0.0022944445;None;NO
47390;99.988075;3.28508;sun;On;On;Receiver;Off;146.60893;62.13871;0.0022944445;None;NO
47400;99.988075;3.28538;sun;On;On;Receiver;Off;146.15984;62.731712;0.0022944445;None;NO
47410;99.988075;3.28568;sun;On;On;Receiver;Off;145.69385;63.323532;0.0022944445;None;NO
47420;99.988075;3.28598;sun;On;On;Receiver;Off;145.20987;63.9141;0.0022944445;None;NO
47430;99.988075;3.28628;sun;On;On;Receiver;Off;144.70665;64.50332;0.0022944445;None;NO
47440;99.988075;3.28658;sun;On;On;Receiver;Off;144.18286;65.091095;0.0022944445;None;NO
47450;99.988075;3.28688;sun;On;On;Receiver;Off;143.63705;65.67733;0.0022944445;None;NO
47460;99.988075;3.28718;sun;On;On;Receiver;Off;143.06764;66.2619;0.0022944445;None;NO
47470;99.988075;3.28748;sun;On;On;Receiver;Off;142.47289;66.84468;0.0022944445;None;NO
47480;99.988075;3.28778;sun;On;On;Receiver;Off;141.85088;67.425545;0.0022944445;None;NO
47490;99.988075;3.28808;sun;On;On;Receiver;Off;141.19954;68.00432;0.0022944445;None;NO
47500;99.988075;3.28838;sun;On;On;Receiver;Off;140.5166;68.58085;0.0022944445;None;NO
47510;99.988075;3.28868;sun;On;On;Receiver;Off;139.79951;69.154945;0.0022944445;None;NO
47520;99.988075;3.28898;sun;On;On;Receiver;Off;139.04555;69.7264;0.0022944445;None;NO
47530;99.988075;3.28928;sun;On;On;Receiver;Off;138.25163;70.29498;0.0022944445;None;NO
47540;99.988075;3.28958;sun;On;On;Receiver;Off;137.4144;70.860435;0.0022944445;None;NO
47550;99.988075;3.28988;sun;On;On;Receiver;Off;136.53014;71.42247;0.0022944445;None;NO
47560;99.988075;3.29018;sun;On;On;Receiver;Off;135.59471;71.980774;0.0022944445;None;NO
47570;99.988075;3.29048;sun;On;On;Receiver;Off;134.60359;72.53498;0.0022944445;None;NO
47580;99.988075;3.29078;sun;On;On;Receiver;Off;133.5517;73.084694;0.0022944445;None;NO
47590;99.988075;3.29108;sun;On;On;Receiver;Off;132.43346;73.629456;0.0022944445;None;NO
47600;99.988075;3.29138;sun;On;On;Receiver;Off;131.24266;74.168755;0.0022944445;None;NO
47610;99.988075;3.29168;sun;On;On;Receiver;Off;129.97246;74.70202;0.0022944445;None;NO
47620;99.988075;3.29198;sun;On;On;Receiver;Off;128.61525;75.22859;0.0022944445;None;NO
47630;99.988075;3.29228;sun;On;On;Receiver;Off;127.162636;75.74773;0.0022944445;None;NO
47640;99.988075;3.29258;sun;On;On;Receiver;Off;125.605415;76.25858;0.0022944445;None;NO
47650;99.988075;3.29288;sun;On;On;Receiver;Off;123.93347;76.76021;0.0022944445;None;NO
47660;99.988075;3.29318;sun;On;On;Receiver;Off;122.1358;77.251495;0.0022944445;None;NO
47670;99.988075;3.29348;sun;On;On;Receiver;Off;120.20052;77.731224;0.0022944445;None;NO
47680;99.988075;3.29378;sun;On;On;Receiver;Off;118.11495;78.19797;0.0022944445;None;NO
47690;99.988075;3.29408;sun;On;On;Receiver;Off;115.86579;78.65013;0.0022944445;None;NO
47700;99.988075;3.29438;sun;On;On;Receiver;Off;113.43939;79.0859;0.0022944445;None;NO
47710;99.988075;3.29468;sun;On;On;Receiver;Off;110.822205;79.503235;0.0022944445;None;NO
47720;99.988075;3.29498;sun;On;On;Receiver;Off;108.001434;79.89985;0.0022944445;None;NO
47730;99.988075;3.29528;sun;On;On;Receiver;Off;104.965904;80.2732;0.0022944445;None;NO
47740;99.988075;3.29558;sun;On;On;Receiver;Off;101.707275;80.620514;0.0022944445;None;NO
47750;99.988075;3.29588;sun;On;On;Receiver;Off;98.2214;80.938805;0.0022944445;None;NO
47760;99.988075;3.29618;sun;On;On;Receiver;Off;94.509964;81.2249;0.0022944445;None;NO
47770;99.988075;3.29648;sun;On;On;Receiver;Off;90.58215;81.47557;0.0022944445;None;NO
47780;99.988075;3.29678;sun;On;On;Receiver;Off;86.45602;81.6876;0.0022944445;None;NO
47790;99.988075;3.29708;sun;On;On;Receiver;Off;82.15937;81.85797;0.0022944445;None;NO
47800;99.988075;3.29738;sun;On;On;Receiver;Off;77.72972;81.984024;0.0022944445;None;NO
47810;99.988075;3.29768;sun;On;On;Receiver;Off;73.213;82.06366;0.0022944445;None;NO
47820;99.988075;3.29798;sun;On;On;Receiver;Off;68.661095;82.09546;0.0022944445;None;NO
47830;99.988075;3.29828;sun;On;On;Receiver;Off;64.12841;82.07886;0.0022944445;None;NO
47840;99.988075;3.29858;sun;On;On;Receiver;Off;59.667957;82.01415;0.0022944445;None;NO
47850;99.988075;3.29888;sun;On;On;Receiver;Off;55.327744;81.9025;0.0022944445;None;NO
47860;99.988075;3.29918;sun;On;On;Receiver;Off;51.147945;81.7458;0.0022944445;None;NO
47870;99.988075;3.29948;sun;On;On;Receiver;Off;47.15929;81.546555;0.0022944445;None;NO
47880;99.988075;3.29978;sun;On;On;Receiver;Off;43.382664;81.30769;0.0022944445;None;NO
47890;99.988075;3.30008;sun;On;On;Receiver;Off;39.82973;81.03239;0.0022944445;None;NO
47900;99.988075;3.30038;sun;On;On;Receiver;Off;36.50423;80.72388;0.0022944445;None;NO
47910;99.988075;3.30068;sun;On;On;Receiver;Off;33.40357;80.38535;0.0022944445;None;NO
47920;99.988075;3.30098;sun;On;On;Receiver;Off;30.52047;80.01988;0.0022944445;None;NO
47930;99.988075;3.30128;sun;On;On;Receiver;Off;27.844471;79.630295;0.0022944445;None;NO
47940;99.988075;3.30158;sun;On;On;Receiver;Off;25.363152;79.21922;0.0022944445;None;NO
47950;99.988075;3.30188;sun;On;On;Receiver;Off;23.063107;78.78902;0.0022944445;None;NO
47960;99.988075;3.30218;sun;On;On;Receiver;Off;20.930662;78.341805;0.0022944445;None;NO
47970;99.988075;3.30248;sun;On;On;Receiver;Off;18.952375;77.87946;0.0022944445;None;NO
47980;99.988075;3.30278;sun;On;On;Receiver;Off;17.115364;77.403656;0.0022944445;None;NO
47990;99.97615;3.30308;ecl;On;On;Receiver;Off;15.407496;76.91586;0.0022944445;None;NO
48000;99.964226;3.30338;ecl;On;On;Receiver;Off;13.817508;76.417366;0.0022944445;None;NO
48010;99.9523;3.30368;ecl;On;On;Receiver;Off;12.335023;75.9093;0.0022944445;None;NO
48020;99.94038;3.30398;ecl;On;On;Receiver;Off;10.950562;75.39267;0.0022944445;None;NO
48030;99.928444;3.30428;ecl;On;On;Receiver;Off;9.6554985;74.868355;0.0022944445;None;NO
48040;99.91652;3.30458;ecl;On;On;Receiver;Off;8.442013;74.33712;0.0022944445;None;NO
48050;99.904594;3.30488;ecl;On;On;Receiver;Off;7.3030334;73.79965;0.0022944445;None;NO
48060;99.89267;3.30518;ecl;On;On;Receiver;Off;6.23217;73.256546;0.0022944445;None;NO
48070;99.880745;3.30548;ecl;On;On;Receiver;Off;5.223657;72.70834;0.0022944445;None;NO
48080;99.86882;3.30578;ecl;On;On;Receiver;Off;4.2722907;72.1555;0.0022944445;None;NO
48090;99.856895;3.30608;ecl;On;On;Receiver;Off;3.3733733;71.59844;0.0022944445;None;NO
48100;99.84497;3.30638;ecl;On;On;Receiver;Off;2.5226638;71.037544;0.0022944445;None;NO
48110;99.833046;3.30668;ecl;On;On;Receiver;Off;1.7163287;70.47314;0.0022944445;None;NO
48120;99.82112;3.30698;ecl;On;On;Receiver;Off;0.9508996;69.90551;0.0022944445;None;NO
48130;99.8092;3.30728;ecl;On;On;Receiver;Off;0.22323573;69.33493;0.0022944445;None;NO
48140;99.79727;3.30758;ecl;On;On;Receiver;Off;-0.46951106;68.76164;0.0022944445;None;NO
48150;99.78534;3.30788;ecl;On;On;Receiver;Off;-1.1299268;68.18586;0.0022944445;None;NO
48160;99.773415;3.30818;ecl;On;On;Receiver;Off;-1.7603625;67.60777;0.0022944445;None;NO
48170;99.76149;3.30848;ecl;On;On;Receiver;Off;-2.362959;67.02755;0.0022944445;None;NO
48180;99.749565;3.30878;ecl;On;On;Receiver;Off;-2.939668;66.44536;0.0022944445;None;NO
48190;99.73764;3.30908;ecl;On;On;Receiver;Off;-3.4922717;65.86133;0.0022944445;None;NO
48200;99.725716;3.30938;ecl;On;On;Receiver;Off;-4.0224;65.27561;0.0022944445;None;NO
48210;99.71379;3.30968;ecl;On;On;Receiver;Off;-4.531545;64.6883;0.0022944445;None;NO
48220;99.701866;3.30998;ecl;On;On;Receiver;Off;-5.0210757;64.099525;0.0022944445;None;NO
48230;99.68994;3.31028;ecl;On;On;Receiver;Off;-5.4922485;63.509377;0.0022944445;None;NO
48240;99.67802;3.31058;ecl;On;On;Receiver;Off;-5.946219;62.91794;0.0022944445;None;NO
48250;99.66609;3.31088;ecl;On;On;Receiver;Off;-6.3840523;62.325302;0.0022944445;None;NO
48260;99.65417;3.31118;ecl;On;On;Receiver;Off;-6.8067293;61.731537;0.0022944445;None;NO
48270;99.642235;3.31148;ecl;On;On;Receiver;Off;-7.215157;61.13672;0.0022944445;None;NO
48280;99.63031;3.31178;ecl;On;On;Receiver;Off;-7.610173;60.540905;0.0022944445;None;NO
48290;99.618385;3.31208;ecl;On;On;Receiver;Off;-7.992553;59.944164;0.0022944445;None;NO
48300;99.60646;3.31238;ecl;On;On;Receiver;Off;-8.363017;59.346542;0.0022944445;None;NO
48310;99.594536;3.31268;ecl;On;On;Receiver;Off;-8.722231;58.748093;0.0022944445;None;NO
48320;99.58261;3.31298;ecl;On;On;Receiver;Off;-9.070816;58.14887;0.0022944445;None;NO
48330;99.57069;3.31328;ecl;On;On;Receiver;Off;-9.4093485;57.548904;0.0022944445;None;NO
48340;99.55876;3.31358;ecl;On;On;Receiver;Off;-9.738367;56.948246;0.0022944445;None;NO
48350;99.54684;3.31388;ecl;On;On;Receiver;Off;-10.058371;56.346928;0.0022944445;None;NO
48360;99.53491;3.31418;ecl;On;On;Receiver;Off;-10.369829;55.744987;0.0022944445;None;NO
48370;99.52299;3.31448;ecl;On;On;Receiver;Off;-10.673177;55.14246;0.0022944445;None;NO
48380;99.51106;3.31478;ecl;On;On;Receiver;Off;-10.968825;54.53937;0.0022944445;None;NO
48390;99.49913;3.31508;ecl;On;On;Receiver;Off;-11.257154;53.93575;0.0022944445;None;NO
48400;99.487206;3.31538;ecl;On;On;Receiver;Off;-11.538526;53.331623;0.0022944445;None;NO
48410;99.47528;3.31568;ecl;On;On;Receiver;Off;-11.813272;52.72702;0.0022944445;None;NO
48420;99.463356;3.31598;ecl;On;On;Receiver;Off;-12.081714;52.12196;0.0022944445;None;NO
48430;99.45143;3.31628;ecl;On;On;Receiver;Off;-12.344145;51.516464;0.0022944445;None;NO
48440;99.43951;3.31658;ecl;On;On;Receiver;Off;-12.600845;50.910557;0.0022944445;None;NO
48450;99.42758;3.31688;ecl;On;On;Receiver;Off;-12.852078;50.304253;0.0022944445;None;NO
48460;99.41566;3.31718;ecl;On;On;Receiver;Off;-13.098093;49.697575;0.0022944445;None;NO
48470;99.40373;3.31748;ecl;On;On;Receiver;Off;-13.339122;49.090534;0.0022944445;None;NO
48480;99.39181;3.31778;ecl;On;On;Receiver;Off;-13.575386;48.483154;0.0022944445;None;NO
48490;99.37988;3.31808;ecl;On;On;Receiver;Off;-13.807095;47.875446;0.0022944445;None;NO
48500;99.36796;3.31838;ecl;On;On;Receiver;Off;-14.034445;47.267426;0.0022944445;None;NO
48510;99.356026;3.31868;ecl;On;On;Receiver;Off;-14.257624;46.659107;0.0022944445;None;NO
48520;99.3441;3.31898;ecl;On;On;Receiver;Off;-14.476807;46.0505;0.0022944445;None;NO
48530;99.33218;3.31928;ecl;On;On;Receiver;Off;-14.6921625;45.44162;0.0022944445;None;NO
48540;99.32025;3.31958;ecl;On;On;Receiver;Off;-14.903851;44.832474;0.0022944445;None;NO
48550;99.30833;3.31988;ecl;On;On;Receiver;Off;-15.1120205;44.22308;0.0022944445;None;NO
48560;99.2964;3.32018;ecl;On;On;Receiver;Off;-15.316815;43.613445;0.0022944445;None;NO
48570;99.28448;3.32048;ecl;On;On;Receiver;Off;-15.5183735;43.00358;0.0022944445;None;NO
48580;99.27255;3.32078;ecl;On;On;Receiver;Off;-15.716823;42.393486;0.0022944445;None;NO
48590;99.26063;3.32108;ecl;On;On;Receiver;Off;-15.912286;41.783184;0.0022944445;None;NO
48600;99.2487;3.32138;ecl;On;On;Receiver;Off;-16.104883;41.172676;0.0022944445;None;NO
48610;99.23678;3.32168;ecl;On;On;Receiver;Off;-16.294724;40.561974;0.0022944445;None;NO
48620;99.22485;3.32198;ecl;On;On;Receiver;Off;-16.481915;39.95108;0.0022944445;None;NO
48630;99.21292;3.32228;ecl;On;On;Receiver;Off;-16.66656;39.340004;0.0022944445;None;NO
48640;99.201;3.32258;ecl;On;On;Receiver;Off;-16.848753;38.728756;0.0022944445;None;NO
48650;99.18907;3.32288;ecl;On;On;Receiver;Off;-17.028591;38.11734;0.0022944445;None;NO
48660;99.17715;3.32318;ecl;On;On;Receiver;Off;-17.206161;37.50576;0.0022944445;None;NO
48670;99.16522;3.32348;ecl;On;On;Receiver;Off;-17.38155;36.894028;0.0022944445;None;NO
48680;99.1533;3.32378;ecl;On;On;Receiver;Off;-17.554836;36.282146;0.0022944445;None;NO
48690;99.14137;3.32408;ecl;On;On;Receiver;Off;-17.726099;35.67012;0.0022944445;None;NO
48700;99.12945;3.32438;ecl;On;On;Receiver;Off;-17.895414;35.057953;0.0022944445;None;NO
48710;99.11752;3.32468;ecl;On;On;Receiver;Off;-18.06285;34.445656;0.0022944445;None;NO
48720;99.1056;3.32498;ecl;On;On;Receiver;Off;-18.228481;33.83323;0.0022944445;None;NO
48730;99.09367;3.32528;ecl;On;On;Receiver;Off;-18.392368;33.22068;0.0022944445;None;NO
48740;99.08175;3.32558;ecl;On;On;Receiver;Off;-18.554579;32.60801;0.0022944445;None;NO
48750;99.06982;3.32588;ecl;On;On;Receiver;Off;-18.715172;31.995226;0.0022944445;None;NO
48760;99.05789;3.32618;ecl;On;On;Receiver;Off;-18.874205;31.38233;0.0022944445;None;NO
48770;99.04597;3.32648;ecl;On;On;Receiver;Off;-19.031736;30.76933;0.0022944445;None;NO
48780;99.03404;3.32678;ecl;On;On;Receiver;Off;-19.18782;30.156225;0.0022944445;None;NO
48790;99.02212;3.32708;ecl;On;On;Receiver;Off;-19.34251;29.543022;0.0022944445;None;NO
48800;99.01019;3.32738;ecl;On;On;Receiver;Off;-19.495853;28.929724;0.0022944445;None;NO
48810;98.99827;3.32768;ecl;On;On;Receiver;Off;-19.647903;28.316334;0.0022944445;None;NO
48820;98.98634;3.32798;ecl;On;On;Receiver;Off;-19.798702;27.702854;0.0022944445;None;NO
48830;98.97442;3.32828;ecl;On;On;Receiver;Off;-19.9483;27.08929;0.0022944445;None;NO
48840;98.962494;3.32858;ecl;On;On;Receiver;Off;-20.096739;26.475643;0.0022944445;None;NO
48850;98.95057;3.32888;ecl;On;On;Receiver;Off;-20.244059;25.86192;0.0022944445;None;NO
48860;98.93864;3.32918;ecl;On;On;Receiver;Off;-20.390305;25.248117;0.0022944445;None;NO
48870;98.92671;3.32948;ecl;On;On;Receiver;Off;-20.535515;24.634243;0.0022944445;None;NO
48880;98.91479;3.32978;ecl;On;On;Receiver;Off;-20.679728;24.020296;0.0022944445;None;NO
48890;98.90286;3.33008;ecl;On;On;Receiver;Off;-20.82298;23.406282;0.0022944445;None;NO
48900;98.89094;3.33038;ecl;On;On;Receiver;Off;-20.965313;22.792204;0.0022944445;None;NO
48910;98.87901;3.33068;ecl;On;On;Receiver;Off;-21.106754;22.178062;0.0022944445;None;NO
48920;98.86709;3.33098;ecl;On;On;Receiver;Off;-21.247343;21.56386;0.0022944445;None;NO
48930;98.85516;3.33128;ecl;On;On;Receiver;Off;-21.387112;20.949598;0.0022944445;None;NO
48940;98.84324;3.33158;ecl;On;On;Receiver;Off;-21.52609;20.335281;0.0022944445;None;NO
48950;98.831314;3.33188;ecl;On;On;Receiver;Off;-21.664314;19.720913;0.0022944445;None;NO
48960;98.81939;3.33218;ecl;On;On;Receiver;Off;-21.801811;19.106491;0.0022944445;None;NO
48970;98.807465;3.33248;ecl;On;On;Receiver;Off;-21.938612;18.49202;0.0022944445;None;NO
48980;98.79553;3.33278;ecl;On;On;Receiver;Off;-22.074747;17.8775;0.0022944445;None;NO
48990;98.78361;3.33308;ecl;On;On;Receiver;Off;-22.210243;17.262938;0.0022944445;None;NO
49000;98.77168;3.33338;ecl;On;On;Receiver;Off;-22.345127;16.64833;0.0022944445;None;NO
49010;98.75976;3.33368;ecl;On;On;Receiver;Off;-22.47943;16.033682;0.0022944445;None;NO
49020;98.74783;3.33398;ecl;On;On;Receiver;Off;-22.613173;15.418993;0.0022944445;None;NO
49030;98.73591;3.33428;ecl;On;On;Receiver;Off;-22.746386;14.804267;0.0022944445;None;NO
49040;98.72398;3.33458;ecl;On;On;Receiver;Off;-22.879093;14.189505;0.0022944445;None;NO
49050;98.71206;3.33488;ecl;On;On;Receiver;Off;-23.01132;13.574708;0.0022944445;None;NO
49060;98.700134;3.33518;ecl;On;On;Receiver;Off;-23.14309;12.95988;0.0022944445;None;NO
49070;98.68821;3.33548;ecl;On;On;Receiver;Off;-23.274427;12.34502;0.0022944445;None;NO
49080;98.676285;3.33578;ecl;On;On;Receiver;Off;-23.405357;11.730131;0.0022944445;None;NO
49090;98.66436;3.33608;ecl;On;On;Receiver;Off;-23.5359;11.115214;0.0022944445;None;NO
49100;98.65243;3.33638;ecl;On;On;Receiver;Off;-23.66608;10.500272;0.0022944445;None;NO
49110;98.6405;3.33668;ecl;On;On;Receiver;Off;-23.795921;9.885305;0.0022944445;None;NO
49120;98.62858;3.33698;ecl;On;On;Receiver;Off;-23.925444;9.270316;0.0022944445;None;NO
49130;98.61665;3.33728;ecl;On;On;Receiver;Off;-24.054668;8.655305;0.0022944445;None;NO
49140;98.60473;3.33758;ecl;On;On;Receiver;Off;-24.18362;8.040274;0.0022944445;None;NO
49150;98.592804;3.33788;ecl;On;On;Receiver;Off;-24.312317;7.425225;0.0022944445;None;YES
49160;98.58088;3.33818;ecl;On;On;Receiver;Off;-24.440783;6.8101587;0.0022944445;None;YES
49170;98.568954;3.33848;ecl;On;On;Receiver;Off;-24.569035;6.195077;0.0022944445;PCD4;YES
49180;98.53537;3.3439;ecl;On;On;Receiver;Auto;-24.697098;5.579982;0.006461111;PCD4;YES
49190;98.50179;3.34932;ecl;On;On;Receiver;Auto;-24.82499;4.964874;0.006461111;PCD4;YES
49200;98.46821;3.35474;ecl;On;On;Receiver;Auto;-24.95273;4.3497543;0.006461111;PCD4;YES
49210;98.43462;3.36016;ecl;On;On;Receiver;Auto;-25.080341;3.7346256;0.006461111;PCD4;YES
49220;98.40105;3.36558;ecl;On;On;Receiver;Auto;-25.207842;3.1194882;0.006461111;PCD4;YES
49230;98.36746;3.371;ecl;On;On;Receiver;Auto;-25.335253;2.504344;0.006461111;PCD4;YES
49240;98.333885;3.37642;ecl;On;On;Receiver;Auto;-25.462593;1.8891943;0.006461111;PCD4;YES
49250;98.3003;3.38184;ecl;On;On;Receiver;Auto;-25.589884;1.2740402;0.006461111;PCD4;YES
49260;98.266716;3.38726;ecl;On;On;Receiver;Auto;-25.717142;0.6588834;0.006461111;PCD4;YES
49270;98.23314;3.39268;ecl;On;On;Receiver;Auto;-25.84439;0.04372509;0.006461111;PCD4;YES
49280;98.199554;3.3981;ecl;On;On;Receiver;Auto;-25.971647;-0.5714333;0.006461111;PCD4;YES
49290;98.16598;3.40352;ecl;On;On;Receiver;Auto;-26.098932;-1.1865904;0.006461111;PCD4;YES
49300;98.13239;3.40894;ecl;On;On;Receiver;Auto;-26.226267;-1.8017449;0.006461111;PCD4;YES
49310;98.09881;3.41436;ecl;On;On;Receiver;Auto;-26.353666;-2.4168954;0.006461111;PCD4;YES
49320;98.06523;3.41978;ecl;On;On;Receiver;Auto;-26.481155;-3.0320404;0.006461111;PCD4;YES
49330;98.03165;3.4252;ecl;On;On;Receiver;Auto;-26.608753;-3.647179;0.006461111;PCD4;YES
49340;97.99806;3.43062;ecl;On;On;Receiver;Auto;-26.736477;-4.262309;0.006461111;PCD4;YES
49350;97.964485;3.43604;ecl;On;On;Receiver;Auto;-26.86435;-4.8774295;0.006461111;PCD4;YES
49360;97.9309;3.44146;ecl;On;On;Receiver;Auto;-26.992388;-5.4925394;0.006461111;PCD4;YES
49370;97.89732;3.44688;ecl;On;On;Receiver;Auto;-27.120617;-6.1076365;0.006461111;PCD4;YES
49380;97.86374;3.4523;ecl;On;On;Receiver;Auto;-27.249056;-6.72272;0.006461111;PCD4;YES
49390;97.830154;3.45772;ecl;On;On;Receiver;Auto;-27.377722;-7.3377886;0.006461111;PCD4;YES
49400;97.79658;3.46314;ecl;On;On;Receiver;Auto;-27.506641;-7.9528403;0.006461111;PCD4;YES
49410;97.76299;3.46856;ecl;On;On;Receiver;Auto;-27.635832;-8.567874;0.006461111;PCD4;YES
49420;97.729416;3.47398;ecl;On;On;Receiver;Auto;-27.765316;-9.182888;0.006461111;PCD4;YES
49430;97.69583;3.4794;ecl;On;On;Receiver;Auto;-27.895117;-9.79788;0.006461111;PCD4;YES
49440;97.66225;3.48482;ecl;On;On;Receiver;Auto;-28.025255;-10.41285;0.006461111;PCD4;YES
49450;97.62867;3.49024;ecl;On;On;Receiver;Auto;-28.155752;-11.027797;0.006461111;PCD4;YES
49460;97.595085;3.49566;ecl;On;On;Receiver;Auto;-28.286633;-11.642717;0.006461111;PCD4;YES
49470;97.5615;3.50108;ecl;On;On;Receiver;Auto;-28.41792;-12.25761;0.006461111;PCD4;YES
49480;97.52792;3.5065;ecl;On;On;Receiver;Auto;-28.549635;-12.872474;0.006461111;PCD4;YES
49490;97.49434;3.51192;ecl;On;On;Receiver;Auto;-28.681805;-13.487308;0.006461111;PCD4;YES
49500;97.46076;3.51734;ecl;On;On;Receiver;Auto;-28.814451;-14.102108;0.006461111;PCD4;YES
49510;97.42718;3.52276;ecl;On;On;Receiver;Auto;-28.947601;-14.716875;0.006461111;PCD4;YES
49520;97.39359;3.52818;ecl;On;On;Receiver;Auto;-29.081278;-15.331607;0.006461111;PCD4;YES
49530;97.360016;3.53872;ecl;On;On;Receiver;Auto;-29.21551;-15.9463005;0.006461111;PCD4,PCD5;YES
49540;97.32643;3.54926;ecl;On;On;Receiver;Auto;-29.35032;-16.560955;0.006461111;PCD4,PCD5;YES
49550;97.292854;3.5598;ecl;On;On;Receiver;Auto;-29.48574;-17.175568;0.006461111;PCD4,PCD5;YES
49560;97.25927;3.57034;ecl;On;On;Receiver;Auto;-29.621794;-17.790138;0.006461111;PCD4,PCD5;YES
49570;97.225685;3.58088;ecl;On;On;Receiver;Auto;-29.758512;-18.404663;0.006461111;PCD4,PCD5;YES
49580;97.19211;3.59142;ecl;On;On;Receiver;Auto;-29.895922;-19.01914;0.006461111;PCD4,PCD5;YES
49590;97.15852;3.60196;ecl;On;On;Receiver;Auto;-30.034054;-19.63357;0.006461111;PCD4,PCD5;YES
49600;97.12494;3.6125;ecl;On;On;Receiver;Auto;-30.17294;-20.247948;0.006461111;PCD4,PCD5;YES
49610;97.09136;3.61792;ecl;On;On;Receiver;Auto;-30.312609;-20.862272;0.006461111;PCD5;YES
49620;97.05778;3.62334;ecl;On;On;Receiver;Auto;-30.453094;-21.47654;0.006461111;PCD5;YES
49630;97.0242;3.62876;ecl;On;On;Receiver;Auto;-30.59443;-22.090752;0.006461111;PCD5;YES
49640;96.990616;3.63418;ecl;On;On;Receiver;Auto;-30.73665;-22.704903;0.006461111;PCD5;YES
49650;96.95703;3.6396;ecl;On;On;Receiver;Auto;-30.87979;-23.31899;0.006461111;PCD5;YES
49660;96.923454;3.64502;ecl;On;On;Receiver;Auto;-31.023882;-23.933014;0.006461111;PCD5;NO
49670;96.88987;3.65044;ecl;On;On;Receiver;Auto;-31.168968;-24.546968;0.006461111;PCD5;NO
49680;96.85629;3.65586;ecl;On;On;Receiver;Auto;-31.315084;-25.160854;0.006461111;PCD5;NO
49690;96.82271;3.66128;ecl;On;On;Receiver;Auto;-31.46227;-25.774666;0.006461111;PCD5;NO
49700;96.78912;3.6667;ecl;On;On;Receiver;Auto;-31.610569;-26.388403;0.006461111;PCD5;NO
49710;96.75555;3.67212;ecl;On;On;Receiver;Auto;-31.760021;-27.00206;0.006461111;PCD5;NO
49720;96.72196;3.67754;ecl;On;On;Receiver;Auto;-31.910671;-27.615637;0.006461111;PCD5;NO
49730;96.68838;3.68296;ecl;On;On;Receiver;Auto;-32.062565;-28.229128;0.006461111;PCD5;NO
49740;96.6548;3.68838;ecl;On;On;Receiver;Auto;-32.215748;-28.84253;0.006461111;PCD5;NO
49750;96.621216;3.6938;ecl;On;On;Receiver;Auto;-32.37027;-29.455841;0.006461111;PCD5;NO
49760;96.58764;3.69922;ecl;On;On;Receiver;Auto;-32.526176;-30.06906;0.006461111;PCD5;NO
49770;96.554054;3.70464;ecl;On;On;Receiver;Auto;-32.68353;-30.682177;0.006461111;PCD5;NO
49780;96.52047;3.71006;ecl;On;On;Receiver;Auto;-32.842377;-31.295193;0.006461111;PCD5;NO
49790;96.48689;3.71548;ecl;On;On;Receiver;Auto;-33.002773;-31.908104;0.006461111;PCD5;NO
49800;96.45331;3.7209;ecl;On;On;Receiver;Auto;-33.16478;-32.520905;0.006461111;PCD5;NO
49810;96.41973;3.72632;ecl;On;On;Receiver;Auto;-33.32846;-33.13359;0.006461111;PCD5;NO
49820;96.38615;3.73174;ecl;On;On;Receiver;Auto;-33.49387;-33.74616;0.006461111;PCD5;NO
49830;96.35256;3.73716;ecl;On;On;Receiver;Auto;-33.661083;-34.3586;0.006461111;PCD5;NO
49840;96.318985;3.74258;ecl;On;On;Receiver;Auto;-33.830162;-34.97092;0.006461111;PCD5;NO
49850;96.2854;3.748;ecl;On;On;Receiver;Auto;-34.001183;-35.583103;0.006461111;PCD5;NO
49860;96.251816;3.75342;ecl;On;On;Receiver;Auto;-34.174217;-36.19515;0.006461111;PCD5;NO
49870;96.21824;3.75884;ecl;On;On;Receiver;Auto;-34.349342;-36.807053;0.006461111;PCD5;NO
49880;96.184654;3.76426;ecl;On;On;Receiver;Auto;-34.526638;-37.418808;0.006461111;PCD5;NO
49890;96.15108;3.76968;ecl;On;On;Receiver;Auto;-34.706196;-38.030407;0.006461111;PCD5;NO
49900;96.11749;3.7751;ecl;On;On;Receiver;Auto;-34.888096;-38.64185;0.006461111;PCD5;NO
49910;96.08391;3.7754;ecl;On;On;Receiver;Auto;-35.072433;-39.25312;0.006461111;None;NO
49920;96.07198;3.7757;ecl;On;On;Receiver;Off;-35.259308;-39.86422;0.0022944445;None;NO
49930;96.11348;3.776;sun;On;On;Receiver;Off;-35.448814;-40.47514;0.0022944445;None;NO
49940;96.154976;3.7763;sun;On;On;Receiver;Off;-35.641068;-41.085873;0.0022944445;None;NO
49950;96.196465;3.7766;sun;On;On;Receiver;Off;-35.836174;-41.696407;0.0022944445;None;NO
49960;96.23796;3.7769;sun;On;On;Receiver;Off;-36.03425;-42.30674;0.0022944445;None;NO
49970;96.27945;3.7772;sun;On;On;Receiver;Off;-36.235416;-42.91686;0.0022944445;None;NO
49980;96.320946;3.7775;sun;On;On;Receiver;Off;-36.439808;-43.52676;0.0022944445;None;NO
49990;96.36244;3.7778;sun;On;On;Receiver;Off;-36.647556;-44.13643;0.0022944445;None;NO
50000;96.40393;3.7781;sun;On;On;Receiver;Off;-36.858803;-44.74586;0.0022944445;None;NO
50010;96.44543;3.7784;sun;On;On;Receiver;Off;-37.0737;-45.35504;0.0022944445;None;NO
50020;96.48692;3.7787;sun;On;On;Receiver;Off;-37.292404;-45.96396;0.0022944445;None;NO
50030;96.52841;3.779;sun;On;On;Receiver;Off;-37.515083;-46.572605;0.0022944445;None;NO
50040;96.56991;3.7793;sun;On;On;Receiver;Off;-37.74191;-47.180965;0.0022944445;None;NO
50050;96.6114;3.7796;sun;On;On;Receiver;Off;-37.973072;-47.789032;0.0022944445;None;NO
50060;96.65289;3.7799;sun;On;On;Receiver;Off;-38.208767;-48.396782;0.0022944445;None;NO
50070;96.69439;3.7802;sun;On;On;Receiver;Off;-38.4492;-49.00421;0.0022944445;None;NO
50080;96.73588;3.7805;sun;On;On;Receiver;Off;-38.694588;-49.611298;0.0022944445;None;NO
50090;96.777374;3.7808;sun;On;On;Receiver;Off;-38.945168;-50.21803;0.0022944445;None;NO
50100;96.81887;3.7811;sun;On;On;Receiver;Off;-39.201183;-50.824387;0.0022944445;None;NO
50110;96.86036;3.7814;sun;On;On;Receiver;Off;-39.462894;-51.43035;0.0022944445;None;NO
50120;96.901855;3.7817;sun;On;On;Receiver;Off;-39.730583;-52.035908;0.0022944445;None;NO
50130;96.943344;3.782;sun;On;On;Receiver;Off;-40.00454;-52.641033;0.0022944445;None;NO
50140;96.98484;3.7823;sun;On;On;Receiver;Off;-40.285076;-53.245705;0.0022944445;None;NO
50150;97.02634;3.7826;sun;On;On;Receiver;Off;-40.572533;-53.8499;0.0022944445;None;NO
50160;97.067825;3.7829;sun;On;On;Receiver;Off;-40.86726;-54.45359;0.0022944445;None;NO
50170;97.10932;3.7832;sun;On;On;Receiver;Off;-41.169643;-55.05676;0.0022944445;None;NO
50180;97.15082;3.7835;sun;On;On;Receiver;Off;-41.48008;-55.65937;0.0022944445;None;NO
50190;97.19231;3.7838;sun;On;On;Receiver;Off;-41.79901;-56.261395;0.0022944445;None;NO
50200;97.2338;3.7841;sun;On;On;Receiver;Off;-42.126896;-56.8628;0.0022944445;None;NO
50210;97.27529;3.7844;sun;On;On;Receiver;Off;-42.46423;-57.46356;0.0022944445;None;NO
50220;97.31679;3.7847;sun;On;On;Receiver;Off;-42.81155;-58.06362;0.0022944445;None;NO
50230;97.358284;3.785;sun;On;On;Receiver;Off;-43.169426;-58.662956;0.0022944445;None;NO
50240;97.39977;3.7853;sun;On;On;Receiver;Off;-43.53847;-59.261517;0.0022944445;None;NO
50250;97.44127;3.7856;sun;On;On;Receiver;Off;-43.91935;-59.859257;0.0022944445;None;NO
50260;97.482765;3.7859;sun;On;On;Receiver;Off;-44.312775;-60.45613;0.0022944445;None;NO
50270;97.524254;3.7862;sun;On;On;Receiver;Off;-44.71951;-61.05208;0.0022944445;None;NO
50280;97.56575;3.7865;sun;On;On;Receiver;Off;-45.14039;-61.64704;0.0022944445;None;NO
50290;97.60724;3.7868;sun;On;On;Receiver;Off;-45.57631;-62.24096;0.0022944445;None;NO
50300;97.648735;3.7871;sun;On;On;Receiver;Off;-46.02824;-62.833763;0.0022944445;None;NO
50310;97.69023;3.7874;sun;On;On;Receiver;Off;-46.497242;-63.425373;0.0022944445;None;NO
50320;97.73172;3.7877;sun;On;On;Receiver;Off;-46.98445;-64.01572;0.0022944445;None;NO
50330;97.77322;3.788;sun;On;On;Receiver;Off;-47.491116;-64.60469;0.0022944445;None;NO
50340;97.81471;3.7883;sun;On;On;Receiver;Off;-48.018585;-65.192215;0.0022944445;None;NO
50350;97.8562;3.7886;sun;On;On;Receiver;Off;-48.568344;-65.77817;0.0022944445;None;NO
50360;97.8977;3.7889;sun;On;On;Receiver;Off;-49.142;-66.36244;0.0022944445;None;NO
50370;97.939186;3.7892;sun;On;On;Receiver;Off;-49.741314;-66.9449;0.0022944445;None;NO
50380;97.98068;3.7895;sun;On;On;Receiver;Off;-50.368217;-67.52541;0.0022944445;None;NO
50390;98.02218;3.7898;sun;On;On;Receiver;Off;-51.02483;-68.10381;0.0022944445;None;NO
50400;98.06367;3.7901;sun;On;On;Receiver;Off;-51.71347;-68.67994;0.0022944445;None;NO
50410;98.10516;3.7904;sun;On;On;Receiver;Off;-52.436695;-69.25359;0.0022944445;None;NO
50420;98.14666;3.7907;sun;On;On;Receiver;Off;-53.197323;-69.82457;0.0022944445;None;NO
50430;98.18815;3.791;sun;On;On;Receiver;Off;-53.99845;-70.39263;0.0022944445;None;NO
50440;98.229645;3.7913;sun;On;On;Receiver;Off;-54.84351;-70.95752;0.0022944445;None;NO
50450;98.27113;3.7916;sun;On;On;Receiver;Off;-55.736286;-71.518936;0.0022944445;None;NO
50460;98.31263;3.7919;sun;On;On;Receiver;Off;-56.680965;-72.07656;0.0022944445;None;NO
50470;98.354126;3.7922;sun;On;On;Receiver;Off;-57.682186;-72.63002;0.0022944445;None;NO
50480;98.395615;3.7925;sun;On;On;Receiver;Off;-58.74509;-73.17892;0.0022944445;None;NO
50490;98.43711;3.7928;sun;On;On;Receiver;Off;-59.87537;-73.72278;0.0022944445;None;NO
50500;98.47861;3.7931;sun;On;On;Receiver;Off;-61.079338;-74.26108;0.0022944445;None;NO
50510;98.520096;3.7934;sun;On;On;Receiver;Off;-62.36397;-74.79324;0.0022944445;None;NO
50520;98.56159;3.7937;sun;On;On;Receiver;Off;-63.737003;-75.31859;0.0022944445;None;NO
50530;98.60308;3.794;sun;On;On;Receiver;Off;-65.20695;-75.83636;0.0022944445;None;NO
50540;98.64458;3.7943;sun;On;On;Receiver;Off;-66.783195;-76.345695;0.0022944445;None;NO
50550;98.68607;3.7946;sun;On;On;Receiver;Off;-68.47599;-76.84562;0.0022944445;None;NO
50560;98.72756;3.7949;sun;On;On;Receiver;Off;-70.29649;-77.335014;0.0022944445;None;NO
50570;98.76906;3.7952;sun;On;On;Receiver;Off;-72.256744;-77.81261;0.0022944445;None;NO
50580;98.810555;3.7955;sun;On;On;Receiver;Off;-74.36954;-78.276955;0.0022944445;None;NO
50590;98.85204;3.7958;sun;On;On;Receiver;Off;-76.648254;-78.72643;0.0022944445;None;NO
50600;98.89354;3.7961;sun;On;On;Receiver;Off;-79.10657;-79.15918;0.0022944445;None;NO
50610;98.93503;3.7964;sun;On;On;Receiver;Off;-81.75796;-79.57311;0.0022944445;None;NO
50620;98.976524;3.7967;sun;On;On;Receiver;Off;-84.615;-79.965904;0.0022944445;None;NO
50630;99.01802;3.797;sun;On;On;Receiver;Off;-87.68846;-80.33498;0.0022944445;None;NO
50640;99.05951;3.7973;sun;On;On;Receiver;Off;-90.98609;-80.67751;0.0022944445;None;NO
50650;99.101006;3.7976;sun;On;On;Receiver;Off;-94.51114;-80.99048;0.0022944445;None;NO
50660;99.1425;3.7979;sun;On;On;Receiver;Off;-98.260735;-81.270706;0.0022944445;None;NO
50670;99.18399;3.7982;sun;On;On;Receiver;Off;-102.22427;-81.51494;0.0022944445;None;NO
50680;99.22549;3.7985;sun;On;On;Receiver;Off;-106.38205;-81.72;0.0022944445;None;NO
50690;99.266975;3.7988;sun;On;On;Receiver;Off;-110.70454;-81.88291;0.0022944445;None;NO
50700;99.30847;3.7991;sun;On;On;Receiver;Off;-115.152664;-82.00111;0.0022944445;None;NO
50710;99.34997;3.7994;sun;On;On;Receiver;Off;-119.67927;-82.07257;0.0022944445;None;NO
50720;99.39146;3.7997;sun;On;On;Receiver;Off;-124.23175;-82.096054;0.0022944445;None;NO
50730;99.43295;3.8;sun;On;On;Receiver;Off;-128.75568;-82.07111;0.0022944445;None;NO
50740;99.47445;3.8003;sun;On;On;Receiver;Off;-133.19864;-81.998215;0.0022944445;None;NO
50750;99.51594;3.8006;sun;On;On;Receiver;Off;-137.51384;-81.87865;0.0022944445;None;NO
50760;99.557434;3.8009;sun;On;On;Receiver;Off;-141.66261;-81.714424;0.0022944445;None;NO
50770;99.59892;3.8012;sun;On;On;Receiver;Off;-145.61597;-81.50814;0.0022944445;None;NO
50780;99.64042;3.8015;sun;On;On;Receiver;Off;-149.35464;-81.26277;0.0022944445;None;NO
50790;99.681915;3.8018;sun;On;On;Receiver;Off;-152.86845;-80.981514;0.0022944445;None;NO
50800;99.723404;3.8021;sun;On;On;Receiver;Off;-156.15489;-80.66761;0.0022944445;None;NO
50810;99.7649;3.8024;sun;On;On;Receiver;Off;-159.21744;-80.32423;0.0022944445;None;NO
50820;99.8064;3.8027;sun;On;On;Receiver;Off;-162.06404;-79.9544;0.0022944445;None;NO
50830;99.847885;3.803;sun;On;On;Receiver;Off;-164.70558;-79.560936;0.0022944445;None;NO
50840;99.88938;3.8033;sun;On;On;Receiver;Off;-167.1547;-79.1464;0.0022944445;None;NO
50850;99.93087;3.8036;sun;On;On;Receiver;Off;-169.42488;-78.71313;0.0022944445;None;NO
50860;99.97237;3.8039;sun;On;On;Receiver;Off;-171.52983;-78.263176;0.0022944445;None;NO
50870;99.988075;3.8042;sun;On;On;Receiver;Off;-173.48288;-77.7984;0.0022944445;None;NO
50880;99.988075;3.8045;sun;On;On;Receiver;Off;-175.2968;-77.320435;0.0022944445;None;NO
50890;99.988075;3.8048;sun;On;On;Receiver;Off;-176.98357;-76.8307;0.0022944445;None;NO
50900;99.988075;3.8051;sun;On;On;Receiver;Off;-178.55432;-76.33048;0.0022944445;None;NO
50910;99.988075;3.8054;sun;On;On;Receiver;Off;179.98073;-75.82088;0.0022944445;None;NO
50920;99.988075;3.8057;sun;On;On;Receiver;Off;178.61226;-75.302864;0.0022944445;None;NO
50930;99.988075;3.806;sun;On;On;Receiver;Off;177.33179;-74.7773;0.0022944445;None;NO
50940;99.988075;3.8063;sun;On;On;Receiver;Off;176.13162;-74.24495;0.0022944445;None;NO
50950;99.988075;3.8066;sun;On;On;Receiver;Off;175.00482;-73.70647;0.0022944445;None;NO
50960;99.988075;3.8069;sun;On;On;Receiver;Off;173.9451;-73.162445;0.0022944445;None;NO
50970;99.988075;3.8072;sun;On;On;Receiver;Off;172.94678;-72.61341;0.0022944445;None;NO
50980;99.988075;3.8075;sun;On;On;Receiver;Off;172.00478;-72.059814;0.0022944445;None;NO
50990;99.988075;3.8078;sun;On;On;Receiver;Off;171.11446;-71.502075;0.0022944445;None;NO
51000;99.988075;3.8081;sun;On;On;Receiver;Off;170.27165;-70.940544;0.0022944445;None;NO
51010;99.988075;3.8084;sun;On;On;Receiver;Off;169.4726;-70.375565;0.0022944445;None;NO
51020;99.988075;3.8087;sun;On;On;Receiver;Off;168.7139;-69.80741;0.0022944445;None;NO
51030;99.988075;3.809;sun;On;On;Receiver;Off;167.99245;-69.23635;0.0022944445;None;NO
51040;99.988075;3.8093;sun;On;On;Receiver;Off;167.30545;-68.66261;0.0022944445;None;NO
51050;99.988075;3.8096;sun;On;On;Receiver;Off;166.65036;-68.08642;0.0022944445;None;NO
51060;99.988075;3.8099;sun;On;On;Receiver;Off;166.02486;-67.50795;0.0022944445;None;NO
51070;99.988075;3.8102;sun;On;On;Receiver;Off;165.42686;-66.927376;0.0022944445;None;NO
51080;99.988075;3.8105;sun;On;On;Receiver;Off;164.85443;-66.344864;0.0022944445;None;NO
51090;99.988075;3.8108;sun;On;On;Receiver;Off;164.3058;-65.76054;0.0022944445;None;NO
51100;99.988075;3.8111;sun;On;On;Receiver;Off;163.7794;-65.17453;0.0022944445;None;NO
51110;99.988075;3.8114;sun;On;On;Receiver;Off;163.27373;-64.58697;0.0022944445;None;NO
51120;99.988075;3.8117;sun;On;On;Receiver;Off;162.78745;-63.997948;0.0022944445;None;NO
51130;99.988075;3.812;sun;On;On;Receiver;Off;162.31932;-63.407566;0.0022944445;None;NO
51140;99.988075;3.8123;sun;On;On;Receiver;Off;161.8682;-62.815918;0.0022944445;None;NO
51150;99.988075;3.8126;sun;On;On;Receiver;Off;161.43304;-62.22308;0.0022944445;None;NO
51160;99.988075;3.8129;sun;On;On;Receiver;Off;161.01288;-61.62913;0.0022944445;None;NO
51170;99.988075;3.8132;sun;On;On;Receiver;Off;160.60683;-61.034134;0.0022944445;None;NO
51180;99.988075;3.8135;sun;On;On;Receiver;Off;160.21404;-60.43816;0.0022944445;None;NO
51190;99.988075;3.8138;sun;On;On;Receiver;Off;159.83377;-59.84126;0.0022944445;None;NO
51200;99.988075;3.8141;sun;On;On;Receiver;Off;159.46529;-59.243492;0.0022944445;None;NO
51210;99.988075;3.8144;sun;On;On;Receiver;Off;159.10794;-58.64491;0.0022944445;None;NO
51220;99.988075;3.8147;sun;On;On;Receiver;Off;158.76114;-58.04555;0.0022944445;None;NO
51230;99.988075;3.815;sun;On;On;Receiver;Off;158.42427;-57.445465;0.0022944445;None;NO
51240;99.988075;3.8153;sun;On;On;Receiver;Off;158.09685;-56.844692;0.0022944445;None;NO
51250;99.988075;3.8156;sun;On;On;Receiver;Off;157.77835;-56.243263;0.0022944445;None;NO
51260;99.988075;3.8159;sun;On;On;Receiver;Off;157.46832;-55.64122;0.0022944445;None;NO
51270;99.988075;3.8162;sun;On;On;Receiver;Off;157.16632;-55.038593;0.0022944445;None;NO
51280;99.988075;3.8165;sun;On;On;Receiver;Off;156.87196;-54.43541;0.0022944445;None;NO
51290;99.988075;3.8168;sun;On;On;Receiver;Off;156.58485;-53.8317;0.0022944445;None;NO
51300;99.988075;3.8171;sun;On;On;Receiver;Off;156.30466;-53.22749;0.0022944445;None;NO
51310;99.988075;3.8174;sun;On;On;Receiver;Off;156.031;-52.622807;0.0022944445;None;NO
51320;99.988075;3.8177;sun;On;On;Receiver;Off;155.76363;-52.01767;0.0022944445;None;NO
51330;99.988075;3.818;sun;On;On;Receiver;Off;155.5022;-51.4121;0.0022944445;None;NO
51340;99.988075;3.8183;sun;On;On;Receiver;Off;155.24646;-50.80612;0.0022944445;None;NO
51350;99.988075;3.8186;sun;On;On;Receiver;Off;154.99614;-50.199753;0.0022944445;None;NO
51360;99.988075;3.8189;sun;On;On;Receiver;Off;154.751;-49.593014;0.0022944445;None;NO
51370;99.988075;3.8192;sun;On;On;Receiver;Off;154.51082;-48.985912;0.0022944445;None;NO
51380;99.988075;3.8195;sun;On;On;Receiver;Off;154.27534;-48.378475;0.0022944445;None;NO
51390;99.988075;3.8198;sun;On;On;Receiver;Off;154.0444;-47.770714;0.0022944445;None;NO
51400;99.988075;3.8201;sun;On;On;Receiver;Off;153.81778;-47.16264;0.0022944445;None;NO
51410;99.988075;3.8204;sun;On;On;Receiver;Off;153.5953;-46.554268;0.0022944445;None;NO
51420;99.988075;3.8207;sun;On;On;Receiver;Off;153.3768;-45.945614;0.0022944445;None;NO
51430;99.988075;3.821;sun;On;On;Receiver;Off;153.16208;-45.33669;0.0022944445;None;NO
51440;99.988075;3.8213;sun;On;On;Receiver;Off;152.95102;-44.7275;0.0022944445;None;NO
51450;99.988075;3.8216;sun;On;On;Receiver;Off;152.74344;-44.118065;0.0022944445;None;NO
51460;99.988075;3.8219;sun;On;On;Receiver;Off;152.5392;-43.50839;0.0022944445;None;NO
51470;99.988075;3.8222;sun;On;On;Receiver;Off;152.3382;-42.89848;0.0022944445;None;NO
51480;99.988075;3.8225;sun;On;On;Receiver;Off;152.14026;-42.288353;0.0022944445;None;NO
51490;99.988075;3.8228;sun;On;On;Receiver;Off;151.9453;-41.678013;0.0022944445;None;NO
51500;99.988075;3.8231;sun;On;On;Receiver;Off;151.75319;-41.06747;0.0022944445;None;NO
51510;99.988075;3.8234;sun;On;On;Receiver;Off;151.56381;-40.456734;0.0022944445;None;NO
51520;99.988075;3.8237;sun;On;On;Receiver;Off;151.37708;-39.84581;0.0022944445;None;NO
51530;99.988075;3.824;sun;On;On;Receiver;Off;151.19286;-39.234707;0.0022944445;None;NO
51540;99.988075;3.8243;sun;On;On;Receiver;Off;151.01108;-38.62343;0.0022944445;None;NO
51550;99.988075;3.8246;sun;On;On;Receiver;Off;150.83163;-38.011982;0.0022944445;None;NO
51560;99.988075;3.8249;sun;On;On;Receiver;Off;150.65443;-37.40038;0.0022944445;None;NO
51570;99.988075;3.8252;sun;On;On;Receiver;Off;150.47942;-36.788616;0.0022944445;None;NO
51580;99.988075;3.8255;sun;On;On;Receiver;Off;150.30649;-36.176712;0.0022944445;None;NO
51590;99.988075;3.8258;sun;On;On;Receiver;Off;150.13557;-35.56466;0.0022944445;None;NO
51600;99.988075;3.8261;sun;On;On;Receiver;Off;149.96658;-34.952473;0.0022944445;None;NO
51610;99.988075;3.8264;sun;On;On;Receiver;Off;149.79945;-34.34015;0.0022944445;None;NO
51620;99.988075;3.8267;sun;On;On;Receiver;Off;149.63414;-33.727703;0.0022944445;None;NO
51630;99.988075;3.827;sun;On;On;Receiver;Off;149.47054;-33.11513;0.0022944445;None;NO
51640;99.988075;3.8273;sun;On;On;Receiver;Off;149.30861;-32.50244;0.0022944445;None;NO
51650;99.988075;3.8276;sun;On;On;Receiver;Off;149.1483;-31.889637;0.0022944445;None;NO
51660;99.988075;3.8279;sun;On;On;Receiver;Off;148.98952;-31.276724;0.0022944445;None;NO
51670;99.988075;3.8282;sun;On;On;Receiver;Off;148.83224;-30.663704;0.0022944445;None;NO
51680;99.988075;3.8285;sun;On;On;Receiver;Off;148.6764;-30.050583;0.0022944445;None;NO
51690;99.988075;3.8288;sun;On;On;Receiver;Off;148.52196;-29.437363;0.0022944445;None;NO
51700;99.988075;3.8291;sun;On;On;Receiver;Off;148.36884;-28.824049;0.0022944445;None;NO
51710;99.988075;3.8294;sun;On;On;Receiver;Off;148.217;-28.210644;0.0022944445;None;NO
51720;99.988075;3.8297;sun;On;On;Receiver;Off;148.0664;-27.597149;0.0022944445;None;NO
51730;99.988075;3.83;sun;On;On;Receiver;Off;147.91702;-26.983572;0.0022944445;None;NO
51740;99.988075;3.8303;sun;On;On;Receiver;Off;147.76878;-26.369911;0.0022944445;None;NO
51750;99.988075;3.8306;sun;On;On;Receiver;Off;147.62164;-25.756172;0.0022944445;None;NO
51760;99.988075;3.8309;sun;On;On;Receiver;Off;147.47559;-25.142359;0.0022944445;None;NO
51770;99.988075;3.8312;sun;On;On;Receiver;Off;147.33054;-24.528471;0.0022944445;None;NO
51780;99.988075;3.8315;sun;On;On;Receiver;Off;147.1865;-23.914513;0.0022944445;None;NO
51790;99.988075;3.8318;sun;On;On;Receiver;Off;147.04341;-23.300488;0.0022944445;None;NO
51800;99.988075;3.8321;sun;On;On;Receiver;Off;146.90123;-22.686398;0.0022944445;None;NO
51810;99.988075;3.8324;sun;On;On;Receiver;Off;146.75993;-22.072247;0.0022944445;None;NO
51820;99.988075;3.8327;sun;On;On;Receiver;Off;146.61949;-21.458033;0.0022944445;None;NO
51830;99.988075;3.833;sun;On;On;Receiver;Off;146.47986;-20.843763;0.0022944445;None;NO
51840;99.988075;3.8333;sun;On;On;Receiver;Off;146.34102;-20.229437;0.0022944445;None;NO
51850;99.988075;3.8336;sun;On;On;Receiver;Off;146.20293;-19.615057;0.0022944445;None;NO
51860;99.988075;3.8339;sun;On;On;Receiver;Off;146.06555;-19.000628;0.0022944445;None;NO
51870;99.988075;3.8342;sun;On;On;Receiver;Off;145.92886;-18.386147;0.0022944445;None;NO
51880;99.988075;3.8345;sun;On;On;Receiver;Off;145.79283;-17.771622;0.0022944445;None;NO
51890;99.988075;3.8348;sun;On;On;Receiver;Off;145.65746;-17.15705;0.0022944445;None;NO
51900;99.988075;3.8351;sun;On;On;Receiver;Off;145.52267;-16.542435;0.0022944445;None;NO
51910;99.988075;3.8354;sun;On;On;Receiver;Off;145.38846;-15.927779;0.0022944445;None;NO
51920;99.988075;3.8357;sun;On;On;Receiver;Off;145.2548;-15.313085;0.0022944445;None;NO
51930;99.988075;3.836;sun;On;On;Receiver;Off;145.12169;-14.698352;0.0022944445;None;NO
51940;99.988075;3.8363;sun;On;On;Receiver;Off;144.98906;-14.083584;0.0022944445;None;NO
51950;99.988075;3.8366;sun;On;On;Receiver;Off;144.85692;-13.468782;0.0022944445;None;NO
51960;99.988075;3.8369;sun;On;On;Receiver;Off;144.72522;-12.853948;0.0022944445;None;NO
51970;99.988075;3.8372;sun;On;On;Receiver;Off;144.59396;-12.239083;0.0022944445;None;NO
51980;99.988075;3.8375;sun;On;On;Receiver;Off;144.4631;-11.624189;0.0022944445;None;NO
51990;99.988075;3.8378;sun;On;On;Receiver;Off;144.33263;-11.009269;0.0022944445;None;NO
52000;99.988075;3.8381;sun;On;On;Receiver;Off;144.2025;-10.394321;0.0022944445;None;NO
52010;99.988075;3.8384;sun;On;On;Receiver;Off;144.07272;-9.77935;0.0022944445;None;NO
52020;99.988075;3.8387;sun;On;On;Receiver;Off;143.94325;-9.164357;0.0022944445;None;NO
52030;99.988075;3.839;sun;On;On;Receiver;Off;143.81407;-8.549343;0.0022944445;None;NO
52040;99.988075;3.8393;sun;On;On;Receiver;Off;143.68517;-7.9343085;0.0022944445;None;NO
52050;99.988075;3.8396;sun;On;On;Receiver;Off;143.5565;-7.3192563;0.0022944445;None;NO
52060;99.988075;3.8399;sun;On;On;Receiver;Off;143.42809;-6.7041874;0.0022944445;None;NO
52070;99.988075;3.8402;sun;On;On;Receiver;Off;143.29987;-6.0891037;0.0022944445;None;NO
52080;99.988075;3.8405;sun;On;On;Receiver;Off;143.17183;-5.4740057;0.0022944445;None;NO
52090;99.988075;3.8408;sun;On;On;Receiver;Off;143.04396;-4.858896;0.0022944445;None;NO
52100;99.988075;3.8411;sun;On;On;Receiver;Off;142.91624;-4.243775;0.0022944445;None;NO
52110;99.988075;3.8414;sun;On;On;Receiver;Off;142.78867;-3.6286445;0.0022944445;None;NO
52120;99.988075;3.8417;sun;On;On;Receiver;Off;142.66118;-3.013506;0.0022944445;None;NO
52130;99.988075;3.842;sun;On;On;Receiver;Off;142.53378;-2.3983605;0.0022944445;None;NO
52140;99.988075;3.8423;sun;On;On;Receiver;Off;142.40645;-1.7832099;0.0022944445;None;NO
52150;99.988075;3.8426;sun;On;On;Receiver;Off;142.27916;-1.1680553;0.0022944445;None;NO
52160;99.988075;3.8429;sun;On;On;Receiver;Off;142.1519;-0.55289817;0.0022944445;None;NO
52170;99.988075;3.8432;sun;On;On;Receiver;Off;142.02466;0.06226024;0.0022944445;None;NO
52180;99.988075;3.8435;sun;On;On;Receiver;Off;141.8974;0.67741853;0.0022944445;None;NO
52190;99.988075;3.8438;sun;On;On;Receiver;Off;141.77011;1.2925752;0.0022944445;None;NO
52200;99.988075;3.8441;sun;On;On;Receiver;Off;141.64276;1.9077291;0.0022944445;None;NO
52210;99.988075;3.8444;sun;On;On;Receiver;Off;141.51535;2.522879;0.0022944445;None;NO
52220;99.988075;3.8447;sun;On;On;Receiver;Off;141.38785;3.138023;0.0022944445;None;NO
52230;99.988075;3.845;sun;On;On;Receiver;Off;141.26022;3.7531598;0.0022944445;None;NO
52240;99.988075;3.8453;sun;On;On;Receiver;Off;141.13248;4.3682885;0.0022944445;None;NO
52250;99.988075;3.8456;sun;On;On;Receiver;Off;141.00458;4.9834075;0.0022944445;None;NO
52260;99.988075;3.8459;sun;On;On;Receiver;Off;140.87651;5.598515;0.0022944445;None;NO
52270;99.988075;3.8462;sun;On;On;Receiver;Off;140.74825;6.21361;0.0022944445;None;NO
52280;99.988075;3.8465;sun;On;On;Receiver;Off;140.61977;6.828691;0.0022944445;None;NO
52290;99.988075;3.8468;sun;On;On;Receiver;Off;140.49106;7.4437566;0.0022944445;None;NO
52300;99.988075;3.8471;sun;On;On;Receiver;Off;140.36209;8.058805;0.0022944445;None;NO
52310;99.988075;3.8474;sun;On;On;Receiver;Off;140.23285;8.673836;0.0022944445;None;NO
52320;99.988075;3.8477;sun;On;On;Receiver;Off;140.10332;9.288846;0.0022944445;None;NO
52330;99.988075;3.848;sun;On;On;Receiver;Off;139.97346;9.903835;0.0022944445;None;NO
52340;99.988075;3.8483;sun;On;On;Receiver;Off;139.84326;10.518802;0.0022944445;None;NO
52350;99.988075;3.8486;sun;On;On;Receiver;Off;139.7127;11.133743;0.0022944445;None;NO
52360;99.988075;3.8489;sun;On;On;Receiver;Off;139.58176;11.748658;0.0022944445;None;NO
52370;99.988075;3.8492;sun;On;On;Receiver;Off;139.4504;12.363546;0.0022944445;None;NO
52380;99.988075;3.8495;sun;On;On;Receiver;Off;139.3186;12.978405;0.0022944445;None;NO
52390;99.988075;3.8498;sun;On;On;Receiver;Off;139.18636;13.593233;0.0022944445;None;NO
52400;99.988075;3.8501;sun;On;On;Receiver;Off;139.05362;14.208029;0.0022944445;None;NO
52410;99.988075;3.8504;sun;On;On;Receiver;Off;138.92038;14.822789;0.0022944445;None;NO
52420;99.988075;3.8507;sun;On;On;Receiver;Off;138.7866;15.437514;0.0022944445;None;NO
52430;99.988075;3.851;sun;On;On;Receiver;Off;138.65228;16.052202;0.0022944445;None;NO
52440;99.988075;3.8513;sun;On;On;Receiver;Off;138.51736;16.66685;0.0022944445;None;NO
52450;99.988075;3.8516;sun;On;On;Receiver;Off;138.38184;17.281454;0.0022944445;None;NO
52460;99.988075;3.8519;sun;On;On;Receiver;Off;138.24567;17.896017;0.0022944445;None;NO
52470;99.988075;3.8522;sun;On;On;Receiver;Off;138.10884;18.510534;0.0022944445;None;NO
52480;99.988075;3.8525;sun;On;On;Receiver;Off;137.9713;19.125004;0.0022944445;None;NO
52490;99.988075;3.8528;sun;On;On;Receiver;Off;137.83304;19.739424;0.0022944445;None;NO
52500;99.988075;3.8531;sun;On;On;Receiver;Off;137.69403;20.353792;0.0022944445;None;NO
52510;99.988075;3.8534;sun;On;On;Receiver;Off;137.55421;20.968107;0.0022944445;None;NO
52520;99.988075;3.8537;sun;On;On;Receiver;Off;137.41359;21.582367;0.0022944445;None;NO
52530;99.988075;3.854;sun;On;On;Receiver;Off;137.27211;22.196568;0.0022944445;None;NO
52540;99.988075;3.8543;sun;On;On;Receiver;Off;137.12973;22.810707;0.0022944445;None;NO
52550;99.988075;3.8546;sun;On;On;Receiver;Off;136.98643;23.424786;0.0022944445;None;NO
52560;99.988075;3.8549;sun;On;On;Receiver;Off;136.84216;24.038795;0.0022944445;None;NO
52570;99.988075;3.8552;sun;On;On;Receiver;Off;136.69691;24.65274;0.0022944445;None;NO
52580;99.988075;3.8555;sun;On;On;Receiver;Off;136.55061;25.266613;0.0022944445;None;NO
52590;99.988075;3.8558;sun;On;On;Receiver;Off;136.40323;25.880411;0.0022944445;None;NO
52600;99.988075;3.8561;sun;On;On;Receiver;Off;136.25475;26.494135;0.0022944445;None;NO
52610;99.988075;3.8564;sun;On;On;Receiver;Off;136.10509;27.107779;0.0022944445;None;NO
52620;99.988075;3.8567;sun;On;On;Receiver;Off;135.95422;27.72134;0.0022944445;None;NO
52630;99.988075;3.857;sun;On;On;Receiver;Off;135.80211;28.334816;0.0022944445;None;NO
52640;99.988075;3.8573;sun;On;On;Receiver;Off;135.6487;28.948204;0.0022944445;None;NO
52650;99.988075;3.8576;sun;On;On;Receiver;Off;135.49394;29.561499;0.0022944445;None;NO
52660;99.988075;3.8579;sun;On;On;Receiver;Off;135.33778;30.1747;0.0022944445;None;NO
52670;99.988075;3.8582;sun;On;On;Receiver;Off;135.18019;30.7878;0.0022944445;None;NO
52680;99.988075;3.8585;sun;On;On;Receiver;Off;135.02107;31.400799;0.0022944445;None;NO
52690;99.988075;3.8588;sun;On;On;Receiver;Off;134.86041;32.01369;0.0022944445;None;NO
52700;99.988075;3.8591;sun;On;On;Receiver;Off;134.69812;32.626472;0.0022944445;None;NO
52710;99.988075;3.8594;sun;On;On;Receiver;Off;134.53415;33.239136;0.0022944445;None;NO
52720;99.988075;3.8597;sun;On;On;Receiver;Off;134.36842;33.851685;0.0022944445;None;NO
52730;99.988075;3.86;sun;On;On;Receiver;Off;134.2009;34.464108;0.0022944445;None;NO
52740;99.988075;3.8603;sun;On;On;Receiver;Off;134.03148;35.0764;0.0022944445;None;NO
52750;99.988075;3.8606;sun;On;On;Receiver;Off;133.86012;35.68856;0.0022944445;None;NO
52760;99.988075;3.8609;sun;On;On;Receiver;Off;133.68674;36.300583;0.0022944445;None;NO
52770;99.988075;3.8612;sun;On;On;Receiver;Off;133.51125;36.912464;0.0022944445;None;NO
52780;99.988075;3.8615;sun;On;On;Receiver;Off;133.33356;37.524193;0.0022944445;None;NO
52790;99.988075;3.8618;sun;On;On;Receiver;Off;133.15361;38.135765;0.0022944445;None;NO
52800;99.988075;3.8621;sun;On;On;Receiver;Off;132.9713;38.747177;0.0022944445;None;NO
52810;99.988075;3.8624;sun;On;On;Receiver;Off;132.78653;39.35842;0.0022944445;None;NO
52820;99.988075;3.8627;sun;On;On;Receiver;Off;132.59921;39.96949;0.0022944445;None;NO
52830;99.988075;3.863;sun;On;On;Receiver;Off;132.40924;40.580376;0.0022944445;None;NO
52840;99.988075;3.8633;sun;On;On;Receiver;Off;132.21649;41.191074;0.0022944445;None;NO
52850;99.988075;3.8636;sun;On;On;Receiver;Off;132.02089;41.801575;0.0022944445;None;NO
52860;99.988075;3.8639;sun;On;On;Receiver;Off;131.8223;42.411873;0.0022944445;None;NO
52870;99.988075;3.8642;sun;On;On;Receiver;Off;131.62057;43.021954;0.0022944445;None;NO
52880;99.988075;3.8645;sun;On;On;Receiver;Off;131.41562;43.631817;0.0022944445;None;NO
52890;99.988075;3.8648;sun;On;On;Receiver;Off;131.20728;44.241447;0.0022944445;None;NO
52900;99.988075;3.8651;sun;On;On;Receiver;Off;130.9954;44.850834;0.0022944445;None;NO
52910;99.988075;3.8654;sun;On;On;Receiver;Off;130.77988;45.45997;0.0022944445;None;NO
52920;99.988075;3.8657;sun;On;On;Receiver;Off;130.56049;46.06884;0.0022944445;None;NO
52930;99.988075;3.866;sun;On;On;Receiver;Off;130.33711;46.67744;0.0022944445;None;NO
52940;99.988075;3.8663;sun;On;On;Receiver;Off;130.10956;47.28575;0.0022944445;None;NO
52950;99.988075;3.8666;sun;On;On;Receiver;Off;129.87762;47.89376;0.0022944445;None;NO
52960;99.988075;3.8669;sun;On;On;Receiver;Off;129.64113;48.50146;0.0022944445;None;NO
52970;99.988075;3.8672;sun;On;On;Receiver;Off;129.39986;49.10883;0.0022944445;None;NO
52980;99.988075;3.8675;sun;On;On;Receiver;Off;129.1536;49.71586;0.0022944445;None;NO
52990;99.988075;3.8678;sun;On;On;Receiver;Off;128.9021;50.322525;0.0022944445;None;NO
53000;99.988075;3.8681;sun;On;On;Receiver;Off;128.64511;50.928818;0.0022944445;None;NO
53010;99.988075;3.8684;sun;On;On;Receiver;Off;128.3824;51.534714;0.0022944445;None;NO
53020;99.988075;3.8687;sun;On;On;Receiver;Off;128.11365;52.140198;0.0022944445;None;NO
53030;99.988075;3.869;sun;On;On;Receiver;Off;127.838585;52.745243;0.0022944445;None;NO
53040;99.988075;3.8693;sun;On;On;Receiver;Off;127.55688;53.349834;0.0022944445;None;NO
53050;99.988075;3.8696;sun;On;On;Receiver;Off;127.26819;53.953945;0.0022944445;None;NO
53060;99.988075;3.8699;sun;On;On;Receiver;Off;126.972176;54.55755;0.0022944445;None;NO
53070;99.988075;3.8702;sun;On;On;Receiver;Off;126.668434;55.16062;0.0022944445;None;NO
53080;99.988075;3.8705;sun;On;On;Receiver;Off;126.35657;55.763134;0.0022944445;None;NO
53090;99.988075;3.8708;sun;On;On;Receiver;Off;126.036125;56.365055;0.0022944445;None;NO
53100;99.988075;3.8711;sun;On;On;Receiver;Off;125.70665;56.966354;0.0022944445;None;NO
53110;99.988075;3.8714;sun;On;On;Receiver;Off;125.36763;57.56699;0.0022944445;None;NO
53120;99.988075;3.8717;sun;On;On;Receiver;Off;125.01853;58.166935;0.0022944445;None;NO
53130;99.988075;3.872;sun;On;On;Receiver;Off;124.65878;58.766136;0.0022944445;None;NO
53140;99.988075;3.8723;sun;On;On;Receiver;Off;124.28774;59.36456;0.0022944445;None;NO
53150;99.988075;3.8726;sun;On;On;Receiver;Off;123.904755;59.962154;0.0022944445;None;NO
53160;99.988075;3.8729;sun;On;On;Receiver;Off;123.509094;60.558872;0.0022944445;None;NO
53170;99.988075;3.8732;sun;On;On;Receiver;Off;123.09998;61.154655;0.0022944445;None;NO
53180;99.988075;3.8735;sun;On;On;Receiver;Off;122.67658;61.749443;0.0022944445;None;NO
53190;99.988075;3.8738;sun;On;On;Receiver;Off;122.23797;62.343174;0.0022944445;None;NO
53200;99.988075;3.8741;sun;On;On;Receiver;Off;121.78318;62.935776;0.0022944445;None;NO
53210;99.988075;3.8744;sun;On;On;Receiver;Off;121.31113;63.527176;0.0022944445;None;NO
53220;99.988075;3.8747;sun;On;On;Receiver;Off;120.820656;64.11729;0.0022944445;None;NO
53230;99.988075;3.875;sun;On;On;Receiver;Off;120.31051;64.706024;0.0022944445;None;NO
53240;99.988075;3.8753;sun;On;On;Receiver;Off;119.779305;65.29328;0.0022944445;None;NO
53250;99.988075;3.8756;sun;On;On;Receiver;Off;119.22555;65.87895;0.0022944445;None;NO
53260;99.988075;3.8759;sun;On;On;Receiver;Off;118.6476;66.46292;0.0022944445;None;NO
53270;99.988075;3.8762;sun;On;On;Receiver;Off;118.04368;67.04506;0.0022944445;None;NO
53280;99.988075;3.8765;sun;On;On;Receiver;Off;117.41181;67.62522;0.0022944445;None;NO
53290;99.988075;3.8768;sun;On;On;Receiver;Off;116.749855;68.20325;0.0022944445;None;NO
53300;99.988075;3.8771;sun;On;On;Receiver;Off;116.05544;68.77895;0.0022944445;None;NO
53310;99.988075;3.8774;sun;On;On;Receiver;Off;115.32598;69.352165;0.0022944445;None;NO
53320;99.988075;3.8777;sun;On;On;Receiver;Off;114.55861;69.92265;0.0022944445;None;NO
53330;99.988075;3.878;sun;On;On;Receiver;Off;113.75016;70.49019;0.0022944445;None;NO
53340;99.988075;3.8783;sun;On;On;Receiver;Off;112.89716;71.0545;0.0022944445;None;NO
53350;99.988075;3.8786;sun;On;On;Receiver;Off;111.99576;71.61529;0.0022944445;None;NO
53360;99.988075;3.8789;sun;On;On;Receiver;Off;111.04168;72.17222;0.0022944445;None;NO
53370;99.988075;3.8792;sun;On;On;Receiver;Off;110.03021;72.72493;0.0022944445;None;NO
53380;99.988075;3.8795;sun;On;On;Receiver;Off;108.956116;73.27299;0.0022944445;None;NO
53390;99.988075;3.8798;sun;On;On;Receiver;Off;107.813614;73.81593;0.0022944445;None;NO
53400;99.988075;3.8801;sun;On;On;Receiver;Off;106.59627;74.35322;0.0022944445;None;NO
53410;99.988075;3.8804;sun;On;On;Receiver;Off;105.296974;74.884254;0.0022944445;None;NO
53420;99.988075;3.8807;sun;On;On;Receiver;Off;103.907875;75.408356;0.0022944445;None;NO
53430;99.988075;3.881;sun;On;On;Receiver;Off;102.4203;75.924736;0.0022944445;None;NO
53440;99.988075;3.8813;sun;On;On;Receiver;Off;100.824745;76.432526;0.0022944445;None;NO
53450;99.988075;3.8816;sun;On;On;Receiver;Off;99.11076;76.93072;0.0022944445;None;NO
53460;99.988075;3.8819;sun;On;On;Receiver;Off;97.26706;77.418175;0.0022944445;None;NO
53470;99.988075;3.8822;sun;On;On;Receiver;Off;95.28146;77.89359;0.0022944445;None;NO
53480;99.988075;3.8825;sun;On;On;Receiver;Off;93.14105;78.35551;0.0022944445;None;NO
53490;99.988075;3.8828;sun;On;On;Receiver;Off;90.83237;78.80224;0.0022944445;None;NO
53500;99.988075;3.8831;sun;On;On;Receiver;Off;88.34173;79.231895;0.0022944445;None;NO
53510;99.988075;3.8834;sun;On;On;Receiver;Off;85.65578;79.642365;0.0022944445;None;NO
53520;99.988075;3.8837;sun;On;On;Receiver;Off;82.762146;80.03126;0.0022944445;None;NO
53530;99.988075;3.884;sun;On;On;Receiver;Off;79.650505;80.395966;0.0022944445;None;NO
53540;99.988075;3.8843;sun;On;On;Receiver;Off;76.31378;80.73363;0.0022944445;None;NO
53550;99.988075;3.8846;sun;On;On;Receiver;Off;72.74964;81.04118;0.0022944445;None;NO
53560;99.988075;3.8849;sun;On;On;Receiver;Off;68.96219;81.315445;0.0022944445;None;NO
53570;99.988075;3.8852;sun;On;On;Receiver;Off;64.96352;81.553154;0.0022944445;None;NO
53580;99.988075;3.8855;sun;On;On;Receiver;Off;60.774982;81.75115;0.0022944445;None;NO
53590;99.988075;3.8858;sun;On;On;Receiver;Off;56.427807;81.90653;0.0022944445;None;NO
53600;99.988075;3.8861;sun;On;On;Receiver;Off;51.9626;82.01679;0.0022944445;None;NO
53610;99.988075;3.8864;sun;On;On;Receiver;Off;47.427692;82.08006;0.0022944445;None;NO
53620;99.988075;3.8867;sun;On;On;Receiver;Off;42.87626;82.09521;0.0022944445;None;NO
53630;99.988075;3.887;sun;On;On;Receiver;Off;38.36266;82.06195;0.0022944445;None;NO
53640;99.988075;3.8873;sun;On;On;Receiver;Off;33.938564;81.980896;0.0022944445;None;NO
53650;99.988075;3.8876;sun;On;On;Receiver;Off;29.649546;81.85347;0.0022944445;None;NO
53660;99.988075;3.8879;sun;On;On;Receiver;Off;25.532642;81.6818;0.0022944445;None;NO
